terrain_path,satellite_path,slope_variation,elevation_change,water_proximity,vegetation_density,coastal,has_lake,has_river,z,x,y,region
z16/19528_24200.png,z16/19528_24200.png,0.0097882946332295,56.0,0.0568695068359375,0.3410452902317047,False,False,False,16,19528,24200,amherst_ma
z16/19528_24201.png,z16/19528_24201.png,0.008350803454717,99.2001953125,0.0054779052734375,0.3385450541973114,False,False,False,16,19528,24201,amherst_ma
z16/19528_24202.png,z16/19528_24202.png,0.0097088684638341,97.099609375,0.0023345947265625,0.3355064988136291,False,False,False,16,19528,24202,amherst_ma
z16/19528_24203.png,z16/19528_24203.png,0.0109099378188451,117.7998046875,0.021881103515625,0.3348356187343597,False,False,False,16,19528,24203,amherst_ma
z16/19528_24204.png,z16/19528_24204.png,0.0099369426568349,85.19921875,0.009765625,0.3400465846061706,False,False,False,16,19528,24204,amherst_ma
z16/19528_24205.png,z16/19528_24205.png,0.0109981894493103,101.30078125,0.00885009765625,0.3383875787258148,False,False,False,16,19528,24205,amherst_ma
z16/19528_24206.png,z16/19528_24206.png,0.0121350944042205,99.400390625,0.00982666015625,0.3354816138744354,False,False,False,16,19528,24206,amherst_ma
z16/19528_24207.png,z16/19528_24207.png,0.0094278395175933,85.599609375,0.000457763671875,0.3385007679462433,False,False,False,16,19528,24207,amherst_ma
z16/19528_24208.png,z16/19528_24208.png,0.0071121280392011,52.2998046875,0.0291748046875,0.3369762897491455,False,False,False,16,19528,24208,amherst_ma
z16/19528_24209.png,z16/19528_24209.png,0.0083555271228154,51.1005859375,0.00811767578125,0.3324242830276489,False,False,False,16,19528,24209,amherst_ma
z16/19528_24210.png,z16/19528_24210.png,0.010543809334437,46.599609375,0.0355987548828125,0.3388072252273559,False,False,False,16,19528,24210,amherst_ma
z16/19528_24211.png,z16/19528_24211.png,0.0069972788294156,44.099609375,0.0127716064453125,0.3363966643810272,False,False,False,16,19528,24211,amherst_ma
z16/19528_24212.png,z16/19528_24212.png,0.0082420562704404,46.7001953125,0.0045318603515625,0.3331541121006012,False,False,False,16,19528,24212,amherst_ma
z16/19528_24213.png,z16/19528_24213.png,0.0055861095587412,41.2998046875,0.0075836181640625,0.3427334129810333,False,False,False,16,19528,24213,amherst_ma
z16/19528_24214.png,z16/19528_24214.png,0.010221795241038,46.1005859375,0.006378173828125,0.3333406448364258,False,False,False,16,19528,24214,amherst_ma
z16/19528_24215.png,z16/19528_24215.png,0.0111989508072535,74.2998046875,0.0003814697265625,0.3369686305522918,False,False,False,16,19528,24215,amherst_ma
z16/19528_24216.png,z16/19528_24216.png,0.0113663335641225,101.099609375,0.037384033203125,0.3362610340118408,False,False,False,16,19528,24216,amherst_ma
z16/19528_24217.png,z16/19528_24217.png,0.0088771273692448,73.5,0.0245361328125,0.3365398347377777,False,False,False,16,19528,24217,amherst_ma
z16/19528_24218.png,z16/19528_24218.png,0.0057017937302589,57.2001953125,0.0018463134765625,0.3352251648902893,False,False,False,16,19528,24218,amherst_ma
z16/19528_24219.png,z16/19528_24219.png,0.0096958627303441,90.400390625,0.029449462890625,0.3376167416572571,False,False,False,16,19528,24219,amherst_ma
z16/19528_24220.png,z16/19528_24220.png,0.0121071020762125,152.599609375,0.060791015625,0.33391273021698,False,False,False,16,19528,24220,amherst_ma
z16/19528_24221.png,z16/19528_24221.png,0.008503633737564,149.1005859375,0.011474609375,0.3359120786190033,False,False,False,16,19528,24221,amherst_ma
z16/19528_24222.png,z16/19528_24222.png,0.0107678174972534,127.7001953125,0.00091552734375,0.3358050286769867,False,False,False,16,19528,24222,amherst_ma
z16/19528_24223.png,z16/19528_24223.png,0.00869855483373,82.2998046875,0.0107269287109375,0.3346458077430725,False,False,False,16,19528,24223,amherst_ma
z16/19528_24224.png,z16/19528_24224.png,0.0080789878964424,61.6005859375,0.0059814453125,0.3362898230552673,False,False,False,16,19528,24224,amherst_ma
z16/19528_24225.png,z16/19528_24225.png,0.0131271084149678,78.599609375,0.0062103271484375,0.3388357758522033,False,False,False,16,19528,24225,amherst_ma
z16/19528_24226.png,z16/19528_24226.png,0.0089159339666366,65.5,0.00750732421875,0.3397316038608551,False,False,False,16,19528,24226,amherst_ma
z16/19528_24227.png,z16/19528_24227.png,0.0052630295356114,53.5,0.0136871337890625,0.336494505405426,False,False,False,16,19528,24227,amherst_ma
z16/19528_24228.png,z16/19528_24228.png,0.006899965306123,47.2998046875,0.00616455078125,0.3407945930957794,False,False,False,16,19528,24228,amherst_ma
z16/19528_24229.png,z16/19528_24229.png,0.0086155215899149,58.099609375,0.00518798828125,0.3450782299041748,False,False,False,16,19528,24229,amherst_ma
z16/19528_24230.png,z16/19528_24230.png,0.008897449572881,64.3994140625,0.009368896484375,0.342995673418045,False,False,False,16,19528,24230,amherst_ma
z16/19528_24231.png,z16/19528_24231.png,0.0066943074266115,25.599609375,0.0072479248046875,0.3398152589797973,False,False,False,16,19528,24231,amherst_ma
z16/19528_24232.png,z16/19528_24232.png,0.0056127816438674,19.7998046875,0.0,0.3367020487785339,False,False,False,16,19528,24232,amherst_ma
z16/19528_24233.png,z16/19528_24233.png,0.0046991671125094,17.1005859375,0.0,0.3415576517581939,False,False,False,16,19528,24233,amherst_ma
z16/19528_24234.png,z16/19528_24234.png,0.0062246690193812,23.900390625,0.0,0.3447211384773254,False,False,False,16,19528,24234,amherst_ma
z16/19528_24235.png,z16/19528_24235.png,0.0083575040102005,44.69921875,0.029022216796875,0.3462836444377899,False,False,False,16,19528,24235,amherst_ma
z16/19528_24236.png,z16/19528_24236.png,0.0079161216815312,42.3994140625,0.001129150390625,0.3377896845340729,False,False,False,16,19528,24236,amherst_ma
z16/19528_24237.png,z16/19528_24237.png,0.0030983341236909,21.2998046875,0.03851318359375,0.3399662375450134,False,False,False,16,19528,24237,amherst_ma
z16/19528_24238.png,z16/19528_24238.png,0.0027147233486175,15.0,0.0,0.3371261954307556,False,False,False,16,19528,24238,amherst_ma
z16/19528_24239.png,z16/19528_24239.png,0.0046886687477429,35.0,0.002227783203125,0.3403520584106445,False,False,False,16,19528,24239,amherst_ma
z16/19528_24240.png,z16/19528_24240.png,0.0076390633980433,62.2998046875,0.0133819580078125,0.3409456610679626,False,False,False,16,19528,24240,amherst_ma
z16/19528_24241.png,z16/19528_24241.png,0.0111024727423985,68.900390625,0.0024871826171875,0.3326419293880462,False,False,False,16,19528,24241,amherst_ma
z16/19528_24242.png,z16/19528_24242.png,0.0108218441406885,88.5,0.002105712890625,0.3354960083961487,False,False,False,16,19528,24242,amherst_ma
z16/19528_24243.png,z16/19528_24243.png,0.0080248986681302,75.5,0.0005035400390625,0.3371424674987793,False,False,False,16,19528,24243,amherst_ma
z16/19528_24244.png,z16/19528_24244.png,0.0100918581088383,59.7001953125,0.0608062744140625,0.339874804019928,False,False,False,16,19528,24244,amherst_ma
z16/19528_24245.png,z16/19528_24245.png,0.0084344774484634,31.900390625,0.03399658203125,0.3446846306324005,False,False,False,16,19528,24245,amherst_ma
z16/19528_24246.png,z16/19528_24246.png,0.0091770350933074,41.400390625,0.02642822265625,0.3451718091964721,False,False,False,16,19528,24246,amherst_ma
z16/19528_24247.png,z16/19528_24247.png,0.0062753463784853,53.5,0.0054779052734375,0.3418871760368347,False,False,False,16,19528,24247,amherst_ma
z16/19528_24248.png,z16/19528_24248.png,0.0038844292362531,74.5,0.0161895751953125,0.333425223827362,False,False,False,16,19528,24248,amherst_ma
z16/19528_24249.png,z16/19528_24249.png,0.0072264437874158,78.7001953125,0.000732421875,0.3361901938915252,False,False,False,16,19528,24249,amherst_ma
z16/19528_24250.png,z16/19528_24250.png,0.0114357272783915,79.2001953125,0.0048980712890625,0.3358650803565979,False,False,False,16,19528,24250,amherst_ma
z16/19528_24251.png,z16/19528_24251.png,0.0084901978572209,68.1005859375,0.0198516845703125,0.3381481170654297,False,False,False,16,19528,24251,amherst_ma
z16/19528_24252.png,z16/19528_24252.png,0.010957004626592,78.2998046875,0.0094757080078125,0.3372395634651184,False,False,False,16,19528,24252,amherst_ma
z16/19528_24253.png,z16/19528_24253.png,0.0110510915517807,82.80078125,0.002716064453125,0.3392087519168854,False,False,False,16,19528,24253,amherst_ma
z16/19528_24254.png,z16/19528_24254.png,0.0114836623271306,72.5,0.00146484375,0.3422502279281616,False,False,False,16,19528,24254,amherst_ma
z16/19528_24255.png,z16/19528_24255.png,0.0144113639990488,78.400390625,0.055328369140625,0.3430766463279724,False,False,False,16,19528,24255,amherst_ma
z16/19528_24256.png,z16/19528_24256.png,0.0059396589795748,42.0,0.0179901123046875,0.3436692655086517,False,False,False,16,19528,24256,amherst_ma
z16/19528_24257.png,z16/19528_24257.png,0.0047251358628273,39.5,0.020294189453125,0.3365664482116699,False,False,False,16,19528,24257,amherst_ma
z16/19528_24258.png,z16/19528_24258.png,0.0076187312602996,32.400390625,0.0,0.3433524370193481,False,False,False,16,19528,24258,amherst_ma
z16/19528_24259.png,z16/19528_24259.png,0.0148393700520197,30.8994140625,0.0,0.3460030555725097,False,False,False,16,19528,24259,amherst_ma
z16/19528_24260.png,z16/19528_24260.png,0.0106601595878601,31.6005859375,0.0,0.3462554812431335,False,False,False,16,19528,24260,amherst_ma
z16/19528_24261.png,z16/19528_24261.png,0.0021658539772033,6.3994140625,0.0,0.3466506004333496,False,False,False,16,19528,24261,amherst_ma
z16/19528_24262.png,z16/19528_24262.png,0.0028761771818002,20.7001953125,0.0,0.3404792547225952,False,False,False,16,19528,24262,amherst_ma
z16/19528_24263.png,z16/19528_24263.png,0.004100710650285,26.0,0.00360107421875,0.3399076759815216,False,False,False,16,19528,24263,amherst_ma
z16/19528_24264.png,z16/19528_24264.png,0.0066066056489944,36.69921875,0.000701904296875,0.3453453779220581,False,False,False,16,19528,24264,amherst_ma
z16/19528_24265.png,z16/19528_24265.png,0.003106685479482,27.900390625,0.0068359375,0.3417626917362213,False,False,False,16,19528,24265,amherst_ma
z16/19528_24266.png,z16/19528_24266.png,0.0045870751142501,38.2001953125,0.0141754150390625,0.3405254185199737,False,False,False,16,19528,24266,amherst_ma
z16/19528_24267.png,z16/19528_24267.png,0.0055189043283462,37.19921875,0.0,0.3458123505115509,False,False,False,16,19528,24267,amherst_ma
z16/19528_24268.png,z16/19528_24268.png,0.0046092967192331,20.6005859375,0.0,0.35150346159935,False,False,False,16,19528,24268,amherst_ma
z16/19528_24269.png,z16/19528_24269.png,0.0048158332705497,17.7998046875,0.0,0.3479215204715729,False,False,False,16,19528,24269,amherst_ma
z16/19528_24270.png,z16/19528_24270.png,0.0065927376349767,19.900390625,0.0,0.3489732146263122,False,False,False,16,19528,24270,amherst_ma
z16/19528_24271.png,z16/19528_24271.png,0.0054923733075459,25.400390625,0.0044097900390625,0.3519571125507355,False,False,False,16,19528,24271,amherst_ma
z16/19529_24200.png,z16/19529_24200.png,0.0084281116724014,57.19921875,0.0322113037109375,0.3346874713897705,False,False,False,16,19529,24200,amherst_ma
z16/19529_24201.png,z16/19529_24201.png,0.0075225363175074,70.099609375,0.04351806640625,0.3350059390068054,False,False,False,16,19529,24201,amherst_ma
z16/19529_24202.png,z16/19529_24202.png,0.0086204598347346,97.3994140625,0.0017242431640625,0.3434382677078247,False,False,False,16,19529,24202,amherst_ma
z16/19529_24203.png,z16/19529_24203.png,0.0085645318031311,54.7998046875,0.0201568603515625,0.3489121496677398,False,False,False,16,19529,24203,amherst_ma
z16/19529_24204.png,z16/19529_24204.png,0.0092175404230753,69.2001953125,0.03350830078125,0.34041827917099,False,False,False,16,19529,24204,amherst_ma
z16/19529_24205.png,z16/19529_24205.png,0.0077268446485201,72.099609375,0.003570556640625,0.3415309190750122,False,False,False,16,19529,24205,amherst_ma
z16/19529_24206.png,z16/19529_24206.png,0.0063838650782903,63.2998046875,0.0190582275390625,0.3361668288707733,False,False,False,16,19529,24206,amherst_ma
z16/19529_24207.png,z16/19529_24207.png,0.0055480852723121,72.8994140625,0.0063934326171875,0.3345269858837127,False,False,False,16,19529,24207,amherst_ma
z16/19529_24208.png,z16/19529_24208.png,0.0059126357237497,32.6005859375,0.0,0.3373370766639709,False,False,False,16,19529,24208,amherst_ma
z16/19529_24209.png,z16/19529_24209.png,0.0062509536743164,40.80078125,0.000701904296875,0.3314468264579773,False,False,False,16,19529,24209,amherst_ma
z16/19529_24210.png,z16/19529_24210.png,0.0084277758995691,61.099609375,0.0290069580078125,0.3402996063232422,False,False,False,16,19529,24210,amherst_ma
z16/19529_24211.png,z16/19529_24211.png,0.0066125114758809,52.2001953125,0.020599365234375,0.3371680080890655,False,False,False,16,19529,24211,amherst_ma
z16/19529_24212.png,z16/19529_24212.png,0.0053652897477149,58.2998046875,0.00140380859375,0.3330371379852295,False,False,False,16,19529,24212,amherst_ma
z16/19529_24213.png,z16/19529_24213.png,0.0071786353985468,36.6005859375,0.0,0.3432396054267883,False,False,False,16,19529,24213,amherst_ma
z16/19529_24214.png,z16/19529_24214.png,0.0059296752015749,55.599609375,0.0013885498046875,0.3360522985458374,False,False,False,16,19529,24214,amherst_ma
z16/19529_24215.png,z16/19529_24215.png,0.009861534833908,63.2001953125,0.0728759765625,0.343444675207138,False,False,False,16,19529,24215,amherst_ma
z16/19529_24216.png,z16/19529_24216.png,0.0073968797922134,64.5,0.0032958984375,0.3322567343711853,False,False,False,16,19529,24216,amherst_ma
z16/19529_24217.png,z16/19529_24217.png,0.0147089252869288,117.8994140625,0.0401763916015625,0.3346541225910187,False,False,False,16,19529,24217,amherst_ma
z16/19529_24218.png,z16/19529_24218.png,0.0158387829860051,131.7998046875,0.0121307373046875,0.3357224762439728,False,False,False,16,19529,24218,amherst_ma
z16/19529_24219.png,z16/19529_24219.png,0.0088097562392552,87.400390625,0.0196380615234375,0.3353628516197204,False,False,False,16,19529,24219,amherst_ma
z16/19529_24220.png,z16/19529_24220.png,0.0062699973583221,77.0,0.00140380859375,0.3318219184875488,False,False,False,16,19529,24220,amherst_ma
z16/19529_24221.png,z16/19529_24221.png,0.0072294702132542,48.2998046875,0.0106048583984375,0.3336971402168274,False,False,False,16,19529,24221,amherst_ma
z16/19529_24222.png,z16/19529_24222.png,0.0081114560365676,74.0,0.0055389404296875,0.334147036075592,False,False,False,16,19529,24222,amherst_ma
z16/19529_24223.png,z16/19529_24223.png,0.0130229949951171,96.2001953125,0.0097198486328125,0.3359884917736053,False,False,False,16,19529,24223,amherst_ma
z16/19529_24224.png,z16/19529_24224.png,0.009434829155604,97.900390625,0.008636474609375,0.337808609008789,False,False,False,16,19529,24224,amherst_ma
z16/19529_24225.png,z16/19529_24225.png,0.0121929864088694,67.900390625,0.0066986083984375,0.3376567363739013,False,False,False,16,19529,24225,amherst_ma
z16/19529_24226.png,z16/19529_24226.png,0.0092288315296173,86.900390625,0.0143280029296875,0.3360412120819092,False,False,False,16,19529,24226,amherst_ma
z16/19529_24227.png,z16/19529_24227.png,0.0054669429858525,36.2998046875,0.004058837890625,0.3407236933708191,False,False,False,16,19529,24227,amherst_ma
z16/19529_24228.png,z16/19529_24228.png,0.0062816138068834,34.2998046875,0.0124969482421875,0.3436963260173797,False,False,False,16,19529,24228,amherst_ma
z16/19529_24229.png,z16/19529_24229.png,0.0075788155198097,53.599609375,0.015411376953125,0.3409778773784637,False,False,False,16,19529,24229,amherst_ma
z16/19529_24230.png,z16/19529_24230.png,0.0104087402423222,60.7998046875,0.0233001708984375,0.3521023690700531,False,False,False,16,19529,24230,amherst_ma
z16/19529_24231.png,z16/19529_24231.png,0.007087933520476,49.2998046875,0.0212860107421875,0.3430174887180328,False,False,False,16,19529,24231,amherst_ma
z16/19529_24232.png,z16/19529_24232.png,0.0094469447930653,35.099609375,0.0,0.337245762348175,False,False,False,16,19529,24232,amherst_ma
z16/19529_24233.png,z16/19529_24233.png,0.0093691805998484,37.5,0.0229644775390625,0.3413483202457428,False,False,False,16,19529,24233,amherst_ma
z16/19529_24234.png,z16/19529_24234.png,0.0044021705786387,43.0,0.000946044921875,0.3459341526031494,False,False,False,16,19529,24234,amherst_ma
z16/19529_24235.png,z16/19529_24235.png,0.0033792299528916,22.400390625,0.0077667236328125,0.3390425145626068,False,False,False,16,19529,24235,amherst_ma
z16/19529_24236.png,z16/19529_24236.png,0.0025835116704305,16.7998046875,0.0,0.3371397852897644,False,False,False,16,19529,24236,amherst_ma
z16/19529_24237.png,z16/19529_24237.png,0.0046026493112246,32.099609375,0.012908935546875,0.3402670323848724,False,False,False,16,19529,24237,amherst_ma
z16/19529_24238.png,z16/19529_24238.png,0.0064688667654991,32.7001953125,0.03863525390625,0.3375357389450073,False,False,False,16,19529,24238,amherst_ma
z16/19529_24239.png,z16/19529_24239.png,0.0049278115232785,54.099609375,0.040679931640625,0.3389179706573486,False,False,False,16,19529,24239,amherst_ma
z16/19529_24240.png,z16/19529_24240.png,0.0057593405246734,65.099609375,0.00286865234375,0.3366825580596924,False,False,False,16,19529,24240,amherst_ma
z16/19529_24241.png,z16/19529_24241.png,0.0057393630345662,67.7998046875,0.0193634033203125,0.3335558474063873,False,False,False,16,19529,24241,amherst_ma
z16/19529_24242.png,z16/19529_24242.png,0.0070046946406364,81.400390625,0.0453948974609375,0.3384880423545837,False,False,False,16,19529,24242,amherst_ma
z16/19529_24243.png,z16/19529_24243.png,0.009707228342692,56.5,0.0,0.3420474529266357,False,False,False,16,19529,24243,amherst_ma
z16/19529_24244.png,z16/19529_24244.png,0.0035008008281389,9.6005859375,0.0,0.3376206457614898,False,False,False,16,19529,24244,amherst_ma
z16/19529_24245.png,z16/19529_24245.png,0.0066381494204203,23.099609375,0.0,0.3422842025756836,False,False,False,16,19529,24245,amherst_ma
z16/19529_24246.png,z16/19529_24246.png,0.0074924608071645,38.8994140625,0.0191192626953125,0.3441773355007171,False,False,False,16,19529,24246,amherst_ma
z16/19529_24247.png,z16/19529_24247.png,0.0084644883871078,34.7001953125,0.0430908203125,0.3467713594436645,False,False,False,16,19529,24247,amherst_ma
z16/19529_24248.png,z16/19529_24248.png,0.0062883675098419,40.5,0.0417327880859375,0.3430798649787903,False,False,False,16,19529,24248,amherst_ma
z16/19529_24249.png,z16/19529_24249.png,0.0088654249906539,89.3994140625,0.0054779052734375,0.3395009934902191,False,False,False,16,19529,24249,amherst_ma
z16/19529_24250.png,z16/19529_24250.png,0.0097678621610005,93.3994140625,0.07208251953125,0.3384691476821899,False,False,False,16,19529,24250,amherst_ma
z16/19529_24251.png,z16/19529_24251.png,0.0059377660353978,56.30078125,0.02435302734375,0.3380153775215149,False,False,False,16,19529,24251,amherst_ma
z16/19529_24252.png,z16/19529_24252.png,0.0099879801273345,35.7998046875,0.03009033203125,0.3439432978630066,False,False,False,16,19529,24252,amherst_ma
z16/19529_24253.png,z16/19529_24253.png,0.0102956136067708,40.7001953125,0.0074005126953125,0.344363272190094,False,False,False,16,19529,24253,amherst_ma
z16/19529_24254.png,z16/19529_24254.png,0.0094740867614746,32.8994140625,0.009033203125,0.349638968706131,False,False,False,16,19529,24254,amherst_ma
z16/19529_24255.png,z16/19529_24255.png,0.0124839842319488,38.900390625,0.0,0.3437844216823578,False,False,False,16,19529,24255,amherst_ma
z16/19529_24256.png,z16/19529_24256.png,0.0040213381250699,17.3994140625,0.0,0.3472478687763214,False,False,False,16,19529,24256,amherst_ma
z16/19529_24257.png,z16/19529_24257.png,0.0048614377776781,21.400390625,0.00189208984375,0.3422504067420959,False,False,False,16,19529,24257,amherst_ma
z16/19529_24258.png,z16/19529_24258.png,0.0088110784689585,32.5,0.0,0.3486284911632538,False,False,False,16,19529,24258,amherst_ma
z16/19529_24259.png,z16/19529_24259.png,0.0126207699378331,31.5,0.0,0.3453726768493652,False,False,False,16,19529,24259,amherst_ma
z16/19529_24260.png,z16/19529_24260.png,0.0133394141991933,39.3994140625,0.0,0.3454036712646484,False,False,False,16,19529,24260,amherst_ma
z16/19529_24261.png,z16/19529_24261.png,0.0032811117668946,18.0,0.0,0.3478911519050598,False,False,False,16,19529,24261,amherst_ma
z16/19529_24262.png,z16/19529_24262.png,0.0029937143127123,13.69921875,0.0,0.3519783318042755,False,False,False,16,19529,24262,amherst_ma
z16/19529_24263.png,z16/19529_24263.png,0.0076975375413894,32.7001953125,0.0,0.34451624751091,False,False,False,16,19529,24263,amherst_ma
z16/19529_24264.png,z16/19529_24264.png,0.0076364954312642,30.2998046875,0.00262451171875,0.3443171381950378,False,False,False,16,19529,24264,amherst_ma
z16/19529_24265.png,z16/19529_24265.png,0.0034817109505335,18.0,0.0177154541015625,0.3490886092185974,False,False,False,16,19529,24265,amherst_ma
z16/19529_24266.png,z16/19529_24266.png,0.0042311439911524,29.69921875,0.0005035400390625,0.3474081754684448,False,False,False,16,19529,24266,amherst_ma
z16/19529_24267.png,z16/19529_24267.png,0.0058460732301076,20.900390625,0.0167388916015625,0.3461720645427704,False,False,False,16,19529,24267,amherst_ma
z16/19529_24268.png,z16/19529_24268.png,0.006350136299928,23.599609375,0.0064849853515625,0.3453940749168396,False,False,False,16,19529,24268,amherst_ma
z16/19529_24269.png,z16/19529_24269.png,0.0029683791100978,6.099609375,0.0,0.3457450866699219,False,False,False,16,19529,24269,amherst_ma
z16/19529_24270.png,z16/19529_24270.png,0.0043135737379391,22.400390625,0.0,0.3480966687202453,False,False,False,16,19529,24270,amherst_ma
z16/19529_24271.png,z16/19529_24271.png,0.0073935061693191,23.8994140625,0.024627685546875,0.3531007766723633,False,False,False,16,19529,24271,amherst_ma
z16/19530_24200.png,z16/19530_24200.png,0.0054521093765894,65.2001953125,0.002410888671875,0.3355157971382141,False,False,False,16,19530,24200,amherst_ma
z16/19530_24201.png,z16/19530_24201.png,0.009227039416631,82.7998046875,0.0348968505859375,0.3428415060043335,False,False,False,16,19530,24201,amherst_ma
z16/19530_24202.png,z16/19530_24202.png,0.004912132024765,44.80078125,0.016632080078125,0.3398613035678863,False,False,False,16,19530,24202,amherst_ma
z16/19530_24203.png,z16/19530_24203.png,0.0061137566963831,60.7998046875,0.0170135498046875,0.3445128202438354,False,False,False,16,19530,24203,amherst_ma
z16/19530_24204.png,z16/19530_24204.png,0.0075712800025939,71.2998046875,0.00384521484375,0.3414989709854126,False,False,False,16,19530,24204,amherst_ma
z16/19530_24205.png,z16/19530_24205.png,0.0083059335748354,71.7001953125,0.0402984619140625,0.3332088887691498,False,False,False,16,19530,24205,amherst_ma
z16/19530_24206.png,z16/19530_24206.png,0.0094409684340159,99.5,0.027313232421875,0.3343293070793152,False,False,False,16,19530,24206,amherst_ma
z16/19530_24207.png,z16/19530_24207.png,0.0089757790168126,86.19921875,0.003692626953125,0.336642324924469,False,False,False,16,19530,24207,amherst_ma
z16/19530_24208.png,z16/19530_24208.png,0.0078576117753982,45.2001953125,0.015289306640625,0.3399218320846557,False,False,False,16,19530,24208,amherst_ma
z16/19530_24209.png,z16/19530_24209.png,0.008915169040362,63.8994140625,0.0149993896484375,0.3413907885551452,False,False,False,16,19530,24209,amherst_ma
z16/19530_24210.png,z16/19530_24210.png,0.007474835216999,51.099609375,0.0443115234375,0.3356192111968994,False,False,False,16,19530,24210,amherst_ma
z16/19530_24211.png,z16/19530_24211.png,0.0071302259961764,46.2001953125,0.0481414794921875,0.3445936143398285,False,False,False,16,19530,24211,amherst_ma
z16/19530_24212.png,z16/19530_24212.png,0.0096602400143941,56.2998046875,0.0151824951171875,0.3424218893051147,False,False,False,16,19530,24212,amherst_ma
z16/19530_24213.png,z16/19530_24213.png,0.0088235954443613,87.2998046875,0.015625,0.3342123031616211,False,False,False,16,19530,24213,amherst_ma
z16/19530_24214.png,z16/19530_24214.png,0.0081370040774345,71.5,0.001373291015625,0.3324245810508728,False,False,False,16,19530,24214,amherst_ma
z16/19530_24215.png,z16/19530_24215.png,0.0107077360153198,39.1005859375,0.00640869140625,0.3283805251121521,False,False,False,16,19530,24215,amherst_ma
z16/19530_24216.png,z16/19530_24216.png,0.0076655055085817,49.3994140625,0.0196685791015625,0.3309049606323242,False,False,False,16,19530,24216,amherst_ma
z16/19530_24217.png,z16/19530_24217.png,0.0095765282710393,85.80078125,0.0475616455078125,0.3354862332344055,False,False,False,16,19530,24217,amherst_ma
z16/19530_24218.png,z16/19530_24218.png,0.0159964670737584,100.7998046875,0.006744384765625,0.3397164940834045,False,False,False,16,19530,24218,amherst_ma
z16/19530_24219.png,z16/19530_24219.png,0.009617147843043,92.5,0.00396728515625,0.3368486166000366,False,False,False,16,19530,24219,amherst_ma
z16/19530_24220.png,z16/19530_24220.png,0.0099685539801915,91.7001953125,0.0155181884765625,0.330850601196289,False,False,False,16,19530,24220,amherst_ma
z16/19530_24221.png,z16/19530_24221.png,0.0078644573688507,71.30078125,0.0034942626953125,0.3345029056072235,False,False,False,16,19530,24221,amherst_ma
z16/19530_24222.png,z16/19530_24222.png,0.0094915787378946,107.2998046875,0.00054931640625,0.3347496390342712,False,False,False,16,19530,24222,amherst_ma
z16/19530_24223.png,z16/19530_24223.png,0.0147024909655253,149.0,0.0123138427734375,0.3293417692184448,False,False,False,16,19530,24223,amherst_ma
z16/19530_24224.png,z16/19530_24224.png,0.0113574186960856,64.599609375,0.0129241943359375,0.3331690728664398,False,False,False,16,19530,24224,amherst_ma
z16/19530_24225.png,z16/19530_24225.png,0.0061289315422376,43.0,0.024932861328125,0.3389405906200409,False,False,False,16,19530,24225,amherst_ma
z16/19530_24226.png,z16/19530_24226.png,0.0089589575926462,60.8994140625,0.00946044921875,0.336340069770813,False,False,False,16,19530,24226,amherst_ma
z16/19530_24227.png,z16/19530_24227.png,0.0098874678214391,50.2998046875,0.02996826171875,0.3412522673606872,False,False,False,16,19530,24227,amherst_ma
z16/19530_24228.png,z16/19530_24228.png,0.0063631430268287,51.8994140625,0.0041351318359375,0.3409702479839325,False,False,False,16,19530,24228,amherst_ma
z16/19530_24229.png,z16/19530_24229.png,0.0070732106765111,80.7001953125,0.0252685546875,0.3347426056861877,False,False,False,16,19530,24229,amherst_ma
z16/19530_24230.png,z16/19530_24230.png,0.0086459775765736,85.400390625,0.0050201416015625,0.3413149714469909,False,False,False,16,19530,24230,amherst_ma
z16/19530_24231.png,z16/19530_24231.png,0.011341110865275,53.099609375,0.017333984375,0.3452635109424591,False,False,False,16,19530,24231,amherst_ma
z16/19530_24232.png,z16/19530_24232.png,0.0078116406997044,52.2001953125,0.062530517578125,0.3350869417190552,False,False,False,16,19530,24232,amherst_ma
z16/19530_24233.png,z16/19530_24233.png,0.0103590071201324,51.69921875,0.0137481689453125,0.3376674354076385,False,False,False,16,19530,24233,amherst_ma
z16/19530_24234.png,z16/19530_24234.png,0.0075515056649843,50.7001953125,0.0455169677734375,0.3345159590244293,False,False,False,16,19530,24234,amherst_ma
z16/19530_24235.png,z16/19530_24235.png,0.0032217636704444,17.8994140625,0.0,0.3384950459003448,False,False,False,16,19530,24235,amherst_ma
z16/19530_24236.png,z16/19530_24236.png,0.0046087369322776,27.5,0.0003814697265625,0.3392629027366638,False,False,False,16,19530,24236,amherst_ma
z16/19530_24237.png,z16/19530_24237.png,0.0050936922430992,44.0,0.002166748046875,0.3368288874626159,False,False,False,16,19530,24237,amherst_ma
z16/19530_24238.png,z16/19530_24238.png,0.0077009454369544,25.900390625,0.000701904296875,0.3399141728878021,False,False,False,16,19530,24238,amherst_ma
z16/19530_24239.png,z16/19530_24239.png,0.0035900689661502,25.7998046875,0.003082275390625,0.3464052677154541,False,False,False,16,19530,24239,amherst_ma
z16/19530_24240.png,z16/19530_24240.png,0.0046919624010721,28.599609375,0.0021514892578125,0.3430416584014892,False,False,False,16,19530,24240,amherst_ma
z16/19530_24241.png,z16/19530_24241.png,0.0067931493123372,36.099609375,0.080963134765625,0.3401226997375488,False,False,False,16,19530,24241,amherst_ma
z16/19530_24242.png,z16/19530_24242.png,0.0056091209252675,28.1005859375,0.0,0.341163158416748,False,False,False,16,19530,24242,amherst_ma
z16/19530_24243.png,z16/19530_24243.png,0.0077670847376187,27.900390625,0.0,0.3392716944217682,False,False,False,16,19530,24243,amherst_ma
z16/19530_24244.png,z16/19530_24244.png,0.0096498558918635,78.1005859375,0.0,0.33649942278862,False,False,False,16,19530,24244,amherst_ma
z16/19530_24245.png,z16/19530_24245.png,0.0077195102969805,87.7998046875,0.01263427734375,0.3326718807220459,False,False,False,16,19530,24245,amherst_ma
z16/19530_24246.png,z16/19530_24246.png,0.0069003234306971,79.400390625,0.009368896484375,0.338573545217514,False,False,False,16,19530,24246,amherst_ma
z16/19530_24247.png,z16/19530_24247.png,0.0061029622952143,69.400390625,0.004364013671875,0.3361718654632568,False,False,False,16,19530,24247,amherst_ma
z16/19530_24248.png,z16/19530_24248.png,0.0066108614206314,32.400390625,0.0184173583984375,0.3441450595855713,False,False,False,16,19530,24248,amherst_ma
z16/19530_24249.png,z16/19530_24249.png,0.0045358036955197,17.900390625,0.0145111083984375,0.3473923802375793,False,False,False,16,19530,24249,amherst_ma
z16/19530_24250.png,z16/19530_24250.png,0.0053688436746597,23.0,0.0,0.3421308994293213,False,False,False,16,19530,24250,amherst_ma
z16/19530_24251.png,z16/19530_24251.png,0.0093683054049809,26.900390625,0.0302734375,0.3379589021205902,False,False,False,16,19530,24251,amherst_ma
z16/19530_24252.png,z16/19530_24252.png,0.0104889313379923,47.7998046875,0.019439697265625,0.3398235440254211,False,False,False,16,19530,24252,amherst_ma
z16/19530_24253.png,z16/19530_24253.png,0.0076955333352088,41.30078125,0.0,0.3441449403762817,False,False,False,16,19530,24253,amherst_ma
z16/19530_24254.png,z16/19530_24254.png,0.0058251629273096,23.7001953125,0.0,0.3462764322757721,False,False,False,16,19530,24254,amherst_ma
z16/19530_24255.png,z16/19530_24255.png,0.0086920877297719,15.599609375,0.0,0.3431102633476257,False,False,False,16,19530,24255,amherst_ma
z16/19530_24256.png,z16/19530_24256.png,0.0058773070573806,13.099609375,0.0,0.3461760580539703,False,False,False,16,19530,24256,amherst_ma
z16/19530_24257.png,z16/19530_24257.png,0.0066977217793464,25.7001953125,0.0178985595703125,0.349539190530777,False,False,False,16,19530,24257,amherst_ma
z16/19530_24258.png,z16/19530_24258.png,0.0090435693661371,35.7001953125,0.0016937255859375,0.3444640040397644,False,False,False,16,19530,24258,amherst_ma
z16/19530_24259.png,z16/19530_24259.png,0.0112564742565155,25.6005859375,0.0,0.3506967425346374,False,False,False,16,19530,24259,amherst_ma
z16/19530_24260.png,z16/19530_24260.png,0.0093195418516794,33.2001953125,0.030120849609375,0.3444942831993103,False,False,False,16,19530,24260,amherst_ma
z16/19530_24261.png,z16/19530_24261.png,0.0066623533765474,42.1005859375,0.0029754638671875,0.3573835492134094,False,False,False,16,19530,24261,amherst_ma
z16/19530_24262.png,z16/19530_24262.png,0.0054470002651214,31.19921875,0.029998779296875,0.3538843989372253,False,False,False,16,19530,24262,amherst_ma
z16/19530_24263.png,z16/19530_24263.png,0.0061503504713376,28.099609375,0.016876220703125,0.3487383425235748,False,False,False,16,19530,24263,amherst_ma
z16/19530_24264.png,z16/19530_24264.png,0.0084369838237762,25.2998046875,0.010528564453125,0.3478554785251617,False,False,False,16,19530,24264,amherst_ma
z16/19530_24265.png,z16/19530_24265.png,0.0047280291716257,25.7001953125,0.0,0.3468113243579864,False,False,False,16,19530,24265,amherst_ma
z16/19530_24266.png,z16/19530_24266.png,0.0083856264750162,26.900390625,0.0055389404296875,0.3436742126941681,False,False,False,16,19530,24266,amherst_ma
z16/19530_24267.png,z16/19530_24267.png,0.0077350238958994,23.8994140625,0.007598876953125,0.3487882912158966,False,False,False,16,19530,24267,amherst_ma
z16/19530_24268.png,z16/19530_24268.png,0.0047308673461278,31.599609375,0.00048828125,0.3574330508708954,False,False,False,16,19530,24268,amherst_ma
z16/19530_24269.png,z16/19530_24269.png,0.0057848582665125,29.900390625,0.0,0.34660604596138,False,False,False,16,19530,24269,amherst_ma
z16/19530_24270.png,z16/19530_24270.png,0.0077937915921211,35.8994140625,0.0032806396484375,0.3469191193580627,False,False,False,16,19530,24270,amherst_ma
z16/19530_24271.png,z16/19530_24271.png,0.0062755569815635,14.5,0.0,0.3528843820095062,False,False,False,16,19530,24271,amherst_ma
z16/19531_24200.png,z16/19531_24200.png,0.0051171878973642,39.0,0.007232666015625,0.3376925885677337,False,False,False,16,19531,24200,amherst_ma
z16/19531_24201.png,z16/19531_24201.png,0.0078959638873736,76.5,0.0017547607421875,0.3396800756454468,False,False,False,16,19531,24201,amherst_ma
z16/19531_24202.png,z16/19531_24202.png,0.006211452682813,51.900390625,0.040374755859375,0.3447014391422272,False,False,False,16,19531,24202,amherst_ma
z16/19531_24203.png,z16/19531_24203.png,0.010003125667572,67.1005859375,0.0272064208984375,0.340171605348587,False,False,False,16,19531,24203,amherst_ma
z16/19531_24204.png,z16/19531_24204.png,0.0076504742105801,83.099609375,0.003021240234375,0.3346214294433594,False,False,False,16,19531,24204,amherst_ma
z16/19531_24205.png,z16/19531_24205.png,0.015095767378807,101.2001953125,0.0402374267578125,0.3311614096164703,False,False,False,16,19531,24205,amherst_ma
z16/19531_24206.png,z16/19531_24206.png,0.013117038210233,119.0,0.0222015380859375,0.330263078212738,False,False,False,16,19531,24206,amherst_ma
z16/19531_24207.png,z16/19531_24207.png,0.0118616183598836,98.1005859375,0.0002899169921875,0.3437228798866272,False,False,False,16,19531,24207,amherst_ma
z16/19531_24208.png,z16/19531_24208.png,0.0079622313380241,88.5,0.0218505859375,0.3358893096446991,False,False,False,16,19531,24208,amherst_ma
z16/19531_24209.png,z16/19531_24209.png,0.0094424317280451,62.599609375,0.00335693359375,0.3408036828041076,False,False,False,16,19531,24209,amherst_ma
z16/19531_24210.png,z16/19531_24210.png,0.0082183425625165,66.2998046875,0.0073699951171875,0.3378239870071411,False,False,False,16,19531,24210,amherst_ma
z16/19531_24211.png,z16/19531_24211.png,0.0077021484573682,41.19921875,0.0293731689453125,0.3434554040431976,False,False,False,16,19531,24211,amherst_ma
z16/19531_24212.png,z16/19531_24212.png,0.0066228911280632,58.400390625,0.0026092529296875,0.3469864130020141,False,False,False,16,19531,24212,amherst_ma
z16/19531_24213.png,z16/19531_24213.png,0.0117512653271357,65.8994140625,0.0120849609375,0.343248963356018,False,False,False,16,19531,24213,amherst_ma
z16/19531_24214.png,z16/19531_24214.png,0.0094796339670817,117.0,0.0251617431640625,0.3330616056919098,False,False,False,16,19531,24214,amherst_ma
z16/19531_24215.png,z16/19531_24215.png,0.0095513443152109,112.099609375,0.0061798095703125,0.3256863951683044,False,False,False,16,19531,24215,amherst_ma
z16/19531_24216.png,z16/19531_24216.png,0.0075987840692202,78.69921875,0.01666259765625,0.3327908217906952,False,False,False,16,19531,24216,amherst_ma
z16/19531_24217.png,z16/19531_24217.png,0.0089585582415262,37.7998046875,0.0501708984375,0.3402818143367767,False,False,False,16,19531,24217,amherst_ma
z16/19531_24218.png,z16/19531_24218.png,0.0085600157578786,40.3994140625,0.0155487060546875,0.3398528099060058,False,False,False,16,19531,24218,amherst_ma
z16/19531_24219.png,z16/19531_24219.png,0.0082710598905881,65.19921875,0.0467071533203125,0.3382558226585388,False,False,False,16,19531,24219,amherst_ma
z16/19531_24220.png,z16/19531_24220.png,0.007488348086675,75.099609375,0.0027313232421875,0.3349449336528778,False,False,False,16,19531,24220,amherst_ma
z16/19531_24221.png,z16/19531_24221.png,0.006934842467308,88.3994140625,0.0052947998046875,0.3283832371234894,False,False,False,16,19531,24221,amherst_ma
z16/19531_24222.png,z16/19531_24222.png,0.0146593918402989,123.2001953125,0.047454833984375,0.3296975195407867,False,False,False,16,19531,24222,amherst_ma
z16/19531_24223.png,z16/19531_24223.png,0.0128421872854232,71.7998046875,0.0185546875,0.3371718227863312,False,False,False,16,19531,24223,amherst_ma
z16/19531_24224.png,z16/19531_24224.png,0.007537817955017,54.400390625,0.0101776123046875,0.3356280624866485,False,False,False,16,19531,24224,amherst_ma
z16/19531_24225.png,z16/19531_24225.png,0.0064420173565546,53.2001953125,0.00103759765625,0.3373207449913025,False,False,False,16,19531,24225,amherst_ma
z16/19531_24226.png,z16/19531_24226.png,0.0108541796604792,74.1005859375,0.0475006103515625,0.3391594290733337,False,False,False,16,19531,24226,amherst_ma
z16/19531_24227.png,z16/19531_24227.png,0.01216894586881,65.7998046875,0.006683349609375,0.350922018289566,False,False,False,16,19531,24227,amherst_ma
z16/19531_24228.png,z16/19531_24228.png,0.0085069944461186,44.5,0.019439697265625,0.3481101393699646,False,False,False,16,19531,24228,amherst_ma
z16/19531_24229.png,z16/19531_24229.png,0.0062095373868942,23.7001953125,0.0113983154296875,0.3488815426826477,False,False,False,16,19531,24229,amherst_ma
z16/19531_24230.png,z16/19531_24230.png,0.0059442237019538,50.0,0.0304107666015625,0.3455697000026703,False,False,False,16,19531,24230,amherst_ma
z16/19531_24231.png,z16/19531_24231.png,0.0096405913432439,53.7998046875,0.0021209716796875,0.3360280394554138,False,False,False,16,19531,24231,amherst_ma
z16/19531_24232.png,z16/19531_24232.png,0.0055894906322161,18.8994140625,0.0,0.3349279165267944,False,False,False,16,19531,24232,amherst_ma
z16/19531_24233.png,z16/19531_24233.png,0.0125594387451807,62.900390625,0.0115966796875,0.3372244536876678,False,False,False,16,19531,24233,amherst_ma
z16/19531_24234.png,z16/19531_24234.png,0.0088898619016011,38.30078125,0.0029144287109375,0.3351677656173706,False,False,False,16,19531,24234,amherst_ma
z16/19531_24235.png,z16/19531_24235.png,0.0112456907828648,48.8994140625,0.01177978515625,0.3395016193389892,False,False,False,16,19531,24235,amherst_ma
z16/19531_24236.png,z16/19531_24236.png,0.0106344898541768,52.400390625,0.015777587890625,0.3360854983329773,False,False,False,16,19531,24236,amherst_ma
z16/19531_24237.png,z16/19531_24237.png,0.0113967607418696,36.1005859375,0.0241546630859375,0.3410674333572387,False,False,False,16,19531,24237,amherst_ma
z16/19531_24238.png,z16/19531_24238.png,0.0103584061066309,39.6005859375,0.0047760009765625,0.3377289772033691,False,False,False,16,19531,24238,amherst_ma
z16/19531_24239.png,z16/19531_24239.png,0.0072908212741216,29.2001953125,0.0094146728515625,0.3473141193389892,False,False,False,16,19531,24239,amherst_ma
z16/19531_24240.png,z16/19531_24240.png,0.0065883422891298,23.0,0.0084686279296875,0.3460546731948852,False,False,False,16,19531,24240,amherst_ma
z16/19531_24241.png,z16/19531_24241.png,0.012067499756813,51.8994140625,0.0,0.3392974734306335,False,False,False,16,19531,24241,amherst_ma
z16/19531_24242.png,z16/19531_24242.png,0.0123605718215306,53.2001953125,0.0,0.3417362868785858,False,False,False,16,19531,24242,amherst_ma
z16/19531_24243.png,z16/19531_24243.png,0.0059022655089696,30.3994140625,0.02606201171875,0.3397087454795837,False,False,False,16,19531,24243,amherst_ma
z16/19531_24244.png,z16/19531_24244.png,0.0052859966953595,56.099609375,0.013519287109375,0.3341803848743438,False,False,False,16,19531,24244,amherst_ma
z16/19531_24245.png,z16/19531_24245.png,0.0098279853661855,61.1005859375,0.0135955810546875,0.3339371085166931,False,False,False,16,19531,24245,amherst_ma
z16/19531_24246.png,z16/19531_24246.png,0.00812778621912,59.2998046875,0.0081024169921875,0.3330322504043579,False,False,False,16,19531,24246,amherst_ma
z16/19531_24247.png,z16/19531_24247.png,0.0089206397533416,64.099609375,0.041748046875,0.3369936347007751,False,False,False,16,19531,24247,amherst_ma
z16/19531_24248.png,z16/19531_24248.png,0.0082909151911735,47.5,0.0250701904296875,0.3407184481620788,False,False,False,16,19531,24248,amherst_ma
z16/19531_24249.png,z16/19531_24249.png,0.0068170696496963,51.69921875,0.024627685546875,0.3405173122882843,False,False,False,16,19531,24249,amherst_ma
z16/19531_24250.png,z16/19531_24250.png,0.0107482175032297,58.599609375,0.017364501953125,0.3381633162498474,False,False,False,16,19531,24250,amherst_ma
z16/19531_24251.png,z16/19531_24251.png,0.0152153968811035,67.2001953125,0.0469970703125,0.3379256129264831,False,False,False,16,19531,24251,amherst_ma
z16/19531_24252.png,z16/19531_24252.png,0.0061843673388163,29.0,0.0,0.336100310087204,False,False,False,16,19531,24252,amherst_ma
z16/19531_24253.png,z16/19531_24253.png,0.0033944979310035,10.7998046875,0.0,0.344670683145523,False,False,False,16,19531,24253,amherst_ma
z16/19531_24254.png,z16/19531_24254.png,0.0061515520016352,19.7001953125,0.0,0.3510283529758453,False,False,False,16,19531,24254,amherst_ma
z16/19531_24255.png,z16/19531_24255.png,0.0064519489804903,19.2001953125,0.0,0.3457140326499939,False,False,False,16,19531,24255,amherst_ma
z16/19531_24256.png,z16/19531_24256.png,0.0098404506842295,25.0,0.021453857421875,0.3446277976036072,False,False,False,16,19531,24256,amherst_ma
z16/19531_24257.png,z16/19531_24257.png,0.0043662846088409,23.2998046875,0.0,0.3459561765193939,False,False,False,16,19531,24257,amherst_ma
z16/19531_24258.png,z16/19531_24258.png,0.0084668268760045,22.1005859375,0.006622314453125,0.3511951267719269,False,False,False,16,19531,24258,amherst_ma
z16/19531_24259.png,z16/19531_24259.png,0.0128240744272867,26.7998046875,0.0,0.349197506904602,False,False,False,16,19531,24259,amherst_ma
z16/19531_24260.png,z16/19531_24260.png,0.0083121359348297,18.5,0.0,0.339712917804718,False,False,False,16,19531,24260,amherst_ma
z16/19531_24261.png,z16/19531_24261.png,0.0105628877878189,21.0,0.0,0.3435207009315491,False,False,False,16,19531,24261,amherst_ma
z16/19531_24262.png,z16/19531_24262.png,0.0052070577939351,11.5,0.0,0.359286904335022,False,False,False,16,19531,24262,amherst_ma
z16/19531_24263.png,z16/19531_24263.png,0.007983719309171,20.0,0.0,0.3518801927566528,False,False,False,16,19531,24263,amherst_ma
z16/19531_24264.png,z16/19531_24264.png,0.0079989021023114,18.0,0.0,0.3508610725402832,False,False,False,16,19531,24264,amherst_ma
z16/19531_24265.png,z16/19531_24265.png,0.0050390476981798,19.7001953125,0.0,0.3492697477340698,False,False,False,16,19531,24265,amherst_ma
z16/19531_24266.png,z16/19531_24266.png,0.00444764594237,17.0,0.0,0.3468967080116272,False,False,False,16,19531,24266,amherst_ma
z16/19531_24267.png,z16/19531_24267.png,0.006769652167956,20.6005859375,0.026031494140625,0.3514114320278168,False,False,False,16,19531,24267,amherst_ma
z16/19531_24268.png,z16/19531_24268.png,0.0074285879731178,20.099609375,0.0137786865234375,0.3503510355949402,False,False,False,16,19531,24268,amherst_ma
z16/19531_24269.png,z16/19531_24269.png,0.0049470906456311,23.599609375,0.0,0.3472136259078979,False,False,False,16,19531,24269,amherst_ma
z16/19531_24270.png,z16/19531_24270.png,0.0081022803982098,14.599609375,0.0,0.344059944152832,False,False,False,16,19531,24270,amherst_ma
z16/19531_24271.png,z16/19531_24271.png,0.0056993603706359,12.7998046875,0.0,0.3519990444183349,False,False,False,16,19531,24271,amherst_ma
z16/19532_24200.png,z16/19532_24200.png,0.0090603758891423,64.5,0.0020904541015625,0.3420004546642303,False,False,False,16,19532,24200,amherst_ma
z16/19532_24201.png,z16/19532_24201.png,0.0072120949625968,64.7998046875,0.001983642578125,0.3380948901176452,False,False,False,16,19532,24201,amherst_ma
z16/19532_24202.png,z16/19532_24202.png,0.0088081787029902,94.6005859375,0.00537109375,0.3429262042045593,False,False,False,16,19532,24202,amherst_ma
z16/19532_24203.png,z16/19532_24203.png,0.0099586973587671,74.900390625,0.01202392578125,0.3400071561336517,False,False,False,16,19532,24203,amherst_ma
z16/19532_24204.png,z16/19532_24204.png,0.0102284808953603,94.900390625,0.0263671875,0.3400128185749054,False,False,False,16,19532,24204,amherst_ma
z16/19532_24205.png,z16/19532_24205.png,0.0106210529804229,76.8994140625,0.0428314208984375,0.3326049447059631,False,False,False,16,19532,24205,amherst_ma
z16/19532_24206.png,z16/19532_24206.png,0.0083716471989949,66.099609375,0.01348876953125,0.3377338647842407,False,False,False,16,19532,24206,amherst_ma
z16/19532_24207.png,z16/19532_24207.png,0.0101342717806498,125.3994140625,0.0082855224609375,0.3350680768489837,False,False,False,16,19532,24207,amherst_ma
z16/19532_24208.png,z16/19532_24208.png,0.0098101615905761,99.900390625,0.031951904296875,0.3388388454914093,False,False,False,16,19532,24208,amherst_ma
z16/19532_24209.png,z16/19532_24209.png,0.0072495341300964,66.099609375,0.0080108642578125,0.3343686163425445,False,False,False,16,19532,24209,amherst_ma
z16/19532_24210.png,z16/19532_24210.png,0.0070182934403419,75.0,0.0102081298828125,0.3394505083560943,False,False,False,16,19532,24210,amherst_ma
z16/19532_24211.png,z16/19532_24211.png,0.0096442838509877,58.19921875,0.0110321044921875,0.334112286567688,False,False,False,16,19532,24211,amherst_ma
z16/19532_24212.png,z16/19532_24212.png,0.0151155859231948,71.5,0.0095672607421875,0.3341644704341888,False,False,False,16,19532,24212,amherst_ma
z16/19532_24213.png,z16/19532_24213.png,0.0121807465950647,74.099609375,0.0232391357421875,0.343215674161911,False,False,False,16,19532,24213,amherst_ma
z16/19532_24214.png,z16/19532_24214.png,0.0126616686582565,64.2998046875,0.0259552001953125,0.3388082385063171,False,False,False,16,19532,24214,amherst_ma
z16/19532_24215.png,z16/19532_24215.png,0.0134253581364949,73.1005859375,0.0456390380859375,0.3363710641860962,False,False,False,16,19532,24215,amherst_ma
z16/19532_24216.png,z16/19532_24216.png,0.0103240797917048,94.5,0.0019073486328125,0.3273263871669769,False,False,False,16,19532,24216,amherst_ma
z16/19532_24217.png,z16/19532_24217.png,0.0109529276688893,78.2998046875,0.0013885498046875,0.3368828892707824,False,False,False,16,19532,24217,amherst_ma
z16/19532_24218.png,z16/19532_24218.png,0.0090494533379872,55.099609375,0.0042877197265625,0.3356436491012573,False,False,False,16,19532,24218,amherst_ma
z16/19532_24219.png,z16/19532_24219.png,0.0080089196562767,77.2998046875,0.018768310546875,0.3296757638454437,False,False,False,16,19532,24219,amherst_ma
z16/19532_24220.png,z16/19532_24220.png,0.010203460852305,75.80078125,0.02886962890625,0.3343981504440307,False,False,False,16,19532,24220,amherst_ma
z16/19532_24221.png,z16/19532_24221.png,0.007282913227876,51.3994140625,0.03704833984375,0.3302332758903503,False,False,False,16,19532,24221,amherst_ma
z16/19532_24222.png,z16/19532_24222.png,0.0083612143993377,33.2001953125,0.0550689697265625,0.3394557237625122,False,False,False,16,19532,24222,amherst_ma
z16/19532_24223.png,z16/19532_24223.png,0.009092711408933,59.5,0.0578155517578125,0.3422320485115051,False,False,False,16,19532,24223,amherst_ma
z16/19532_24224.png,z16/19532_24224.png,0.0102088014284769,74.80078125,0.009246826171875,0.3432426750659942,False,False,False,16,19532,24224,amherst_ma
z16/19532_24225.png,z16/19532_24225.png,0.0132606168588002,74.2998046875,0.0270233154296875,0.3404029905796051,False,False,False,16,19532,24225,amherst_ma
z16/19532_24226.png,z16/19532_24226.png,0.0098292042811711,70.0,0.012939453125,0.3438874185085296,False,False,False,16,19532,24226,amherst_ma
z16/19532_24227.png,z16/19532_24227.png,0.0113327970107396,88.2001953125,0.0055999755859375,0.3415292799472809,False,False,False,16,19532,24227,amherst_ma
z16/19532_24228.png,z16/19532_24228.png,0.0077529450257619,51.8994140625,0.01953125,0.3484883308410644,False,False,False,16,19532,24228,amherst_ma
z16/19532_24229.png,z16/19532_24229.png,0.0063586935400962,38.8994140625,0.00433349609375,0.3496566712856293,False,False,False,16,19532,24229,amherst_ma
z16/19532_24230.png,z16/19532_24230.png,0.0055704489350318,41.30078125,0.0242767333984375,0.3434588313102722,False,False,False,16,19532,24230,amherst_ma
z16/19532_24231.png,z16/19532_24231.png,0.0045557513833045,36.400390625,0.003448486328125,0.33830326795578,False,False,False,16,19532,24231,amherst_ma
z16/19532_24232.png,z16/19532_24232.png,0.007192738354206,48.30078125,0.0028839111328125,0.3382021188735962,False,False,False,16,19532,24232,amherst_ma
z16/19532_24233.png,z16/19532_24233.png,0.008685290813446,52.400390625,0.0450439453125,0.3384857177734375,False,False,False,16,19532,24233,amherst_ma
z16/19532_24234.png,z16/19532_24234.png,0.0098020762205123,66.5,0.02569580078125,0.3340795040130615,False,False,False,16,19532,24234,amherst_ma
z16/19532_24235.png,z16/19532_24235.png,0.0113176186879475,52.599609375,0.00372314453125,0.33651202917099,False,False,False,16,19532,24235,amherst_ma
z16/19532_24236.png,z16/19532_24236.png,0.0114143311977386,65.0,0.0025177001953125,0.3386049270629883,False,False,False,16,19532,24236,amherst_ma
z16/19532_24237.png,z16/19532_24237.png,0.0128288785616556,44.69921875,0.0131072998046875,0.3378724455833435,False,False,False,16,19532,24237,amherst_ma
z16/19532_24238.png,z16/19532_24238.png,0.013333844145139,47.900390625,0.0076904296875,0.3359334766864776,False,False,False,16,19532,24238,amherst_ma
z16/19532_24239.png,z16/19532_24239.png,0.0074300542473793,30.7001953125,0.0057830810546875,0.3435057997703552,False,False,False,16,19532,24239,amherst_ma
z16/19532_24240.png,z16/19532_24240.png,0.0062953342994054,21.5,0.011138916015625,0.3462292850017547,False,False,False,16,19532,24240,amherst_ma
z16/19532_24241.png,z16/19532_24241.png,0.0103656391302744,63.2001953125,0.0031280517578125,0.3374238312244415,False,False,False,16,19532,24241,amherst_ma
z16/19532_24242.png,z16/19532_24242.png,0.0077909683187802,79.7998046875,0.0488128662109375,0.3358142673969269,False,False,False,16,19532,24242,amherst_ma
z16/19532_24243.png,z16/19532_24243.png,0.007218317190806,57.5,0.014434814453125,0.3445053100585937,False,False,False,16,19532,24243,amherst_ma
z16/19532_24244.png,z16/19532_24244.png,0.0122819105784098,74.2998046875,0.0018310546875,0.3389733731746673,False,False,False,16,19532,24244,amherst_ma
z16/19532_24245.png,z16/19532_24245.png,0.0071276947855949,57.8994140625,0.0004730224609375,0.3353212475776672,False,False,False,16,19532,24245,amherst_ma
z16/19532_24246.png,z16/19532_24246.png,0.0061869263648986,44.0,0.0092620849609375,0.3330333530902862,False,False,False,16,19532,24246,amherst_ma
z16/19532_24247.png,z16/19532_24247.png,0.007008846104145,54.2998046875,0.003021240234375,0.3353599309921264,False,False,False,16,19532,24247,amherst_ma
z16/19532_24248.png,z16/19532_24248.png,0.0054933210213979,43.599609375,0.0115814208984375,0.3348521590232849,False,False,False,16,19532,24248,amherst_ma
z16/19532_24249.png,z16/19532_24249.png,0.0088847955067952,70.30078125,0.0321807861328125,0.3395560085773468,False,False,False,16,19532,24249,amherst_ma
z16/19532_24250.png,z16/19532_24250.png,0.0144244889418284,42.5,0.0,0.3346218764781952,False,False,False,16,19532,24250,amherst_ma
z16/19532_24251.png,z16/19532_24251.png,0.0059532975157101,23.5,0.0,0.3443670570850372,False,False,False,16,19532,24251,amherst_ma
z16/19532_24252.png,z16/19532_24252.png,0.0057787696520487,13.2998046875,0.0,0.3404947817325592,False,False,False,16,19532,24252,amherst_ma
z16/19532_24253.png,z16/19532_24253.png,0.0032073266804218,12.7001953125,0.0,0.3412517011165619,False,False,False,16,19532,24253,amherst_ma
z16/19532_24254.png,z16/19532_24254.png,0.0041406313578287,18.400390625,0.033111572265625,0.3440507650375366,False,False,False,16,19532,24254,amherst_ma
z16/19532_24255.png,z16/19532_24255.png,0.0049239511291186,19.400390625,0.0,0.3420020639896393,False,False,False,16,19532,24255,amherst_ma
z16/19532_24256.png,z16/19532_24256.png,0.0036700434982776,27.099609375,0.0020599365234375,0.3441284894943237,False,False,False,16,19532,24256,amherst_ma
z16/19532_24257.png,z16/19532_24257.png,0.0049483219782511,28.7998046875,0.0244598388671875,0.3479123115539551,False,False,False,16,19532,24257,amherst_ma
z16/19532_24258.png,z16/19532_24258.png,0.0026211234430472,10.099609375,0.0,0.350686103105545,False,False,False,16,19532,24258,amherst_ma
z16/19532_24259.png,z16/19532_24259.png,0.0085156718889872,23.0,0.0,0.3518420755863189,False,False,False,16,19532,24259,amherst_ma
z16/19532_24260.png,z16/19532_24260.png,0.0059949070215225,18.5,0.0,0.3460891842842102,False,False,False,16,19532,24260,amherst_ma
z16/19532_24261.png,z16/19532_24261.png,0.0108968406915664,18.5,0.0,0.343359500169754,False,False,False,16,19532,24261,amherst_ma
z16/19532_24262.png,z16/19532_24262.png,0.0101548492908477,19.2998046875,0.0,0.3496925830841064,False,False,False,16,19532,24262,amherst_ma
z16/19532_24263.png,z16/19532_24263.png,0.0080338651935259,17.599609375,0.0,0.3479973971843719,False,False,False,16,19532,24263,amherst_ma
z16/19532_24264.png,z16/19532_24264.png,0.0046590149402618,19.0,0.0,0.3471797704696655,False,False,False,16,19532,24264,amherst_ma
z16/19532_24265.png,z16/19532_24265.png,0.0048401599129041,18.7998046875,0.0,0.3520010113716125,False,False,False,16,19532,24265,amherst_ma
z16/19532_24266.png,z16/19532_24266.png,0.0053754031658172,15.2998046875,0.0,0.3446903228759765,False,False,False,16,19532,24266,amherst_ma
z16/19532_24267.png,z16/19532_24267.png,0.006661407649517,16.599609375,0.0,0.3449347615242004,False,False,False,16,19532,24267,amherst_ma
z16/19532_24268.png,z16/19532_24268.png,0.0063689822951952,17.7001953125,0.0,0.3416511416435241,False,False,False,16,19532,24268,amherst_ma
z16/19532_24269.png,z16/19532_24269.png,0.0086950123310089,22.1005859375,0.0,0.3492715954780578,False,False,False,16,19532,24269,amherst_ma
z16/19532_24270.png,z16/19532_24270.png,0.0087068935235341,35.2998046875,0.0582427978515625,0.3482311964035034,False,False,False,16,19532,24270,amherst_ma
z16/19532_24271.png,z16/19532_24271.png,0.005678782860438,28.2998046875,0.004730224609375,0.3620817065238952,False,False,False,16,19532,24271,amherst_ma
z16/19533_24200.png,z16/19533_24200.png,0.0137562751770019,88.30078125,0.056060791015625,0.34302419424057,False,False,False,16,19533,24200,amherst_ma
z16/19533_24201.png,z16/19533_24201.png,0.0099397341410319,83.2001953125,0.0349273681640625,0.345143049955368,False,False,False,16,19533,24201,amherst_ma
z16/19533_24202.png,z16/19533_24202.png,0.0072907457749048,59.599609375,0.03253173828125,0.3431400060653686,False,False,False,16,19533,24202,amherst_ma
z16/19533_24203.png,z16/19533_24203.png,0.0087023864189783,61.7998046875,0.0397491455078125,0.3400929868221283,False,False,False,16,19533,24203,amherst_ma
z16/19533_24204.png,z16/19533_24204.png,0.007709497710069,52.0,0.032623291015625,0.3450694680213928,False,False,False,16,19533,24204,amherst_ma
z16/19533_24205.png,z16/19533_24205.png,0.0094036310911178,50.2001953125,0.05694580078125,0.3414406478404999,False,False,False,16,19533,24205,amherst_ma
z16/19533_24206.png,z16/19533_24206.png,0.009802425901095,77.099609375,0.02886962890625,0.3354808688163757,False,False,False,16,19533,24206,amherst_ma
z16/19533_24207.png,z16/19533_24207.png,0.0096233348051706,125.400390625,0.018524169921875,0.3422085046768188,False,False,False,16,19533,24207,amherst_ma
z16/19533_24208.png,z16/19533_24208.png,0.0139242579539616,95.900390625,0.0473785400390625,0.3421984314918518,False,False,False,16,19533,24208,amherst_ma
z16/19533_24209.png,z16/19533_24209.png,0.0102121571699778,82.7001953125,0.0695953369140625,0.334764689207077,False,False,False,16,19533,24209,amherst_ma
z16/19533_24210.png,z16/19533_24210.png,0.0077172011137008,55.0,0.0035400390625,0.3336090743541717,False,False,False,16,19533,24210,amherst_ma
z16/19533_24211.png,z16/19533_24211.png,0.0082102184494336,62.7001953125,0.0006866455078125,0.330010712146759,False,False,False,16,19533,24211,amherst_ma
z16/19533_24212.png,z16/19533_24212.png,0.0059403965870539,39.7001953125,0.000152587890625,0.3351450860500335,False,False,False,16,19533,24212,amherst_ma
z16/19533_24213.png,z16/19533_24213.png,0.0086255580186843,43.0,0.00244140625,0.3366755843162536,False,False,False,16,19533,24213,amherst_ma
z16/19533_24214.png,z16/19533_24214.png,0.009053294857343,46.7001953125,0.011810302734375,0.3437680304050445,False,False,False,16,19533,24214,amherst_ma
z16/19533_24215.png,z16/19533_24215.png,0.0119211127360661,94.7998046875,0.0086822509765625,0.3423560857772827,False,False,False,16,19533,24215,amherst_ma
z16/19533_24216.png,z16/19533_24216.png,0.0123338649670283,67.6005859375,0.026885986328125,0.3356386423110962,False,False,False,16,19533,24216,amherst_ma
z16/19533_24217.png,z16/19533_24217.png,0.0088738133509953,119.7001953125,0.0563201904296875,0.3316006958484649,False,False,False,16,19533,24217,amherst_ma
z16/19533_24218.png,z16/19533_24218.png,0.0080251887440681,69.900390625,0.006195068359375,0.3332157731056213,False,False,False,16,19533,24218,amherst_ma
z16/19533_24219.png,z16/19533_24219.png,0.0101943572362263,79.099609375,0.061309814453125,0.3391814231872558,False,False,False,16,19533,24219,amherst_ma
z16/19533_24220.png,z16/19533_24220.png,0.0119550327459971,82.2998046875,0.012847900390625,0.3360081315040588,False,False,False,16,19533,24220,amherst_ma
z16/19533_24221.png,z16/19533_24221.png,0.0062245930234591,35.0,0.046966552734375,0.3434225916862488,False,False,False,16,19533,24221,amherst_ma
z16/19533_24222.png,z16/19533_24222.png,0.0087752828995386,76.7998046875,0.065673828125,0.3346311450004577,False,False,False,16,19533,24222,amherst_ma
z16/19533_24223.png,z16/19533_24223.png,0.0100207338730494,64.7998046875,0.001953125,0.3355042338371277,False,False,False,16,19533,24223,amherst_ma
z16/19533_24224.png,z16/19533_24224.png,0.007137814660867,52.7998046875,0.0003662109375,0.3366612792015075,False,False,False,16,19533,24224,amherst_ma
z16/19533_24225.png,z16/19533_24225.png,0.0058770731091499,40.5,0.00146484375,0.3382010757923126,False,False,False,16,19533,24225,amherst_ma
z16/19533_24226.png,z16/19533_24226.png,0.0062394132216771,36.7998046875,0.002197265625,0.3409217000007629,False,False,False,16,19533,24226,amherst_ma
z16/19533_24227.png,z16/19533_24227.png,0.0060403669873873,53.5,0.00616455078125,0.3342236876487732,False,False,False,16,19533,24227,amherst_ma
z16/19533_24228.png,z16/19533_24228.png,0.0046982556581497,36.8994140625,0.0202789306640625,0.3453397452831268,False,False,False,16,19533,24228,amherst_ma
z16/19533_24229.png,z16/19533_24229.png,0.0037002796928087,18.400390625,0.0,0.343530535697937,False,False,False,16,19533,24229,amherst_ma
z16/19533_24230.png,z16/19533_24230.png,0.0051872769991556,40.099609375,0.028289794921875,0.341909646987915,False,False,False,16,19533,24230,amherst_ma
z16/19533_24231.png,z16/19533_24231.png,0.0053681343793869,47.2001953125,0.0117034912109375,0.3312002420425415,False,False,False,16,19533,24231,amherst_ma
z16/19533_24232.png,z16/19533_24232.png,0.0075340961416562,52.7998046875,0.0197296142578125,0.3322190940380096,False,False,False,16,19533,24232,amherst_ma
z16/19533_24233.png,z16/19533_24233.png,0.0093267520268758,74.2998046875,0.0070343017578125,0.3294044137001037,False,False,False,16,19533,24233,amherst_ma
z16/19533_24234.png,z16/19533_24234.png,0.0083451867103576,79.099609375,0.0218963623046875,0.3405988216400146,False,False,False,16,19533,24234,amherst_ma
z16/19533_24235.png,z16/19533_24235.png,0.0038430362939834,28.8994140625,0.0013580322265625,0.3413801193237304,False,False,False,16,19533,24235,amherst_ma
z16/19533_24236.png,z16/19533_24236.png,0.006502195696036,20.3994140625,0.004486083984375,0.3398176729679107,False,False,False,16,19533,24236,amherst_ma
z16/19533_24237.png,z16/19533_24237.png,0.0082961012919743,29.69921875,0.0046234130859375,0.3354208469390869,False,False,False,16,19533,24237,amherst_ma
z16/19533_24238.png,z16/19533_24238.png,0.0088780721028645,41.0,0.0019378662109375,0.3318593800067901,False,False,False,16,19533,24238,amherst_ma
z16/19533_24239.png,z16/19533_24239.png,0.0065728863080342,22.900390625,0.0197601318359375,0.3372331261634826,False,False,False,16,19533,24239,amherst_ma
z16/19533_24240.png,z16/19533_24240.png,0.0066011269887288,29.7001953125,0.0,0.3392267525196075,False,False,False,16,19533,24240,amherst_ma
z16/19533_24241.png,z16/19533_24241.png,0.006599270304044,19.900390625,0.0409393310546875,0.3440495729446411,False,False,False,16,19533,24241,amherst_ma
z16/19533_24242.png,z16/19533_24242.png,0.0121530433495839,31.5,0.0,0.3454111516475677,False,False,False,16,19533,24242,amherst_ma
z16/19533_24243.png,z16/19533_24243.png,0.0077028736472129,31.2001953125,0.0,0.343871533870697,False,False,False,16,19533,24243,amherst_ma
z16/19533_24244.png,z16/19533_24244.png,0.0092959533135096,42.7001953125,0.0,0.3376166522502899,False,False,False,16,19533,24244,amherst_ma
z16/19533_24245.png,z16/19533_24245.png,0.006570017337799,42.5,0.0,0.3333074748516083,False,False,False,16,19533,24245,amherst_ma
z16/19533_24246.png,z16/19533_24246.png,0.0079695348938306,55.3994140625,0.0334625244140625,0.3339723646640777,False,False,False,16,19533,24246,amherst_ma
z16/19533_24247.png,z16/19533_24247.png,0.0082049136360486,37.900390625,0.0009765625,0.3353489637374878,False,False,False,16,19533,24247,amherst_ma
z16/19533_24248.png,z16/19533_24248.png,0.0074894358714421,31.099609375,0.0019683837890625,0.3375604450702667,False,False,False,16,19533,24248,amherst_ma
z16/19533_24249.png,z16/19533_24249.png,0.0099529474973678,49.2998046875,0.0392303466796875,0.3406663537025451,False,False,False,16,19533,24249,amherst_ma
z16/19533_24250.png,z16/19533_24250.png,0.0034473655124505,12.5,0.0,0.3401857316493988,False,False,False,16,19533,24250,amherst_ma
z16/19533_24251.png,z16/19533_24251.png,0.0026307183007399,9.5,0.0,0.3464186191558838,False,False,False,16,19533,24251,amherst_ma
z16/19533_24252.png,z16/19533_24252.png,0.0045386418700218,10.0,0.0,0.3457664251327514,False,False,False,16,19533,24252,amherst_ma
z16/19533_24253.png,z16/19533_24253.png,0.0042154138286908,19.69921875,0.0,0.3468010723590851,False,False,False,16,19533,24253,amherst_ma
z16/19533_24254.png,z16/19533_24254.png,0.0039835733671983,14.7001953125,0.0,0.3529455065727234,False,False,False,16,19533,24254,amherst_ma
z16/19533_24255.png,z16/19533_24255.png,0.0033097803592681,24.2001953125,0.005645751953125,0.3421063423156738,False,False,False,16,19533,24255,amherst_ma
z16/19533_24256.png,z16/19533_24256.png,0.0034317957858244,33.8994140625,0.000244140625,0.3517985939979553,False,False,False,16,19533,24256,amherst_ma
z16/19533_24257.png,z16/19533_24257.png,0.0046639656027158,27.69921875,0.0135955810546875,0.3509313464164734,False,False,False,16,19533,24257,amherst_ma
z16/19533_24258.png,z16/19533_24258.png,0.002676573395729,13.599609375,0.0,0.3545494675636291,False,False,False,16,19533,24258,amherst_ma
z16/19533_24259.png,z16/19533_24259.png,0.0030103099842866,9.7998046875,0.0,0.3537853360176086,False,False,False,16,19533,24259,amherst_ma
z16/19533_24260.png,z16/19533_24260.png,0.0104350258906682,17.599609375,0.0,0.3477279543876648,False,False,False,16,19533,24260,amherst_ma
z16/19533_24261.png,z16/19533_24261.png,0.0088476955890655,18.5,0.0,0.3499858975410461,False,False,False,16,19533,24261,amherst_ma
z16/19533_24262.png,z16/19533_24262.png,0.0070308739940325,18.599609375,0.0,0.3464571833610534,False,False,False,16,19533,24262,amherst_ma
z16/19533_24263.png,z16/19533_24263.png,0.0076668093601862,18.5,0.0,0.3481905460357666,False,False,False,16,19533,24263,amherst_ma
z16/19533_24264.png,z16/19533_24264.png,0.006755955517292,16.30078125,0.0,0.3461057841777801,False,False,False,16,19533,24264,amherst_ma
z16/19533_24265.png,z16/19533_24265.png,0.0060906027754147,19.19921875,0.0,0.3480105102062225,False,False,False,16,19533,24265,amherst_ma
z16/19533_24266.png,z16/19533_24266.png,0.0064827059706052,28.900390625,0.007171630859375,0.3422709703445434,False,False,False,16,19533,24266,amherst_ma
z16/19533_24267.png,z16/19533_24267.png,0.0047133768598238,31.7998046875,0.0039215087890625,0.339548110961914,False,False,False,16,19533,24267,amherst_ma
z16/19533_24268.png,z16/19533_24268.png,0.0026131004095077,40.0,0.012420654296875,0.3524141013622284,False,False,False,16,19533,24268,amherst_ma
z16/19533_24269.png,z16/19533_24269.png,0.0035423020521799,31.7001953125,0.010406494140625,0.3549176156520843,False,False,False,16,19533,24269,amherst_ma
z16/19533_24270.png,z16/19533_24270.png,0.0075009981791178,31.6005859375,0.0,0.3570434153079986,False,False,False,16,19533,24270,amherst_ma
z16/19533_24271.png,z16/19533_24271.png,0.0048699781298637,44.6005859375,0.001373291015625,0.3450805246829986,False,False,False,16,19533,24271,amherst_ma
z16/19534_24200.png,z16/19534_24200.png,0.0075163602828979,58.1005859375,0.050201416015625,0.3438413739204407,False,False,False,16,19534,24200,amherst_ma
z16/19534_24201.png,z16/19534_24201.png,0.0101146847009658,40.099609375,0.02276611328125,0.3445431888103485,False,False,False,16,19534,24201,amherst_ma
z16/19534_24202.png,z16/19534_24202.png,0.0072031766176223,39.099609375,0.008148193359375,0.3532578945159912,False,False,False,16,19534,24202,amherst_ma
z16/19534_24203.png,z16/19534_24203.png,0.0067185685038566,81.599609375,0.0042266845703125,0.3469078540802002,False,False,False,16,19534,24203,amherst_ma
z16/19534_24204.png,z16/19534_24204.png,0.0080287049214045,79.900390625,0.0107421875,0.33742755651474,False,False,False,16,19534,24204,amherst_ma
z16/19534_24205.png,z16/19534_24205.png,0.0094783594210942,106.099609375,0.0734100341796875,0.3379437029361725,False,False,False,16,19534,24205,amherst_ma
z16/19534_24206.png,z16/19534_24206.png,0.0082879140973091,110.30078125,0.002044677734375,0.3401160836219787,False,False,False,16,19534,24206,amherst_ma
z16/19534_24207.png,z16/19534_24207.png,0.0077092284957567,79.0,0.0006866455078125,0.3364485204219818,False,False,False,16,19534,24207,amherst_ma
z16/19534_24208.png,z16/19534_24208.png,0.0092264473438262,75.599609375,0.0138702392578125,0.3320192694664001,False,False,False,16,19534,24208,amherst_ma
z16/19534_24209.png,z16/19534_24209.png,0.0075492183367411,48.5,0.013885498046875,0.3465633988380432,False,False,False,16,19534,24209,amherst_ma
z16/19534_24210.png,z16/19534_24210.png,0.0085985362529754,92.2001953125,0.0395965576171875,0.3321594595909118,False,False,False,16,19534,24210,amherst_ma
z16/19534_24211.png,z16/19534_24211.png,0.0097710748513539,73.6005859375,0.000762939453125,0.3283696174621582,False,False,False,16,19534,24211,amherst_ma
z16/19534_24212.png,z16/19534_24212.png,0.0082543785373369,47.599609375,0.001129150390625,0.3324399590492248,False,False,False,16,19534,24212,amherst_ma
z16/19534_24213.png,z16/19534_24213.png,0.0078930780291557,41.7001953125,0.0034637451171875,0.3366443812847137,False,False,False,16,19534,24213,amherst_ma
z16/19534_24214.png,z16/19534_24214.png,0.0081629589200019,88.7001953125,0.02978515625,0.3326225280761719,False,False,False,16,19534,24214,amherst_ma
z16/19534_24215.png,z16/19534_24215.png,0.0112603535254796,90.2998046875,0.02069091796875,0.3324463665485382,False,False,False,16,19534,24215,amherst_ma
z16/19534_24216.png,z16/19534_24216.png,0.0118844350179036,71.2001953125,0.0237579345703125,0.3356120884418487,False,False,False,16,19534,24216,amherst_ma
z16/19534_24217.png,z16/19534_24217.png,0.0145595759153366,79.1005859375,0.013580322265625,0.342492938041687,False,False,False,16,19534,24217,amherst_ma
z16/19534_24218.png,z16/19534_24218.png,0.0090627084175745,70.0,0.035186767578125,0.3338307440280914,False,False,False,16,19534,24218,amherst_ma
z16/19534_24219.png,z16/19534_24219.png,0.0087163090705871,56.0,0.008819580078125,0.3402643799781799,False,False,False,16,19534,24219,amherst_ma
z16/19534_24220.png,z16/19534_24220.png,0.0065490663051605,47.2001953125,0.0002899169921875,0.3414149880409241,False,False,False,16,19534,24220,amherst_ma
z16/19534_24221.png,z16/19534_24221.png,0.0066495830814043,47.5,0.03662109375,0.3431845307350158,False,False,False,16,19534,24221,amherst_ma
z16/19534_24222.png,z16/19534_24222.png,0.0102801144123077,87.3994140625,0.002960205078125,0.336745947599411,False,False,False,16,19534,24222,amherst_ma
z16/19534_24223.png,z16/19534_24223.png,0.0081950197617212,47.8994140625,0.016021728515625,0.341404527425766,False,False,False,16,19534,24223,amherst_ma
z16/19534_24224.png,z16/19534_24224.png,0.00783265431722,68.80078125,0.013824462890625,0.3386170864105224,False,False,False,16,19534,24224,amherst_ma
z16/19534_24225.png,z16/19534_24225.png,0.0067874863743782,37.5,0.03607177734375,0.3386329412460327,False,False,False,16,19534,24225,amherst_ma
z16/19534_24226.png,z16/19534_24226.png,0.0072484319408734,54.400390625,0.0047760009765625,0.3400944471359253,False,False,False,16,19534,24226,amherst_ma
z16/19534_24227.png,z16/19534_24227.png,0.0072928478320439,31.599609375,0.01104736328125,0.3397722542285919,False,False,False,16,19534,24227,amherst_ma
z16/19534_24228.png,z16/19534_24228.png,0.0051446800430615,62.2001953125,0.027801513671875,0.3512123823165893,False,False,False,16,19534,24228,amherst_ma
z16/19534_24229.png,z16/19534_24229.png,0.0056752388676007,31.0,0.000823974609375,0.3485807478427887,False,False,False,16,19534,24229,amherst_ma
z16/19534_24230.png,z16/19534_24230.png,0.0069546043872833,51.400390625,0.0144195556640625,0.3374196588993072,False,False,False,16,19534,24230,amherst_ma
z16/19534_24231.png,z16/19534_24231.png,0.0099574575821558,76.2998046875,0.001434326171875,0.3344116508960724,False,False,False,16,19534,24231,amherst_ma
z16/19534_24232.png,z16/19534_24232.png,0.0106128762165705,89.400390625,0.0653228759765625,0.3375090360641479,False,False,False,16,19534,24232,amherst_ma
z16/19534_24233.png,z16/19534_24233.png,0.0119580298662185,68.5,0.0,0.3368400931358337,False,False,False,16,19534,24233,amherst_ma
z16/19534_24234.png,z16/19534_24234.png,0.0069229955474535,22.3994140625,0.0015106201171875,0.3421180844306946,False,False,False,16,19534,24234,amherst_ma
z16/19534_24235.png,z16/19534_24235.png,0.0074113945166269,41.7001953125,0.04315185546875,0.3466452062129974,False,False,False,16,19534,24235,amherst_ma
z16/19534_24236.png,z16/19534_24236.png,0.0046161924799283,23.6005859375,0.02447509765625,0.3543787002563476,False,False,False,16,19534,24236,amherst_ma
z16/19534_24237.png,z16/19534_24237.png,0.0061111763119697,29.599609375,0.0289306640625,0.3389660716056824,False,False,False,16,19534,24237,amherst_ma
z16/19534_24238.png,z16/19534_24238.png,0.00748919347922,32.0,0.0,0.3366878628730774,False,False,False,16,19534,24238,amherst_ma
z16/19534_24239.png,z16/19534_24239.png,0.0028764809171358,18.099609375,0.0,0.3436878323554992,False,False,False,16,19534,24239,amherst_ma
z16/19534_24240.png,z16/19534_24240.png,0.0034523832301298,37.0,0.00262451171875,0.3437459170818329,False,False,False,16,19534,24240,amherst_ma
z16/19534_24241.png,z16/19534_24241.png,0.0048748657107353,26.30078125,0.0,0.3493826985359192,False,False,False,16,19534,24241,amherst_ma
z16/19534_24242.png,z16/19534_24242.png,0.0060554201404253,25.80078125,0.0,0.3432929217815399,False,False,False,16,19534,24242,amherst_ma
z16/19534_24243.png,z16/19534_24243.png,0.0075627048810323,20.099609375,0.0,0.349758505821228,False,False,False,16,19534,24243,amherst_ma
z16/19534_24244.png,z16/19534_24244.png,0.0077398469050725,27.8994140625,0.0,0.3454984426498413,False,False,False,16,19534,24244,amherst_ma
z16/19534_24245.png,z16/19534_24245.png,0.0025137436886628,13.0,0.0,0.339835911989212,False,False,False,16,19534,24245,amherst_ma
z16/19534_24246.png,z16/19534_24246.png,0.0045856297016143,31.2001953125,0.0068817138671875,0.338591456413269,False,False,False,16,19534,24246,amherst_ma
z16/19534_24247.png,z16/19534_24247.png,0.0065907334287961,31.900390625,0.001434326171875,0.3345988988876343,False,False,False,16,19534,24247,amherst_ma
z16/19534_24248.png,z16/19534_24248.png,0.0071316719055175,54.900390625,0.0244903564453125,0.3369664847850799,False,False,False,16,19534,24248,amherst_ma
z16/19534_24249.png,z16/19534_24249.png,0.0088082979122797,35.69921875,0.0,0.3447885811328888,False,False,False,16,19534,24249,amherst_ma
z16/19534_24250.png,z16/19534_24250.png,0.0032450628777345,9.599609375,0.0,0.3452294468879699,False,False,False,16,19534,24250,amherst_ma
z16/19534_24251.png,z16/19534_24251.png,0.0046831389268239,19.5,0.0,0.3464148044586181,False,False,False,16,19534,24251,amherst_ma
z16/19534_24252.png,z16/19534_24252.png,0.0030554207662741,9.8994140625,0.0,0.3442661464214325,False,False,False,16,19534,24252,amherst_ma
z16/19534_24253.png,z16/19534_24253.png,0.0031320944428443,14.5,0.0,0.3459132611751556,False,False,False,16,19534,24253,amherst_ma
z16/19534_24254.png,z16/19534_24254.png,0.0036874361336231,22.5,0.0026397705078125,0.3510595560073852,False,False,False,16,19534,24254,amherst_ma
z16/19534_24255.png,z16/19534_24255.png,0.005664017299811,43.7998046875,0.0065765380859375,0.344927966594696,False,False,False,16,19534,24255,amherst_ma
z16/19534_24256.png,z16/19534_24256.png,0.0049633497993151,36.099609375,0.00592041015625,0.3486571013927459,False,False,False,16,19534,24256,amherst_ma
z16/19534_24257.png,z16/19534_24257.png,0.0043043404817581,27.5,0.00189208984375,0.370251715183258,False,False,False,16,19534,24257,amherst_ma
z16/19534_24258.png,z16/19534_24258.png,0.0037683454652627,24.2998046875,0.03387451171875,0.3628571033477783,False,False,False,16,19534,24258,amherst_ma
z16/19534_24259.png,z16/19534_24259.png,0.003671596199274,12.3994140625,0.0,0.3608463406562805,False,False,False,16,19534,24259,amherst_ma
z16/19534_24260.png,z16/19534_24260.png,0.0038091813524564,15.7001953125,0.0,0.3471463918685913,False,False,False,16,19534,24260,amherst_ma
z16/19534_24261.png,z16/19534_24261.png,0.0106792420148849,15.8994140625,0.0,0.3465496301651001,False,False,False,16,19534,24261,amherst_ma
z16/19534_24262.png,z16/19534_24262.png,0.0039179317653179,14.2998046875,0.0,0.354614108800888,False,False,False,16,19534,24262,amherst_ma
z16/19534_24263.png,z16/19534_24263.png,0.0084580679734547,22.0,0.0,0.3510752022266388,False,False,False,16,19534,24263,amherst_ma
z16/19534_24264.png,z16/19534_24264.png,0.0061608826120694,16.7998046875,0.013824462890625,0.352182537317276,False,False,False,16,19534,24264,amherst_ma
z16/19534_24265.png,z16/19534_24265.png,0.0024148814380168,9.7001953125,0.0,0.3492460250854492,False,False,False,16,19534,24265,amherst_ma
z16/19534_24266.png,z16/19534_24266.png,0.0032429079214731,18.0,0.0398406982421875,0.3487744629383087,False,False,False,16,19534,24266,amherst_ma
z16/19534_24267.png,z16/19534_24267.png,0.0033322071035703,26.19921875,0.007843017578125,0.3447365462779999,False,False,False,16,19534,24267,amherst_ma
z16/19534_24268.png,z16/19534_24268.png,0.0032671737174193,13.6005859375,0.0,0.3508181869983673,False,False,False,16,19534,24268,amherst_ma
z16/19534_24269.png,z16/19534_24269.png,0.0030087436238924,12.5,0.0,0.3509097099304199,False,False,False,16,19534,24269,amherst_ma
z16/19534_24270.png,z16/19534_24270.png,0.0022409175833066,13.19921875,0.0,0.3548401892185211,False,False,False,16,19534,24270,amherst_ma
z16/19534_24271.png,z16/19534_24271.png,0.0030329602460066,14.099609375,0.0079193115234375,0.3451296687126159,False,False,False,16,19534,24271,amherst_ma
z16/19535_24200.png,z16/19535_24200.png,0.0061868657668431,81.7998046875,0.0034332275390625,0.3423025608062744,False,False,False,16,19535,24200,amherst_ma
z16/19535_24201.png,z16/19535_24201.png,0.009083213408788,79.2001953125,0.00360107421875,0.3410298526287079,False,False,False,16,19535,24201,amherst_ma
z16/19535_24202.png,z16/19535_24202.png,0.0082855015993118,56.69921875,0.005279541015625,0.3398148417472839,False,False,False,16,19535,24202,amherst_ma
z16/19535_24203.png,z16/19535_24203.png,0.006810912489891,52.7998046875,0.0035858154296875,0.3389538824558258,False,False,False,16,19535,24203,amherst_ma
z16/19535_24204.png,z16/19535_24204.png,0.0075737257798512,50.599609375,0.013702392578125,0.3399698138236999,False,False,False,16,19535,24204,amherst_ma
z16/19535_24205.png,z16/19535_24205.png,0.0130300084749857,66.400390625,0.0330352783203125,0.3358851075172424,False,False,False,16,19535,24205,amherst_ma
z16/19535_24206.png,z16/19535_24206.png,0.0109592755635579,80.900390625,0.0223236083984375,0.3353951573371887,False,False,False,16,19535,24206,amherst_ma
z16/19535_24207.png,z16/19535_24207.png,0.0106898337602615,63.400390625,0.0372772216796875,0.3357132971286773,False,False,False,16,19535,24207,amherst_ma
z16/19535_24208.png,z16/19535_24208.png,0.0105563044548034,54.099609375,0.019256591796875,0.3410995900630951,False,False,False,16,19535,24208,amherst_ma
z16/19535_24209.png,z16/19535_24209.png,0.0102568844954172,47.2998046875,0.0045318603515625,0.3429178595542907,False,False,False,16,19535,24209,amherst_ma
z16/19535_24210.png,z16/19535_24210.png,0.0072090794642766,47.3994140625,0.0395355224609375,0.3393414616584778,False,False,False,16,19535,24210,amherst_ma
z16/19535_24211.png,z16/19535_24211.png,0.0103659162918726,91.400390625,0.031158447265625,0.3331820368766784,False,False,False,16,19535,24211,amherst_ma
z16/19535_24212.png,z16/19535_24212.png,0.0099685619274775,75.2001953125,0.0244598388671875,0.3317689299583435,False,False,False,16,19535,24212,amherst_ma
z16/19535_24213.png,z16/19535_24213.png,0.0101559102535247,68.1005859375,0.035247802734375,0.3303208947181701,False,False,False,16,19535,24213,amherst_ma
z16/19535_24214.png,z16/19535_24214.png,0.0086204240719477,55.5,0.012786865234375,0.339970052242279,False,False,False,16,19535,24214,amherst_ma
z16/19535_24215.png,z16/19535_24215.png,0.0081425502896308,44.7998046875,0.002716064453125,0.3410871028900146,False,False,False,16,19535,24215,amherst_ma
z16/19535_24216.png,z16/19535_24216.png,0.0140932609637578,39.099609375,0.0,0.3392827212810516,False,False,False,16,19535,24216,amherst_ma
z16/19535_24217.png,z16/19535_24217.png,0.0199302514394124,29.1005859375,0.0,0.3372159302234649,False,False,False,16,19535,24217,amherst_ma
z16/19535_24218.png,z16/19535_24218.png,0.0167008141676584,37.5,0.0,0.3348258733749389,False,False,False,16,19535,24218,amherst_ma
z16/19535_24219.png,z16/19535_24219.png,0.0113479455312093,65.2001953125,0.0,0.336974948644638,False,False,False,16,19535,24219,amherst_ma
z16/19535_24220.png,z16/19535_24220.png,0.0100983132918675,47.2998046875,0.0043792724609375,0.3351263403892517,False,False,False,16,19535,24220,amherst_ma
z16/19535_24221.png,z16/19535_24221.png,0.009205088019371,66.2998046875,0.006439208984375,0.3379638493061065,False,False,False,16,19535,24221,amherst_ma
z16/19535_24222.png,z16/19535_24222.png,0.0061372533440589,40.7001953125,0.0006866455078125,0.3357919752597809,False,False,False,16,19535,24222,amherst_ma
z16/19535_24223.png,z16/19535_24223.png,0.0067296003301938,86.7001953125,0.0091400146484375,0.3360764682292938,False,False,False,16,19535,24223,amherst_ma
z16/19535_24224.png,z16/19535_24224.png,0.0114878137906392,72.7998046875,0.024322509765625,0.3362829685211181,False,False,False,16,19535,24224,amherst_ma
z16/19535_24225.png,z16/19535_24225.png,0.0142119218905766,84.0,0.0086517333984375,0.3388938009738922,False,False,False,16,19535,24225,amherst_ma
z16/19535_24226.png,z16/19535_24226.png,0.0094080100456873,60.7001953125,0.0233306884765625,0.3411994874477386,False,False,False,16,19535,24226,amherst_ma
z16/19535_24227.png,z16/19535_24227.png,0.0097496877113978,80.2998046875,0.006256103515625,0.3423771262168884,False,False,False,16,19535,24227,amherst_ma
z16/19535_24228.png,z16/19535_24228.png,0.0073556527495384,83.7998046875,0.0066375732421875,0.3550373315811157,False,False,False,16,19535,24228,amherst_ma
z16/19535_24229.png,z16/19535_24229.png,0.0077046165863672,42.3994140625,0.0075836181640625,0.3444008231163025,False,False,False,16,19535,24229,amherst_ma
z16/19535_24230.png,z16/19535_24230.png,0.0096293598413467,51.400390625,0.0084686279296875,0.3422364592552185,False,False,False,16,19535,24230,amherst_ma
z16/19535_24231.png,z16/19535_24231.png,0.0085578421751658,41.099609375,0.0,0.3444036841392517,False,False,False,16,19535,24231,amherst_ma
z16/19535_24232.png,z16/19535_24232.png,0.0092681914567947,33.2998046875,0.0,0.3433331251144409,False,False,False,16,19535,24232,amherst_ma
z16/19535_24233.png,z16/19535_24233.png,0.007197152574857,29.0,0.031890869140625,0.3391794562339782,False,False,False,16,19535,24233,amherst_ma
z16/19535_24234.png,z16/19535_24234.png,0.0102047185103098,41.099609375,0.0031890869140625,0.3430171906948089,False,False,False,16,19535,24234,amherst_ma
z16/19535_24235.png,z16/19535_24235.png,0.011711236834526,59.7001953125,0.010345458984375,0.3389067649841308,False,False,False,16,19535,24235,amherst_ma
z16/19535_24236.png,z16/19535_24236.png,0.0079892729719479,49.099609375,0.0034942626953125,0.3346169292926788,False,False,False,16,19535,24236,amherst_ma
z16/19535_24237.png,z16/19535_24237.png,0.008021563788255,31.2998046875,0.044769287109375,0.3356929123401642,False,False,False,16,19535,24237,amherst_ma
z16/19535_24238.png,z16/19535_24238.png,0.0079880307118097,26.5,0.0,0.3411660194396972,False,False,False,16,19535,24238,amherst_ma
z16/19535_24239.png,z16/19535_24239.png,0.0031555208067099,20.7001953125,0.0,0.3369390070438385,False,False,False,16,19535,24239,amherst_ma
z16/19535_24240.png,z16/19535_24240.png,0.0030815665920575,35.5,0.0167083740234375,0.3364022374153137,False,False,False,16,19535,24240,amherst_ma
z16/19535_24241.png,z16/19535_24241.png,0.0043879181146621,29.5,0.0,0.3393940329551697,False,False,False,16,19535,24241,amherst_ma
z16/19535_24242.png,z16/19535_24242.png,0.0049061998724937,22.2001953125,0.0110931396484375,0.3460130393505096,False,False,False,16,19535,24242,amherst_ma
z16/19535_24243.png,z16/19535_24243.png,0.0025779927770296,10.900390625,0.0,0.3536192774772644,False,False,False,16,19535,24243,amherst_ma
z16/19535_24244.png,z16/19535_24244.png,0.0052466501792271,19.5,0.0,0.3434208035469055,False,False,False,16,19535,24244,amherst_ma
z16/19535_24245.png,z16/19535_24245.png,0.0072106560071309,30.7001953125,0.0,0.3430259227752685,False,False,False,16,19535,24245,amherst_ma
z16/19535_24246.png,z16/19535_24246.png,0.0071479335427284,48.6005859375,0.0222625732421875,0.3383147120475769,False,False,False,16,19535,24246,amherst_ma
z16/19535_24247.png,z16/19535_24247.png,0.0088658213615417,51.7001953125,0.0345611572265625,0.3376053273677826,False,False,False,16,19535,24247,amherst_ma
z16/19535_24248.png,z16/19535_24248.png,0.0063097655773162,24.5,0.0,0.3452744483947754,False,False,False,16,19535,24248,amherst_ma
z16/19535_24249.png,z16/19535_24249.png,0.0030011874934037,9.8994140625,0.0,0.3444558382034302,False,False,False,16,19535,24249,amherst_ma
z16/19535_24250.png,z16/19535_24250.png,0.0026811259488264,17.2998046875,0.0312957763671875,0.3420446515083313,False,False,False,16,19535,24250,amherst_ma
z16/19535_24251.png,z16/19535_24251.png,0.0051256467898686,29.5,0.0052032470703125,0.3419915437698364,False,False,False,16,19535,24251,amherst_ma
z16/19535_24252.png,z16/19535_24252.png,0.0061987956364949,17.0,0.0060882568359375,0.3423385620117187,False,False,False,16,19535,24252,amherst_ma
z16/19535_24253.png,z16/19535_24253.png,0.0039726324379444,16.7001953125,0.0,0.3426530361175537,False,False,False,16,19535,24253,amherst_ma
z16/19535_24254.png,z16/19535_24254.png,0.0063685749967892,19.2998046875,0.004852294921875,0.3428636193275451,False,False,False,16,19535,24254,amherst_ma
z16/19535_24255.png,z16/19535_24255.png,0.0073040137688318,26.2001953125,0.0184326171875,0.3484490811824798,False,False,False,16,19535,24255,amherst_ma
z16/19535_24256.png,z16/19535_24256.png,0.006326642135779,36.5,0.001739501953125,0.3471292555332184,False,False,False,16,19535,24256,amherst_ma
z16/19535_24257.png,z16/19535_24257.png,0.0056709557771682,38.6005859375,0.00335693359375,0.3502866625785827,False,False,False,16,19535,24257,amherst_ma
z16/19535_24258.png,z16/19535_24258.png,0.0058570712804794,22.7001953125,0.001708984375,0.3519390821456909,False,False,False,16,19535,24258,amherst_ma
z16/19535_24259.png,z16/19535_24259.png,0.0055839816729227,14.7998046875,0.0,0.3668979704380035,False,False,False,16,19535,24259,amherst_ma
z16/19535_24260.png,z16/19535_24260.png,0.0038782666126887,12.6005859375,0.0,0.3473180532455444,False,False,False,16,19535,24260,amherst_ma
z16/19535_24261.png,z16/19535_24261.png,0.0063796386122703,15.0,0.0,0.3493137657642364,False,False,False,16,19535,24261,amherst_ma
z16/19535_24262.png,z16/19535_24262.png,0.0086757332086563,20.400390625,0.0,0.3534843325614929,False,False,False,16,19535,24262,amherst_ma
z16/19535_24263.png,z16/19535_24263.png,0.0071135809024175,19.80078125,0.0,0.3482971489429474,False,False,False,16,19535,24263,amherst_ma
z16/19535_24264.png,z16/19535_24264.png,0.0024776277442773,9.099609375,0.0,0.3482415080070495,False,False,False,16,19535,24264,amherst_ma
z16/19535_24265.png,z16/19535_24265.png,0.0020016226917505,9.5,0.0,0.3438443839550018,False,False,False,16,19535,24265,amherst_ma
z16/19535_24266.png,z16/19535_24266.png,0.0025619442264238,13.099609375,0.0,0.34071946144104,False,False,False,16,19535,24266,amherst_ma
z16/19535_24267.png,z16/19535_24267.png,0.0041870782772699,20.6005859375,0.0120391845703125,0.3435377478599548,False,False,False,16,19535,24267,amherst_ma
z16/19535_24268.png,z16/19535_24268.png,0.0038556404411792,14.80078125,0.0,0.3517308235168457,False,False,False,16,19535,24268,amherst_ma
z16/19535_24269.png,z16/19535_24269.png,0.0039046876132488,11.099609375,0.0,0.3491143584251404,False,False,False,16,19535,24269,amherst_ma
z16/19535_24270.png,z16/19535_24270.png,0.0026125259697437,7.19921875,0.0,0.349916398525238,False,False,False,16,19535,24270,amherst_ma
z16/19535_24271.png,z16/19535_24271.png,0.0025273293256759,6.099609375,0.0,0.3507933020591736,False,False,False,16,19535,24271,amherst_ma
z16/19536_24200.png,z16/19536_24200.png,0.0091626584529876,54.2998046875,0.0021820068359375,0.3401125371456146,False,False,False,16,19536,24200,amherst_ma
z16/19536_24201.png,z16/19536_24201.png,0.0070119813084602,57.6005859375,0.015838623046875,0.3405656516551971,False,False,False,16,19536,24201,amherst_ma
z16/19536_24202.png,z16/19536_24202.png,0.0060740202665328,45.099609375,0.0,0.3486336469650268,False,False,False,16,19536,24202,amherst_ma
z16/19536_24203.png,z16/19536_24203.png,0.005469062924385,54.1005859375,0.00738525390625,0.3470014035701751,False,False,False,16,19536,24203,amherst_ma
z16/19536_24204.png,z16/19536_24204.png,0.0060399939616521,51.900390625,0.001068115234375,0.3446983695030212,False,False,False,16,19536,24204,amherst_ma
z16/19536_24205.png,z16/19536_24205.png,0.0070111761490503,36.30078125,0.0359344482421875,0.3354963958263397,False,False,False,16,19536,24205,amherst_ma
z16/19536_24206.png,z16/19536_24206.png,0.0077000334858894,54.5,0.001251220703125,0.3299229741096496,False,False,False,16,19536,24206,amherst_ma
z16/19536_24207.png,z16/19536_24207.png,0.0074944684902826,37.6005859375,0.0034332275390625,0.3365715146064758,False,False,False,16,19536,24207,amherst_ma
z16/19536_24208.png,z16/19536_24208.png,0.0121751437584559,56.400390625,0.007537841796875,0.3414679765701294,False,False,False,16,19536,24208,amherst_ma
z16/19536_24209.png,z16/19536_24209.png,0.0094958871603012,77.8994140625,0.0018768310546875,0.3420153856277466,False,False,False,16,19536,24209,amherst_ma
z16/19536_24210.png,z16/19536_24210.png,0.0087839782238006,92.69921875,0.002471923828125,0.3409873843193054,False,False,False,16,19536,24210,amherst_ma
z16/19536_24211.png,z16/19536_24211.png,0.0118925541639328,59.0,0.0069732666015625,0.3406152129173279,False,False,False,16,19536,24211,amherst_ma
z16/19536_24212.png,z16/19536_24212.png,0.0074261983235677,65.7001953125,0.0201568603515625,0.3417764902114868,False,False,False,16,19536,24212,amherst_ma
z16/19536_24213.png,z16/19536_24213.png,0.0073091328144073,53.0,0.0041961669921875,0.3390738368034363,False,False,False,16,19536,24213,amherst_ma
z16/19536_24214.png,z16/19536_24214.png,0.0050798391302426,53.1005859375,0.008880615234375,0.3366726040840149,False,False,False,16,19536,24214,amherst_ma
z16/19536_24215.png,z16/19536_24215.png,0.007031754652659,43.3994140625,0.0014495849609375,0.3390551507472992,False,False,False,16,19536,24215,amherst_ma
z16/19536_24216.png,z16/19536_24216.png,0.0066498791178067,58.6005859375,0.015472412109375,0.3439408838748932,False,False,False,16,19536,24216,amherst_ma
z16/19536_24217.png,z16/19536_24217.png,0.00883063574632,47.599609375,0.0131988525390625,0.3422983884811401,False,False,False,16,19536,24217,amherst_ma
z16/19536_24218.png,z16/19536_24218.png,0.0136958668629328,46.599609375,0.0835723876953125,0.3461921811103821,False,False,False,16,19536,24218,amherst_ma
z16/19536_24219.png,z16/19536_24219.png,0.0105692992607752,48.2998046875,0.0207366943359375,0.3445201814174652,False,False,False,16,19536,24219,amherst_ma
z16/19536_24220.png,z16/19536_24220.png,0.0120895465215047,46.900390625,0.0009307861328125,0.3406643271446228,False,False,False,16,19536,24220,amherst_ma
z16/19536_24221.png,z16/19536_24221.png,0.0069289649526278,52.0,0.003570556640625,0.3390023410320282,False,False,False,16,19536,24221,amherst_ma
z16/19536_24222.png,z16/19536_24222.png,0.0069056376814842,67.2001953125,0.0098876953125,0.335576057434082,False,False,False,16,19536,24222,amherst_ma
z16/19536_24223.png,z16/19536_24223.png,0.0111613482236862,59.0,0.0203094482421875,0.338924765586853,False,False,False,16,19536,24223,amherst_ma
z16/19536_24224.png,z16/19536_24224.png,0.0089579393466313,97.599609375,0.0053558349609375,0.3375068008899688,False,False,False,16,19536,24224,amherst_ma
z16/19536_24225.png,z16/19536_24225.png,0.0096699863672256,115.5,0.02679443359375,0.3358552157878876,False,False,False,16,19536,24225,amherst_ma
z16/19536_24226.png,z16/19536_24226.png,0.0062125116586685,78.0,0.002105712890625,0.3428497314453125,False,False,False,16,19536,24226,amherst_ma
z16/19536_24227.png,z16/19536_24227.png,0.0068219343821207,39.1005859375,0.010406494140625,0.3406118154525757,False,False,False,16,19536,24227,amherst_ma
z16/19536_24228.png,z16/19536_24228.png,0.0095842272043228,57.7998046875,0.00408935546875,0.3436612784862518,False,False,False,16,19536,24228,amherst_ma
z16/19536_24229.png,z16/19536_24229.png,0.0089572697877883,54.7001953125,0.037261962890625,0.346084862947464,False,False,False,16,19536,24229,amherst_ma
z16/19536_24230.png,z16/19536_24230.png,0.0047688404719034,19.900390625,0.0,0.3467555344104767,False,False,False,16,19536,24230,amherst_ma
z16/19536_24231.png,z16/19536_24231.png,0.0074476848045984,18.7998046875,0.0,0.3422447144985199,False,False,False,16,19536,24231,amherst_ma
z16/19536_24232.png,z16/19536_24232.png,0.0073640753825505,19.5,0.0,0.3459615707397461,False,False,False,16,19536,24232,amherst_ma
z16/19536_24233.png,z16/19536_24233.png,0.0054346198836962,20.7998046875,0.0,0.3412947058677673,False,False,False,16,19536,24233,amherst_ma
z16/19536_24234.png,z16/19536_24234.png,0.008721375465393,41.599609375,0.0,0.337915688753128,False,False,False,16,19536,24234,amherst_ma
z16/19536_24235.png,z16/19536_24235.png,0.0105538368225097,53.6005859375,0.029052734375,0.3366995453834533,False,False,False,16,19536,24235,amherst_ma
z16/19536_24236.png,z16/19536_24236.png,0.0064421400427818,39.7001953125,0.0019073486328125,0.3375248610973358,False,False,False,16,19536,24236,amherst_ma
z16/19536_24237.png,z16/19536_24237.png,0.0071001465121905,28.5,0.0189361572265625,0.3375930190086365,False,False,False,16,19536,24237,amherst_ma
z16/19536_24238.png,z16/19536_24238.png,0.006161485115687,52.3994140625,0.000274658203125,0.3348093032836914,False,False,False,16,19536,24238,amherst_ma
z16/19536_24239.png,z16/19536_24239.png,0.0080481295784314,63.1005859375,0.006927490234375,0.3343963921070099,False,False,False,16,19536,24239,amherst_ma
z16/19536_24240.png,z16/19536_24240.png,0.0089693427085876,52.599609375,0.0110321044921875,0.3355375528335571,False,False,False,16,19536,24240,amherst_ma
z16/19536_24241.png,z16/19536_24241.png,0.0096985896428426,47.900390625,0.01751708984375,0.3364340364933014,False,False,False,16,19536,24241,amherst_ma
z16/19536_24242.png,z16/19536_24242.png,0.0057138601938883,39.7001953125,0.010528564453125,0.3426853120326996,False,False,False,16,19536,24242,amherst_ma
z16/19536_24243.png,z16/19536_24243.png,0.0070452521244684,34.400390625,0.017303466796875,0.347514659166336,False,False,False,16,19536,24243,amherst_ma
z16/19536_24244.png,z16/19536_24244.png,0.0062412798404693,14.8994140625,0.0,0.3398599624633789,False,False,False,16,19536,24244,amherst_ma
z16/19536_24245.png,z16/19536_24245.png,0.001772516220808,5.599609375,0.0,0.3620855510234833,False,False,False,16,19536,24245,amherst_ma
z16/19536_24246.png,z16/19536_24246.png,0.0090446362892786,21.69921875,0.0,0.3418960869312286,False,False,False,16,19536,24246,amherst_ma
z16/19536_24247.png,z16/19536_24247.png,0.0076505690813064,24.0,0.029052734375,0.3380737900733948,False,False,False,16,19536,24247,amherst_ma
z16/19536_24248.png,z16/19536_24248.png,0.0077961464722951,24.7998046875,0.0,0.3444589972496032,False,False,False,16,19536,24248,amherst_ma
z16/19536_24249.png,z16/19536_24249.png,0.005390345553557,20.0,0.0,0.3394774198532104,False,False,False,16,19536,24249,amherst_ma
z16/19536_24250.png,z16/19536_24250.png,0.002640941987435,11.7001953125,0.0,0.3321477472782135,False,False,False,16,19536,24250,amherst_ma
z16/19536_24251.png,z16/19536_24251.png,0.0051019911964734,30.80078125,0.000946044921875,0.3372821807861328,False,False,False,16,19536,24251,amherst_ma
z16/19536_24252.png,z16/19536_24252.png,0.0034419901669025,34.599609375,0.0063018798828125,0.33997642993927,False,False,False,16,19536,24252,amherst_ma
z16/19536_24253.png,z16/19536_24253.png,0.004426268239816,41.2998046875,0.018524169921875,0.3458751738071441,False,False,False,16,19536,24253,amherst_ma
z16/19536_24254.png,z16/19536_24254.png,0.0071004981795946,35.099609375,0.0161895751953125,0.3453475832939148,False,False,False,16,19536,24254,amherst_ma
z16/19536_24255.png,z16/19536_24255.png,0.0068021893501281,44.400390625,0.013092041015625,0.3408956229686737,False,False,False,16,19536,24255,amherst_ma
z16/19536_24256.png,z16/19536_24256.png,0.0058452765146891,14.2998046875,0.020294189453125,0.3451135754585266,False,False,False,16,19536,24256,amherst_ma
z16/19536_24257.png,z16/19536_24257.png,0.0069040243824323,17.1005859375,0.0217437744140625,0.346588522195816,False,False,False,16,19536,24257,amherst_ma
z16/19536_24258.png,z16/19536_24258.png,0.0075459410746892,16.599609375,0.0,0.34912970662117,False,False,False,16,19536,24258,amherst_ma
z16/19536_24259.png,z16/19536_24259.png,0.0086276988188425,18.5,0.0,0.3485776782035827,False,False,False,16,19536,24259,amherst_ma
z16/19536_24260.png,z16/19536_24260.png,0.0083949565887451,14.2998046875,0.0,0.3478113710880279,False,False,False,16,19536,24260,amherst_ma
z16/19536_24261.png,z16/19536_24261.png,0.0041382903854052,14.599609375,0.0,0.3493537604808807,False,False,False,16,19536,24261,amherst_ma
z16/19536_24262.png,z16/19536_24262.png,0.0087993800640106,21.0,0.0,0.345947265625,False,False,False,16,19536,24262,amherst_ma
z16/19536_24263.png,z16/19536_24263.png,0.0053641711672147,13.5,0.0,0.3488312065601349,False,False,False,16,19536,24263,amherst_ma
z16/19536_24264.png,z16/19536_24264.png,0.004813539981842,16.900390625,0.0,0.3426523804664612,False,False,False,16,19536,24264,amherst_ma
z16/19536_24265.png,z16/19536_24265.png,0.0054363305370012,28.5,0.0,0.3451545238494873,False,False,False,16,19536,24265,amherst_ma
z16/19536_24266.png,z16/19536_24266.png,0.0082192192475001,35.8994140625,0.0,0.3435805439949035,False,False,False,16,19536,24266,amherst_ma
z16/19536_24267.png,z16/19536_24267.png,0.0050191084543863,27.099609375,0.0142364501953125,0.3487902283668518,False,False,False,16,19536,24267,amherst_ma
z16/19536_24268.png,z16/19536_24268.png,0.0024952818950017,15.5,0.0,0.3465829789638519,False,False,False,16,19536,24268,amherst_ma
z16/19536_24269.png,z16/19536_24269.png,0.0049414927760759,14.8994140625,0.0,0.3454905152320862,False,False,False,16,19536,24269,amherst_ma
z16/19536_24270.png,z16/19536_24270.png,0.0029165764649709,12.400390625,0.0,0.3446701765060425,False,False,False,16,19536,24270,amherst_ma
z16/19536_24271.png,z16/19536_24271.png,0.0018714455266793,3.099609375,0.0,0.3455830216407776,False,False,False,16,19536,24271,amherst_ma
z16/19537_24200.png,z16/19537_24200.png,0.0064544960856437,56.1005859375,0.030120849609375,0.3385299742221832,False,False,False,16,19537,24200,amherst_ma
z16/19537_24201.png,z16/19537_24201.png,0.0074353863795598,53.0,0.001708984375,0.3398457169532776,False,False,False,16,19537,24201,amherst_ma
z16/19537_24202.png,z16/19537_24202.png,0.0065080091357231,54.400390625,0.02166748046875,0.3493633568286896,False,False,False,16,19537,24202,amherst_ma
z16/19537_24203.png,z16/19537_24203.png,0.0052637284000714,44.5,0.001251220703125,0.3505280911922455,False,False,False,16,19537,24203,amherst_ma
z16/19537_24204.png,z16/19537_24204.png,0.0061714986960093,73.400390625,0.00390625,0.3473128080368042,False,False,False,16,19537,24204,amherst_ma
z16/19537_24205.png,z16/19537_24205.png,0.0082107231020927,79.400390625,0.0537109375,0.3374456465244293,False,False,False,16,19537,24205,amherst_ma
z16/19537_24206.png,z16/19537_24206.png,0.0101245512564977,97.19921875,0.048797607421875,0.3344589471817016,False,False,False,16,19537,24206,amherst_ma
z16/19537_24207.png,z16/19537_24207.png,0.0136420756578445,104.7001953125,0.0786590576171875,0.3345984816551208,False,False,False,16,19537,24207,amherst_ma
z16/19537_24208.png,z16/19537_24208.png,0.0144015630086263,87.900390625,0.0788726806640625,0.3345836400985718,False,False,False,16,19537,24208,amherst_ma
z16/19537_24209.png,z16/19537_24209.png,0.0165413538614908,78.7001953125,0.0262451171875,0.3382500410079956,False,False,False,16,19537,24209,amherst_ma
z16/19537_24210.png,z16/19537_24210.png,0.0147029906511306,69.099609375,0.03680419921875,0.3384298682212829,False,False,False,16,19537,24210,amherst_ma
z16/19537_24211.png,z16/19537_24211.png,0.0086914151906967,46.5,0.0450592041015625,0.3428185284137726,False,False,False,16,19537,24211,amherst_ma
z16/19537_24212.png,z16/19537_24212.png,0.0082649290561676,59.7998046875,0.018402099609375,0.3469604849815368,False,False,False,16,19537,24212,amherst_ma
z16/19537_24213.png,z16/19537_24213.png,0.0088308215141296,68.0,0.0391998291015625,0.3350844979286194,False,False,False,16,19537,24213,amherst_ma
z16/19537_24214.png,z16/19537_24214.png,0.0088558803002039,53.400390625,0.01123046875,0.3324397206306457,False,False,False,16,19537,24214,amherst_ma
z16/19537_24215.png,z16/19537_24215.png,0.0127852300802866,52.0,0.0037384033203125,0.334593653678894,False,False,False,16,19537,24215,amherst_ma
z16/19537_24216.png,z16/19537_24216.png,0.0127017021179199,83.5,0.0257110595703125,0.3291018903255462,False,False,False,16,19537,24216,amherst_ma
z16/19537_24217.png,z16/19537_24217.png,0.0112032065788904,79.19921875,0.003387451171875,0.3349433839321136,False,False,False,16,19537,24217,amherst_ma
z16/19537_24218.png,z16/19537_24218.png,0.0061458826065063,62.400390625,0.0390472412109375,0.3430154919624328,False,False,False,16,19537,24218,amherst_ma
z16/19537_24219.png,z16/19537_24219.png,0.0051026210188865,41.400390625,0.0413665771484375,0.3518746495246887,False,False,False,16,19537,24219,amherst_ma
z16/19537_24220.png,z16/19537_24220.png,0.0141344398260116,58.3994140625,0.0172576904296875,0.340501606464386,False,False,False,16,19537,24220,amherst_ma
z16/19537_24221.png,z16/19537_24221.png,0.0097513258457183,57.599609375,0.00140380859375,0.3398186564445495,False,False,False,16,19537,24221,amherst_ma
z16/19537_24222.png,z16/19537_24222.png,0.0076573754350344,102.099609375,0.020477294921875,0.3360205888748169,False,False,False,16,19537,24222,amherst_ma
z16/19537_24223.png,z16/19537_24223.png,0.0111291527748107,101.2001953125,0.0017852783203125,0.3362312018871307,False,False,False,16,19537,24223,amherst_ma
z16/19537_24224.png,z16/19537_24224.png,0.011178903778394,76.599609375,0.0070953369140625,0.3385799527168274,False,False,False,16,19537,24224,amherst_ma
z16/19537_24225.png,z16/19537_24225.png,0.012189425031344,58.7998046875,0.0194854736328125,0.3396000266075134,False,False,False,16,19537,24225,amherst_ma
z16/19537_24226.png,z16/19537_24226.png,0.0137152771155039,67.400390625,0.0256195068359375,0.3456088602542877,False,False,False,16,19537,24226,amherst_ma
z16/19537_24227.png,z16/19537_24227.png,0.006388346850872,55.0,0.0183258056640625,0.3480585813522339,False,False,False,16,19537,24227,amherst_ma
z16/19537_24228.png,z16/19537_24228.png,0.0049547230203946,32.599609375,0.0261993408203125,0.3384569883346557,False,False,False,16,19537,24228,amherst_ma
z16/19537_24229.png,z16/19537_24229.png,0.0058246334393819,17.900390625,0.0,0.3446358144283294,False,False,False,16,19537,24229,amherst_ma
z16/19537_24230.png,z16/19537_24230.png,0.00272160222133,5.0,0.0,0.3483059406280517,False,False,False,16,19537,24230,amherst_ma
z16/19537_24231.png,z16/19537_24231.png,0.0082173531254132,26.19921875,0.0,0.3437136709690094,False,False,False,16,19537,24231,amherst_ma
z16/19537_24232.png,z16/19537_24232.png,0.0130379050970077,47.80078125,0.023956298828125,0.3445081114768982,False,False,False,16,19537,24232,amherst_ma
z16/19537_24233.png,z16/19537_24233.png,0.0105102171500523,37.099609375,0.0,0.3382462859153747,False,False,False,16,19537,24233,amherst_ma
z16/19537_24234.png,z16/19537_24234.png,0.0091159701347351,42.2998046875,0.0,0.3369192779064178,False,False,False,16,19537,24234,amherst_ma
z16/19537_24235.png,z16/19537_24235.png,0.0080156773328781,39.30078125,0.0381317138671875,0.3362450301647186,False,False,False,16,19537,24235,amherst_ma
z16/19537_24236.png,z16/19537_24236.png,0.0096819082895914,32.5,0.02154541015625,0.3378959596157074,False,False,False,16,19537,24236,amherst_ma
z16/19537_24237.png,z16/19537_24237.png,0.0069945380091667,26.0,0.0325469970703125,0.3348503112792969,False,False,False,16,19537,24237,amherst_ma
z16/19537_24238.png,z16/19537_24238.png,0.0061309377352396,59.3994140625,0.002716064453125,0.339544266462326,False,False,False,16,19537,24238,amherst_ma
z16/19537_24239.png,z16/19537_24239.png,0.0082723130782445,48.7001953125,0.0452423095703125,0.3401002883911133,False,False,False,16,19537,24239,amherst_ma
z16/19537_24240.png,z16/19537_24240.png,0.0062835524479548,48.400390625,0.01995849609375,0.3400459289550781,False,False,False,16,19537,24240,amherst_ma
z16/19537_24241.png,z16/19537_24241.png,0.0087452550729115,46.8994140625,0.0272369384765625,0.3389062285423279,False,False,False,16,19537,24241,amherst_ma
z16/19537_24242.png,z16/19537_24242.png,0.0135078350702921,56.900390625,0.0,0.34279465675354,False,False,False,16,19537,24242,amherst_ma
z16/19537_24243.png,z16/19537_24243.png,0.0041903361678123,25.3994140625,0.0,0.3431374132633209,False,False,False,16,19537,24243,amherst_ma
z16/19537_24244.png,z16/19537_24244.png,0.0063733145594596,14.7001953125,0.0,0.3401345014572143,False,False,False,16,19537,24244,amherst_ma
z16/19537_24245.png,z16/19537_24245.png,0.0078683286905288,14.0,0.0,0.3406927585601806,False,False,False,16,19537,24245,amherst_ma
z16/19537_24246.png,z16/19537_24246.png,0.0049440756440162,17.400390625,0.0,0.3401689827442169,False,False,False,16,19537,24246,amherst_ma
z16/19537_24247.png,z16/19537_24247.png,0.0069838285446166,22.3994140625,0.0,0.3431600034236908,False,False,False,16,19537,24247,amherst_ma
z16/19537_24248.png,z16/19537_24248.png,0.0077117214600245,26.0,0.0330047607421875,0.3413618803024292,False,False,False,16,19537,24248,amherst_ma
z16/19537_24249.png,z16/19537_24249.png,0.0026118941605091,22.2001953125,0.0,0.3391759991645813,False,False,False,16,19537,24249,amherst_ma
z16/19537_24250.png,z16/19537_24250.png,0.003142790744702,11.599609375,0.0,0.3309839367866516,False,False,False,16,19537,24250,amherst_ma
z16/19537_24251.png,z16/19537_24251.png,0.0031673821310202,27.400390625,0.03179931640625,0.3375445902347564,False,False,False,16,19537,24251,amherst_ma
z16/19537_24252.png,z16/19537_24252.png,0.0067035337289174,35.2998046875,0.0243682861328125,0.3363957703113556,False,False,False,16,19537,24252,amherst_ma
z16/19537_24253.png,z16/19537_24253.png,0.0060666332642237,39.6005859375,0.0015411376953125,0.3425491154193878,False,False,False,16,19537,24253,amherst_ma
z16/19537_24254.png,z16/19537_24254.png,0.0046415661772092,21.6005859375,0.0062103271484375,0.3444651067256927,False,False,False,16,19537,24254,amherst_ma
z16/19537_24255.png,z16/19537_24255.png,0.0043712218602498,21.2998046875,0.0,0.3420327603816986,False,False,False,16,19537,24255,amherst_ma
z16/19537_24256.png,z16/19537_24256.png,0.0031814272205034,17.1005859375,0.0,0.3394375443458557,False,False,False,16,19537,24256,amherst_ma
z16/19537_24257.png,z16/19537_24257.png,0.0040656534334023,12.3994140625,0.0,0.3398390114307403,False,False,False,16,19537,24257,amherst_ma
z16/19537_24258.png,z16/19537_24258.png,0.0028918415307998,8.6005859375,0.0,0.3404257595539093,False,False,False,16,19537,24258,amherst_ma
z16/19537_24259.png,z16/19537_24259.png,0.0052410458525021,14.7001953125,0.0,0.3460056185722351,False,False,False,16,19537,24259,amherst_ma
z16/19537_24260.png,z16/19537_24260.png,0.0079835285743077,15.1005859375,0.0,0.3495356738567352,False,False,False,16,19537,24260,amherst_ma
z16/19537_24261.png,z16/19537_24261.png,0.00669953028361,16.900390625,0.0,0.3415416777133941,False,False,False,16,19537,24261,amherst_ma
z16/19537_24262.png,z16/19537_24262.png,0.0111593315998713,21.2001953125,0.0,0.3464098870754242,False,False,False,16,19537,24262,amherst_ma
z16/19537_24263.png,z16/19537_24263.png,0.0072785953680674,13.900390625,0.0,0.3484046459197998,False,False,False,16,19537,24263,amherst_ma
z16/19537_24264.png,z16/19537_24264.png,0.0039972874025503,18.0,0.0,0.3592443168163299,False,False,False,16,19537,24264,amherst_ma
z16/19537_24265.png,z16/19537_24265.png,0.0050378814339637,31.2001953125,0.004425048828125,0.3564078211784363,False,False,False,16,19537,24265,amherst_ma
z16/19537_24266.png,z16/19537_24266.png,0.0053072830041249,36.900390625,0.0096282958984375,0.3457564413547516,False,False,False,16,19537,24266,amherst_ma
z16/19537_24267.png,z16/19537_24267.png,0.0033752550681432,17.5,0.0,0.3456528484821319,False,False,False,16,19537,24267,amherst_ma
z16/19537_24268.png,z16/19537_24268.png,0.0028954565525054,20.80078125,0.0,0.352506548166275,False,False,False,16,19537,24268,amherst_ma
z16/19537_24269.png,z16/19537_24269.png,0.006522121032079,16.7998046875,0.0028533935546875,0.3472821712493896,False,False,False,16,19537,24269,amherst_ma
z16/19537_24270.png,z16/19537_24270.png,0.0024998115996519,14.2001953125,0.0,0.3472521305084228,False,False,False,16,19537,24270,amherst_ma
z16/19537_24271.png,z16/19537_24271.png,0.0024749055504798,7.400390625,0.0,0.3459559977054596,False,False,False,16,19537,24271,amherst_ma
z16/19538_24200.png,z16/19538_24200.png,0.0064990763862927,46.7998046875,0.0025482177734375,0.3480559587478637,False,False,False,16,19538,24200,amherst_ma
z16/19538_24201.png,z16/19538_24201.png,0.0111348976691563,60.1005859375,0.030120849609375,0.3411628305912018,False,False,False,16,19538,24201,amherst_ma
z16/19538_24202.png,z16/19538_24202.png,0.0073783576488494,56.7001953125,0.01727294921875,0.3414350152015686,False,False,False,16,19538,24202,amherst_ma
z16/19538_24203.png,z16/19538_24203.png,0.0070534735918045,39.2998046875,0.0028076171875,0.363206535577774,False,False,False,16,19538,24203,amherst_ma
z16/19538_24204.png,z16/19538_24204.png,0.0053254261612892,26.0,0.0164031982421875,0.3643197417259216,False,False,False,16,19538,24204,amherst_ma
z16/19538_24205.png,z16/19538_24205.png,0.0054208233952522,36.5,0.0400238037109375,0.3551710546016693,False,False,False,16,19538,24205,amherst_ma
z16/19538_24206.png,z16/19538_24206.png,0.0102973411480585,54.2998046875,0.022674560546875,0.347434937953949,False,False,False,16,19538,24206,amherst_ma
z16/19538_24207.png,z16/19538_24207.png,0.0087776134411493,65.6005859375,0.0019989013671875,0.3431954979896545,False,False,False,16,19538,24207,amherst_ma
z16/19538_24208.png,z16/19538_24208.png,0.0122889171044031,67.6005859375,0.003082275390625,0.3376024663448334,False,False,False,16,19538,24208,amherst_ma
z16/19538_24209.png,z16/19538_24209.png,0.0092000424861907,77.8994140625,0.004364013671875,0.3328606188297272,False,False,False,16,19538,24209,amherst_ma
z16/19538_24210.png,z16/19538_24210.png,0.0075708905855814,62.2001953125,0.006256103515625,0.3325209021568298,False,False,False,16,19538,24210,amherst_ma
z16/19538_24211.png,z16/19538_24211.png,0.0087417920430501,43.0,0.0222015380859375,0.3423206508159637,False,False,False,16,19538,24211,amherst_ma
z16/19538_24212.png,z16/19538_24212.png,0.0090149452288945,53.5,0.047943115234375,0.3390538096427917,False,False,False,16,19538,24212,amherst_ma
z16/19538_24213.png,z16/19538_24213.png,0.0045752470691998,49.8994140625,0.0009613037109375,0.3298191726207733,False,False,False,16,19538,24213,amherst_ma
z16/19538_24214.png,z16/19538_24214.png,0.0059546962380409,46.599609375,0.003875732421875,0.3333777189254761,False,False,False,16,19538,24214,amherst_ma
z16/19538_24215.png,z16/19538_24215.png,0.0136762976646423,67.400390625,0.0388946533203125,0.338720828294754,False,False,False,16,19538,24215,amherst_ma
z16/19538_24216.png,z16/19538_24216.png,0.0094783713420232,90.2001953125,0.0450897216796875,0.3337964713573456,False,False,False,16,19538,24216,amherst_ma
z16/19538_24217.png,z16/19538_24217.png,0.0088344484567642,67.2998046875,0.0404510498046875,0.3410200178623199,False,False,False,16,19538,24217,amherst_ma
z16/19538_24218.png,z16/19538_24218.png,0.0107947528362274,78.1005859375,0.0533294677734375,0.3517465591430664,False,False,False,16,19538,24218,amherst_ma
z16/19538_24219.png,z16/19538_24219.png,0.0121546059846878,77.80078125,0.000885009765625,0.3457769453525543,False,False,False,16,19538,24219,amherst_ma
z16/19538_24220.png,z16/19538_24220.png,0.0191413919130961,59.0,0.0040283203125,0.3365547955036163,False,False,False,16,19538,24220,amherst_ma
z16/19538_24221.png,z16/19538_24221.png,0.0122433980305989,54.80078125,0.0296173095703125,0.3333858847618103,False,False,False,16,19538,24221,amherst_ma
z16/19538_24222.png,z16/19538_24222.png,0.0078838447729746,74.7998046875,0.0238037109375,0.3388844132423401,False,False,False,16,19538,24222,amherst_ma
z16/19538_24223.png,z16/19538_24223.png,0.0111170023679733,82.7998046875,0.0149078369140625,0.3389029502868652,False,False,False,16,19538,24223,amherst_ma
z16/19538_24224.png,z16/19538_24224.png,0.0108272661765416,58.69921875,0.013885498046875,0.3370036482810974,False,False,False,16,19538,24224,amherst_ma
z16/19538_24225.png,z16/19538_24225.png,0.007481741408507,63.7998046875,0.0020599365234375,0.3418281674385071,False,False,False,16,19538,24225,amherst_ma
z16/19538_24226.png,z16/19538_24226.png,0.0080989882349967,73.7001953125,0.013824462890625,0.3421509861946106,False,False,False,16,19538,24226,amherst_ma
z16/19538_24227.png,z16/19538_24227.png,0.0111321200927098,72.7998046875,0.035980224609375,0.3373577296733856,False,False,False,16,19538,24227,amherst_ma
z16/19538_24228.png,z16/19538_24228.png,0.0074500968058904,23.3994140625,0.0,0.3396077156066894,False,False,False,16,19538,24228,amherst_ma
z16/19538_24229.png,z16/19538_24229.png,0.0107162406047185,48.7001953125,0.0,0.3404302597045898,False,False,False,16,19538,24229,amherst_ma
z16/19538_24230.png,z16/19538_24230.png,0.0145848840475082,94.599609375,0.0,0.3377759754657745,False,False,False,16,19538,24230,amherst_ma
z16/19538_24231.png,z16/19538_24231.png,0.0115689575672149,93.2001953125,0.0023040771484375,0.3340365588665008,False,False,False,16,19538,24231,amherst_ma
z16/19538_24232.png,z16/19538_24232.png,0.0091363122065862,69.0,0.001373291015625,0.3320120275020599,False,False,False,16,19538,24232,amherst_ma
z16/19538_24233.png,z16/19538_24233.png,0.0110561360915501,72.2998046875,0.0032958984375,0.3308112919330597,False,False,False,16,19538,24233,amherst_ma
z16/19538_24234.png,z16/19538_24234.png,0.0069620952010154,38.2001953125,0.0074920654296875,0.3321489095687866,False,False,False,16,19538,24234,amherst_ma
z16/19538_24235.png,z16/19538_24235.png,0.0112495174010594,41.6005859375,0.03631591796875,0.3315436840057373,False,False,False,16,19538,24235,amherst_ma
z16/19538_24236.png,z16/19538_24236.png,0.0112198154131571,83.2998046875,0.0014801025390625,0.3312219679355621,False,False,False,16,19538,24236,amherst_ma
z16/19538_24237.png,z16/19538_24237.png,0.0092173208793004,66.7998046875,0.0025634765625,0.3361254930496216,False,False,False,16,19538,24237,amherst_ma
z16/19538_24238.png,z16/19538_24238.png,0.0074835196137428,68.19921875,0.0044403076171875,0.3526943325996399,False,False,False,16,19538,24238,amherst_ma
z16/19538_24239.png,z16/19538_24239.png,0.0080546110868453,36.5,0.0252227783203125,0.3487086594104767,False,False,False,16,19538,24239,amherst_ma
z16/19538_24240.png,z16/19538_24240.png,0.0054546798268953,33.0,0.0,0.3476413488388061,False,False,False,16,19538,24240,amherst_ma
z16/19538_24241.png,z16/19538_24241.png,0.0033090194066365,10.599609375,0.0,0.3462142944335937,False,False,False,16,19538,24241,amherst_ma
z16/19538_24242.png,z16/19538_24242.png,0.0057187790671984,23.2001953125,0.0,0.3443441390991211,False,False,False,16,19538,24242,amherst_ma
z16/19538_24243.png,z16/19538_24243.png,0.0022309804956118,8.5,0.0,0.3464020788669586,False,False,False,16,19538,24243,amherst_ma
z16/19538_24244.png,z16/19538_24244.png,0.00374596118927,15.0,0.0,0.3438512682914734,False,False,False,16,19538,24244,amherst_ma
z16/19538_24245.png,z16/19538_24245.png,0.0040300250053405,14.30078125,0.0,0.3386415839195251,False,False,False,16,19538,24245,amherst_ma
z16/19538_24246.png,z16/19538_24246.png,0.005634601910909,18.099609375,0.0,0.341161698102951,False,False,False,16,19538,24246,amherst_ma
z16/19538_24247.png,z16/19538_24247.png,0.0035756915807724,11.1005859375,0.0,0.3436357676982879,False,False,False,16,19538,24247,amherst_ma
z16/19538_24248.png,z16/19538_24248.png,0.0042370200157165,35.099609375,0.02349853515625,0.3349666893482208,False,False,False,16,19538,24248,amherst_ma
z16/19538_24249.png,z16/19538_24249.png,0.003700149556001,16.0,0.0243072509765625,0.3410934507846832,False,False,False,16,19538,24249,amherst_ma
z16/19538_24250.png,z16/19538_24250.png,0.0044807364543279,21.5,0.0,0.3394272923469543,False,False,False,16,19538,24250,amherst_ma
z16/19538_24251.png,z16/19538_24251.png,0.0048120141029357,24.2998046875,0.029632568359375,0.3386575579643249,False,False,False,16,19538,24251,amherst_ma
z16/19538_24252.png,z16/19538_24252.png,0.0069114898641904,34.5,0.0302276611328125,0.3400532305240631,False,False,False,16,19538,24252,amherst_ma
z16/19538_24253.png,z16/19538_24253.png,0.0057067583004633,49.2001953125,0.0381622314453125,0.3368670046329498,False,False,False,16,19538,24253,amherst_ma
z16/19538_24254.png,z16/19538_24254.png,0.0038859280447165,18.7998046875,0.0,0.3473250567913055,False,False,False,16,19538,24254,amherst_ma
z16/19538_24255.png,z16/19538_24255.png,0.0066537111997604,40.8994140625,0.0193328857421875,0.342257410287857,False,False,False,16,19538,24255,amherst_ma
z16/19538_24256.png,z16/19538_24256.png,0.004325513044993,39.0,0.0192413330078125,0.3480145931243896,False,False,False,16,19538,24256,amherst_ma
z16/19538_24257.png,z16/19538_24257.png,0.0041549960772196,22.099609375,0.019378662109375,0.3522059023380279,False,False,False,16,19538,24257,amherst_ma
z16/19538_24258.png,z16/19538_24258.png,0.0027458722392717,7.6005859375,0.0,0.3460367619991302,False,False,False,16,19538,24258,amherst_ma
z16/19538_24259.png,z16/19538_24259.png,0.0025070674717426,10.2998046875,0.0,0.3419321179389953,False,False,False,16,19538,24259,amherst_ma
z16/19538_24260.png,z16/19538_24260.png,0.0080483029286066,20.1005859375,0.0,0.3507665991783142,False,False,False,16,19538,24260,amherst_ma
z16/19538_24261.png,z16/19538_24261.png,0.009620326757431,23.2998046875,0.0,0.3403311669826507,False,False,False,16,19538,24261,amherst_ma
z16/19538_24262.png,z16/19538_24262.png,0.0032704917093118,12.0,0.0,0.3418583273887634,False,False,False,16,19538,24262,amherst_ma
z16/19538_24263.png,z16/19538_24263.png,0.0029339641332626,10.5,0.0,0.3461546301841736,False,False,False,16,19538,24263,amherst_ma
z16/19538_24264.png,z16/19538_24264.png,0.0041799798607826,12.0,0.0,0.3529150485992431,False,False,False,16,19538,24264,amherst_ma
z16/19538_24265.png,z16/19538_24265.png,0.0057233120004336,13.30078125,0.0,0.3520267903804779,False,False,False,16,19538,24265,amherst_ma
z16/19538_24266.png,z16/19538_24266.png,0.0033255281547705,12.19921875,0.0,0.3451542258262634,False,False,False,16,19538,24266,amherst_ma
z16/19538_24267.png,z16/19538_24267.png,0.0035792877276738,11.5,0.0,0.350102424621582,False,False,False,16,19538,24267,amherst_ma
z16/19538_24268.png,z16/19538_24268.png,0.0037377700209617,11.2001953125,0.0,0.3500217497348785,False,False,False,16,19538,24268,amherst_ma
z16/19538_24269.png,z16/19538_24269.png,0.0037231522301832,20.099609375,0.0192718505859375,0.3496209383010864,False,False,False,16,19538,24269,amherst_ma
z16/19538_24270.png,z16/19538_24270.png,0.0024649915595849,9.099609375,0.0,0.3488276898860931,False,False,False,16,19538,24270,amherst_ma
z16/19538_24271.png,z16/19538_24271.png,0.0043104688326517,24.1005859375,0.0,0.3494853973388672,False,False,False,16,19538,24271,amherst_ma
z16/19539_24200.png,z16/19539_24200.png,0.0122841109832127,98.5,0.0165252685546875,0.3464573919773102,False,False,False,16,19539,24200,amherst_ma
z16/19539_24201.png,z16/19539_24201.png,0.0061156372229258,41.900390625,0.009765625,0.346960186958313,False,False,False,16,19539,24201,amherst_ma
z16/19539_24202.png,z16/19539_24202.png,0.0050038571159044,38.8994140625,0.019500732421875,0.3502517938613891,False,False,False,16,19539,24202,amherst_ma
z16/19539_24203.png,z16/19539_24203.png,0.0060845702886581,66.7998046875,0.0209197998046875,0.3448792099952698,False,False,False,16,19539,24203,amherst_ma
z16/19539_24204.png,z16/19539_24204.png,0.0084388355414072,61.599609375,0.0302886962890625,0.3412812948226928,False,False,False,16,19539,24204,amherst_ma
z16/19539_24205.png,z16/19539_24205.png,0.0055422514677047,43.8994140625,0.041717529296875,0.3434041142463684,False,False,False,16,19539,24205,amherst_ma
z16/19539_24206.png,z16/19539_24206.png,0.0079234684507052,45.7001953125,0.039794921875,0.3483868539333343,False,False,False,16,19539,24206,amherst_ma
z16/19539_24207.png,z16/19539_24207.png,0.0081570367018381,55.5,0.0023193359375,0.3450793027877807,False,False,False,16,19539,24207,amherst_ma
z16/19539_24208.png,z16/19539_24208.png,0.0058452576398849,46.0,0.0024871826171875,0.3429737985134125,False,False,False,16,19539,24208,amherst_ma
z16/19539_24209.png,z16/19539_24209.png,0.0074900219837824,52.6005859375,0.01220703125,0.3385946452617645,False,False,False,16,19539,24209,amherst_ma
z16/19539_24210.png,z16/19539_24210.png,0.0088540862003962,72.2998046875,0.0379486083984375,0.3390506505966186,False,False,False,16,19539,24210,amherst_ma
z16/19539_24211.png,z16/19539_24211.png,0.0123914321263631,80.7998046875,0.0559234619140625,0.3490731418132782,False,False,False,16,19539,24211,amherst_ma
z16/19539_24212.png,z16/19539_24212.png,0.0134177009264628,61.2001953125,0.0,0.3406718373298645,False,False,False,16,19539,24212,amherst_ma
z16/19539_24213.png,z16/19539_24213.png,0.0068482443690299,82.2998046875,0.0022735595703125,0.3266131281852722,False,False,False,16,19539,24213,amherst_ma
z16/19539_24214.png,z16/19539_24214.png,0.0076943427324295,53.7001953125,0.003021240234375,0.329977810382843,False,False,False,16,19539,24214,amherst_ma
z16/19539_24215.png,z16/19539_24215.png,0.0062452803055445,66.099609375,0.0072174072265625,0.332067996263504,False,False,False,16,19539,24215,amherst_ma
z16/19539_24216.png,z16/19539_24216.png,0.0082817181944847,52.7001953125,0.020751953125,0.3357476592063904,False,False,False,16,19539,24216,amherst_ma
z16/19539_24217.png,z16/19539_24217.png,0.008873376250267,82.7001953125,0.0074615478515625,0.3392689228057861,False,False,False,16,19539,24217,amherst_ma
z16/19539_24218.png,z16/19539_24218.png,0.0129113872845967,74.900390625,0.0151519775390625,0.3410192728042602,False,False,False,16,19539,24218,amherst_ma
z16/19539_24219.png,z16/19539_24219.png,0.0110773056745529,60.7001953125,0.0707244873046875,0.3407577872276306,False,False,False,16,19539,24219,amherst_ma
z16/19539_24220.png,z16/19539_24220.png,0.0091041614611943,49.0,0.005279541015625,0.3380566537380218,False,False,False,16,19539,24220,amherst_ma
z16/19539_24221.png,z16/19539_24221.png,0.0109459857145945,51.2001953125,0.0323333740234375,0.3387296795845032,False,False,False,16,19539,24221,amherst_ma
z16/19539_24222.png,z16/19539_24222.png,0.0106766452391942,54.0,0.006256103515625,0.3381503224372864,False,False,False,16,19539,24222,amherst_ma
z16/19539_24223.png,z16/19539_24223.png,0.0080883577466011,68.599609375,0.003082275390625,0.3376471996307373,False,False,False,16,19539,24223,amherst_ma
z16/19539_24224.png,z16/19539_24224.png,0.0139218936363856,66.7998046875,0.0229644775390625,0.3374745845794678,False,False,False,16,19539,24224,amherst_ma
z16/19539_24225.png,z16/19539_24225.png,0.01309668024381,61.5,0.0253448486328125,0.3369120657444,False,False,False,16,19539,24225,amherst_ma
z16/19539_24226.png,z16/19539_24226.png,0.0110098421573638,74.19921875,0.017822265625,0.3441950380802154,False,False,False,16,19539,24226,amherst_ma
z16/19539_24227.png,z16/19539_24227.png,0.0145333995421727,55.2998046875,0.0,0.3457054793834686,False,False,False,16,19539,24227,amherst_ma
z16/19539_24228.png,z16/19539_24228.png,0.0090954542160034,32.2998046875,0.0,0.3491148948669433,False,False,False,16,19539,24228,amherst_ma
z16/19539_24229.png,z16/19539_24229.png,0.0091777563095092,75.5,0.0515594482421875,0.3406865000724792,False,False,False,16,19539,24229,amherst_ma
z16/19539_24230.png,z16/19539_24230.png,0.0168512562910715,88.2998046875,0.0046844482421875,0.3362615704536438,False,False,False,16,19539,24230,amherst_ma
z16/19539_24231.png,z16/19539_24231.png,0.0251978715260823,131.1005859375,0.0008087158203125,0.3366483151912689,False,False,False,16,19539,24231,amherst_ma
z16/19539_24232.png,z16/19539_24232.png,0.0203977326552073,127.099609375,0.00860595703125,0.3301311433315277,False,False,False,16,19539,24232,amherst_ma
z16/19539_24233.png,z16/19539_24233.png,0.0098757664362589,98.900390625,0.0211334228515625,0.3285300731658935,False,False,False,16,19539,24233,amherst_ma
z16/19539_24234.png,z16/19539_24234.png,0.0107827802499135,68.2001953125,0.0172271728515625,0.331193596124649,False,False,False,16,19539,24234,amherst_ma
z16/19539_24235.png,z16/19539_24235.png,0.0087110519409179,80.599609375,0.0230255126953125,0.3312045931816101,False,False,False,16,19539,24235,amherst_ma
z16/19539_24236.png,z16/19539_24236.png,0.0106317659219106,87.1005859375,0.0551910400390625,0.3303406238555908,False,False,False,16,19539,24236,amherst_ma
z16/19539_24237.png,z16/19539_24237.png,0.0081007982293764,40.0,0.032257080078125,0.3321081697940826,False,False,False,16,19539,24237,amherst_ma
z16/19539_24238.png,z16/19539_24238.png,0.0065789386630058,25.099609375,0.0,0.3522655367851257,False,False,False,16,19539,24238,amherst_ma
z16/19539_24239.png,z16/19539_24239.png,0.0051409939924875,32.2998046875,0.022247314453125,0.3372760117053985,False,False,False,16,19539,24239,amherst_ma
z16/19539_24240.png,z16/19539_24240.png,0.0058579444885253,43.400390625,0.03204345703125,0.3341449499130249,False,False,False,16,19539,24240,amherst_ma
z16/19539_24241.png,z16/19539_24241.png,0.0044774532318115,14.8994140625,0.0,0.3361417651176452,False,False,False,16,19539,24241,amherst_ma
z16/19539_24242.png,z16/19539_24242.png,0.0057678083578745,24.7998046875,0.0257415771484375,0.3424971103668213,False,False,False,16,19539,24242,amherst_ma
z16/19539_24243.png,z16/19539_24243.png,0.0026912209888299,16.8994140625,0.0,0.3422253131866455,False,False,False,16,19539,24243,amherst_ma
z16/19539_24244.png,z16/19539_24244.png,0.0037173969050248,23.80078125,0.004974365234375,0.3440167307853699,False,False,False,16,19539,24244,amherst_ma
z16/19539_24245.png,z16/19539_24245.png,0.0031787450114885,17.8994140625,0.0,0.3423836231231689,False,False,False,16,19539,24245,amherst_ma
z16/19539_24246.png,z16/19539_24246.png,0.0068509633342425,18.3994140625,0.0,0.342818409204483,False,False,False,16,19539,24246,amherst_ma
z16/19539_24247.png,z16/19539_24247.png,0.0081235602498054,40.2998046875,0.0338897705078125,0.3409869074821472,False,False,False,16,19539,24247,amherst_ma
z16/19539_24248.png,z16/19539_24248.png,0.0097861131032307,43.099609375,0.0188751220703125,0.3382917642593384,False,False,False,16,19539,24248,amherst_ma
z16/19539_24249.png,z16/19539_24249.png,0.0123896082242329,32.7998046875,0.00323486328125,0.3438888788223266,False,False,False,16,19539,24249,amherst_ma
z16/19539_24250.png,z16/19539_24250.png,0.0050911630193392,29.099609375,0.0,0.3516850471496582,False,False,False,16,19539,24250,amherst_ma
z16/19539_24251.png,z16/19539_24251.png,0.0034655394653479,19.3994140625,0.00299072265625,0.3428024649620056,False,False,False,16,19539,24251,amherst_ma
z16/19539_24252.png,z16/19539_24252.png,0.0037422974904378,20.400390625,0.01116943359375,0.3408764004707336,False,False,False,16,19539,24252,amherst_ma
z16/19539_24253.png,z16/19539_24253.png,0.0052392547329266,23.900390625,0.0137939453125,0.3440418541431427,False,False,False,16,19539,24253,amherst_ma
z16/19539_24254.png,z16/19539_24254.png,0.0029853637019793,10.2998046875,0.0,0.3516894280910492,False,False,False,16,19539,24254,amherst_ma
z16/19539_24255.png,z16/19539_24255.png,0.0084313790003458,60.5,0.03961181640625,0.3439458310604095,False,False,False,16,19539,24255,amherst_ma
z16/19539_24256.png,z16/19539_24256.png,0.0064390803376833,52.5,0.0104827880859375,0.3480903208255768,False,False,False,16,19539,24256,amherst_ma
z16/19539_24257.png,z16/19539_24257.png,0.0028429232537746,21.2998046875,0.02215576171875,0.3487833738327026,False,False,False,16,19539,24257,amherst_ma
z16/19539_24258.png,z16/19539_24258.png,0.0032172898451487,13.599609375,0.0,0.3419800698757171,False,False,False,16,19539,24258,amherst_ma
z16/19539_24259.png,z16/19539_24259.png,0.0075657109419504,22.2001953125,0.0,0.3488154709339142,False,False,False,16,19539,24259,amherst_ma
z16/19539_24260.png,z16/19539_24260.png,0.008990869919459,20.5,0.0,0.3459122776985168,False,False,False,16,19539,24260,amherst_ma
z16/19539_24261.png,z16/19539_24261.png,0.0085475315650304,21.2001953125,0.0,0.3405999839305877,False,False,False,16,19539,24261,amherst_ma
z16/19539_24262.png,z16/19539_24262.png,0.0063233147064844,15.099609375,0.0,0.3412544429302215,False,False,False,16,19539,24262,amherst_ma
z16/19539_24263.png,z16/19539_24263.png,0.0054034908612569,10.5,0.0,0.341788113117218,False,False,False,16,19539,24263,amherst_ma
z16/19539_24264.png,z16/19539_24264.png,0.0078301901618639,11.7998046875,0.0,0.3508742749691009,False,False,False,16,19539,24264,amherst_ma
z16/19539_24265.png,z16/19539_24265.png,0.0030905241767565,8.8994140625,0.0,0.3548672497272491,False,False,False,16,19539,24265,amherst_ma
z16/19539_24266.png,z16/19539_24266.png,0.002628040810426,9.599609375,0.0,0.3577257394790649,False,False,False,16,19539,24266,amherst_ma
z16/19539_24267.png,z16/19539_24267.png,0.0031985419491926,13.0,0.0,0.3437968790531158,False,False,False,16,19539,24267,amherst_ma
z16/19539_24268.png,z16/19539_24268.png,0.003569537649552,12.0,0.0,0.3504407405853271,False,False,False,16,19539,24268,amherst_ma
z16/19539_24269.png,z16/19539_24269.png,0.0026648342609405,10.5,0.0,0.3550748825073242,False,False,False,16,19539,24269,amherst_ma
z16/19539_24270.png,z16/19539_24270.png,0.0050042708714803,23.2001953125,0.0018463134765625,0.3491345047950744,False,False,False,16,19539,24270,amherst_ma
z16/19539_24271.png,z16/19539_24271.png,0.0103031466404596,50.5,0.0251922607421875,0.3498120605945587,False,False,False,16,19539,24271,amherst_ma
z16/19540_24200.png,z16/19540_24200.png,0.0082468991478284,77.099609375,0.023162841796875,0.3416354954242706,False,False,False,16,19540,24200,amherst_ma
z16/19540_24201.png,z16/19540_24201.png,0.004983136554559,43.2001953125,0.0345001220703125,0.3474632501602173,False,False,False,16,19540,24201,amherst_ma
z16/19540_24202.png,z16/19540_24202.png,0.006950169801712,39.2998046875,0.0207977294921875,0.3444068729877472,False,False,False,16,19540,24202,amherst_ma
z16/19540_24203.png,z16/19540_24203.png,0.0085520982742309,89.900390625,0.009063720703125,0.3399595916271209,False,False,False,16,19540,24203,amherst_ma
z16/19540_24204.png,z16/19540_24204.png,0.0061696315805117,35.900390625,0.01727294921875,0.3460671305656433,False,False,False,16,19540,24204,amherst_ma
z16/19540_24205.png,z16/19540_24205.png,0.0055175046126047,32.19921875,0.00250244140625,0.3409843146800995,False,False,False,16,19540,24205,amherst_ma
z16/19540_24206.png,z16/19540_24206.png,0.0077160770694414,40.80078125,0.0039215087890625,0.3434172868728637,False,False,False,16,19540,24206,amherst_ma
z16/19540_24207.png,z16/19540_24207.png,0.009168674548467,64.0,0.0196075439453125,0.341872900724411,False,False,False,16,19540,24207,amherst_ma
z16/19540_24208.png,z16/19540_24208.png,0.0122514277696609,49.5,0.0314178466796875,0.3389116525650024,False,False,False,16,19540,24208,amherst_ma
z16/19540_24209.png,z16/19540_24209.png,0.0100314309199651,56.5,0.020721435546875,0.3357301652431488,False,False,False,16,19540,24209,amherst_ma
z16/19540_24210.png,z16/19540_24210.png,0.0093460897604624,61.0,0.0045623779296875,0.3356404304504394,False,False,False,16,19540,24210,amherst_ma
z16/19540_24211.png,z16/19540_24211.png,0.008944030602773,75.099609375,0.00830078125,0.3350533246994018,False,False,False,16,19540,24211,amherst_ma
z16/19540_24212.png,z16/19540_24212.png,0.0155860175689061,72.599609375,0.0032501220703125,0.3370707035064697,False,False,False,16,19540,24212,amherst_ma
z16/19540_24213.png,z16/19540_24213.png,0.0102778991063435,91.7001953125,0.0138092041015625,0.3303353488445282,False,False,False,16,19540,24213,amherst_ma
z16/19540_24214.png,z16/19540_24214.png,0.0109364738066991,66.099609375,0.005279541015625,0.3328716158866882,False,False,False,16,19540,24214,amherst_ma
z16/19540_24215.png,z16/19540_24215.png,0.006366591155529,50.599609375,0.007293701171875,0.3362438082695007,False,False,False,16,19540,24215,amherst_ma
z16/19540_24216.png,z16/19540_24216.png,0.0091261843840281,101.7001953125,0.0034637451171875,0.3321035802364349,False,False,False,16,19540,24216,amherst_ma
z16/19540_24217.png,z16/19540_24217.png,0.0086738427480061,92.7001953125,0.0020751953125,0.33123579621315,False,False,False,16,19540,24217,amherst_ma
z16/19540_24218.png,z16/19540_24218.png,0.0096557249625523,80.5,0.0020599365234375,0.3344747722148895,False,False,False,16,19540,24218,amherst_ma
z16/19540_24219.png,z16/19540_24219.png,0.009315867225329,77.0,0.0078887939453125,0.3350079655647278,False,False,False,16,19540,24219,amherst_ma
z16/19540_24220.png,z16/19540_24220.png,0.0122025738159815,78.7998046875,0.0020751953125,0.341803103685379,False,False,False,16,19540,24220,amherst_ma
z16/19540_24221.png,z16/19540_24221.png,0.011660361289978,55.0,0.0216827392578125,0.3412916660308838,False,False,False,16,19540,24221,amherst_ma
z16/19540_24222.png,z16/19540_24222.png,0.0118133713801701,48.5,0.0455322265625,0.3476167321205139,False,False,False,16,19540,24222,amherst_ma
z16/19540_24223.png,z16/19540_24223.png,0.0088149617115656,79.400390625,0.04974365234375,0.3418139815330505,False,False,False,16,19540,24223,amherst_ma
z16/19540_24224.png,z16/19540_24224.png,0.0057678073644638,77.400390625,0.004180908203125,0.3336916863918304,False,False,False,16,19540,24224,amherst_ma
z16/19540_24225.png,z16/19540_24225.png,0.0047754690051078,38.6005859375,0.0006561279296875,0.3306084275245666,False,False,False,16,19540,24225,amherst_ma
z16/19540_24226.png,z16/19540_24226.png,0.0075383941332499,56.2001953125,0.0014190673828125,0.3366992473602295,False,False,False,16,19540,24226,amherst_ma
z16/19540_24227.png,z16/19540_24227.png,0.0098933011293411,71.5,0.0014190673828125,0.3409796953201294,False,False,False,16,19540,24227,amherst_ma
z16/19540_24228.png,z16/19540_24228.png,0.0101551602284113,64.2998046875,0.0076904296875,0.3397763073444366,False,False,False,16,19540,24228,amherst_ma
z16/19540_24229.png,z16/19540_24229.png,0.0109942624966303,70.7001953125,0.0004119873046875,0.3364526331424713,False,False,False,16,19540,24229,amherst_ma
z16/19540_24230.png,z16/19540_24230.png,0.0173985282580057,103.7998046875,0.0126190185546875,0.3349319100379944,False,False,False,16,19540,24230,amherst_ma
z16/19540_24231.png,z16/19540_24231.png,0.0144960621992747,93.7998046875,0.02838134765625,0.3371476233005523,False,False,False,16,19540,24231,amherst_ma
z16/19540_24232.png,z16/19540_24232.png,0.0079277659455935,37.8994140625,0.0046539306640625,0.3350789248943329,False,False,False,16,19540,24232,amherst_ma
z16/19540_24233.png,z16/19540_24233.png,0.0063301021854082,21.2001953125,0.005889892578125,0.3355572819709778,False,False,False,16,19540,24233,amherst_ma
z16/19540_24234.png,z16/19540_24234.png,0.0068385109305381,32.2001953125,0.008575439453125,0.3331338167190552,False,False,False,16,19540,24234,amherst_ma
z16/19540_24235.png,z16/19540_24235.png,0.0055323312679926,37.0,0.0219268798828125,0.3355541825294494,False,False,False,16,19540,24235,amherst_ma
z16/19540_24236.png,z16/19540_24236.png,0.0041772569219271,37.099609375,0.0248260498046875,0.3325498700141907,False,False,False,16,19540,24236,amherst_ma
z16/19540_24237.png,z16/19540_24237.png,0.0052333429455757,37.599609375,0.0117034912109375,0.3342339396476745,False,False,False,16,19540,24237,amherst_ma
z16/19540_24238.png,z16/19540_24238.png,0.006027452647686,27.599609375,0.0198516845703125,0.3378117382526397,False,False,False,16,19540,24238,amherst_ma
z16/19540_24239.png,z16/19540_24239.png,0.0047136932611465,39.400390625,0.0101165771484375,0.3318221271038055,False,False,False,16,19540,24239,amherst_ma
z16/19540_24240.png,z16/19540_24240.png,0.0071661526958147,37.099609375,0.0,0.3340466320514679,False,False,False,16,19540,24240,amherst_ma
z16/19540_24241.png,z16/19540_24241.png,0.0064178829391797,30.5,0.0,0.3357435762882232,False,False,False,16,19540,24241,amherst_ma
z16/19540_24242.png,z16/19540_24242.png,0.0061728318532307,28.7001953125,0.0276031494140625,0.3370907008647918,False,False,False,16,19540,24242,amherst_ma
z16/19540_24243.png,z16/19540_24243.png,0.0039729309578736,13.2001953125,0.0,0.3417543172836303,False,False,False,16,19540,24243,amherst_ma
z16/19540_24244.png,z16/19540_24244.png,0.006069200237592,26.0,0.0081024169921875,0.3411104679107666,False,False,False,16,19540,24244,amherst_ma
z16/19540_24245.png,z16/19540_24245.png,0.0061502690116564,18.1005859375,0.0341796875,0.3394235372543335,False,False,False,16,19540,24245,amherst_ma
z16/19540_24246.png,z16/19540_24246.png,0.0083611925443013,22.19921875,0.00958251953125,0.3555091619491577,False,False,False,16,19540,24246,amherst_ma
z16/19540_24247.png,z16/19540_24247.png,0.004401687781016,30.7998046875,0.0095367431640625,0.3445427417755127,False,False,False,16,19540,24247,amherst_ma
z16/19540_24248.png,z16/19540_24248.png,0.0052977795402208,36.7998046875,0.0036163330078125,0.3468288779258728,False,False,False,16,19540,24248,amherst_ma
z16/19540_24249.png,z16/19540_24249.png,0.0124316702286402,29.5,0.022613525390625,0.3436799943447113,False,False,False,16,19540,24249,amherst_ma
z16/19540_24250.png,z16/19540_24250.png,0.0076720903317133,28.599609375,0.00054931640625,0.3589242398738861,False,False,False,16,19540,24250,amherst_ma
z16/19540_24251.png,z16/19540_24251.png,0.0061988438169161,21.5,0.0,0.366045206785202,False,False,False,16,19540,24251,amherst_ma
z16/19540_24252.png,z16/19540_24252.png,0.0048963025212287,26.7001953125,0.021240234375,0.3531182408332824,False,False,False,16,19540,24252,amherst_ma
z16/19540_24253.png,z16/19540_24253.png,0.0065346072117487,49.7001953125,0.004730224609375,0.3411012589931488,False,False,False,16,19540,24253,amherst_ma
z16/19540_24254.png,z16/19540_24254.png,0.0076108192404111,30.8994140625,0.005401611328125,0.3366143107414245,False,False,False,16,19540,24254,amherst_ma
z16/19540_24255.png,z16/19540_24255.png,0.0062159573038419,36.2001953125,0.02130126953125,0.3413921296596527,False,False,False,16,19540,24255,amherst_ma
z16/19540_24256.png,z16/19540_24256.png,0.0070879558722178,21.3994140625,0.0,0.3439868688583374,False,False,False,16,19540,24256,amherst_ma
z16/19540_24257.png,z16/19540_24257.png,0.0034551148613293,16.099609375,0.0,0.3414486348628998,False,False,False,16,19540,24257,amherst_ma
z16/19540_24258.png,z16/19540_24258.png,0.0071741883953412,17.0,0.0,0.3434605896472931,False,False,False,16,19540,24258,amherst_ma
z16/19540_24259.png,z16/19540_24259.png,0.0072226310769716,17.1005859375,0.0,0.345063716173172,False,False,False,16,19540,24259,amherst_ma
z16/19540_24260.png,z16/19540_24260.png,0.0078361362218856,20.2998046875,0.005340576171875,0.34031742811203,False,False,False,16,19540,24260,amherst_ma
z16/19540_24261.png,z16/19540_24261.png,0.0079494242866834,15.2998046875,0.0,0.3444801867008209,False,False,False,16,19540,24261,amherst_ma
z16/19540_24262.png,z16/19540_24262.png,0.0030811923245588,8.2001953125,0.0,0.3484143018722534,False,False,False,16,19540,24262,amherst_ma
z16/19540_24263.png,z16/19540_24263.png,0.0016389364997545,2.5,0.0,0.3482204973697662,False,False,False,16,19540,24263,amherst_ma
z16/19540_24264.png,z16/19540_24264.png,0.0052276611328125,12.2001953125,0.0,0.3460882306098938,False,False,False,16,19540,24264,amherst_ma
z16/19540_24265.png,z16/19540_24265.png,0.0067922597130139,14.2001953125,0.0,0.3507245779037475,False,False,False,16,19540,24265,amherst_ma
z16/19540_24266.png,z16/19540_24266.png,0.0081418668230374,18.6005859375,0.0,0.3589696884155273,False,False,False,16,19540,24266,amherst_ma
z16/19540_24267.png,z16/19540_24267.png,0.0055506214499473,20.8994140625,0.0064239501953125,0.3571256995201111,False,False,False,16,19540,24267,amherst_ma
z16/19540_24268.png,z16/19540_24268.png,0.006887345512708,17.3994140625,0.0,0.3558296859264374,False,False,False,16,19540,24268,amherst_ma
z16/19540_24269.png,z16/19540_24269.png,0.0092853099107742,31.2001953125,0.0064239501953125,0.3585191667079925,False,False,False,16,19540,24269,amherst_ma
z16/19540_24270.png,z16/19540_24270.png,0.0109556466341018,67.5,0.044586181640625,0.345208078622818,False,False,False,16,19540,24270,amherst_ma
z16/19540_24271.png,z16/19540_24271.png,0.0110357234875361,139.80078125,0.010284423828125,0.3371546566486358,False,False,False,16,19540,24271,amherst_ma
z16/19541_24200.png,z16/19541_24200.png,0.0068432033061981,67.900390625,0.00518798828125,0.3411237597465515,False,False,False,16,19541,24200,amherst_ma
z16/19541_24201.png,z16/19541_24201.png,0.0074648683269818,93.2001953125,0.0137176513671875,0.3373702764511108,False,False,False,16,19541,24201,amherst_ma
z16/19541_24202.png,z16/19541_24202.png,0.0066932876904805,63.1005859375,0.0102081298828125,0.340570330619812,False,False,False,16,19541,24202,amherst_ma
z16/19541_24203.png,z16/19541_24203.png,0.0080563902854919,91.7998046875,0.007415771484375,0.3379383385181427,False,False,False,16,19541,24203,amherst_ma
z16/19541_24204.png,z16/19541_24204.png,0.0044664785265922,88.400390625,0.0006561279296875,0.3397858142852783,False,False,False,16,19541,24204,amherst_ma
z16/19541_24205.png,z16/19541_24205.png,0.0050123810768127,38.7998046875,0.0038299560546875,0.340794950723648,False,False,False,16,19541,24205,amherst_ma
z16/19541_24206.png,z16/19541_24206.png,0.0077747782071431,47.0,0.000579833984375,0.3373290300369262,False,False,False,16,19541,24206,amherst_ma
z16/19541_24207.png,z16/19541_24207.png,0.0069758315881093,71.1005859375,0.0078277587890625,0.3375129103660583,False,False,False,16,19541,24207,amherst_ma
z16/19541_24208.png,z16/19541_24208.png,0.0103836238384246,81.2998046875,7.62939453125e-05,0.3340782523155212,False,False,False,16,19541,24208,amherst_ma
z16/19541_24209.png,z16/19541_24209.png,0.0124068121115366,72.0,0.0144805908203125,0.3353846073150635,False,False,False,16,19541,24209,amherst_ma
z16/19541_24210.png,z16/19541_24210.png,0.0088032563527425,45.6005859375,0.016693115234375,0.3389123976230621,False,False,False,16,19541,24210,amherst_ma
z16/19541_24211.png,z16/19541_24211.png,0.0112592061360677,55.0,0.0050048828125,0.3372802436351776,False,False,False,16,19541,24211,amherst_ma
z16/19541_24212.png,z16/19541_24212.png,0.0154056509335835,69.400390625,0.0043182373046875,0.336465060710907,False,False,False,16,19541,24212,amherst_ma
z16/19541_24213.png,z16/19541_24213.png,0.0110758443673451,124.8994140625,0.02667236328125,0.3350679874420166,False,False,False,16,19541,24213,amherst_ma
z16/19541_24214.png,z16/19541_24214.png,0.0133003483215967,133.7998046875,0.036865234375,0.3350992798805237,False,False,False,16,19541,24214,amherst_ma
z16/19541_24215.png,z16/19541_24215.png,0.0131130655606587,109.7001953125,0.002685546875,0.3355495929718017,False,False,False,16,19541,24215,amherst_ma
z16/19541_24216.png,z16/19541_24216.png,0.013223648071289,79.7001953125,0.0146942138671875,0.3404054045677185,False,False,False,16,19541,24216,amherst_ma
z16/19541_24217.png,z16/19541_24217.png,0.0131500760714213,66.7998046875,0.02191162109375,0.338903397321701,False,False,False,16,19541,24217,amherst_ma
z16/19541_24218.png,z16/19541_24218.png,0.0098309129476547,57.0,0.014617919921875,0.3378839492797851,False,False,False,16,19541,24218,amherst_ma
z16/19541_24219.png,z16/19541_24219.png,0.0146706690390904,58.7001953125,0.0312957763671875,0.342837244272232,False,False,False,16,19541,24219,amherst_ma
z16/19541_24220.png,z16/19541_24220.png,0.0145853996276855,79.2998046875,0.025390625,0.3460986912250519,False,False,False,16,19541,24220,amherst_ma
z16/19541_24221.png,z16/19541_24221.png,0.0121249576409657,73.900390625,0.0388641357421875,0.3485333621501922,False,False,False,16,19541,24221,amherst_ma
z16/19541_24222.png,z16/19541_24222.png,0.0073567867279052,56.0,0.0151824951171875,0.3491164445877075,False,False,False,16,19541,24222,amherst_ma
z16/19541_24223.png,z16/19541_24223.png,0.0077104111512502,36.1005859375,0.0229339599609375,0.346870481967926,False,False,False,16,19541,24223,amherst_ma
z16/19541_24224.png,z16/19541_24224.png,0.0063185930252075,89.900390625,0.0276336669921875,0.3363430500030517,False,False,False,16,19541,24224,amherst_ma
z16/19541_24225.png,z16/19541_24225.png,0.0096555272738138,57.2998046875,0.0030670166015625,0.3375460207462311,False,False,False,16,19541,24225,amherst_ma
z16/19541_24226.png,z16/19541_24226.png,0.0129580825567245,110.599609375,0.0007781982421875,0.3377318382263183,False,False,False,16,19541,24226,amherst_ma
z16/19541_24227.png,z16/19541_24227.png,0.011826013525327,121.7001953125,0.0334625244140625,0.3383835554122925,False,False,False,16,19541,24227,amherst_ma
z16/19541_24228.png,z16/19541_24228.png,0.0114537705977757,65.7001953125,0.0043487548828125,0.3345208466053009,False,False,False,16,19541,24228,amherst_ma
z16/19541_24229.png,z16/19541_24229.png,0.0112495958805084,58.6005859375,0.033477783203125,0.3376072347164154,False,False,False,16,19541,24229,amherst_ma
z16/19541_24230.png,z16/19541_24230.png,0.0065309226512908,38.7998046875,0.0084381103515625,0.3457775712013244,False,False,False,16,19541,24230,amherst_ma
z16/19541_24231.png,z16/19541_24231.png,0.0047100643316904,27.2001953125,0.02349853515625,0.3387517929077148,False,False,False,16,19541,24231,amherst_ma
z16/19541_24232.png,z16/19541_24232.png,0.0055430511633555,47.7998046875,0.009307861328125,0.3363048434257507,False,False,False,16,19541,24232,amherst_ma
z16/19541_24233.png,z16/19541_24233.png,0.0055064499378204,55.3994140625,0.00567626953125,0.3382140100002289,False,False,False,16,19541,24233,amherst_ma
z16/19541_24234.png,z16/19541_24234.png,0.0072934746742248,40.0,0.0030975341796875,0.3381142914295196,False,False,False,16,19541,24234,amherst_ma
z16/19541_24235.png,z16/19541_24235.png,0.0050787275036176,26.2001953125,0.0113983154296875,0.3385888636112213,False,False,False,16,19541,24235,amherst_ma
z16/19541_24236.png,z16/19541_24236.png,0.0047800665100415,47.599609375,0.003997802734375,0.3330219984054565,False,False,False,16,19541,24236,amherst_ma
z16/19541_24237.png,z16/19541_24237.png,0.0057812144358952,53.0,0.01727294921875,0.3319703936576843,False,False,False,16,19541,24237,amherst_ma
z16/19541_24238.png,z16/19541_24238.png,0.0064460307359695,31.6005859375,0.03717041015625,0.3381127417087555,False,False,False,16,19541,24238,amherst_ma
z16/19541_24239.png,z16/19541_24239.png,0.0072463875015576,29.7001953125,0.0,0.3408844769001007,False,False,False,16,19541,24239,amherst_ma
z16/19541_24240.png,z16/19541_24240.png,0.0055859396855036,22.0,0.0,0.3419292569160461,False,False,False,16,19541,24240,amherst_ma
z16/19541_24241.png,z16/19541_24241.png,0.0053622921307881,32.69921875,0.0001068115234375,0.3473187386989593,False,False,False,16,19541,24241,amherst_ma
z16/19541_24242.png,z16/19541_24242.png,0.0040960152943929,22.6005859375,0.0,0.332260400056839,False,False,False,16,19541,24242,amherst_ma
z16/19541_24243.png,z16/19541_24243.png,0.003625896324714,19.2001953125,0.050811767578125,0.3387285470962524,False,False,False,16,19541,24243,amherst_ma
z16/19541_24244.png,z16/19541_24244.png,0.0028847945233186,17.5,0.0,0.3426364064216614,False,False,False,16,19541,24244,amherst_ma
z16/19541_24245.png,z16/19541_24245.png,0.0049695029854774,12.2998046875,0.0,0.3488266766071319,False,False,False,16,19541,24245,amherst_ma
z16/19541_24246.png,z16/19541_24246.png,0.0026338383555412,7.900390625,0.0,0.3413031101226806,False,False,False,16,19541,24246,amherst_ma
z16/19541_24247.png,z16/19541_24247.png,0.0051831111311912,20.3994140625,0.0,0.3426165282726288,False,False,False,16,19541,24247,amherst_ma
z16/19541_24248.png,z16/19541_24248.png,0.0039614317317803,10.6005859375,0.0,0.3459416031837463,False,False,False,16,19541,24248,amherst_ma
z16/19541_24249.png,z16/19541_24249.png,0.0084037840366363,17.7998046875,0.0,0.342045247554779,False,False,False,16,19541,24249,amherst_ma
z16/19541_24250.png,z16/19541_24250.png,0.0073180302977561,42.0,0.0326080322265625,0.3475601375102997,False,False,False,16,19541,24250,amherst_ma
z16/19541_24251.png,z16/19541_24251.png,0.0078358128666877,47.1005859375,0.0108795166015625,0.3542542457580566,False,False,False,16,19541,24251,amherst_ma
z16/19541_24252.png,z16/19541_24252.png,0.0056071539719899,46.8994140625,0.0061187744140625,0.3532860875129699,False,False,False,16,19541,24252,amherst_ma
z16/19541_24253.png,z16/19541_24253.png,0.0068038170536359,37.7001953125,0.01641845703125,0.3447490632534027,False,False,False,16,19541,24253,amherst_ma
z16/19541_24254.png,z16/19541_24254.png,0.0077982967098553,40.7001953125,0.0157623291015625,0.3389679491519928,False,False,False,16,19541,24254,amherst_ma
z16/19541_24255.png,z16/19541_24255.png,0.0067058404286702,29.2001953125,0.0,0.338049054145813,False,False,False,16,19541,24255,amherst_ma
z16/19541_24256.png,z16/19541_24256.png,0.0033648344377676,15.5,0.0,0.3414587378501892,False,False,False,16,19541,24256,amherst_ma
z16/19541_24257.png,z16/19541_24257.png,0.0022215505441029,5.7998046875,0.0,0.3445980250835418,False,False,False,16,19541,24257,amherst_ma
z16/19541_24258.png,z16/19541_24258.png,0.0062913338343302,13.2998046875,0.0,0.3409613370895386,False,False,False,16,19541,24258,amherst_ma
z16/19541_24259.png,z16/19541_24259.png,0.0065855264663696,13.0,0.0,0.3451046943664551,False,False,False,16,19541,24259,amherst_ma
z16/19541_24260.png,z16/19541_24260.png,0.0063193261623382,14.7998046875,0.0,0.3409954905509949,False,False,False,16,19541,24260,amherst_ma
z16/19541_24261.png,z16/19541_24261.png,0.0067613065242767,13.2001953125,0.0,0.343958169221878,False,False,False,16,19541,24261,amherst_ma
z16/19541_24262.png,z16/19541_24262.png,0.0048843284447987,10.599609375,0.0,0.3456338047981262,False,False,False,16,19541,24262,amherst_ma
z16/19541_24263.png,z16/19541_24263.png,0.0034474069873491,8.2998046875,0.0,0.3482662141323089,False,False,False,16,19541,24263,amherst_ma
z16/19541_24264.png,z16/19541_24264.png,0.0023719643553098,6.2998046875,0.0,0.3485532999038696,False,False,False,16,19541,24264,amherst_ma
z16/19541_24265.png,z16/19541_24265.png,0.0019945745666821,7.5,0.0,0.34930619597435,False,False,False,16,19541,24265,amherst_ma
z16/19541_24266.png,z16/19541_24266.png,0.0051617443561553,24.900390625,0.0,0.3622415065765381,False,False,False,16,19541,24266,amherst_ma
z16/19541_24267.png,z16/19541_24267.png,0.0099711577097574,62.7998046875,0.00457763671875,0.3497128188610077,False,False,False,16,19541,24267,amherst_ma
z16/19541_24268.png,z16/19541_24268.png,0.024586530526479,116.2998046875,0.024078369140625,0.3434861600399017,False,False,False,16,19541,24268,amherst_ma
z16/19541_24269.png,z16/19541_24269.png,0.0221311847368876,128.0,0.0208282470703125,0.3432773947715759,False,False,False,16,19541,24269,amherst_ma
z16/19541_24270.png,z16/19541_24270.png,0.0203432699044545,117.1005859375,0.0118560791015625,0.3365285694599151,False,False,False,16,19541,24270,amherst_ma
z16/19541_24271.png,z16/19541_24271.png,0.0138318101565043,82.7998046875,0.0013580322265625,0.334530770778656,False,False,False,16,19541,24271,amherst_ma
z16/19542_24200.png,z16/19542_24200.png,0.0101179599761962,90.2998046875,0.0189361572265625,0.3397099077701568,False,False,False,16,19542,24200,amherst_ma
z16/19542_24201.png,z16/19542_24201.png,0.0065717935562133,61.7998046875,0.013275146484375,0.3433521687984466,False,False,False,16,19542,24201,amherst_ma
z16/19542_24202.png,z16/19542_24202.png,0.0059933205445607,49.1005859375,0.025848388671875,0.3414468467235565,False,False,False,16,19542,24202,amherst_ma
z16/19542_24203.png,z16/19542_24203.png,0.0064146563410758,46.2998046875,0.0160675048828125,0.3449444770812988,False,False,False,16,19542,24203,amherst_ma
z16/19542_24204.png,z16/19542_24204.png,0.0072982241710027,91.7001953125,0.039031982421875,0.3410588502883911,False,False,False,16,19542,24204,amherst_ma
z16/19542_24205.png,z16/19542_24205.png,0.0071509902675946,68.5,0.0025787353515625,0.3428777158260345,False,False,False,16,19542,24205,amherst_ma
z16/19542_24206.png,z16/19542_24206.png,0.0109393606583277,61.7998046875,0.0040435791015625,0.3397464752197265,False,False,False,16,19542,24206,amherst_ma
z16/19542_24207.png,z16/19542_24207.png,0.0092268417278925,95.599609375,0.0061798095703125,0.3380122184753418,False,False,False,16,19542,24207,amherst_ma
z16/19542_24208.png,z16/19542_24208.png,0.0109916438659032,107.2001953125,0.0113983154296875,0.3308469653129577,False,False,False,16,19542,24208,amherst_ma
z16/19542_24209.png,z16/19542_24209.png,0.0111458599567413,80.30078125,0.00140380859375,0.3364284336566925,False,False,False,16,19542,24209,amherst_ma
z16/19542_24210.png,z16/19542_24210.png,0.0092274179061253,78.19921875,0.021636962890625,0.337246686220169,False,False,False,16,19542,24210,amherst_ma
z16/19542_24211.png,z16/19542_24211.png,0.0091770559549331,75.0,0.0084381103515625,0.337429940700531,False,False,False,16,19542,24211,amherst_ma
z16/19542_24212.png,z16/19542_24212.png,0.0111126989126205,56.0,0.0005035400390625,0.3404372334480285,False,False,False,16,19542,24212,amherst_ma
z16/19542_24213.png,z16/19542_24213.png,0.0165283322334289,68.1005859375,0.015350341796875,0.3380623757839203,False,False,False,16,19542,24213,amherst_ma
z16/19542_24214.png,z16/19542_24214.png,0.0107041418552398,79.099609375,0.01763916015625,0.3406159877777099,False,False,False,16,19542,24214,amherst_ma
z16/19542_24215.png,z16/19542_24215.png,0.0115268538395563,68.099609375,0.0007171630859375,0.3399459421634674,False,False,False,16,19542,24215,amherst_ma
z16/19542_24216.png,z16/19542_24216.png,0.0095223238070805,53.7998046875,0.0066680908203125,0.3483879268169403,False,False,False,16,19542,24216,amherst_ma
z16/19542_24217.png,z16/19542_24217.png,0.0062248239914576,58.599609375,0.0050811767578125,0.3388681411743164,False,False,False,16,19542,24217,amherst_ma
z16/19542_24218.png,z16/19542_24218.png,0.0082250759005546,49.1005859375,0.009185791015625,0.3393139839172363,False,False,False,16,19542,24218,amherst_ma
z16/19542_24219.png,z16/19542_24219.png,0.0058890645702679,29.7998046875,0.01495361328125,0.3405488133430481,False,False,False,16,19542,24219,amherst_ma
z16/19542_24220.png,z16/19542_24220.png,0.0084500759840011,56.0,0.0023193359375,0.3436646163463592,False,False,False,16,19542,24220,amherst_ma
z16/19542_24221.png,z16/19542_24221.png,0.007950502137343,40.2001953125,0.010833740234375,0.3452675640583038,False,False,False,16,19542,24221,amherst_ma
z16/19542_24222.png,z16/19542_24222.png,0.0066895221670468,41.80078125,0.0083160400390625,0.3444497585296631,False,False,False,16,19542,24222,amherst_ma
z16/19542_24223.png,z16/19542_24223.png,0.0098180482784907,47.5,0.024200439453125,0.3520138561725616,False,False,False,16,19542,24223,amherst_ma
z16/19542_24224.png,z16/19542_24224.png,0.0132846226294835,84.3994140625,0.0297088623046875,0.3438825905323028,False,False,False,16,19542,24224,amherst_ma
z16/19542_24225.png,z16/19542_24225.png,0.0165466825167338,106.2998046875,0.05230712890625,0.3407667279243469,False,False,False,16,19542,24225,amherst_ma
z16/19542_24226.png,z16/19542_24226.png,0.0126699775457382,84.7001953125,0.0,0.3527488708496094,False,False,False,16,19542,24226,amherst_ma
z16/19542_24227.png,z16/19542_24227.png,0.0046894788742065,27.900390625,0.0,0.3514484167098999,False,False,False,16,19542,24227,amherst_ma
z16/19542_24228.png,z16/19542_24228.png,0.0054588501652081,19.0,0.0,0.3425273001194,False,False,False,16,19542,24228,amherst_ma
z16/19542_24229.png,z16/19542_24229.png,0.0087443431218465,23.400390625,0.0,0.3451367020606994,False,False,False,16,19542,24229,amherst_ma
z16/19542_24230.png,z16/19542_24230.png,0.0054988771677017,25.80078125,0.0,0.3481786251068115,False,False,False,16,19542,24230,amherst_ma
z16/19542_24231.png,z16/19542_24231.png,0.0071069295207659,27.099609375,0.0170440673828125,0.3428188562393188,False,False,False,16,19542,24231,amherst_ma
z16/19542_24232.png,z16/19542_24232.png,0.0072071368495623,28.8994140625,0.02191162109375,0.3411040902137756,False,False,False,16,19542,24232,amherst_ma
z16/19542_24233.png,z16/19542_24233.png,0.0057103440165519,25.19921875,0.01629638671875,0.3461989760398865,False,False,False,16,19542,24233,amherst_ma
z16/19542_24234.png,z16/19542_24234.png,0.0066111187140146,33.0,0.0151824951171875,0.343744695186615,False,False,False,16,19542,24234,amherst_ma
z16/19542_24235.png,z16/19542_24235.png,0.0068122327327728,37.0,0.0071258544921875,0.3399909734725952,False,False,False,16,19542,24235,amherst_ma
z16/19542_24236.png,z16/19542_24236.png,0.0059063250819842,30.3994140625,0.0,0.338795393705368,False,False,False,16,19542,24236,amherst_ma
z16/19542_24237.png,z16/19542_24237.png,0.0045752530296643,27.3994140625,0.0456085205078125,0.3413998782634735,False,False,False,16,19542,24237,amherst_ma
z16/19542_24238.png,z16/19542_24238.png,0.0055391778548558,31.2001953125,0.0095672607421875,0.3411549031734466,False,False,False,16,19542,24238,amherst_ma
z16/19542_24239.png,z16/19542_24239.png,0.0070136219263076,35.2001953125,0.009918212890625,0.3383066058158874,False,False,False,16,19542,24239,amherst_ma
z16/19542_24240.png,z16/19542_24240.png,0.0067287296056747,36.69921875,0.0053558349609375,0.3357419371604919,False,False,False,16,19542,24240,amherst_ma
z16/19542_24241.png,z16/19542_24241.png,0.0041870340704917,17.5,0.0152130126953125,0.3360702097415924,False,False,False,16,19542,24241,amherst_ma
z16/19542_24242.png,z16/19542_24242.png,0.0040439486503601,12.1005859375,0.0,0.3338032066822052,False,False,False,16,19542,24242,amherst_ma
z16/19542_24243.png,z16/19542_24243.png,0.0047897741198539,19.7998046875,0.0029754638671875,0.3375535607337951,False,False,False,16,19542,24243,amherst_ma
z16/19542_24244.png,z16/19542_24244.png,0.0057975227634112,27.3994140625,0.0022125244140625,0.3408530354499817,False,False,False,16,19542,24244,amherst_ma
z16/19542_24245.png,z16/19542_24245.png,0.0018227064361174,10.7998046875,0.0,0.3471003770828247,False,False,False,16,19542,24245,amherst_ma
z16/19542_24246.png,z16/19542_24246.png,0.0023948974907398,14.0,0.0,0.3436238169670105,False,False,False,16,19542,24246,amherst_ma
z16/19542_24247.png,z16/19542_24247.png,0.0037940430144468,23.900390625,0.0,0.3486977517604828,False,False,False,16,19542,24247,amherst_ma
z16/19542_24248.png,z16/19542_24248.png,0.0072217861811319,17.0,0.0,0.3490182161331177,False,False,False,16,19542,24248,amherst_ma
z16/19542_24249.png,z16/19542_24249.png,0.0080595890680948,21.0,0.0,0.3451540470123291,False,False,False,16,19542,24249,amherst_ma
z16/19542_24250.png,z16/19542_24250.png,0.0082403461138407,27.0,0.0,0.3418014049530029,False,False,False,16,19542,24250,amherst_ma
z16/19542_24251.png,z16/19542_24251.png,0.0076748728752136,24.900390625,0.0,0.344605028629303,False,False,False,16,19542,24251,amherst_ma
z16/19542_24252.png,z16/19542_24252.png,0.0049565330147743,28.0,0.0011444091796875,0.3440878093242645,False,False,False,16,19542,24252,amherst_ma
z16/19542_24253.png,z16/19542_24253.png,0.0042002851764361,10.5,0.0,0.3396224081516266,False,False,False,16,19542,24253,amherst_ma
z16/19542_24254.png,z16/19542_24254.png,0.0023448380331198,6.7001953125,0.0,0.3383037447929382,False,False,False,16,19542,24254,amherst_ma
z16/19542_24255.png,z16/19542_24255.png,0.0051863407095273,16.80078125,0.0,0.3364097774028778,False,False,False,16,19542,24255,amherst_ma
z16/19542_24256.png,z16/19542_24256.png,0.0072088599205017,18.5,0.0,0.3437835872173309,False,False,False,16,19542,24256,amherst_ma
z16/19542_24257.png,z16/19542_24257.png,0.003498945881923,8.7001953125,0.0,0.3533937036991119,False,False,False,16,19542,24257,amherst_ma
z16/19542_24258.png,z16/19542_24258.png,0.0020562412838141,8.7998046875,0.0,0.3447096049785614,False,False,False,16,19542,24258,amherst_ma
z16/19542_24259.png,z16/19542_24259.png,0.0040175793071587,7.80078125,0.0,0.3417673707008362,False,False,False,16,19542,24259,amherst_ma
z16/19542_24260.png,z16/19542_24260.png,0.0042016699910163,13.3994140625,0.0,0.343364268541336,False,False,False,16,19542,24260,amherst_ma
z16/19542_24261.png,z16/19542_24261.png,0.0030507860084374,12.2001953125,0.0,0.3522534370422363,False,False,False,16,19542,24261,amherst_ma
z16/19542_24262.png,z16/19542_24262.png,0.0033880988756815,24.30078125,0.0,0.3532657325267792,False,False,False,16,19542,24262,amherst_ma
z16/19542_24263.png,z16/19542_24263.png,0.0044033348560333,25.6005859375,0.0068511962890625,0.3494357466697693,False,False,False,16,19542,24263,amherst_ma
z16/19542_24264.png,z16/19542_24264.png,0.0082826907436052,59.2001953125,0.0251007080078125,0.3473128080368042,False,False,False,16,19542,24264,amherst_ma
z16/19542_24265.png,z16/19542_24265.png,0.0230574150880177,135.7998046875,0.0522308349609375,0.3453144133090973,False,False,False,16,19542,24265,amherst_ma
z16/19542_24266.png,z16/19542_24266.png,0.034728713830312,252.099609375,0.0440521240234375,0.3410375416278839,False,False,False,16,19542,24266,amherst_ma
z16/19542_24267.png,z16/19542_24267.png,0.0479667623837788,259.900390625,0.0444183349609375,0.3370339572429657,False,False,False,16,19542,24267,amherst_ma
z16/19542_24268.png,z16/19542_24268.png,0.0356260776519775,256.0,0.0028076171875,0.3357182145118713,False,False,False,16,19542,24268,amherst_ma
z16/19542_24269.png,z16/19542_24269.png,0.0257622202237447,174.900390625,0.027435302734375,0.3354400396347046,False,False,False,16,19542,24269,amherst_ma
z16/19542_24270.png,z16/19542_24270.png,0.0097792953252792,41.7001953125,0.0262298583984375,0.3390577435493469,False,False,False,16,19542,24270,amherst_ma
z16/19542_24271.png,z16/19542_24271.png,0.0085207164287567,23.7998046875,0.0,0.3367553949356079,False,False,False,16,19542,24271,amherst_ma
z16/19543_24200.png,z16/19543_24200.png,0.0044201930363972,57.1005859375,0.017486572265625,0.3381961286067962,False,False,False,16,19543,24200,amherst_ma
z16/19543_24201.png,z16/19543_24201.png,0.0076164265473683,63.8994140625,0.031494140625,0.3368130028247833,False,False,False,16,19543,24201,amherst_ma
z16/19543_24202.png,z16/19543_24202.png,0.0069874018430709,51.2998046875,0.00299072265625,0.3367998600006103,False,False,False,16,19543,24202,amherst_ma
z16/19543_24203.png,z16/19543_24203.png,0.005945311486721,56.7998046875,0.008209228515625,0.3372358381748199,False,False,False,16,19543,24203,amherst_ma
z16/19543_24204.png,z16/19543_24204.png,0.005769174794356,48.30078125,0.0049285888671875,0.3405835926532745,False,False,False,16,19543,24204,amherst_ma
z16/19543_24205.png,z16/19543_24205.png,0.0078985253969828,86.69921875,0.02667236328125,0.3377473354339599,False,False,False,16,19543,24205,amherst_ma
z16/19543_24206.png,z16/19543_24206.png,0.0093451172113418,72.8994140625,0.01043701171875,0.3367658853530884,False,False,False,16,19543,24206,amherst_ma
z16/19543_24207.png,z16/19543_24207.png,0.0100115398565928,66.8994140625,0.01123046875,0.336891233921051,False,False,False,16,19543,24207,amherst_ma
z16/19543_24208.png,z16/19543_24208.png,0.0113830854495366,105.7001953125,0.018646240234375,0.334814190864563,False,False,False,16,19543,24208,amherst_ma
z16/19543_24209.png,z16/19543_24209.png,0.0143987903992335,84.5,0.0200347900390625,0.3361893594264984,False,False,False,16,19543,24209,amherst_ma
z16/19543_24210.png,z16/19543_24210.png,0.0104233821233113,74.6005859375,0.037078857421875,0.3419040143489837,False,False,False,16,19543,24210,amherst_ma
z16/19543_24211.png,z16/19543_24211.png,0.0079016685485839,68.400390625,0.078338623046875,0.3408539891242981,False,False,False,16,19543,24211,amherst_ma
z16/19543_24212.png,z16/19543_24212.png,0.0149089237054189,76.5,0.0108184814453125,0.3377419412136078,False,False,False,16,19543,24212,amherst_ma
z16/19543_24213.png,z16/19543_24213.png,0.0182591259479522,60.2001953125,0.0,0.3376909494400024,False,False,False,16,19543,24213,amherst_ma
z16/19543_24214.png,z16/19543_24214.png,0.013717163602511,42.400390625,0.0,0.3387385606765747,False,False,False,16,19543,24214,amherst_ma
z16/19543_24215.png,z16/19543_24215.png,0.0065913612643877,56.2001953125,0.0357818603515625,0.3554537296295166,False,False,False,16,19543,24215,amherst_ma
z16/19543_24216.png,z16/19543_24216.png,0.0075337121884028,63.2001953125,0.0147552490234375,0.3522163033485412,False,False,False,16,19543,24216,amherst_ma
z16/19543_24217.png,z16/19543_24217.png,0.0084511319796244,74.2001953125,0.0191802978515625,0.3431007862091064,False,False,False,16,19543,24217,amherst_ma
z16/19543_24218.png,z16/19543_24218.png,0.0077295407652854,81.7001953125,0.012725830078125,0.3360605239868164,False,False,False,16,19543,24218,amherst_ma
z16/19543_24219.png,z16/19543_24219.png,0.0099953045447667,74.30078125,0.012969970703125,0.3437879085540771,False,False,False,16,19543,24219,amherst_ma
z16/19543_24220.png,z16/19543_24220.png,0.0085468878348668,50.2998046875,0.0158538818359375,0.3454701602458954,False,False,False,16,19543,24220,amherst_ma
z16/19543_24221.png,z16/19543_24221.png,0.0091554105281829,64.2998046875,0.0032196044921875,0.346731960773468,False,False,False,16,19543,24221,amherst_ma
z16/19543_24222.png,z16/19543_24222.png,0.0111308842897415,73.5,0.00439453125,0.3438102602958679,False,False,False,16,19543,24222,amherst_ma
z16/19543_24223.png,z16/19543_24223.png,0.0075578078627586,49.5,0.0210723876953125,0.3498988449573517,False,False,False,16,19543,24223,amherst_ma
z16/19543_24224.png,z16/19543_24224.png,0.0133437603712081,63.5,0.0219573974609375,0.3462686836719513,False,False,False,16,19543,24224,amherst_ma
z16/19543_24225.png,z16/19543_24225.png,0.005435354510943,18.7998046875,0.0,0.3453002572059631,False,False,False,16,19543,24225,amherst_ma
z16/19543_24226.png,z16/19543_24226.png,0.0022982796033223,4.8994140625,0.0,0.3412102162837982,False,False,False,16,19543,24226,amherst_ma
z16/19543_24227.png,z16/19543_24227.png,0.0042853146791458,11.0,0.0,0.3495780825614929,False,False,False,16,19543,24227,amherst_ma
z16/19543_24228.png,z16/19543_24228.png,0.00690921296676,24.0,0.0,0.3407648801803589,False,False,False,16,19543,24228,amherst_ma
z16/19543_24229.png,z16/19543_24229.png,0.006881521642208,39.5,0.0477447509765625,0.339469850063324,False,False,False,16,19543,24229,amherst_ma
z16/19543_24230.png,z16/19543_24230.png,0.0057225028673807,20.099609375,0.0025482177734375,0.3426890075206756,False,False,False,16,19543,24230,amherst_ma
z16/19543_24231.png,z16/19543_24231.png,0.0062313000361124,18.900390625,0.0280609130859375,0.3481923937797546,False,False,False,16,19543,24231,amherst_ma
z16/19543_24232.png,z16/19543_24232.png,0.0052063643932342,22.2998046875,0.006317138671875,0.3457061648368835,False,False,False,16,19543,24232,amherst_ma
z16/19543_24233.png,z16/19543_24233.png,0.0067616542180379,36.599609375,0.0391082763671875,0.3427891731262207,False,False,False,16,19543,24233,amherst_ma
z16/19543_24234.png,z16/19543_24234.png,0.0063881963491439,38.8994140625,0.0330810546875,0.3407456576824188,False,False,False,16,19543,24234,amherst_ma
z16/19543_24235.png,z16/19543_24235.png,0.0060053457816441,25.0,0.03570556640625,0.339614987373352,False,False,False,16,19543,24235,amherst_ma
z16/19543_24236.png,z16/19543_24236.png,0.0089728544155756,46.900390625,0.029876708984375,0.3414976000785827,False,False,False,16,19543,24236,amherst_ma
z16/19543_24237.png,z16/19543_24237.png,0.006696593761444,41.7998046875,0.002960205078125,0.3388164341449737,False,False,False,16,19543,24237,amherst_ma
z16/19543_24238.png,z16/19543_24238.png,0.0047586277127265,23.2001953125,0.001373291015625,0.3384607434272766,False,False,False,16,19543,24238,amherst_ma
z16/19543_24239.png,z16/19543_24239.png,0.0063053578138351,25.400390625,0.005401611328125,0.3384959697723388,False,False,False,16,19543,24239,amherst_ma
z16/19543_24240.png,z16/19543_24240.png,0.0055189907550811,30.6005859375,0.01416015625,0.3361607789993286,False,False,False,16,19543,24240,amherst_ma
z16/19543_24241.png,z16/19543_24241.png,0.0036057934165,28.599609375,0.0058746337890625,0.3370457291603088,False,False,False,16,19543,24241,amherst_ma
z16/19543_24242.png,z16/19543_24242.png,0.0071199417114257,34.0,0.0083160400390625,0.3370713293552398,False,False,False,16,19543,24242,amherst_ma
z16/19543_24243.png,z16/19543_24243.png,0.0067925269405047,27.2001953125,0.0,0.3419743478298187,False,False,False,16,19543,24243,amherst_ma
z16/19543_24244.png,z16/19543_24244.png,0.0044910947481791,14.400390625,0.0,0.3412958979606628,False,False,False,16,19543,24244,amherst_ma
z16/19543_24245.png,z16/19543_24245.png,0.0026011124253273,9.8994140625,0.0,0.3487514853477478,False,False,False,16,19543,24245,amherst_ma
z16/19543_24246.png,z16/19543_24246.png,0.0035537593066692,25.400390625,0.0108489990234375,0.3459338247776031,False,False,False,16,19543,24246,amherst_ma
z16/19543_24247.png,z16/19543_24247.png,0.0034783783058325,17.5,0.0,0.3445753157138824,False,False,False,16,19543,24247,amherst_ma
z16/19543_24248.png,z16/19543_24248.png,0.0056624253590901,27.19921875,0.0,0.3452420234680176,False,False,False,16,19543,24248,amherst_ma
z16/19543_24249.png,z16/19543_24249.png,0.0089930156866709,29.2001953125,0.0,0.3455438315868377,False,False,False,16,19543,24249,amherst_ma
z16/19543_24250.png,z16/19543_24250.png,0.0086045612891515,31.19921875,0.0,0.3505012989044189,False,False,False,16,19543,24250,amherst_ma
z16/19543_24251.png,z16/19543_24251.png,0.006522195537885,30.30078125,0.0,0.3499643206596374,False,False,False,16,19543,24251,amherst_ma
z16/19543_24252.png,z16/19543_24252.png,0.006036376953125,25.2001953125,0.005615234375,0.3430500030517578,False,False,False,16,19543,24252,amherst_ma
z16/19543_24253.png,z16/19543_24253.png,0.0044599821170171,7.7998046875,0.0,0.3376832604408264,False,False,False,16,19543,24253,amherst_ma
z16/19543_24254.png,z16/19543_24254.png,0.0001576405018568,0.19921875,0.0,0.3487172722816467,False,False,False,16,19543,24254,amherst_ma
z16/19543_24255.png,z16/19543_24255.png,0.0032765567302703,8.19921875,0.0,0.3430464267730713,False,False,False,16,19543,24255,amherst_ma
z16/19543_24256.png,z16/19543_24256.png,0.0075946792960166,18.2998046875,0.0,0.3398903012275696,False,False,False,16,19543,24256,amherst_ma
z16/19543_24257.png,z16/19543_24257.png,0.0037743548552195,9.400390625,0.0,0.3577172756195068,False,False,False,16,19543,24257,amherst_ma
z16/19543_24258.png,z16/19543_24258.png,0.0052233522137006,17.0,0.0,0.3474884927272796,False,False,False,16,19543,24258,amherst_ma
z16/19543_24259.png,z16/19543_24259.png,0.0084744532903035,17.5,0.0,0.3391298055648803,False,False,False,16,19543,24259,amherst_ma
z16/19543_24260.png,z16/19543_24260.png,0.0035235380132993,22.400390625,0.0,0.3472284078598022,False,False,False,16,19543,24260,amherst_ma
z16/19543_24261.png,z16/19543_24261.png,0.0084089169899622,40.7998046875,0.0218353271484375,0.3632069528102875,False,False,False,16,19543,24261,amherst_ma
z16/19543_24262.png,z16/19543_24262.png,0.016752008597056,99.1005859375,0.025909423828125,0.3499814569950104,False,False,False,16,19543,24262,amherst_ma
z16/19543_24263.png,z16/19543_24263.png,0.0172580301761627,123.2001953125,0.0232391357421875,0.3424268364906311,False,False,False,16,19543,24263,amherst_ma
z16/19543_24264.png,z16/19543_24264.png,0.0325818041960398,228.6005859375,0.003753662109375,0.3374756276607513,False,False,False,16,19543,24264,amherst_ma
z16/19543_24265.png,z16/19543_24265.png,0.0463892380396525,226.599609375,0.0003814697265625,0.3350371122360229,False,False,False,16,19543,24265,amherst_ma
z16/19543_24266.png,z16/19543_24266.png,0.0398770610491434,155.30078125,0.0011138916015625,0.3352851867675781,False,False,False,16,19543,24266,amherst_ma
z16/19543_24267.png,z16/19543_24267.png,0.009113386273384,89.400390625,0.0013275146484375,0.3345857858657837,False,False,False,16,19543,24267,amherst_ma
z16/19543_24268.png,z16/19543_24268.png,0.0208033323287963,204.0,0.0012359619140625,0.3351143300533294,False,False,False,16,19543,24268,amherst_ma
z16/19543_24269.png,z16/19543_24269.png,0.0277041018009185,172.2998046875,0.01422119140625,0.3344061076641083,False,False,False,16,19543,24269,amherst_ma
z16/19543_24270.png,z16/19543_24270.png,0.0141543745994567,66.6005859375,0.0458221435546875,0.3399789333343506,False,False,False,16,19543,24270,amherst_ma
z16/19543_24271.png,z16/19543_24271.png,0.0107720881700515,63.5,0.0,0.3423521518707275,False,False,False,16,19543,24271,amherst_ma
z16/19544_24200.png,z16/19544_24200.png,0.0033444787065188,26.099609375,0.0066070556640625,0.3373322486877441,False,False,False,16,19544,24200,amherst_ma
z16/19544_24201.png,z16/19544_24201.png,0.0053440292676289,30.8994140625,0.0,0.3370038270950317,False,False,False,16,19544,24201,amherst_ma
z16/19544_24202.png,z16/19544_24202.png,0.0073640386263529,40.0,0.0033721923828125,0.3399248421192169,False,False,False,16,19544,24202,amherst_ma
z16/19544_24203.png,z16/19544_24203.png,0.0065027743577957,51.5,0.001556396484375,0.3396341502666473,False,False,False,16,19544,24203,amherst_ma
z16/19544_24204.png,z16/19544_24204.png,0.0033196508884429,31.7001953125,0.0014495849609375,0.3421750366687774,False,False,False,16,19544,24204,amherst_ma
z16/19544_24205.png,z16/19544_24205.png,0.0118973463773727,33.099609375,0.00244140625,0.3422876000404358,False,False,False,16,19544,24205,amherst_ma
z16/19544_24206.png,z16/19544_24206.png,0.0091641267140706,30.3994140625,0.03521728515625,0.3412142693996429,False,False,False,16,19544,24206,amherst_ma
z16/19544_24207.png,z16/19544_24207.png,0.0077297682563463,45.8994140625,0.0273284912109375,0.3434315323829651,False,False,False,16,19544,24207,amherst_ma
z16/19544_24208.png,z16/19544_24208.png,0.0066127508878707,43.7001953125,0.04534912109375,0.3480225503444671,False,False,False,16,19544,24208,amherst_ma
z16/19544_24209.png,z16/19544_24209.png,0.0035865244766076,13.1005859375,0.0,0.3517284393310547,False,False,False,16,19544,24209,amherst_ma
z16/19544_24210.png,z16/19544_24210.png,0.0024128312865893,6.2001953125,0.0,0.3430354595184326,False,False,False,16,19544,24210,amherst_ma
z16/19544_24211.png,z16/19544_24211.png,0.0022698732713858,5.099609375,0.0,0.3443818986415863,False,False,False,16,19544,24211,amherst_ma
z16/19544_24212.png,z16/19544_24212.png,0.001209999124209,2.099609375,0.0,0.3434126079082489,False,False,False,16,19544,24212,amherst_ma
z16/19544_24213.png,z16/19544_24213.png,0.0013697387029727,2.2001953125,0.0,0.336561918258667,False,False,False,16,19544,24213,amherst_ma
z16/19544_24214.png,z16/19544_24214.png,0.0018416268130143,6.80078125,0.0,0.3360288739204407,False,False,False,16,19544,24214,amherst_ma
z16/19544_24215.png,z16/19544_24215.png,0.0025176301598548,10.099609375,0.0,0.3451478183269501,False,False,False,16,19544,24215,amherst_ma
z16/19544_24216.png,z16/19544_24216.png,0.0043592433134714,27.30078125,0.0,0.3595110476016998,False,False,False,16,19544,24216,amherst_ma
z16/19544_24217.png,z16/19544_24217.png,0.0053737332423528,42.0,0.0392913818359375,0.3514339327812195,False,False,False,16,19544,24217,amherst_ma
z16/19544_24218.png,z16/19544_24218.png,0.0061402142047882,37.400390625,0.0027923583984375,0.3541979789733886,False,False,False,16,19544,24218,amherst_ma
z16/19544_24219.png,z16/19544_24219.png,0.0063909366726875,42.900390625,0.0068359375,0.3452953398227691,False,False,False,16,19544,24219,amherst_ma
z16/19544_24220.png,z16/19544_24220.png,0.0056416864196459,56.7998046875,0.023040771484375,0.3470670878887176,False,False,False,16,19544,24220,amherst_ma
z16/19544_24221.png,z16/19544_24221.png,0.0128183305263519,78.5,0.0011138916015625,0.3396708965301513,False,False,False,16,19544,24221,amherst_ma
z16/19544_24222.png,z16/19544_24222.png,0.0068017746011416,57.5,0.0504608154296875,0.337660938501358,False,False,False,16,19544,24222,amherst_ma
z16/19544_24223.png,z16/19544_24223.png,0.0070635472734769,55.7001953125,0.0021209716796875,0.3469051122665405,False,False,False,16,19544,24223,amherst_ma
z16/19544_24224.png,z16/19544_24224.png,0.0060398697853088,44.099609375,0.0006561279296875,0.3386358916759491,False,False,False,16,19544,24224,amherst_ma
z16/19544_24225.png,z16/19544_24225.png,0.0041010354955991,21.7998046875,0.0,0.3430203199386596,False,False,False,16,19544,24225,amherst_ma
z16/19544_24226.png,z16/19544_24226.png,0.0048067425688107,13.0,0.0,0.3424324691295624,False,False,False,16,19544,24226,amherst_ma
z16/19544_24227.png,z16/19544_24227.png,0.0071272035439809,32.69921875,0.0,0.3387608528137207,False,False,False,16,19544,24227,amherst_ma
z16/19544_24228.png,z16/19544_24228.png,0.0094961613416671,46.0,0.0084686279296875,0.3370406627655029,False,False,False,16,19544,24228,amherst_ma
z16/19544_24229.png,z16/19544_24229.png,0.0060670430461565,25.099609375,0.0201416015625,0.3367006778717041,False,False,False,16,19544,24229,amherst_ma
z16/19544_24230.png,z16/19544_24230.png,0.0107856571674346,54.3994140625,0.0192413330078125,0.3369038999080658,False,False,False,16,19544,24230,amherst_ma
z16/19544_24231.png,z16/19544_24231.png,0.0079687431454658,52.1005859375,0.0051422119140625,0.3372519016265869,False,False,False,16,19544,24231,amherst_ma
z16/19544_24232.png,z16/19544_24232.png,0.0050595904390017,33.099609375,0.0296173095703125,0.339479386806488,False,False,False,16,19544,24232,amherst_ma
z16/19544_24233.png,z16/19544_24233.png,0.0086550295352935,38.599609375,0.0016937255859375,0.3387862741947174,False,False,False,16,19544,24233,amherst_ma
z16/19544_24234.png,z16/19544_24234.png,0.0108161111672719,43.1005859375,0.0592041015625,0.3366525173187256,False,False,False,16,19544,24234,amherst_ma
z16/19544_24235.png,z16/19544_24235.png,0.009601691365242,33.8994140625,0.0,0.3368144631385803,False,False,False,16,19544,24235,amherst_ma
z16/19544_24236.png,z16/19544_24236.png,0.0080578039089838,31.3994140625,0.0,0.340660035610199,False,False,False,16,19544,24236,amherst_ma
z16/19544_24237.png,z16/19544_24237.png,0.0055076961716016,20.8994140625,0.0,0.337180346250534,False,False,False,16,19544,24237,amherst_ma
z16/19544_24238.png,z16/19544_24238.png,0.0073906828959782,34.7001953125,0.0,0.3410340547561645,False,False,False,16,19544,24238,amherst_ma
z16/19544_24239.png,z16/19544_24239.png,0.0070641959706942,37.900390625,0.0,0.3394153714179992,False,False,False,16,19544,24239,amherst_ma
z16/19544_24240.png,z16/19544_24240.png,0.0032054352263609,19.099609375,0.0,0.3381638824939728,False,False,False,16,19544,24240,amherst_ma
z16/19544_24241.png,z16/19544_24241.png,0.0130128999551137,31.7001953125,0.0,0.3366607427597046,False,False,False,16,19544,24241,amherst_ma
z16/19544_24242.png,z16/19544_24242.png,0.0130771646896998,29.3994140625,0.0,0.3398115336894989,False,False,False,16,19544,24242,amherst_ma
z16/19544_24243.png,z16/19544_24243.png,0.0118276099363962,22.599609375,0.0,0.3412876725196838,False,False,False,16,19544,24243,amherst_ma
z16/19544_24244.png,z16/19544_24244.png,0.0066615174214045,25.0,0.008544921875,0.3391996026039123,False,False,False,16,19544,24244,amherst_ma
z16/19544_24245.png,z16/19544_24245.png,0.0032646760344505,11.599609375,0.0,0.3418621122837066,False,False,False,16,19544,24245,amherst_ma
z16/19544_24246.png,z16/19544_24246.png,0.003365305562814,8.7001953125,0.0,0.3370841741561889,False,False,False,16,19544,24246,amherst_ma
z16/19544_24247.png,z16/19544_24247.png,0.0054849773645401,24.5,0.0,0.3413358032703399,False,False,False,16,19544,24247,amherst_ma
z16/19544_24248.png,z16/19544_24248.png,0.0058022181193033,40.6005859375,0.0257568359375,0.3445050120353699,False,False,False,16,19544,24248,amherst_ma
z16/19544_24249.png,z16/19544_24249.png,0.0063690294822057,34.5,0.0,0.3450319170951843,False,False,False,16,19544,24249,amherst_ma
z16/19544_24250.png,z16/19544_24250.png,0.0058041046063105,22.099609375,0.008880615234375,0.3431494832038879,False,False,False,16,19544,24250,amherst_ma
z16/19544_24251.png,z16/19544_24251.png,0.0078257237871487,17.2001953125,0.0,0.3413950502872467,False,False,False,16,19544,24251,amherst_ma
z16/19544_24252.png,z16/19544_24252.png,0.0072445889314015,18.80078125,0.0,0.342610239982605,False,False,False,16,19544,24252,amherst_ma
z16/19544_24253.png,z16/19544_24253.png,0.0008186787366867,3.0,0.0,0.335629791021347,False,False,False,16,19544,24253,amherst_ma
z16/19544_24254.png,z16/19544_24254.png,0.0011005931844313,1.0,0.0,0.3394623100757599,False,False,False,16,19544,24254,amherst_ma
z16/19544_24255.png,z16/19544_24255.png,0.0047476644317309,7.7998046875,0.0,0.3443942070007324,False,False,False,16,19544,24255,amherst_ma
z16/19544_24256.png,z16/19544_24256.png,0.0065247227748235,10.0,0.0,0.3427331447601318,False,False,False,16,19544,24256,amherst_ma
z16/19544_24257.png,z16/19544_24257.png,0.0052609801292419,9.19921875,0.0,0.3444264531135559,False,False,False,16,19544,24257,amherst_ma
z16/19544_24258.png,z16/19544_24258.png,0.007361156741778,19.7998046875,0.0,0.3432416915893554,False,False,False,16,19544,24258,amherst_ma
z16/19544_24259.png,z16/19544_24259.png,0.0051014925042788,33.2001953125,0.0,0.3535233438014984,False,False,False,16,19544,24259,amherst_ma
z16/19544_24260.png,z16/19544_24260.png,0.0075289910038312,68.599609375,0.0406951904296875,0.3483190238475799,False,False,False,16,19544,24260,amherst_ma
z16/19544_24261.png,z16/19544_24261.png,0.0148826877276102,120.5,0.008056640625,0.3514540195465088,False,False,False,16,19544,24261,amherst_ma
z16/19544_24262.png,z16/19544_24262.png,0.0187836110591888,98.599609375,0.0008697509765625,0.3395347595214844,False,False,False,16,19544,24262,amherst_ma
z16/19544_24263.png,z16/19544_24263.png,0.0279552499453226,158.0,0.0049896240234375,0.337069034576416,False,False,False,16,19544,24263,amherst_ma
z16/19544_24264.png,z16/19544_24264.png,0.0333869934082031,114.2998046875,0.0182647705078125,0.3330996036529541,False,False,False,16,19544,24264,amherst_ma
z16/19544_24265.png,z16/19544_24265.png,0.0122281610965728,96.6005859375,0.044403076171875,0.3341049551963806,False,False,False,16,19544,24265,amherst_ma
z16/19544_24266.png,z16/19544_24266.png,0.0092591454585393,127.2998046875,0.0060577392578125,0.3351320028305053,False,False,False,16,19544,24266,amherst_ma
z16/19544_24267.png,z16/19544_24267.png,0.0151599079370498,153.599609375,0.046417236328125,0.3346964716911316,False,False,False,16,19544,24267,amherst_ma
z16/19544_24268.png,z16/19544_24268.png,0.0267469823360443,118.0,0.0,0.3407613933086395,False,False,False,16,19544,24268,amherst_ma
z16/19544_24269.png,z16/19544_24269.png,0.0101412127415339,31.599609375,0.0,0.345190018415451,False,False,False,16,19544,24269,amherst_ma
z16/19544_24270.png,z16/19544_24270.png,0.0089034517606099,29.400390625,0.0,0.3524423539638519,False,False,False,16,19544,24270,amherst_ma
z16/19544_24271.png,z16/19544_24271.png,0.006147913634777,25.7998046875,0.056732177734375,0.3618107438087463,False,False,False,16,19544,24271,amherst_ma
z16/19545_24200.png,z16/19545_24200.png,0.0137112726767857,57.900390625,0.019622802734375,0.3413781821727752,False,False,False,16,19545,24200,amherst_ma
z16/19545_24201.png,z16/19545_24201.png,0.0114025354385375,55.7001953125,6.103515625e-05,0.3410365879535675,False,False,False,16,19545,24201,amherst_ma
z16/19545_24202.png,z16/19545_24202.png,0.0036622983713944,11.7001953125,0.0,0.3483416140079498,False,False,False,16,19545,24202,amherst_ma
z16/19545_24203.png,z16/19545_24203.png,0.002666466931502,16.0,0.0,0.3434372544288635,False,False,False,16,19545,24203,amherst_ma
z16/19545_24204.png,z16/19545_24204.png,0.0032141077021757,20.5,0.0,0.3501989841461181,False,False,False,16,19545,24204,amherst_ma
z16/19545_24205.png,z16/19545_24205.png,0.0028103676935036,13.2998046875,0.0,0.3700345456600189,False,False,False,16,19545,24205,amherst_ma
z16/19545_24206.png,z16/19545_24206.png,0.0070491289099057,23.1005859375,0.017913818359375,0.3466882407665252,False,False,False,16,19545,24206,amherst_ma
z16/19545_24207.png,z16/19545_24207.png,0.0055818925301233,17.099609375,0.0,0.34562948346138,False,False,False,16,19545,24207,amherst_ma
z16/19545_24208.png,z16/19545_24208.png,0.0052409559488296,14.6005859375,0.0,0.3466358184814453,False,False,False,16,19545,24208,amherst_ma
z16/19545_24209.png,z16/19545_24209.png,0.0036701748768488,9.2998046875,0.0,0.3518319129943847,False,False,False,16,19545,24209,amherst_ma
z16/19545_24210.png,z16/19545_24210.png,0.0024383711318175,7.7998046875,0.0,0.3505696952342987,False,False,False,16,19545,24210,amherst_ma
z16/19545_24211.png,z16/19545_24211.png,0.0024244313438733,5.099609375,0.0,0.3468886613845825,False,False,False,16,19545,24211,amherst_ma
z16/19545_24212.png,z16/19545_24212.png,0.0017475453515847,2.8994140625,0.0,0.3483904004096985,False,False,False,16,19545,24212,amherst_ma
z16/19545_24213.png,z16/19545_24213.png,0.0028369553387165,11.900390625,0.0,0.3451511561870575,False,False,False,16,19545,24213,amherst_ma
z16/19545_24214.png,z16/19545_24214.png,0.004275619983673,16.099609375,0.0,0.3433916568756103,False,False,False,16,19545,24214,amherst_ma
z16/19545_24215.png,z16/19545_24215.png,0.0024569695194562,12.0,0.0,0.3448399305343628,False,False,False,16,19545,24215,amherst_ma
z16/19545_24216.png,z16/19545_24216.png,0.0026223763823509,9.19921875,0.0,0.3446749150753021,False,False,False,16,19545,24216,amherst_ma
z16/19545_24217.png,z16/19545_24217.png,0.0039593095580736,20.8994140625,0.0,0.3417869806289673,False,False,False,16,19545,24217,amherst_ma
z16/19545_24218.png,z16/19545_24218.png,0.0067124714454015,28.599609375,0.034912109375,0.3475286960601806,False,False,False,16,19545,24218,amherst_ma
z16/19545_24219.png,z16/19545_24219.png,0.0044937600692113,34.0,0.00213623046875,0.3488801717758178,False,False,False,16,19545,24219,amherst_ma
z16/19545_24220.png,z16/19545_24220.png,0.003958211094141,28.30078125,0.0088043212890625,0.3513068854808807,False,False,False,16,19545,24220,amherst_ma
z16/19545_24221.png,z16/19545_24221.png,0.0040375376741091,31.2998046875,0.0249481201171875,0.3506274223327636,False,False,False,16,19545,24221,amherst_ma
z16/19545_24222.png,z16/19545_24222.png,0.0057717377940813,19.7001953125,0.0119781494140625,0.3430114388465881,False,False,False,16,19545,24222,amherst_ma
z16/19545_24223.png,z16/19545_24223.png,0.0043199424942334,26.2001953125,0.01458740234375,0.3430607318878174,False,False,False,16,19545,24223,amherst_ma
z16/19545_24224.png,z16/19545_24224.png,0.0060276066263516,49.400390625,0.0073699951171875,0.3369849324226379,False,False,False,16,19545,24224,amherst_ma
z16/19545_24225.png,z16/19545_24225.png,0.0078686520457267,46.7001953125,0.0017242431640625,0.3454903066158294,False,False,False,16,19545,24225,amherst_ma
z16/19545_24226.png,z16/19545_24226.png,0.0099165101846059,38.2001953125,0.0018157958984375,0.3384435176849365,False,False,False,16,19545,24226,amherst_ma
z16/19545_24227.png,z16/19545_24227.png,0.0113918254772822,52.5,0.02764892578125,0.3380222916603088,False,False,False,16,19545,24227,amherst_ma
z16/19545_24228.png,z16/19545_24228.png,0.0084942857424418,62.0,0.0032196044921875,0.3382420241832733,False,False,False,16,19545,24228,amherst_ma
z16/19545_24229.png,z16/19545_24229.png,0.0118342945973078,44.6005859375,0.0,0.3347095549106598,False,False,False,16,19545,24229,amherst_ma
z16/19545_24230.png,z16/19545_24230.png,0.0135431726773579,71.0,0.051300048828125,0.3332410454750061,False,False,False,16,19545,24230,amherst_ma
z16/19545_24231.png,z16/19545_24231.png,0.0129608154296875,70.7001953125,0.0549774169921875,0.3352403342723846,False,False,False,16,19545,24231,amherst_ma
z16/19545_24232.png,z16/19545_24232.png,0.0098630567391713,49.099609375,0.0,0.3366742134094238,False,False,False,16,19545,24232,amherst_ma
z16/19545_24233.png,z16/19545_24233.png,0.0074611624081929,34.2998046875,0.0,0.3413183987140655,False,False,False,16,19545,24233,amherst_ma
z16/19545_24234.png,z16/19545_24234.png,0.001949776460727,6.0,0.0,0.3372972011566162,False,False,False,16,19545,24234,amherst_ma
z16/19545_24235.png,z16/19545_24235.png,0.0016317593554655,3.8994140625,0.0,0.3394370675086975,False,False,False,16,19545,24235,amherst_ma
z16/19545_24236.png,z16/19545_24236.png,0.0027575391034285,6.7001953125,0.0,0.3369451761245727,False,False,False,16,19545,24236,amherst_ma
z16/19545_24237.png,z16/19545_24237.png,0.0020811725407838,5.7998046875,0.0,0.3412606120109558,False,False,False,16,19545,24237,amherst_ma
z16/19545_24238.png,z16/19545_24238.png,0.0018029016753037,5.1005859375,0.0,0.3378161787986755,False,False,False,16,19545,24238,amherst_ma
z16/19545_24239.png,z16/19545_24239.png,0.0022577775021394,6.5,0.0,0.3381166458129883,False,False,False,16,19545,24239,amherst_ma
z16/19545_24240.png,z16/19545_24240.png,0.0066580081979433,16.599609375,0.0,0.3347304761409759,False,False,False,16,19545,24240,amherst_ma
z16/19545_24241.png,z16/19545_24241.png,0.0084746688604354,19.2001953125,0.0,0.3387494683265686,False,False,False,16,19545,24241,amherst_ma
z16/19545_24242.png,z16/19545_24242.png,0.0056069150567054,8.599609375,0.0,0.3405060768127441,False,False,False,16,19545,24242,amherst_ma
z16/19545_24243.png,z16/19545_24243.png,0.0072153761982917,15.400390625,0.0,0.3438239097595215,False,False,False,16,19545,24243,amherst_ma
z16/19545_24244.png,z16/19545_24244.png,0.0055728375911712,18.2001953125,0.0,0.3398123383522033,False,False,False,16,19545,24244,amherst_ma
z16/19545_24245.png,z16/19545_24245.png,0.0017997081081072,4.5,0.0,0.3402063548564911,False,False,False,16,19545,24245,amherst_ma
z16/19545_24246.png,z16/19545_24246.png,0.0014238286763429,2.5,0.0,0.3358872532844543,False,False,False,16,19545,24246,amherst_ma
z16/19545_24247.png,z16/19545_24247.png,0.0016444709151983,3.5,0.0,0.340568482875824,False,False,False,16,19545,24247,amherst_ma
z16/19545_24248.png,z16/19545_24248.png,0.0041792427500089,17.1005859375,0.0,0.3400143682956695,False,False,False,16,19545,24248,amherst_ma
z16/19545_24249.png,z16/19545_24249.png,0.0042848537365595,18.099609375,0.0,0.3376564085483551,False,False,False,16,19545,24249,amherst_ma
z16/19545_24250.png,z16/19545_24250.png,0.0064814150333404,21.7998046875,0.0,0.3398372530937195,False,False,False,16,19545,24250,amherst_ma
z16/19545_24251.png,z16/19545_24251.png,0.0048928320407867,16.7998046875,0.0,0.343462586402893,False,False,False,16,19545,24251,amherst_ma
z16/19545_24252.png,z16/19545_24252.png,0.008521149555842,18.69921875,0.0,0.3398583829402923,False,False,False,16,19545,24252,amherst_ma
z16/19545_24253.png,z16/19545_24253.png,0.0004715678592522,0.30078125,0.0,0.3377945125102997,False,False,False,16,19545,24253,amherst_ma
z16/19545_24254.png,z16/19545_24254.png,0.0024645032982031,6.30078125,0.0,0.3485416769981384,False,False,False,16,19545,24254,amherst_ma
z16/19545_24255.png,z16/19545_24255.png,0.0056576753656069,8.2998046875,0.0,0.3443284034729004,False,False,False,16,19545,24255,amherst_ma
z16/19545_24256.png,z16/19545_24256.png,0.0059275195002555,7.7001953125,0.0,0.3402092158794403,False,False,False,16,19545,24256,amherst_ma
z16/19545_24257.png,z16/19545_24257.png,0.004178233941396,6.5,0.0,0.3387281596660614,False,False,False,16,19545,24257,amherst_ma
z16/19545_24258.png,z16/19545_24258.png,0.0080117627978324,25.7001953125,0.0,0.3423929512500763,False,False,False,16,19545,24258,amherst_ma
z16/19545_24259.png,z16/19545_24259.png,0.0095550129810969,102.3994140625,0.011871337890625,0.3492418229579925,False,False,False,16,19545,24259,amherst_ma
z16/19545_24260.png,z16/19545_24260.png,0.0226462423801422,167.7001953125,0.0015869140625,0.3374757170677185,False,False,False,16,19545,24260,amherst_ma
z16/19545_24261.png,z16/19545_24261.png,0.0188484768072764,136.5,0.0162811279296875,0.3363088071346283,False,False,False,16,19545,24261,amherst_ma
z16/19545_24262.png,z16/19545_24262.png,0.0138227214415868,58.2001953125,0.00836181640625,0.343694269657135,False,False,False,16,19545,24262,amherst_ma
z16/19545_24263.png,z16/19545_24263.png,0.0124636242787043,54.1005859375,0.01605224609375,0.33782559633255,False,False,False,16,19545,24263,amherst_ma
z16/19545_24264.png,z16/19545_24264.png,0.0097976247469584,77.5,1.52587890625e-05,0.3342954218387604,False,False,False,16,19545,24264,amherst_ma
z16/19545_24265.png,z16/19545_24265.png,0.011113237341245,95.7001953125,0.0013580322265625,0.3350204229354858,False,False,False,16,19545,24265,amherst_ma
z16/19545_24266.png,z16/19545_24266.png,0.0164376457532246,100.5,0.008941650390625,0.3397728204727173,False,False,False,16,19545,24266,amherst_ma
z16/19545_24267.png,z16/19545_24267.png,0.022763305902481,79.5,0.0384521484375,0.3492709398269653,False,False,False,16,19545,24267,amherst_ma
z16/19545_24268.png,z16/19545_24268.png,0.0073085635900497,20.0,0.0,0.3509899973869324,False,False,False,16,19545,24268,amherst_ma
z16/19545_24269.png,z16/19545_24269.png,0.0058311621348063,27.0,0.0,0.3505365550518036,False,False,False,16,19545,24269,amherst_ma
z16/19545_24270.png,z16/19545_24270.png,0.0059481526414553,33.2001953125,0.001007080078125,0.3417940735816955,False,False,False,16,19545,24270,amherst_ma
z16/19545_24271.png,z16/19545_24271.png,0.0065621346235275,40.19921875,0.00347900390625,0.3502069115638733,False,False,False,16,19545,24271,amherst_ma
z16/19546_24200.png,z16/19546_24200.png,0.0031904123723506,10.099609375,0.0,0.3482716083526611,False,False,False,16,19546,24200,amherst_ma
z16/19546_24201.png,z16/19546_24201.png,0.0080974539120992,53.0,0.0389862060546875,0.3411851525306701,False,False,False,16,19546,24201,amherst_ma
z16/19546_24202.png,z16/19546_24202.png,0.0036524181564648,13.099609375,0.0,0.345088243484497,False,False,False,16,19546,24202,amherst_ma
z16/19546_24203.png,z16/19546_24203.png,0.0027255627016226,24.0,0.0093994140625,0.34534752368927,False,False,False,16,19546,24203,amherst_ma
z16/19546_24204.png,z16/19546_24204.png,0.0025550534327824,10.8994140625,0.0,0.3452727496623993,False,False,False,16,19546,24204,amherst_ma
z16/19546_24205.png,z16/19546_24205.png,0.0032096460461616,9.2001953125,0.0,0.3588928282260895,False,False,False,16,19546,24205,amherst_ma
z16/19546_24206.png,z16/19546_24206.png,0.0032606261471907,11.0,0.0,0.3502360880374908,False,False,False,16,19546,24206,amherst_ma
z16/19546_24207.png,z16/19546_24207.png,0.0034910870095094,10.900390625,0.0,0.3546224534511566,False,False,False,16,19546,24207,amherst_ma
z16/19546_24208.png,z16/19546_24208.png,0.0019861066093047,4.7998046875,0.0,0.3631654679775238,False,False,False,16,19546,24208,amherst_ma
z16/19546_24209.png,z16/19546_24209.png,0.0019892461597919,6.7998046875,0.0,0.3425568342208862,False,False,False,16,19546,24209,amherst_ma
z16/19546_24210.png,z16/19546_24210.png,0.0031238300104935,8.19921875,0.0,0.3492431044578552,False,False,False,16,19546,24210,amherst_ma
z16/19546_24211.png,z16/19546_24211.png,0.0017596782495578,4.2998046875,0.0,0.3475395143032074,False,False,False,16,19546,24211,amherst_ma
z16/19546_24212.png,z16/19546_24212.png,0.0015349044154087,3.0,0.0,0.3528824746608734,False,False,False,16,19546,24212,amherst_ma
z16/19546_24213.png,z16/19546_24213.png,0.0022514320909976,9.7001953125,0.0,0.3487127423286438,False,False,False,16,19546,24213,amherst_ma
z16/19546_24214.png,z16/19546_24214.png,0.0033499213556448,11.6005859375,0.0,0.3466238379478454,False,False,False,16,19546,24214,amherst_ma
z16/19546_24215.png,z16/19546_24215.png,0.0014965616166591,4.099609375,0.0,0.3439357876777649,False,False,False,16,19546,24215,amherst_ma
z16/19546_24216.png,z16/19546_24216.png,0.0013137720525264,2.0,0.0,0.3483502268791199,False,False,False,16,19546,24216,amherst_ma
z16/19546_24217.png,z16/19546_24217.png,0.0021045416593551,5.8994140625,0.0,0.3422911167144775,False,False,False,16,19546,24217,amherst_ma
z16/19546_24218.png,z16/19546_24218.png,0.0031637204190095,8.2998046875,0.0,0.343079000711441,False,False,False,16,19546,24218,amherst_ma
z16/19546_24219.png,z16/19546_24219.png,0.0042083511749903,10.400390625,0.0,0.3409438133239746,False,False,False,16,19546,24219,amherst_ma
z16/19546_24220.png,z16/19546_24220.png,0.0031323887407779,15.2998046875,0.0,0.3446311354637146,False,False,False,16,19546,24220,amherst_ma
z16/19546_24221.png,z16/19546_24221.png,0.0044483885169029,16.0,0.0,0.3452938795089721,False,False,False,16,19546,24221,amherst_ma
z16/19546_24222.png,z16/19546_24222.png,0.0024991725881894,13.099609375,0.0,0.3385438919067383,False,False,False,16,19546,24222,amherst_ma
z16/19546_24223.png,z16/19546_24223.png,0.0039912357926368,16.6005859375,0.0,0.3354663848876953,False,False,False,16,19546,24223,amherst_ma
z16/19546_24224.png,z16/19546_24224.png,0.0025549831489721,8.5,0.0,0.3462242782115936,False,False,False,16,19546,24224,amherst_ma
z16/19546_24225.png,z16/19546_24225.png,0.0048129474123318,25.7998046875,0.0,0.3495210111141205,False,False,False,16,19546,24225,amherst_ma
z16/19546_24226.png,z16/19546_24226.png,0.0058285797635714,27.400390625,0.011016845703125,0.3475638628005981,False,False,False,16,19546,24226,amherst_ma
z16/19546_24227.png,z16/19546_24227.png,0.0036620135108629,13.5,0.0,0.3371975719928741,False,False,False,16,19546,24227,amherst_ma
z16/19546_24228.png,z16/19546_24228.png,0.0035512350499629,11.19921875,0.0,0.3346628844738006,False,False,False,16,19546,24228,amherst_ma
z16/19546_24229.png,z16/19546_24229.png,0.0029188943405946,6.0,0.0,0.3356102108955383,False,False,False,16,19546,24229,amherst_ma
z16/19546_24230.png,z16/19546_24230.png,0.004651916027069,11.5,0.0,0.3344924747943878,False,False,False,16,19546,24230,amherst_ma
z16/19546_24231.png,z16/19546_24231.png,0.0015091848870118,3.599609375,0.0,0.3331881165504455,False,False,False,16,19546,24231,amherst_ma
z16/19546_24232.png,z16/19546_24232.png,0.0028947268923123,4.7001953125,0.0,0.3320443332195282,False,False,False,16,19546,24232,amherst_ma
z16/19546_24233.png,z16/19546_24233.png,0.0028236600259939,5.599609375,0.0,0.3361607193946838,False,False,False,16,19546,24233,amherst_ma
z16/19546_24234.png,z16/19546_24234.png,0.0021104132135709,7.1005859375,0.0,0.3413420915603637,False,False,False,16,19546,24234,amherst_ma
z16/19546_24235.png,z16/19546_24235.png,0.0017594407002131,4.3994140625,0.0,0.3368639647960663,False,False,False,16,19546,24235,amherst_ma
z16/19546_24236.png,z16/19546_24236.png,0.0018849074840545,3.900390625,0.0,0.3350553214550018,False,False,False,16,19546,24236,amherst_ma
z16/19546_24237.png,z16/19546_24237.png,0.0024587174256642,4.2001953125,0.0,0.336459219455719,False,False,False,16,19546,24237,amherst_ma
z16/19546_24238.png,z16/19546_24238.png,0.0025515171388785,4.2998046875,0.0,0.3382752239704132,False,False,False,16,19546,24238,amherst_ma
z16/19546_24239.png,z16/19546_24239.png,0.003688566883405,9.900390625,0.0,0.3407989740371704,False,False,False,16,19546,24239,amherst_ma
z16/19546_24240.png,z16/19546_24240.png,0.0075181250770886,14.400390625,0.0,0.3433563709259033,False,False,False,16,19546,24240,amherst_ma
z16/19546_24241.png,z16/19546_24241.png,0.0045783072710037,6.7001953125,0.0,0.3412536978721618,False,False,False,16,19546,24241,amherst_ma
z16/19546_24242.png,z16/19546_24242.png,0.0066501080989837,9.2998046875,0.0,0.3459325432777405,False,False,False,16,19546,24242,amherst_ma
z16/19546_24243.png,z16/19546_24243.png,0.0056830262144406,9.0,0.0,0.3426019549369812,False,False,False,16,19546,24243,amherst_ma
z16/19546_24244.png,z16/19546_24244.png,0.0051172072688738,11.2998046875,0.0,0.3392232656478882,False,False,False,16,19546,24244,amherst_ma
z16/19546_24245.png,z16/19546_24245.png,0.0090476324160893,16.2998046875,0.0,0.340616762638092,False,False,False,16,19546,24245,amherst_ma
z16/19546_24246.png,z16/19546_24246.png,0.0017961230129003,3.099609375,0.0,0.3420886695384979,False,False,False,16,19546,24246,amherst_ma
z16/19546_24247.png,z16/19546_24247.png,0.0017753079533576,5.7998046875,0.0,0.3477106690406799,False,False,False,16,19546,24247,amherst_ma
z16/19546_24248.png,z16/19546_24248.png,0.0018899151434501,4.5,0.0,0.3440137803554535,False,False,False,16,19546,24248,amherst_ma
z16/19546_24249.png,z16/19546_24249.png,0.0023890048265457,5.8994140625,0.0,0.336100161075592,False,False,False,16,19546,24249,amherst_ma
z16/19546_24250.png,z16/19546_24250.png,0.0021112849315007,5.7001953125,0.0,0.3406009674072265,False,False,False,16,19546,24250,amherst_ma
z16/19546_24251.png,z16/19546_24251.png,0.0083367536465326,15.2998046875,0.0,0.3418532907962799,False,False,False,16,19546,24251,amherst_ma
z16/19546_24252.png,z16/19546_24252.png,0.0064252858360608,16.0,0.0,0.3396830558776855,False,False,False,16,19546,24252,amherst_ma
z16/19546_24253.png,z16/19546_24253.png,0.008017474412918,11.6005859375,0.0,0.3389873504638672,False,False,False,16,19546,24253,amherst_ma
z16/19546_24254.png,z16/19546_24254.png,0.0071587945024172,15.099609375,0.0,0.3470740616321563,False,False,False,16,19546,24254,amherst_ma
z16/19546_24255.png,z16/19546_24255.png,0.010347028573354,15.7998046875,0.0,0.3436458706855774,False,False,False,16,19546,24255,amherst_ma
z16/19546_24256.png,z16/19546_24256.png,0.0070786361893018,15.2998046875,0.0,0.3476440012454986,False,False,False,16,19546,24256,amherst_ma
z16/19546_24257.png,z16/19546_24257.png,0.0089777608712514,26.5,0.0,0.3460862338542938,False,False,False,16,19546,24257,amherst_ma
z16/19546_24258.png,z16/19546_24258.png,0.0105255524317423,75.599609375,0.0,0.3412789106369018,False,False,False,16,19546,24258,amherst_ma
z16/19546_24259.png,z16/19546_24259.png,0.0257920861244201,196.599609375,0.041229248046875,0.3364877998828888,False,False,False,16,19546,24259,amherst_ma
z16/19546_24260.png,z16/19546_24260.png,0.0173660417397816,110.1005859375,0.0012664794921875,0.3355019092559814,False,False,False,16,19546,24260,amherst_ma
z16/19546_24261.png,z16/19546_24261.png,0.0191994229952494,107.400390625,0.0326385498046875,0.3358190655708313,False,False,False,16,19546,24261,amherst_ma
z16/19546_24262.png,z16/19546_24262.png,0.0086775104204813,50.5,0.003631591796875,0.3400242328643799,False,False,False,16,19546,24262,amherst_ma
z16/19546_24263.png,z16/19546_24263.png,0.0082330405712127,103.5,0.0005950927734375,0.3377957344055176,False,False,False,16,19546,24263,amherst_ma
z16/19546_24264.png,z16/19546_24264.png,0.0072762633363405,139.900390625,0.0048828125,0.3343239724636078,False,False,False,16,19546,24264,amherst_ma
z16/19546_24265.png,z16/19546_24265.png,0.0120703945557276,87.599609375,0.0119781494140625,0.3376376926898956,False,False,False,16,19546,24265,amherst_ma
z16/19546_24266.png,z16/19546_24266.png,0.0206097642580668,83.0,0.0053253173828125,0.3394315838813782,False,False,False,16,19546,24266,amherst_ma
z16/19546_24267.png,z16/19546_24267.png,0.0113646874825159,91.5,0.0242462158203125,0.3421589732170105,False,False,False,16,19546,24267,amherst_ma
z16/19546_24268.png,z16/19546_24268.png,0.0115313440561294,68.8994140625,0.0003204345703125,0.3410215675830841,False,False,False,16,19546,24268,amherst_ma
z16/19546_24269.png,z16/19546_24269.png,0.0125343561172485,85.19921875,0.0014801025390625,0.3427821099758148,False,False,False,16,19546,24269,amherst_ma
z16/19546_24270.png,z16/19546_24270.png,0.0115227172772089,65.1005859375,0.0490570068359375,0.3437005579471588,False,False,False,16,19546,24270,amherst_ma
z16/19546_24271.png,z16/19546_24271.png,0.0203808784484863,60.400390625,0.0137939453125,0.3487237989902496,False,False,False,16,19546,24271,amherst_ma
z16/19547_24200.png,z16/19547_24200.png,0.0028047261138757,7.0,0.0,0.3406334519386291,False,False,False,16,19547,24200,amherst_ma
z16/19547_24201.png,z16/19547_24201.png,0.0077597275376319,41.099609375,0.012664794921875,0.341476559638977,False,False,False,16,19547,24201,amherst_ma
z16/19547_24202.png,z16/19547_24202.png,0.0095017959674199,34.099609375,0.0,0.3469800353050232,False,False,False,16,19547,24202,amherst_ma
z16/19547_24203.png,z16/19547_24203.png,0.0030880577862262,18.0,0.0,0.3453807234764099,False,False,False,16,19547,24203,amherst_ma
z16/19547_24204.png,z16/19547_24204.png,0.0030661409099896,7.2001953125,0.0,0.3414864242076874,False,False,False,16,19547,24204,amherst_ma
z16/19547_24205.png,z16/19547_24205.png,0.0035783934096495,8.3994140625,0.0,0.3467231392860412,False,False,False,16,19547,24205,amherst_ma
z16/19547_24206.png,z16/19547_24206.png,0.0026235205431779,12.0,0.0,0.3494964838027954,False,False,False,16,19547,24206,amherst_ma
z16/19547_24207.png,z16/19547_24207.png,0.0018316309899091,6.400390625,0.0,0.3415868282318115,False,False,False,16,19547,24207,amherst_ma
z16/19547_24208.png,z16/19547_24208.png,0.0018930389235417,5.7001953125,0.0,0.3486964702606201,False,False,False,16,19547,24208,amherst_ma
z16/19547_24209.png,z16/19547_24209.png,0.0020306789626677,5.099609375,0.0,0.3463075757026672,False,False,False,16,19547,24209,amherst_ma
z16/19547_24210.png,z16/19547_24210.png,0.0033453079561392,7.2998046875,0.0,0.3474157750606537,False,False,False,16,19547,24210,amherst_ma
z16/19547_24211.png,z16/19547_24211.png,0.0007959552109241,1.5,0.0,0.3458177447319031,False,False,False,16,19547,24211,amherst_ma
z16/19547_24212.png,z16/19547_24212.png,0.0017452465991179,3.099609375,0.0,0.3462729156017303,False,False,False,16,19547,24212,amherst_ma
z16/19547_24213.png,z16/19547_24213.png,0.0010666190336147,1.69921875,0.0,0.341579794883728,False,False,False,16,19547,24213,amherst_ma
z16/19547_24214.png,z16/19547_24214.png,0.0014797521134217,1.6005859375,0.0,0.339886724948883,False,False,False,16,19547,24214,amherst_ma
z16/19547_24215.png,z16/19547_24215.png,0.0011681384096542,1.099609375,0.0,0.3417382836341858,False,False,False,16,19547,24215,amherst_ma
z16/19547_24216.png,z16/19547_24216.png,0.0013724421461423,1.7001953125,0.0,0.3446463942527771,False,False,False,16,19547,24216,amherst_ma
z16/19547_24217.png,z16/19547_24217.png,0.0016924316684405,3.7001953125,0.0,0.3484562635421753,False,False,False,16,19547,24217,amherst_ma
z16/19547_24218.png,z16/19547_24218.png,0.0014069245507319,2.099609375,0.0,0.3442716002464294,False,False,False,16,19547,24218,amherst_ma
z16/19547_24219.png,z16/19547_24219.png,0.0014340264101823,3.0,0.0,0.343051016330719,False,False,False,16,19547,24219,amherst_ma
z16/19547_24220.png,z16/19547_24220.png,0.0018432653198639,3.1005859375,0.0,0.3408396244049072,False,False,False,16,19547,24220,amherst_ma
z16/19547_24221.png,z16/19547_24221.png,0.0032872026165326,7.7001953125,0.0,0.3379664719104767,False,False,False,16,19547,24221,amherst_ma
z16/19547_24222.png,z16/19547_24222.png,0.0037397493918736,12.400390625,0.0,0.3379026651382446,False,False,False,16,19547,24222,amherst_ma
z16/19547_24223.png,z16/19547_24223.png,0.003738688925902,7.0,0.0,0.3407738804817199,False,False,False,16,19547,24223,amherst_ma
z16/19547_24224.png,z16/19547_24224.png,0.0028669240574042,7.400390625,0.0,0.3375664055347442,False,False,False,16,19547,24224,amherst_ma
z16/19547_24225.png,z16/19547_24225.png,0.0039707819620768,7.19921875,0.0,0.3413343131542206,False,False,False,16,19547,24225,amherst_ma
z16/19547_24226.png,z16/19547_24226.png,0.0041378657023111,8.69921875,0.0,0.3424959778785705,False,False,False,16,19547,24226,amherst_ma
z16/19547_24227.png,z16/19547_24227.png,0.0035350166261196,7.1005859375,0.0,0.3425934016704559,False,False,False,16,19547,24227,amherst_ma
z16/19547_24228.png,z16/19547_24228.png,0.0020274825394153,3.5,0.0,0.3535590767860412,False,False,False,16,19547,24228,amherst_ma
z16/19547_24229.png,z16/19547_24229.png,0.0015606556087732,3.099609375,0.0,0.3413656949996948,False,False,False,16,19547,24229,amherst_ma
z16/19547_24230.png,z16/19547_24230.png,0.0017391807089249,5.5,0.0,0.337448239326477,False,False,False,16,19547,24230,amherst_ma
z16/19547_24231.png,z16/19547_24231.png,0.0021342587967713,6.3994140625,0.0,0.3401861190795898,False,False,False,16,19547,24231,amherst_ma
z16/19547_24232.png,z16/19547_24232.png,0.0040341826776663,13.2001953125,0.0,0.3393410742282867,False,False,False,16,19547,24232,amherst_ma
z16/19547_24233.png,z16/19547_24233.png,0.0033550769090652,9.8994140625,0.0,0.3426070511341095,False,False,False,16,19547,24233,amherst_ma
z16/19547_24234.png,z16/19547_24234.png,0.0029549531638622,8.0,0.0,0.3470365405082702,False,False,False,16,19547,24234,amherst_ma
z16/19547_24235.png,z16/19547_24235.png,0.0030538546542326,8.6005859375,0.0,0.343305379152298,False,False,False,16,19547,24235,amherst_ma
z16/19547_24236.png,z16/19547_24236.png,0.003477443754673,9.2001953125,0.0,0.3491975963115692,False,False,False,16,19547,24236,amherst_ma
z16/19547_24237.png,z16/19547_24237.png,0.0032261783878008,9.19921875,0.0,0.3444501757621765,False,False,False,16,19547,24237,amherst_ma
z16/19547_24238.png,z16/19547_24238.png,0.0033654483656088,8.2001953125,0.0,0.3357059359550476,False,False,False,16,19547,24238,amherst_ma
z16/19547_24239.png,z16/19547_24239.png,0.0049419889847437,10.599609375,0.0,0.3413335382938385,False,False,False,16,19547,24239,amherst_ma
z16/19547_24240.png,z16/19547_24240.png,0.0084044814109802,14.7998046875,0.0,0.3393444418907165,False,False,False,16,19547,24240,amherst_ma
z16/19547_24241.png,z16/19547_24241.png,0.0038347142438093,6.7001953125,0.0,0.3391220271587372,False,False,False,16,19547,24241,amherst_ma
z16/19547_24242.png,z16/19547_24242.png,0.004426921904087,9.0,0.0,0.3500259220600128,False,False,False,16,19547,24242,amherst_ma
z16/19547_24243.png,z16/19547_24243.png,0.005318197607994,8.7001953125,0.0,0.3443588018417358,False,False,False,16,19547,24243,amherst_ma
z16/19547_24244.png,z16/19547_24244.png,0.002793501317501,4.2998046875,0.0,0.3393344283103943,False,False,False,16,19547,24244,amherst_ma
z16/19547_24245.png,z16/19547_24245.png,0.0068816567460695,20.400390625,0.0,0.338836133480072,False,False,False,16,19547,24245,amherst_ma
z16/19547_24246.png,z16/19547_24246.png,0.004931129515171,13.2001953125,0.0,0.3454079031944275,False,False,False,16,19547,24246,amherst_ma
z16/19547_24247.png,z16/19547_24247.png,0.002556250244379,6.5,0.0,0.3560978770256042,False,False,False,16,19547,24247,amherst_ma
z16/19547_24248.png,z16/19547_24248.png,0.0022912107408046,6.400390625,0.0,0.3668827414512634,False,False,False,16,19547,24248,amherst_ma
z16/19547_24249.png,z16/19547_24249.png,0.0038545648256937,6.900390625,0.0,0.3509674668312073,False,False,False,16,19547,24249,amherst_ma
z16/19547_24250.png,z16/19547_24250.png,0.0025797295073668,5.5,0.0,0.3474768102169037,False,False,False,16,19547,24250,amherst_ma
z16/19547_24251.png,z16/19547_24251.png,0.007079688211282,12.0,0.0,0.3458094000816345,False,False,False,16,19547,24251,amherst_ma
z16/19547_24252.png,z16/19547_24252.png,0.0087483704090118,15.099609375,0.0,0.3410558700561523,False,False,False,16,19547,24252,amherst_ma
z16/19547_24253.png,z16/19547_24253.png,0.0037083501617113,10.099609375,0.0,0.3405022919178009,False,False,False,16,19547,24253,amherst_ma
z16/19547_24254.png,z16/19547_24254.png,0.0053619568546613,9.2998046875,0.0,0.3405286073684692,False,False,False,16,19547,24254,amherst_ma
z16/19547_24255.png,z16/19547_24255.png,0.0071118662754694,10.1005859375,0.0,0.3398739397525787,False,False,False,16,19547,24255,amherst_ma
z16/19547_24256.png,z16/19547_24256.png,0.0054379011193911,9.69921875,0.0,0.3427145481109619,False,False,False,16,19547,24256,amherst_ma
z16/19547_24257.png,z16/19547_24257.png,0.0107727259397506,32.400390625,0.0,0.3452094793319702,False,False,False,16,19547,24257,amherst_ma
z16/19547_24258.png,z16/19547_24258.png,0.0191231429576873,146.5,0.0208282470703125,0.3370986580848694,False,False,False,16,19547,24258,amherst_ma
z16/19547_24259.png,z16/19547_24259.png,0.022127612431844,144.0,0.0151214599609375,0.3368240594863891,False,False,False,16,19547,24259,amherst_ma
z16/19547_24260.png,z16/19547_24260.png,0.0140229980150858,132.099609375,0.0098419189453125,0.3374515771865845,False,False,False,16,19547,24260,amherst_ma
z16/19547_24261.png,z16/19547_24261.png,0.0125351587931315,104.30078125,0.007354736328125,0.3407523036003113,False,False,False,16,19547,24261,amherst_ma
z16/19547_24262.png,z16/19547_24262.png,0.0107022702693939,108.0,0.0096893310546875,0.3398616015911102,False,False,False,16,19547,24262,amherst_ma
z16/19547_24263.png,z16/19547_24263.png,0.012824934720993,101.80078125,0.065460205078125,0.3394166231155395,False,False,False,16,19547,24263,amherst_ma
z16/19547_24264.png,z16/19547_24264.png,0.0117883463700612,76.099609375,0.0334014892578125,0.3391720652580261,False,False,False,16,19547,24264,amherst_ma
z16/19547_24265.png,z16/19547_24265.png,0.0097699562708536,64.900390625,0.01318359375,0.3412100076675415,False,False,False,16,19547,24265,amherst_ma
z16/19547_24266.png,z16/19547_24266.png,0.0073983495434125,67.7001953125,0.0008697509765625,0.3421855866909027,False,False,False,16,19547,24266,amherst_ma
z16/19547_24267.png,z16/19547_24267.png,0.0101435095071792,73.7001953125,0.0453948974609375,0.3457583487033844,False,False,False,16,19547,24267,amherst_ma
z16/19547_24268.png,z16/19547_24268.png,0.0152254899342854,61.3994140625,0.0,0.3383530974388122,False,False,False,16,19547,24268,amherst_ma
z16/19547_24269.png,z16/19547_24269.png,0.0145801107088724,40.5,0.0,0.3402656614780426,False,False,False,16,19547,24269,amherst_ma
z16/19547_24270.png,z16/19547_24270.png,0.0087185343106587,31.0,0.0,0.3450109660625458,False,False,False,16,19547,24270,amherst_ma
z16/19547_24271.png,z16/19547_24271.png,0.0061531275510787,21.3994140625,0.0,0.3417089581489563,False,False,False,16,19547,24271,amherst_ma
z16/19548_24200.png,z16/19548_24200.png,0.0015761358042558,4.3994140625,0.0,0.3482857346534729,False,False,False,16,19548,24200,amherst_ma
z16/19548_24201.png,z16/19548_24201.png,0.0035872856775919,13.400390625,0.0,0.344473659992218,False,False,False,16,19548,24201,amherst_ma
z16/19548_24202.png,z16/19548_24202.png,0.0110742588837941,29.2998046875,0.0,0.3453543782234192,False,False,False,16,19548,24202,amherst_ma
z16/19548_24203.png,z16/19548_24203.png,0.0022365639607111,6.900390625,0.0,0.3517193496227264,False,False,False,16,19548,24203,amherst_ma
z16/19548_24204.png,z16/19548_24204.png,0.0024258916576703,6.1005859375,0.0,0.3415935039520263,False,False,False,16,19548,24204,amherst_ma
z16/19548_24205.png,z16/19548_24205.png,0.0044836362202962,11.900390625,0.0,0.3464944362640381,False,False,False,16,19548,24205,amherst_ma
z16/19548_24206.png,z16/19548_24206.png,0.0032841553290685,7.5,0.0,0.3393622636795044,False,False,False,16,19548,24206,amherst_ma
z16/19548_24207.png,z16/19548_24207.png,0.0017312094569206,2.599609375,0.0,0.339293897151947,False,False,False,16,19548,24207,amherst_ma
z16/19548_24208.png,z16/19548_24208.png,0.0022234770158926,6.69921875,0.0,0.3406091928482055,False,False,False,16,19548,24208,amherst_ma
z16/19548_24209.png,z16/19548_24209.png,0.0038681869705518,9.8994140625,0.0,0.3403106331825256,False,False,False,16,19548,24209,amherst_ma
z16/19548_24210.png,z16/19548_24210.png,0.0041527780393759,7.69921875,0.0,0.3426991403102875,False,False,False,16,19548,24210,amherst_ma
z16/19548_24211.png,z16/19548_24211.png,0.0,0.0,0.0,0.3396258056163788,False,False,False,16,19548,24211,amherst_ma
z16/19548_24212.png,z16/19548_24212.png,0.002847292770942,7.5,0.0,0.3377890288829803,False,False,False,16,19548,24212,amherst_ma
z16/19548_24213.png,z16/19548_24213.png,0.0031664967536926,7.2998046875,0.0,0.3383446335792541,False,False,False,16,19548,24213,amherst_ma
z16/19548_24214.png,z16/19548_24214.png,0.0039334058761596,8.19921875,0.0,0.3367075622081756,False,False,False,16,19548,24214,amherst_ma
z16/19548_24215.png,z16/19548_24215.png,0.002824480086565,6.6005859375,0.0,0.3412209451198578,False,False,False,16,19548,24215,amherst_ma
z16/19548_24216.png,z16/19548_24216.png,0.0022371217608451,3.7998046875,0.0,0.3377121090888977,False,False,False,16,19548,24216,amherst_ma
z16/19548_24217.png,z16/19548_24217.png,0.0011855442076921,2.0,0.0,0.3392050862312317,False,False,False,16,19548,24217,amherst_ma
z16/19548_24218.png,z16/19548_24218.png,0.0012553744018077,1.0,0.0,0.3446292877197265,False,False,False,16,19548,24218,amherst_ma
z16/19548_24219.png,z16/19548_24219.png,0.001355600481232,1.0,0.0,0.337925910949707,False,False,False,16,19548,24219,amherst_ma
z16/19548_24220.png,z16/19548_24220.png,0.0012944472332795,2.0,0.0,0.3332234025001526,False,False,False,16,19548,24220,amherst_ma
z16/19548_24221.png,z16/19548_24221.png,9.77078297485908e-05,0.30078125,0.0,0.3341919779777527,False,False,False,16,19548,24221,amherst_ma
z16/19548_24222.png,z16/19548_24222.png,0.0,0.0,0.0,0.333789974451065,False,False,False,16,19548,24222,amherst_ma
z16/19548_24223.png,z16/19548_24223.png,0.0,0.0,0.0,0.3368325233459472,False,False,False,16,19548,24223,amherst_ma
z16/19548_24224.png,z16/19548_24224.png,0.0005936598405241,0.7998046875,0.0,0.338437557220459,False,False,False,16,19548,24224,amherst_ma
z16/19548_24225.png,z16/19548_24225.png,0.0015788705398639,3.0,0.0,0.3410240709781647,False,False,False,16,19548,24225,amherst_ma
z16/19548_24226.png,z16/19548_24226.png,0.0021319471299648,3.1005859375,0.0,0.3569763600826263,False,False,False,16,19548,24226,amherst_ma
z16/19548_24227.png,z16/19548_24227.png,0.0022457328935464,3.7998046875,0.0,0.3444998860359192,False,False,False,16,19548,24227,amherst_ma
z16/19548_24228.png,z16/19548_24228.png,0.0017045838137467,3.5,0.0,0.3586030602455139,False,False,False,16,19548,24228,amherst_ma
z16/19548_24229.png,z16/19548_24229.png,0.0012589868158102,1.1005859375,0.0,0.3392162621021271,False,False,False,16,19548,24229,amherst_ma
z16/19548_24230.png,z16/19548_24230.png,0.00131100465854,1.099609375,0.0,0.3354074954986572,False,False,False,16,19548,24230,amherst_ma
z16/19548_24231.png,z16/19548_24231.png,0.0015758316963911,1.5,0.0,0.3400605916976928,False,False,False,16,19548,24231,amherst_ma
z16/19548_24232.png,z16/19548_24232.png,0.0016745706399281,4.099609375,0.0,0.3393955826759338,False,False,False,16,19548,24232,amherst_ma
z16/19548_24233.png,z16/19548_24233.png,0.0013658013194799,1.099609375,0.0,0.3370945155620575,False,False,False,16,19548,24233,amherst_ma
z16/19548_24234.png,z16/19548_24234.png,0.0010880805552005,1.0,0.0,0.3438443541526794,False,False,False,16,19548,24234,amherst_ma
z16/19548_24235.png,z16/19548_24235.png,0.0013090353459119,2.5,0.0,0.3494438827037811,False,False,False,16,19548,24235,amherst_ma
z16/19548_24236.png,z16/19548_24236.png,0.0018165870259205,3.0,0.0,0.3472837209701538,False,False,False,16,19548,24236,amherst_ma
z16/19548_24237.png,z16/19548_24237.png,0.0042517741521199,9.5,0.0,0.3380004167556762,False,False,False,16,19548,24237,amherst_ma
z16/19548_24238.png,z16/19548_24238.png,0.0042238563299179,10.2998046875,0.0,0.3379905521869659,False,False,False,16,19548,24238,amherst_ma
z16/19548_24239.png,z16/19548_24239.png,0.003774865468343,7.19921875,0.0,0.3471523225307464,False,False,False,16,19548,24239,amherst_ma
z16/19548_24240.png,z16/19548_24240.png,0.0069070587555567,15.1005859375,0.0,0.340440571308136,False,False,False,16,19548,24240,amherst_ma
z16/19548_24241.png,z16/19548_24241.png,0.0055300240715344,8.900390625,0.0,0.3391010463237762,False,False,False,16,19548,24241,amherst_ma
z16/19548_24242.png,z16/19548_24242.png,0.0048234015703201,9.2001953125,0.0,0.3459670543670654,False,False,False,16,19548,24242,amherst_ma
z16/19548_24243.png,z16/19548_24243.png,0.0030826233327388,8.5,0.0,0.3457269072532654,False,False,False,16,19548,24243,amherst_ma
z16/19548_24244.png,z16/19548_24244.png,0.0048931936422983,7.0,0.0,0.3414923548698425,False,False,False,16,19548,24244,amherst_ma
z16/19548_24245.png,z16/19548_24245.png,0.006664269665877,10.2998046875,0.0,0.3406699299812317,False,False,False,16,19548,24245,amherst_ma
z16/19548_24246.png,z16/19548_24246.png,0.0047874932487805,13.2001953125,0.0,0.3564993143081665,False,False,False,16,19548,24246,amherst_ma
z16/19548_24247.png,z16/19548_24247.png,0.0038771644234657,5.7998046875,0.0,0.3529547452926636,False,False,False,16,19548,24247,amherst_ma
z16/19548_24248.png,z16/19548_24248.png,0.0043531397978464,6.0,0.0,0.3613834679126739,False,False,False,16,19548,24248,amherst_ma
z16/19548_24249.png,z16/19548_24249.png,0.0041536462803681,6.2998046875,0.0,0.3426771163940429,False,False,False,16,19548,24249,amherst_ma
z16/19548_24250.png,z16/19548_24250.png,0.0056809812784194,8.099609375,0.0,0.344683289527893,False,False,False,16,19548,24250,amherst_ma
z16/19548_24251.png,z16/19548_24251.png,0.0047732527057329,8.900390625,0.0,0.3464530706405639,False,False,False,16,19548,24251,amherst_ma
z16/19548_24252.png,z16/19548_24252.png,0.0012534240881601,1.30078125,0.0,0.3457649946212768,False,False,False,16,19548,24252,amherst_ma
z16/19548_24253.png,z16/19548_24253.png,0.0011775195598602,0.900390625,0.0,0.3432807922363281,False,False,False,16,19548,24253,amherst_ma
z16/19548_24254.png,z16/19548_24254.png,0.0049858316779136,8.0,0.0,0.3415006995201111,False,False,False,16,19548,24254,amherst_ma
z16/19548_24255.png,z16/19548_24255.png,0.0056026046474774,10.099609375,0.0,0.3406421840190887,False,False,False,16,19548,24255,amherst_ma
z16/19548_24256.png,z16/19548_24256.png,0.0072394465406735,11.5,0.0,0.3445308804512024,False,False,False,16,19548,24256,amherst_ma
z16/19548_24257.png,z16/19548_24257.png,0.0092039396365483,21.6005859375,0.0,0.3429467380046844,False,False,False,16,19548,24257,amherst_ma
z16/19548_24258.png,z16/19548_24258.png,0.0368942101796468,189.2998046875,0.0220794677734375,0.3363111615180969,False,False,False,16,19548,24258,amherst_ma
z16/19548_24259.png,z16/19548_24259.png,0.0148046483596165,115.2001953125,0.02801513671875,0.3347393274307251,False,False,False,16,19548,24259,amherst_ma
z16/19548_24260.png,z16/19548_24260.png,0.0096299717823664,94.7001953125,0.0205230712890625,0.3368261754512787,False,False,False,16,19548,24260,amherst_ma
z16/19548_24261.png,z16/19548_24261.png,0.0087195495764414,71.400390625,0.0442047119140625,0.3399587273597717,False,False,False,16,19548,24261,amherst_ma
z16/19548_24262.png,z16/19548_24262.png,0.0136895149946212,42.5,0.0,0.3458374142646789,False,False,False,16,19548,24262,amherst_ma
z16/19548_24263.png,z16/19548_24263.png,0.0108373969793319,52.69921875,0.03125,0.3414683938026428,False,False,False,16,19548,24263,amherst_ma
z16/19548_24264.png,z16/19548_24264.png,0.0080227126677831,88.0,0.0269317626953125,0.3401582241058349,False,False,False,16,19548,24264,amherst_ma
z16/19548_24265.png,z16/19548_24265.png,0.0123361736536026,79.0,0.0,0.3439061343669891,False,False,False,16,19548,24265,amherst_ma
z16/19548_24266.png,z16/19548_24266.png,0.012112221121788,36.7001953125,0.0,0.3434705436229706,False,False,False,16,19548,24266,amherst_ma
z16/19548_24267.png,z16/19548_24267.png,0.0095662186543146,32.599609375,0.0,0.3436992168426513,False,False,False,16,19548,24267,amherst_ma
z16/19548_24268.png,z16/19548_24268.png,0.0073819195230801,35.8994140625,0.0034942626953125,0.3382675647735595,False,False,False,16,19548,24268,amherst_ma
z16/19548_24269.png,z16/19548_24269.png,0.0052819122870763,23.7001953125,0.008819580078125,0.3480476438999176,False,False,False,16,19548,24269,amherst_ma
z16/19548_24270.png,z16/19548_24270.png,0.0045920833945274,24.599609375,0.0,0.3376235961914062,False,False,False,16,19548,24270,amherst_ma
z16/19548_24271.png,z16/19548_24271.png,0.0034191963573296,10.3994140625,0.0,0.3404403626918793,False,False,False,16,19548,24271,amherst_ma
z16/19549_24200.png,z16/19549_24200.png,0.001375080148379,1.599609375,0.0,0.3634901642799377,False,False,False,16,19549,24200,amherst_ma
z16/19549_24201.png,z16/19549_24201.png,0.0054600343108177,20.2998046875,0.0,0.3379533588886261,False,False,False,16,19549,24201,amherst_ma
z16/19549_24202.png,z16/19549_24202.png,0.0140312145153681,27.7001953125,0.0,0.3502116799354553,False,False,False,16,19549,24202,amherst_ma
z16/19549_24203.png,z16/19549_24203.png,0.0023508183658123,10.2001953125,0.0,0.3600787222385406,False,False,False,16,19549,24203,amherst_ma
z16/19549_24204.png,z16/19549_24204.png,0.0031171105802059,11.6005859375,0.0,0.3693730235099792,False,False,False,16,19549,24204,amherst_ma
z16/19549_24205.png,z16/19549_24205.png,0.0025185714165369,7.5,0.0,0.3455806672573089,False,False,False,16,19549,24205,amherst_ma
z16/19549_24206.png,z16/19549_24206.png,0.0020433392375707,4.7998046875,0.0,0.3413105607032776,False,False,False,16,19549,24206,amherst_ma
z16/19549_24207.png,z16/19549_24207.png,0.0030125372111797,6.7001953125,0.0,0.3457541465759277,False,False,False,16,19549,24207,amherst_ma
z16/19549_24208.png,z16/19549_24208.png,0.0038110807538032,6.0,0.0,0.341115266084671,False,False,False,16,19549,24208,amherst_ma
z16/19549_24209.png,z16/19549_24209.png,0.0022759594023227,4.7001953125,0.0,0.3481166660785675,False,False,False,16,19549,24209,amherst_ma
z16/19549_24210.png,z16/19549_24210.png,0.0007912238438924,2.19921875,0.0,0.3382996320724487,False,False,False,16,19549,24210,amherst_ma
z16/19549_24211.png,z16/19549_24211.png,0.0026246694227059,4.1005859375,0.0,0.3407599627971649,False,False,False,16,19549,24211,amherst_ma
z16/19549_24212.png,z16/19549_24212.png,0.0054978281259536,14.19921875,0.0,0.3406494855880737,False,False,False,16,19549,24212,amherst_ma
z16/19549_24213.png,z16/19549_24213.png,0.0024659752845764,7.2001953125,0.0,0.34382164478302,False,False,False,16,19549,24213,amherst_ma
z16/19549_24214.png,z16/19549_24214.png,0.0026664609710375,4.2001953125,0.0,0.3381177186965942,False,False,False,16,19549,24214,amherst_ma
z16/19549_24215.png,z16/19549_24215.png,0.0019007325172424,4.099609375,0.0,0.3366979956626892,False,False,False,16,19549,24215,amherst_ma
z16/19549_24216.png,z16/19549_24216.png,0.0017018706848224,3.099609375,0.0,0.3370997011661529,False,False,False,16,19549,24216,amherst_ma
z16/19549_24217.png,z16/19549_24217.png,0.0011517965545256,1.099609375,0.0,0.3411933183670044,False,False,False,16,19549,24217,amherst_ma
z16/19549_24218.png,z16/19549_24218.png,0.0012963753193616,2.099609375,0.0,0.3529811501502991,False,False,False,16,19549,24218,amherst_ma
z16/19549_24219.png,z16/19549_24219.png,0.0012658105542262,2.0,0.0,0.33856201171875,False,False,False,16,19549,24219,amherst_ma
z16/19549_24220.png,z16/19549_24220.png,0.0014001095046599,3.0,0.0,0.3353459239006042,False,False,False,16,19549,24220,amherst_ma
z16/19549_24221.png,z16/19549_24221.png,0.0018631587425867,3.1005859375,0.0,0.337441474199295,False,False,False,16,19549,24221,amherst_ma
z16/19549_24222.png,z16/19549_24222.png,0.0001219282159581,0.2998046875,0.0,0.3400293290615082,False,False,False,16,19549,24222,amherst_ma
z16/19549_24223.png,z16/19549_24223.png,0.0,0.0,0.0,0.3435209393501282,False,False,False,16,19549,24223,amherst_ma
z16/19549_24224.png,z16/19549_24224.png,0.001150036851565,2.8994140625,0.0,0.3446748554706573,False,False,False,16,19549,24224,amherst_ma
z16/19549_24225.png,z16/19549_24225.png,0.0066521495580673,16.900390625,0.0,0.3448572158813476,False,False,False,16,19549,24225,amherst_ma
z16/19549_24226.png,z16/19549_24226.png,0.0075761551658312,19.1005859375,0.0,0.3435928523540497,False,False,False,16,19549,24226,amherst_ma
z16/19549_24227.png,z16/19549_24227.png,0.0054134840766588,14.8994140625,0.0,0.3455324470996856,False,False,False,16,19549,24227,amherst_ma
z16/19549_24228.png,z16/19549_24228.png,0.0066197882095972,16.3994140625,0.0,0.3441193699836731,False,False,False,16,19549,24228,amherst_ma
z16/19549_24229.png,z16/19549_24229.png,0.0016914429763952,3.900390625,0.0,0.3417187035083771,False,False,False,16,19549,24229,amherst_ma
z16/19549_24230.png,z16/19549_24230.png,0.0015326395630836,3.099609375,0.0,0.347363144159317,False,False,False,16,19549,24230,amherst_ma
z16/19549_24231.png,z16/19549_24231.png,0.0016473919153213,3.0,0.0,0.3434180319309234,False,False,False,16,19549,24231,amherst_ma
z16/19549_24232.png,z16/19549_24232.png,0.001422544196248,3.099609375,0.0,0.3416521549224853,False,False,False,16,19549,24232,amherst_ma
z16/19549_24233.png,z16/19549_24233.png,0.0022161893546581,6.0,0.0,0.3456881940364837,False,False,False,16,19549,24233,amherst_ma
z16/19549_24234.png,z16/19549_24234.png,0.0011720149467388,1.0,0.0,0.34335657954216,False,False,False,16,19549,24234,amherst_ma
z16/19549_24235.png,z16/19549_24235.png,0.0016277345518271,2.8994140625,0.0,0.3478956222534179,False,False,False,16,19549,24235,amherst_ma
z16/19549_24236.png,z16/19549_24236.png,0.0042116661866505,12.400390625,0.0,0.3432963192462921,False,False,False,16,19549,24236,amherst_ma
z16/19549_24237.png,z16/19549_24237.png,0.0048195178310076,9.0,0.0,0.3366982936859131,False,False,False,16,19549,24237,amherst_ma
z16/19549_24238.png,z16/19549_24238.png,0.0032090517381827,8.599609375,0.0,0.346736878156662,False,False,False,16,19549,24238,amherst_ma
z16/19549_24239.png,z16/19549_24239.png,0.0055322090784708,15.099609375,0.0,0.3443167507648468,False,False,False,16,19549,24239,amherst_ma
z16/19549_24240.png,z16/19549_24240.png,0.0054429650306701,15.5,0.0,0.3422252237796783,False,False,False,16,19549,24240,amherst_ma
z16/19549_24241.png,z16/19549_24241.png,0.007867507636547,9.400390625,0.0,0.3476270139217376,False,False,False,16,19549,24241,amherst_ma
z16/19549_24242.png,z16/19549_24242.png,0.0079342494408289,9.7998046875,0.0,0.3466478884220123,False,False,False,16,19549,24242,amherst_ma
z16/19549_24243.png,z16/19549_24243.png,0.0015335721274216,2.5,0.0,0.3477663397789001,False,False,False,16,19549,24243,amherst_ma
z16/19549_24244.png,z16/19549_24244.png,0.0018304046243429,4.2001953125,0.0,0.346651017665863,False,False,False,16,19549,24244,amherst_ma
z16/19549_24245.png,z16/19549_24245.png,0.0049911270538965,7.400390625,0.0,0.3458381295204162,False,False,False,16,19549,24245,amherst_ma
z16/19549_24246.png,z16/19549_24246.png,0.0045355270306269,7.2998046875,0.0,0.3537016212940216,False,False,False,16,19549,24246,amherst_ma
z16/19549_24247.png,z16/19549_24247.png,0.0017622550328572,7.099609375,0.0,0.3488698303699493,False,False,False,16,19549,24247,amherst_ma
z16/19549_24248.png,z16/19549_24248.png,0.0012802086770534,1.0,0.0,0.358122706413269,False,False,False,16,19549,24248,amherst_ma
z16/19549_24249.png,z16/19549_24249.png,0.0009712514157096,0.400390625,0.0,0.3431987166404724,False,False,False,16,19549,24249,amherst_ma
z16/19549_24250.png,z16/19549_24250.png,0.0011126615107059,0.599609375,0.0,0.3353408575057983,False,False,False,16,19549,24250,amherst_ma
z16/19549_24251.png,z16/19549_24251.png,0.0009624967351555,1.7998046875,0.0,0.3469768464565277,False,False,False,16,19549,24251,amherst_ma
z16/19549_24252.png,z16/19549_24252.png,0.0015555281192064,2.19921875,0.0,0.3349472880363464,False,False,False,16,19549,24252,amherst_ma
z16/19549_24253.png,z16/19549_24253.png,0.0014423847198486,5.2998046875,0.0,0.3379576802253723,False,False,False,16,19549,24253,amherst_ma
z16/19549_24254.png,z16/19549_24254.png,0.0070848762989044,9.2998046875,0.0,0.3420585989952087,False,False,False,16,19549,24254,amherst_ma
z16/19549_24255.png,z16/19549_24255.png,0.0049867252508799,7.5,0.0,0.3488434851169586,False,False,False,16,19549,24255,amherst_ma
z16/19549_24256.png,z16/19549_24256.png,0.0060771817962328,9.2998046875,0.0,0.3611294329166412,False,False,False,16,19549,24256,amherst_ma
z16/19549_24257.png,z16/19549_24257.png,0.0056317975123723,9.0,0.0,0.3629823327064514,False,False,False,16,19549,24257,amherst_ma
z16/19549_24258.png,z16/19549_24258.png,0.0267472068468729,126.400390625,0.0,0.339629590511322,False,False,False,16,19549,24258,amherst_ma
z16/19549_24259.png,z16/19549_24259.png,0.0155815690755844,118.0,0.0384979248046875,0.3346677124500274,False,False,False,16,19549,24259,amherst_ma
z16/19549_24260.png,z16/19549_24260.png,0.0128773897886276,73.2998046875,0.0,0.3545841872692108,False,False,False,16,19549,24260,amherst_ma
z16/19549_24261.png,z16/19549_24261.png,0.0115330825249354,29.2001953125,0.0,0.3382169604301452,False,False,False,16,19549,24261,amherst_ma
z16/19549_24262.png,z16/19549_24262.png,0.0128002305825551,46.2998046875,0.031494140625,0.3420830368995666,False,False,False,16,19549,24262,amherst_ma
z16/19549_24263.png,z16/19549_24263.png,0.0125026722749074,52.7998046875,0.0,0.3480997383594513,False,False,False,16,19549,24263,amherst_ma
z16/19549_24264.png,z16/19549_24264.png,0.0110140601793924,40.2001953125,0.0,0.3450929224491119,False,False,False,16,19549,24264,amherst_ma
z16/19549_24265.png,z16/19549_24265.png,0.0102757553259531,21.0,0.0,0.346853107213974,False,False,False,16,19549,24265,amherst_ma
z16/19549_24266.png,z16/19549_24266.png,0.0088974724213282,25.30078125,0.0,0.3496465981006622,False,False,False,16,19549,24266,amherst_ma
z16/19549_24267.png,z16/19549_24267.png,0.0032473218937714,11.7998046875,0.0,0.3489025831222534,False,False,False,16,19549,24267,amherst_ma
z16/19549_24268.png,z16/19549_24268.png,0.0037676580250263,23.599609375,0.026031494140625,0.3427670300006866,False,False,False,16,19549,24268,amherst_ma
z16/19549_24269.png,z16/19549_24269.png,0.0046900769074757,30.0,0.0265960693359375,0.3507418036460876,False,False,False,16,19549,24269,amherst_ma
z16/19549_24270.png,z16/19549_24270.png,0.0051515365640322,36.599609375,0.0171966552734375,0.3458368480205536,False,False,False,16,19549,24270,amherst_ma
z16/19549_24271.png,z16/19549_24271.png,0.0056912412246068,35.5,0.0,0.3427138030529022,False,False,False,16,19549,24271,amherst_ma
z16/19550_24200.png,z16/19550_24200.png,0.0110060592492421,31.2001953125,0.0,0.342907577753067,False,False,False,16,19550,24200,amherst_ma
z16/19550_24201.png,z16/19550_24201.png,0.0119357417027155,34.19921875,0.0190887451171875,0.3415098488330841,False,False,False,16,19550,24201,amherst_ma
z16/19550_24202.png,z16/19550_24202.png,0.0101637423038482,23.7001953125,0.0,0.3494717478752136,False,False,False,16,19550,24202,amherst_ma
z16/19550_24203.png,z16/19550_24203.png,0.0018950782716274,7.2001953125,0.0,0.3410592973232269,False,False,False,16,19550,24203,amherst_ma
z16/19550_24204.png,z16/19550_24204.png,0.0028402350842952,6.599609375,0.0,0.3442393541336059,False,False,False,16,19550,24204,amherst_ma
z16/19550_24205.png,z16/19550_24205.png,0.003373281409343,10.5,0.0,0.3423807919025421,False,False,False,16,19550,24205,amherst_ma
z16/19550_24206.png,z16/19550_24206.png,0.0035762670139471,6.7001953125,0.0,0.3486765325069427,False,False,False,16,19550,24206,amherst_ma
z16/19550_24207.png,z16/19550_24207.png,0.0017289875696102,3.0,0.0,0.3514146208763122,False,False,False,16,19550,24207,amherst_ma
z16/19550_24208.png,z16/19550_24208.png,0.0028662656744321,4.0,0.0,0.3461955189704895,False,False,False,16,19550,24208,amherst_ma
z16/19550_24209.png,z16/19550_24209.png,0.0021433345973491,4.0,0.0,0.3506353795528412,False,False,False,16,19550,24209,amherst_ma
z16/19550_24210.png,z16/19550_24210.png,0.0013832968970139,2.099609375,0.0,0.3456722497940063,False,False,False,16,19550,24210,amherst_ma
z16/19550_24211.png,z16/19550_24211.png,0.0012934077531099,3.099609375,0.0,0.3431628346443176,False,False,False,16,19550,24211,amherst_ma
z16/19550_24212.png,z16/19550_24212.png,0.0061585331956545,13.69921875,0.0,0.3467588126659393,False,False,False,16,19550,24212,amherst_ma
z16/19550_24213.png,z16/19550_24213.png,0.0055062408248583,12.8994140625,0.0,0.3389076292514801,False,False,False,16,19550,24213,amherst_ma
z16/19550_24214.png,z16/19550_24214.png,0.0031632823248704,13.7998046875,0.0,0.3397576808929443,False,False,False,16,19550,24214,amherst_ma
z16/19550_24215.png,z16/19550_24215.png,0.0047018672029177,12.2001953125,0.0,0.3401803970336914,False,False,False,16,19550,24215,amherst_ma
z16/19550_24216.png,z16/19550_24216.png,0.0049530550837516,11.19921875,0.0,0.3398779630661011,False,False,False,16,19550,24216,amherst_ma
z16/19550_24217.png,z16/19550_24217.png,0.0055574342608451,11.7001953125,0.0,0.3418889045715332,False,False,False,16,19550,24217,amherst_ma
z16/19550_24218.png,z16/19550_24218.png,0.0021451517939567,7.19921875,0.0,0.3439391851425171,False,False,False,16,19550,24218,amherst_ma
z16/19550_24219.png,z16/19550_24219.png,0.0011676017194986,2.099609375,0.0,0.3483497202396393,False,False,False,16,19550,24219,amherst_ma
z16/19550_24220.png,z16/19550_24220.png,0.0015598781406879,4.1005859375,0.0,0.3424983620643616,False,False,False,16,19550,24220,amherst_ma
z16/19550_24221.png,z16/19550_24221.png,0.0020423044761021,4.1005859375,0.0,0.3374441564083099,False,False,False,16,19550,24221,amherst_ma
z16/19550_24222.png,z16/19550_24222.png,0.0020634214083353,5.2001953125,0.0,0.3462486863136291,False,False,False,16,19550,24222,amherst_ma
z16/19550_24223.png,z16/19550_24223.png,0.0058297033111254,12.099609375,0.0,0.3409335911273956,False,False,False,16,19550,24223,amherst_ma
z16/19550_24224.png,z16/19550_24224.png,0.0060008307298024,13.099609375,0.0,0.3368802964687347,False,False,False,16,19550,24224,amherst_ma
z16/19550_24225.png,z16/19550_24225.png,0.0030843826631704,11.80078125,0.0,0.3357726335525512,False,False,False,16,19550,24225,amherst_ma
z16/19550_24226.png,z16/19550_24226.png,0.0011232022196054,1.80078125,0.0,0.3340576291084289,False,False,False,16,19550,24226,amherst_ma
z16/19550_24227.png,z16/19550_24227.png,0.0023215249180793,5.099609375,0.0,0.3594297468662262,False,False,False,16,19550,24227,amherst_ma
z16/19550_24228.png,z16/19550_24228.png,0.0053460642695426,18.0,0.0,0.3486040532588959,False,False,False,16,19550,24228,amherst_ma
z16/19550_24229.png,z16/19550_24229.png,0.0073682496945063,18.900390625,0.0,0.3462902307510376,False,False,False,16,19550,24229,amherst_ma
z16/19550_24230.png,z16/19550_24230.png,0.0075505698720614,17.099609375,0.0,0.3395652770996094,False,False,False,16,19550,24230,amherst_ma
z16/19550_24231.png,z16/19550_24231.png,0.0073115105430285,16.3994140625,0.0,0.3386917412281036,False,False,False,16,19550,24231,amherst_ma
z16/19550_24232.png,z16/19550_24232.png,0.0071766376495361,16.0,0.0,0.3424181342124939,False,False,False,16,19550,24232,amherst_ma
z16/19550_24233.png,z16/19550_24233.png,0.0068598543604214,16.099609375,0.0,0.3411011695861816,False,False,False,16,19550,24233,amherst_ma
z16/19550_24234.png,z16/19550_24234.png,0.0046921188632647,12.900390625,0.0,0.3453214466571808,False,False,False,16,19550,24234,amherst_ma
z16/19550_24235.png,z16/19550_24235.png,0.0039504302044709,9.0,0.0,0.3501753509044647,False,False,False,16,19550,24235,amherst_ma
z16/19550_24236.png,z16/19550_24236.png,0.0050268938144048,13.2998046875,0.0,0.3419441282749176,False,False,False,16,19550,24236,amherst_ma
z16/19550_24237.png,z16/19550_24237.png,0.0041188719371954,8.7998046875,0.0,0.3452878296375274,False,False,False,16,19550,24237,amherst_ma
z16/19550_24238.png,z16/19550_24238.png,0.0039852810402711,11.099609375,0.0,0.3482893109321594,False,False,False,16,19550,24238,amherst_ma
z16/19550_24239.png,z16/19550_24239.png,0.0029329811533292,5.1005859375,0.0,0.3405801057815552,False,False,False,16,19550,24239,amherst_ma
z16/19550_24240.png,z16/19550_24240.png,0.0020834495623906,5.5,0.0,0.3459326028823852,False,False,False,16,19550,24240,amherst_ma
z16/19550_24241.png,z16/19550_24241.png,0.0035278148949146,8.900390625,0.0,0.3442365825176239,False,False,False,16,19550,24241,amherst_ma
z16/19550_24242.png,z16/19550_24242.png,0.0070097501079241,9.7998046875,0.0,0.3488272428512573,False,False,False,16,19550,24242,amherst_ma
z16/19550_24243.png,z16/19550_24243.png,0.0014753433565298,2.19921875,0.0,0.3446664810180664,False,False,False,16,19550,24243,amherst_ma
z16/19550_24244.png,z16/19550_24244.png,0.0014341661085685,2.0,0.0,0.3465031683444977,False,False,False,16,19550,24244,amherst_ma
z16/19550_24245.png,z16/19550_24245.png,0.0027029956380526,3.400390625,0.0,0.3507324457168579,False,False,False,16,19550,24245,amherst_ma
z16/19550_24246.png,z16/19550_24246.png,0.0030692902704079,4.2998046875,0.0,0.3542082905769348,False,False,False,16,19550,24246,amherst_ma
z16/19550_24247.png,z16/19550_24247.png,0.0034963163236776,7.0,0.0,0.3483777344226837,False,False,False,16,19550,24247,amherst_ma
z16/19550_24248.png,z16/19550_24248.png,0.0008872316529353,0.6005859375,0.0,0.3464116752147674,False,False,False,16,19550,24248,amherst_ma
z16/19550_24249.png,z16/19550_24249.png,0.0010065032169222,0.7998046875,0.0,0.3366004824638366,False,False,False,16,19550,24249,amherst_ma
z16/19550_24250.png,z16/19550_24250.png,0.0011682007461786,0.7998046875,0.0,0.3452157974243164,False,False,False,16,19550,24250,amherst_ma
z16/19550_24251.png,z16/19550_24251.png,0.0012586635847886,1.099609375,0.0,0.3509226441383362,False,False,False,16,19550,24251,amherst_ma
z16/19550_24252.png,z16/19550_24252.png,0.0037702322006225,9.2998046875,0.0,0.340209037065506,False,False,False,16,19550,24252,amherst_ma
z16/19550_24253.png,z16/19550_24253.png,0.0056166226665178,9.400390625,0.0,0.3450711369514465,False,False,False,16,19550,24253,amherst_ma
z16/19550_24254.png,z16/19550_24254.png,0.0050365895032882,9.099609375,0.0,0.3582301437854767,False,False,False,16,19550,24254,amherst_ma
z16/19550_24255.png,z16/19550_24255.png,0.0035987642904122,13.8994140625,0.0,0.3839505910873413,False,False,False,16,19550,24255,amherst_ma
z16/19550_24256.png,z16/19550_24256.png,0.0053500011563301,12.7998046875,0.0,0.3743389546871185,False,False,False,16,19550,24256,amherst_ma
z16/19550_24257.png,z16/19550_24257.png,0.0074623038371404,21.3994140625,0.0,0.353476732969284,False,False,False,16,19550,24257,amherst_ma
z16/19550_24258.png,z16/19550_24258.png,0.0061021263400713,9.599609375,0.0,0.3459388315677643,False,False,False,16,19550,24258,amherst_ma
z16/19550_24259.png,z16/19550_24259.png,0.0138768812020619,47.5,0.0,0.3379207253456116,False,False,False,16,19550,24259,amherst_ma
z16/19550_24260.png,z16/19550_24260.png,0.0078198596835136,30.0,0.0,0.3489780128002167,False,False,False,16,19550,24260,amherst_ma
z16/19550_24261.png,z16/19550_24261.png,0.0097873965899149,36.7998046875,0.0,0.3386370241641998,False,False,False,16,19550,24261,amherst_ma
z16/19550_24262.png,z16/19550_24262.png,0.0080845822890599,40.7998046875,0.0,0.344780683517456,False,False,False,16,19550,24262,amherst_ma
z16/19550_24263.png,z16/19550_24263.png,0.0067383766174316,14.400390625,0.0,0.3498144149780273,False,False,False,16,19550,24263,amherst_ma
z16/19550_24264.png,z16/19550_24264.png,0.0060693601767222,22.2998046875,0.0,0.3525080680847168,False,False,False,16,19550,24264,amherst_ma
z16/19550_24265.png,z16/19550_24265.png,0.0045529584089914,25.2001953125,0.0210418701171875,0.3492164313793182,False,False,False,16,19550,24265,amherst_ma
z16/19550_24266.png,z16/19550_24266.png,0.0027943782508373,13.3994140625,0.0,0.3631680309772491,False,False,False,16,19550,24266,amherst_ma
z16/19550_24267.png,z16/19550_24267.png,0.004943610727787,23.2998046875,0.0,0.3481250703334808,False,False,False,16,19550,24267,amherst_ma
z16/19550_24268.png,z16/19550_24268.png,0.0038306328157583,27.400390625,0.000518798828125,0.3537044823169708,False,False,False,16,19550,24268,amherst_ma
z16/19550_24269.png,z16/19550_24269.png,0.0028891722361246,16.599609375,0.0,0.3639267683029175,False,False,False,16,19550,24269,amherst_ma
z16/19550_24270.png,z16/19550_24270.png,0.0028224396208922,17.400390625,0.0,0.3530911207199096,False,False,False,16,19550,24270,amherst_ma
z16/19550_24271.png,z16/19550_24271.png,0.0029973283410072,31.2998046875,0.0012664794921875,0.3516484797000885,False,False,False,16,19550,24271,amherst_ma
z16/19551_24200.png,z16/19551_24200.png,0.0108619838953018,47.7998046875,0.00823974609375,0.3352022767066955,False,False,False,16,19551,24200,amherst_ma
z16/19551_24201.png,z16/19551_24201.png,0.010328256090482,40.19921875,0.002166748046875,0.3385558724403381,False,False,False,16,19551,24201,amherst_ma
z16/19551_24202.png,z16/19551_24202.png,0.0042250533898671,23.7998046875,0.0,0.350569486618042,False,False,False,16,19551,24202,amherst_ma
z16/19551_24203.png,z16/19551_24203.png,0.0041486827035744,15.69921875,0.0,0.3496303856372833,False,False,False,16,19551,24203,amherst_ma
z16/19551_24204.png,z16/19551_24204.png,0.0044264838099479,17.5,0.0,0.3465993702411651,False,False,False,16,19551,24204,amherst_ma
z16/19551_24205.png,z16/19551_24205.png,0.0030134846766789,11.5,0.0,0.3388528227806091,False,False,False,16,19551,24205,amherst_ma
z16/19551_24206.png,z16/19551_24206.png,0.0024804189801216,6.5,0.0,0.3412512838840484,False,False,False,16,19551,24206,amherst_ma
z16/19551_24207.png,z16/19551_24207.png,0.0024328934649626,5.0,0.0,0.3506161570549011,False,False,False,16,19551,24207,amherst_ma
z16/19551_24208.png,z16/19551_24208.png,0.0039175617198149,17.400390625,0.0,0.3437443673610687,False,False,False,16,19551,24208,amherst_ma
z16/19551_24209.png,z16/19551_24209.png,0.0058645611008008,17.900390625,0.0,0.3453179001808166,False,False,False,16,19551,24209,amherst_ma
z16/19551_24210.png,z16/19551_24210.png,0.0021438633402188,6.7998046875,0.0,0.3556883633136749,False,False,False,16,19551,24210,amherst_ma
z16/19551_24211.png,z16/19551_24211.png,0.0018528897315263,3.099609375,0.0,0.3542572855949402,False,False,False,16,19551,24211,amherst_ma
z16/19551_24212.png,z16/19551_24212.png,0.0019773880640665,6.0,0.0,0.345755398273468,False,False,False,16,19551,24212,amherst_ma
z16/19551_24213.png,z16/19551_24213.png,0.0072020068764686,14.099609375,0.0,0.336302101612091,False,False,False,16,19551,24213,amherst_ma
z16/19551_24214.png,z16/19551_24214.png,0.0046840334932009,11.7001953125,0.0,0.3365377485752105,False,False,False,16,19551,24214,amherst_ma
z16/19551_24215.png,z16/19551_24215.png,0.002741814404726,9.099609375,0.0,0.344429612159729,False,False,False,16,19551,24215,amherst_ma
z16/19551_24216.png,z16/19551_24216.png,0.0029214568436145,4.3994140625,0.0,0.3344008922576904,False,False,False,16,19551,24216,amherst_ma
z16/19551_24217.png,z16/19551_24217.png,0.0025759510695934,8.2998046875,0.0,0.3441700339317322,False,False,False,16,19551,24217,amherst_ma
z16/19551_24218.png,z16/19551_24218.png,0.0062266225616137,13.8994140625,0.0,0.3431288003921509,False,False,False,16,19551,24218,amherst_ma
z16/19551_24219.png,z16/19551_24219.png,0.0019255604594945,5.0,0.0,0.3562222123146057,False,False,False,16,19551,24219,amherst_ma
z16/19551_24220.png,z16/19551_24220.png,0.0020194051166375,6.099609375,0.0,0.3561865389347076,False,False,False,16,19551,24220,amherst_ma
z16/19551_24221.png,z16/19551_24221.png,0.0039586114386717,12.099609375,0.0,0.3450386226177215,False,False,False,16,19551,24221,amherst_ma
z16/19551_24222.png,z16/19551_24222.png,0.0058450033267339,12.099609375,0.0,0.3391239047050476,False,False,False,16,19551,24222,amherst_ma
z16/19551_24223.png,z16/19551_24223.png,0.0036218501627445,13.30078125,0.0,0.3327893018722534,False,False,False,16,19551,24223,amherst_ma
z16/19551_24224.png,z16/19551_24224.png,0.0009656804303328,1.0,0.0,0.3310825824737549,False,False,False,16,19551,24224,amherst_ma
z16/19551_24225.png,z16/19551_24225.png,0.0020218685269355,3.2001953125,0.0,0.3342126011848449,False,False,False,16,19551,24225,amherst_ma
z16/19551_24226.png,z16/19551_24226.png,0.0006130337094267,1.0,0.0,0.3395068049430847,False,False,False,16,19551,24226,amherst_ma
z16/19551_24227.png,z16/19551_24227.png,0.000647353939712,1.099609375,0.0,0.3496480882167816,False,False,False,16,19551,24227,amherst_ma
z16/19551_24228.png,z16/19551_24228.png,0.0026232051352659,3.900390625,0.0,0.3555579781532287,False,False,False,16,19551,24228,amherst_ma
z16/19551_24229.png,z16/19551_24229.png,0.0038044609129428,8.5,0.0,0.3400431871414184,False,False,False,16,19551,24229,amherst_ma
z16/19551_24230.png,z16/19551_24230.png,0.0035076012214024,6.3994140625,0.0,0.3568071722984314,False,False,False,16,19551,24230,amherst_ma
z16/19551_24231.png,z16/19551_24231.png,0.0018361949672301,3.099609375,0.0,0.3507513105869293,False,False,False,16,19551,24231,amherst_ma
z16/19551_24232.png,z16/19551_24232.png,0.0020471163094043,4.7998046875,0.0,0.3416459560394287,False,False,False,16,19551,24232,amherst_ma
z16/19551_24233.png,z16/19551_24233.png,0.0048620591560999,14.5,0.0,0.3439510464668274,False,False,False,16,19551,24233,amherst_ma
z16/19551_24234.png,z16/19551_24234.png,0.003462645659844,7.400390625,0.0,0.3488306999206543,False,False,False,16,19551,24234,amherst_ma
z16/19551_24235.png,z16/19551_24235.png,0.0019455021868149,5.2001953125,0.0,0.3613104224205017,False,False,False,16,19551,24235,amherst_ma
z16/19551_24236.png,z16/19551_24236.png,0.002593287328879,6.5,0.0,0.3517192602157593,False,False,False,16,19551,24236,amherst_ma
z16/19551_24237.png,z16/19551_24237.png,0.0018753675123055,3.1005859375,0.0,0.3544215559959411,False,False,False,16,19551,24237,amherst_ma
z16/19551_24238.png,z16/19551_24238.png,0.0018913702418406,4.0,0.0,0.3512788414955139,False,False,False,16,19551,24238,amherst_ma
z16/19551_24239.png,z16/19551_24239.png,0.0016192335635423,3.7001953125,0.0,0.3434569239616394,False,False,False,16,19551,24239,amherst_ma
z16/19551_24240.png,z16/19551_24240.png,0.0012295264750719,1.6005859375,0.0,0.3442160189151764,False,False,False,16,19551,24240,amherst_ma
z16/19551_24241.png,z16/19551_24241.png,0.0031694963574409,7.400390625,0.0,0.3383249342441559,False,False,False,16,19551,24241,amherst_ma
z16/19551_24242.png,z16/19551_24242.png,0.005549132823944,9.6005859375,0.0,0.347836285829544,False,False,False,16,19551,24242,amherst_ma
z16/19551_24243.png,z16/19551_24243.png,0.0015017349272966,2.30078125,0.0,0.3488677144050598,False,False,False,16,19551,24243,amherst_ma
z16/19551_24244.png,z16/19551_24244.png,0.0012619639436403,1.6005859375,0.0,0.3464388251304626,False,False,False,16,19551,24244,amherst_ma
z16/19551_24245.png,z16/19551_24245.png,0.0029135912656784,3.900390625,0.0,0.345365822315216,False,False,False,16,19551,24245,amherst_ma
z16/19551_24246.png,z16/19551_24246.png,0.0027189753949642,3.599609375,0.0,0.3470920324325561,False,False,False,16,19551,24246,amherst_ma
z16/19551_24247.png,z16/19551_24247.png,0.0035131434599558,6.400390625,0.0,0.3472139537334442,False,False,False,16,19551,24247,amherst_ma
z16/19551_24248.png,z16/19551_24248.png,0.0015934281051158,2.3994140625,0.0,0.3471324145793915,False,False,False,16,19551,24248,amherst_ma
z16/19551_24249.png,z16/19551_24249.png,0.001771235341827,3.5,0.0,0.3440572023391723,False,False,False,16,19551,24249,amherst_ma
z16/19551_24250.png,z16/19551_24250.png,0.0027003330488999,6.19921875,0.0,0.3501676321029663,False,False,False,16,19551,24250,amherst_ma
z16/19551_24251.png,z16/19551_24251.png,0.005824830631415,9.599609375,0.0,0.3502929806709289,False,False,False,16,19551,24251,amherst_ma
z16/19551_24252.png,z16/19551_24252.png,0.0058509747187296,9.2998046875,0.0,0.3461820483207702,False,False,False,16,19551,24252,amherst_ma
z16/19551_24253.png,z16/19551_24253.png,0.0084514806667963,26.400390625,0.0,0.3501636981964111,False,False,False,16,19551,24253,amherst_ma
z16/19551_24254.png,z16/19551_24254.png,0.0067892521619796,41.599609375,0.0,0.3504407405853271,False,False,False,16,19551,24254,amherst_ma
z16/19551_24255.png,z16/19551_24255.png,0.0089679300785064,63.0,0.0,0.3610020875930786,False,False,False,16,19551,24255,amherst_ma
z16/19551_24256.png,z16/19551_24256.png,0.026747856537501,101.599609375,0.011993408203125,0.3503604531288147,False,False,False,16,19551,24256,amherst_ma
z16/19551_24257.png,z16/19551_24257.png,0.0115192413330078,65.099609375,0.0023956298828125,0.3469937443733215,False,False,False,16,19551,24257,amherst_ma
z16/19551_24258.png,z16/19551_24258.png,0.0125207930803298,43.80078125,0.0,0.3484870791435241,False,False,False,16,19551,24258,amherst_ma
z16/19551_24259.png,z16/19551_24259.png,0.015308857957522,53.8994140625,0.0,0.3448927700519562,False,False,False,16,19551,24259,amherst_ma
z16/19551_24260.png,z16/19551_24260.png,0.0223158756891886,54.6005859375,0.0,0.343350350856781,False,False,False,16,19551,24260,amherst_ma
z16/19551_24261.png,z16/19551_24261.png,0.0058448145786921,11.0,0.0,0.3456992506980896,False,False,False,16,19551,24261,amherst_ma
z16/19551_24262.png,z16/19551_24262.png,0.0060135448972384,9.2998046875,0.0,0.3484707176685333,False,False,False,16,19551,24262,amherst_ma
z16/19551_24263.png,z16/19551_24263.png,0.007235001027584,15.7998046875,0.0,0.3518940508365631,False,False,False,16,19551,24263,amherst_ma
z16/19551_24264.png,z16/19551_24264.png,0.0057770878076553,29.7001953125,0.044464111328125,0.3539547920227051,False,False,False,16,19551,24264,amherst_ma
z16/19551_24265.png,z16/19551_24265.png,0.0048829639951388,17.30078125,0.0,0.3617689609527588,False,False,False,16,19551,24265,amherst_ma
z16/19551_24266.png,z16/19551_24266.png,0.0039481749137242,20.1005859375,0.0332183837890625,0.36630979180336,False,False,False,16,19551,24266,amherst_ma
z16/19551_24267.png,z16/19551_24267.png,0.0048356090982755,29.2001953125,0.001068115234375,0.3688947260379791,False,False,False,16,19551,24267,amherst_ma
z16/19551_24268.png,z16/19551_24268.png,0.003381252537171,17.099609375,0.0,0.3546574115753174,False,False,False,16,19551,24268,amherst_ma
z16/19551_24269.png,z16/19551_24269.png,0.0022901520133018,13.7998046875,0.0,0.3533850312232971,False,False,False,16,19551,24269,amherst_ma
z16/19551_24270.png,z16/19551_24270.png,0.0021781533956527,19.599609375,0.0034332275390625,0.3456183671951294,False,False,False,16,19551,24270,amherst_ma
z16/19551_24271.png,z16/19551_24271.png,0.0027355107168356,19.099609375,0.0,0.3523842692375183,False,False,False,16,19551,24271,amherst_ma
z16/19552_24200.png,z16/19552_24200.png,0.0087606728076934,119.0,0.010589599609375,0.3322995901107788,False,False,False,16,19552,24200,amherst_ma
z16/19552_24201.png,z16/19552_24201.png,0.007972252368927,91.7998046875,0.025665283203125,0.3318739533424377,False,False,False,16,19552,24201,amherst_ma
z16/19552_24202.png,z16/19552_24202.png,0.0130548288424809,80.5,0.0157623291015625,0.3333894908428192,False,False,False,16,19552,24202,amherst_ma
z16/19552_24203.png,z16/19552_24203.png,0.008677856127421,75.2998046875,0.005950927734375,0.3371503353118896,False,False,False,16,19552,24203,amherst_ma
z16/19552_24204.png,z16/19552_24204.png,0.006488941113154,62.0,0.0120849609375,0.3521527051925659,False,False,False,16,19552,24204,amherst_ma
z16/19552_24205.png,z16/19552_24205.png,0.0057800958553949,34.5,0.0064697265625,0.3472602963447571,False,False,False,16,19552,24205,amherst_ma
z16/19552_24206.png,z16/19552_24206.png,0.0047340035438537,22.69921875,0.0,0.341242253780365,False,False,False,16,19552,24206,amherst_ma
z16/19552_24207.png,z16/19552_24207.png,0.0098738670349121,70.400390625,0.0576171875,0.3454639017581939,False,False,False,16,19552,24207,amherst_ma
z16/19552_24208.png,z16/19552_24208.png,0.0149771412213643,136.599609375,0.0588531494140625,0.3373714685440063,False,False,False,16,19552,24208,amherst_ma
z16/19552_24209.png,z16/19552_24209.png,0.0238088647524515,175.7998046875,0.0153656005859375,0.3336294591426849,False,False,False,16,19552,24209,amherst_ma
z16/19552_24210.png,z16/19552_24210.png,0.0239532788594563,127.2998046875,0.034332275390625,0.3384208679199219,False,False,False,16,19552,24210,amherst_ma
z16/19552_24211.png,z16/19552_24211.png,0.0201114972432454,95.5,0.0,0.3490552008152008,False,False,False,16,19552,24211,amherst_ma
z16/19552_24212.png,z16/19552_24212.png,0.0405139128367106,144.3994140625,0.0,0.3395600020885467,False,False,False,16,19552,24212,amherst_ma
z16/19552_24213.png,z16/19552_24213.png,0.0094938705364863,38.7001953125,0.0,0.3413015902042389,False,False,False,16,19552,24213,amherst_ma
z16/19552_24214.png,z16/19552_24214.png,0.0029958707590897,10.5,0.0,0.3397480845451355,False,False,False,16,19552,24214,amherst_ma
z16/19552_24215.png,z16/19552_24215.png,0.0034993874529997,11.19921875,0.0,0.3534895181655884,False,False,False,16,19552,24215,amherst_ma
z16/19552_24216.png,z16/19552_24216.png,0.0022510754565397,8.2001953125,0.0,0.3460354804992676,False,False,False,16,19552,24216,amherst_ma
z16/19552_24217.png,z16/19552_24217.png,0.0018295141557852,5.3994140625,0.0,0.3444093763828277,False,False,False,16,19552,24217,amherst_ma
z16/19552_24218.png,z16/19552_24218.png,0.0039685599505901,13.7998046875,0.0,0.3467631936073303,False,False,False,16,19552,24218,amherst_ma
z16/19552_24219.png,z16/19552_24219.png,0.0079163173834482,15.099609375,0.0,0.3420450389385223,False,False,False,16,19552,24219,amherst_ma
z16/19552_24220.png,z16/19552_24220.png,0.0067151362697283,12.19921875,0.0,0.3478247225284576,False,False,False,16,19552,24220,amherst_ma
z16/19552_24221.png,z16/19552_24221.png,0.0040444605052471,10.1005859375,0.0,0.3511916100978851,False,False,False,16,19552,24221,amherst_ma
z16/19552_24222.png,z16/19552_24222.png,0.0014223697284857,1.599609375,0.0,0.330030620098114,False,False,False,16,19552,24222,amherst_ma
z16/19552_24223.png,z16/19552_24223.png,0.0013834214458862,2.099609375,0.0,0.3363997638225555,False,False,False,16,19552,24223,amherst_ma
z16/19552_24224.png,z16/19552_24224.png,0.0012480725844701,1.099609375,0.0,0.3417121767997741,False,False,False,16,19552,24224,amherst_ma
z16/19552_24225.png,z16/19552_24225.png,0.0015290637811024,3.0,0.0,0.3377833962440491,False,False,False,16,19552,24225,amherst_ma
z16/19552_24226.png,z16/19552_24226.png,0.0011037903527418,1.0,0.0,0.3564103245735168,False,False,False,16,19552,24226,amherst_ma
z16/19552_24227.png,z16/19552_24227.png,0.0041206151247024,5.69921875,0.0,0.3513337969779968,False,False,False,16,19552,24227,amherst_ma
z16/19552_24228.png,z16/19552_24228.png,0.0038881843288739,6.2998046875,0.0,0.3398938477039337,False,False,False,16,19552,24228,amherst_ma
z16/19552_24229.png,z16/19552_24229.png,0.0057690148552258,12.5,0.0,0.3490954637527466,False,False,False,16,19552,24229,amherst_ma
z16/19552_24230.png,z16/19552_24230.png,0.0035416886210441,8.19921875,0.0,0.3429808318614959,False,False,False,16,19552,24230,amherst_ma
z16/19552_24231.png,z16/19552_24231.png,0.0042904501159985,8.5,0.0,0.3498474955558777,False,False,False,16,19552,24231,amherst_ma
z16/19552_24232.png,z16/19552_24232.png,0.0043718248605728,8.5,0.0,0.3381065130233764,False,False,False,16,19552,24232,amherst_ma
z16/19552_24233.png,z16/19552_24233.png,0.0060526276628176,21.900390625,0.0,0.3485732674598694,False,False,False,16,19552,24233,amherst_ma
z16/19552_24234.png,z16/19552_24234.png,0.006133643289407,25.7001953125,0.0,0.3456760048866272,False,False,False,16,19552,24234,amherst_ma
z16/19552_24235.png,z16/19552_24235.png,0.0044629737734794,12.19921875,0.0,0.3510424792766571,False,False,False,16,19552,24235,amherst_ma
z16/19552_24236.png,z16/19552_24236.png,0.0050047650933265,9.2001953125,0.0,0.3517498672008514,False,False,False,16,19552,24236,amherst_ma
z16/19552_24237.png,z16/19552_24237.png,0.0036187688509623,8.599609375,0.0,0.3476414978504181,False,False,False,16,19552,24237,amherst_ma
z16/19552_24238.png,z16/19552_24238.png,0.0016132374604543,2.80078125,0.0,0.3437728583812713,False,False,False,16,19552,24238,amherst_ma
z16/19552_24239.png,z16/19552_24239.png,0.0014502664407094,2.5,0.0,0.3457692861557007,False,False,False,16,19552,24239,amherst_ma
z16/19552_24240.png,z16/19552_24240.png,0.0014159212509791,2.1005859375,0.0,0.3435893058776855,False,False,False,16,19552,24240,amherst_ma
z16/19552_24241.png,z16/19552_24241.png,0.0035533892611662,6.099609375,0.0,0.3458604216575622,False,False,False,16,19552,24241,amherst_ma
z16/19552_24242.png,z16/19552_24242.png,0.0074241533875465,9.69921875,0.0,0.3489637672901153,False,False,False,16,19552,24242,amherst_ma
z16/19552_24243.png,z16/19552_24243.png,0.0014732037981351,1.6005859375,0.0,0.3457464277744293,False,False,False,16,19552,24243,amherst_ma
z16/19552_24244.png,z16/19552_24244.png,0.0013459576914707,1.8994140625,0.0,0.346263587474823,False,False,False,16,19552,24244,amherst_ma
z16/19552_24245.png,z16/19552_24245.png,0.0024198365708192,4.80078125,0.0,0.3485268056392669,False,False,False,16,19552,24245,amherst_ma
z16/19552_24246.png,z16/19552_24246.png,0.001654793570439,4.0,0.0,0.3463665843009949,False,False,False,16,19552,24246,amherst_ma
z16/19552_24247.png,z16/19552_24247.png,0.0034174315631389,3.7998046875,0.0,0.3493036329746246,False,False,False,16,19552,24247,amherst_ma
z16/19552_24248.png,z16/19552_24248.png,0.0014211668322483,2.2001953125,0.0,0.3401519358158111,False,False,False,16,19552,24248,amherst_ma
z16/19552_24249.png,z16/19552_24249.png,0.006144875784715,9.2998046875,0.0,0.341919332742691,False,False,False,16,19552,24249,amherst_ma
z16/19552_24250.png,z16/19552_24250.png,0.0064929048220316,9.5,0.0,0.3456991910934448,False,False,False,16,19552,24250,amherst_ma
z16/19552_24251.png,z16/19552_24251.png,0.0051753997802734,9.099609375,0.0,0.3512010276317596,False,False,False,16,19552,24251,amherst_ma
z16/19552_24252.png,z16/19552_24252.png,0.0065383409460385,38.2998046875,0.0,0.3442770838737488,False,False,False,16,19552,24252,amherst_ma
z16/19552_24253.png,z16/19552_24253.png,0.0071157683928807,94.0,0.0229644775390625,0.3466438353061676,False,False,False,16,19552,24253,amherst_ma
z16/19552_24254.png,z16/19552_24254.png,0.0228617827097574,204.5,0.065155029296875,0.3417520523071289,False,False,False,16,19552,24254,amherst_ma
z16/19552_24255.png,z16/19552_24255.png,0.0260906120141347,183.400390625,0.0289306640625,0.3367114067077636,False,False,False,16,19552,24255,amherst_ma
z16/19552_24256.png,z16/19552_24256.png,0.0156465013821919,115.69921875,0.0265960693359375,0.3395979106426239,False,False,False,16,19552,24256,amherst_ma
z16/19552_24257.png,z16/19552_24257.png,0.0092364092667897,46.30078125,0.0220489501953125,0.3531252741813659,False,False,False,16,19552,24257,amherst_ma
z16/19552_24258.png,z16/19552_24258.png,0.0065597946445147,44.2001953125,0.0193328857421875,0.3525897860527038,False,False,False,16,19552,24258,amherst_ma
z16/19552_24259.png,z16/19552_24259.png,0.0078702792525291,42.2998046875,0.0,0.337847501039505,False,False,False,16,19552,24259,amherst_ma
z16/19552_24260.png,z16/19552_24260.png,0.0229732871055603,52.5,0.0,0.3407032191753387,False,False,False,16,19552,24260,amherst_ma
z16/19552_24261.png,z16/19552_24261.png,0.0164046039183934,53.5,0.0,0.338901549577713,False,False,False,16,19552,24261,amherst_ma
z16/19552_24262.png,z16/19552_24262.png,0.0066057945291201,19.2998046875,0.0,0.3582310080528259,False,False,False,16,19552,24262,amherst_ma
z16/19552_24263.png,z16/19552_24263.png,0.0064760521054267,18.30078125,0.0,0.3530668318271637,False,False,False,16,19552,24263,amherst_ma
z16/19552_24264.png,z16/19552_24264.png,0.0100952208042144,26.2001953125,0.0,0.3388616144657135,False,False,False,16,19552,24264,amherst_ma
z16/19552_24265.png,z16/19552_24265.png,0.0062649031480153,29.099609375,0.06341552734375,0.3587804138660431,False,False,False,16,19552,24265,amherst_ma
z16/19552_24266.png,z16/19552_24266.png,0.0068125203251838,25.7001953125,0.0,0.3520373404026031,False,False,False,16,19552,24266,amherst_ma
z16/19552_24267.png,z16/19552_24267.png,0.0034949737290541,13.7001953125,0.0,0.3569449484348297,False,False,False,16,19552,24267,amherst_ma
z16/19552_24268.png,z16/19552_24268.png,0.0040030601123968,20.900390625,0.0489959716796875,0.3520834147930145,False,False,False,16,19552,24268,amherst_ma
z16/19552_24269.png,z16/19552_24269.png,0.0034263824423154,22.900390625,0.0112762451171875,0.3541724681854248,False,False,False,16,19552,24269,amherst_ma
z16/19552_24270.png,z16/19552_24270.png,0.0043540542324384,25.0,0.0010986328125,0.3580355942249298,False,False,False,16,19552,24270,amherst_ma
z16/19552_24271.png,z16/19552_24271.png,0.0081200410922368,32.0,0.0126800537109375,0.3470505475997925,False,False,False,16,19552,24271,amherst_ma
z16/19553_24200.png,z16/19553_24200.png,0.0132592181364695,59.5,0.0114898681640625,0.3328719735145569,False,False,False,16,19553,24200,amherst_ma
z16/19553_24201.png,z16/19553_24201.png,0.0235197246074676,76.599609375,0.0041351318359375,0.3337023258209228,False,False,False,16,19553,24201,amherst_ma
z16/19553_24202.png,z16/19553_24202.png,0.0226981659730275,79.400390625,0.006011962890625,0.3361083269119262,False,False,False,16,19553,24202,amherst_ma
z16/19553_24203.png,z16/19553_24203.png,0.0185532391071319,87.2001953125,0.003082275390625,0.3367672264575958,False,False,False,16,19553,24203,amherst_ma
z16/19553_24204.png,z16/19553_24204.png,0.0177948057651519,104.099609375,0.00347900390625,0.339104950428009,False,False,False,16,19553,24204,amherst_ma
z16/19553_24205.png,z16/19553_24205.png,0.0138568758964538,86.900390625,0.0245513916015625,0.3465704023838043,False,False,False,16,19553,24205,amherst_ma
z16/19553_24206.png,z16/19553_24206.png,0.0066035901506741,72.400390625,0.005279541015625,0.3453453779220581,False,False,False,16,19553,24206,amherst_ma
z16/19553_24207.png,z16/19553_24207.png,0.0128518352905909,92.3994140625,0.0040283203125,0.3433185815811157,False,False,False,16,19553,24207,amherst_ma
z16/19553_24208.png,z16/19553_24208.png,0.0125405808289845,70.8994140625,0.0004730224609375,0.3375093340873718,False,False,False,16,19553,24208,amherst_ma
z16/19553_24209.png,z16/19553_24209.png,0.0107828855514526,80.2998046875,0.003021240234375,0.3357594311237335,False,False,False,16,19553,24209,amherst_ma
z16/19553_24210.png,z16/19553_24210.png,0.0346541762351989,181.2998046875,0.023956298828125,0.3329848349094391,False,False,False,16,19553,24210,amherst_ma
z16/19553_24211.png,z16/19553_24211.png,0.0297239045302073,145.0,0.084991455078125,0.3340733051300049,False,False,False,16,19553,24211,amherst_ma
z16/19553_24212.png,z16/19553_24212.png,0.047206703821818,161.5,0.0,0.3456105887889862,False,False,False,16,19553,24212,amherst_ma
z16/19553_24213.png,z16/19553_24213.png,0.0068748906254768,27.6005859375,0.0,0.3441094756126404,False,False,False,16,19553,24213,amherst_ma
z16/19553_24214.png,z16/19553_24214.png,0.0063397546609242,11.2998046875,0.0,0.3397891521453857,False,False,False,16,19553,24214,amherst_ma
z16/19553_24215.png,z16/19553_24215.png,0.0083734134833018,11.8994140625,0.0,0.3437831997871399,False,False,False,16,19553,24215,amherst_ma
z16/19553_24216.png,z16/19553_24216.png,0.007981472214063,11.0,0.0,0.3450050354003906,False,False,False,16,19553,24216,amherst_ma
z16/19553_24217.png,z16/19553_24217.png,0.0078285202383995,9.400390625,0.0,0.3405650854110718,False,False,False,16,19553,24217,amherst_ma
z16/19553_24218.png,z16/19553_24218.png,0.0079167952140172,11.599609375,0.0,0.3402685225009918,False,False,False,16,19553,24218,amherst_ma
z16/19553_24219.png,z16/19553_24219.png,0.0058029855291048,11.3994140625,0.0,0.3375816345214844,False,False,False,16,19553,24219,amherst_ma
z16/19553_24220.png,z16/19553_24220.png,0.0056259120504061,11.1005859375,0.0,0.3519523441791534,False,False,False,16,19553,24220,amherst_ma
z16/19553_24221.png,z16/19553_24221.png,0.0047921195626258,11.19921875,0.0,0.3547898530960083,False,False,False,16,19553,24221,amherst_ma
z16/19553_24222.png,z16/19553_24222.png,0.001482414950927,2.2998046875,0.0,0.3468716740608215,False,False,False,16,19553,24222,amherst_ma
z16/19553_24223.png,z16/19553_24223.png,0.0015980980048576,3.7998046875,0.0,0.3460635542869568,False,False,False,16,19553,24223,amherst_ma
z16/19553_24224.png,z16/19553_24224.png,0.0016367784390846,2.099609375,0.0,0.343557208776474,False,False,False,16,19553,24224,amherst_ma
z16/19553_24225.png,z16/19553_24225.png,0.0014559193203846,2.0,0.0,0.3509722650051117,False,False,False,16,19553,24225,amherst_ma
z16/19553_24226.png,z16/19553_24226.png,0.0001277353148907,0.400390625,0.0,0.3585268259048462,False,False,False,16,19553,24226,amherst_ma
z16/19553_24227.png,z16/19553_24227.png,0.0035676248371601,5.900390625,0.0,0.3549423813819885,False,False,False,16,19553,24227,amherst_ma
z16/19553_24228.png,z16/19553_24228.png,0.0022828809916973,5.2001953125,0.0,0.3461285829544067,False,False,False,16,19553,24228,amherst_ma
z16/19553_24229.png,z16/19553_24229.png,0.0041879152258237,8.099609375,0.0,0.3488116264343261,False,False,False,16,19553,24229,amherst_ma
z16/19553_24230.png,z16/19553_24230.png,0.0037237050632635,8.099609375,0.0,0.3401588201522827,False,False,False,16,19553,24230,amherst_ma
z16/19553_24231.png,z16/19553_24231.png,0.0052312200268109,10.599609375,0.0,0.3374351263046264,False,False,False,16,19553,24231,amherst_ma
z16/19553_24232.png,z16/19553_24232.png,0.0037542882064978,9.8994140625,0.0,0.3372087180614471,False,False,False,16,19553,24232,amherst_ma
z16/19553_24233.png,z16/19553_24233.png,0.0035461934904257,8.5,0.0,0.3433818221092224,False,False,False,16,19553,24233,amherst_ma
z16/19553_24234.png,z16/19553_24234.png,0.0037275065978368,8.19921875,0.0,0.3414469361305237,False,False,False,16,19553,24234,amherst_ma
z16/19553_24235.png,z16/19553_24235.png,0.0039677379031976,9.3994140625,0.0,0.3454939723014831,False,False,False,16,19553,24235,amherst_ma
z16/19553_24236.png,z16/19553_24236.png,0.004803458849589,10.0,0.0,0.3441924452781677,False,False,False,16,19553,24236,amherst_ma
z16/19553_24237.png,z16/19553_24237.png,0.0048401827613512,8.2998046875,0.0,0.3419853746891022,False,False,False,16,19553,24237,amherst_ma
z16/19553_24238.png,z16/19553_24238.png,0.0065261706709861,9.3994140625,0.0,0.343613713979721,False,False,False,16,19553,24238,amherst_ma
z16/19553_24239.png,z16/19553_24239.png,0.0049202278256416,9.0,0.0,0.3445265591144562,False,False,False,16,19553,24239,amherst_ma
z16/19553_24240.png,z16/19553_24240.png,0.0067789067824681,12.099609375,0.0,0.3446271419525146,False,False,False,16,19553,24240,amherst_ma
z16/19553_24241.png,z16/19553_24241.png,0.0057892988125483,10.7001953125,0.0,0.3478158712387085,False,False,False,16,19553,24241,amherst_ma
z16/19553_24242.png,z16/19553_24242.png,0.0025959506630897,5.1005859375,0.0,0.3520460724830627,False,False,False,16,19553,24242,amherst_ma
z16/19553_24243.png,z16/19553_24243.png,0.0007768955702582,0.6005859375,0.0,0.3474883139133453,False,False,False,16,19553,24243,amherst_ma
z16/19553_24244.png,z16/19553_24244.png,0.0016889672726392,3.1005859375,0.0,0.3481224477291107,False,False,False,16,19553,24244,amherst_ma
z16/19553_24245.png,z16/19553_24245.png,0.0021249289313952,3.6005859375,0.0,0.3520801961421966,False,False,False,16,19553,24245,amherst_ma
z16/19553_24246.png,z16/19553_24246.png,0.0040212092300256,9.599609375,0.0,0.351136177778244,False,False,False,16,19553,24246,amherst_ma
z16/19553_24247.png,z16/19553_24247.png,0.0056345681349436,11.8994140625,0.0,0.3470574021339416,False,False,False,16,19553,24247,amherst_ma
z16/19553_24248.png,z16/19553_24248.png,0.0020782365153233,3.7001953125,0.0,0.3441048264503479,False,False,False,16,19553,24248,amherst_ma
z16/19553_24249.png,z16/19553_24249.png,0.0049642423788706,8.7998046875,0.0,0.3417018949985504,False,False,False,16,19553,24249,amherst_ma
z16/19553_24250.png,z16/19553_24250.png,0.0059916997949282,8.7998046875,0.0,0.3484575748443603,False,False,False,16,19553,24250,amherst_ma
z16/19553_24251.png,z16/19553_24251.png,0.0096314628918965,36.8994140625,0.0388641357421875,0.3421750068664551,False,False,False,16,19553,24251,amherst_ma
z16/19553_24252.png,z16/19553_24252.png,0.0101942718029022,82.0,0.0057220458984375,0.3389402627944946,False,False,False,16,19553,24252,amherst_ma
z16/19553_24253.png,z16/19553_24253.png,0.0122381538152694,174.400390625,0.001312255859375,0.3384390473365783,False,False,False,16,19553,24253,amherst_ma
z16/19553_24254.png,z16/19553_24254.png,0.0269158045450846,152.7001953125,0.0189056396484375,0.338172435760498,False,False,False,16,19553,24254,amherst_ma
z16/19553_24255.png,z16/19553_24255.png,0.007449068625768,150.2001953125,0.01751708984375,0.338056743144989,False,False,False,16,19553,24255,amherst_ma
z16/19553_24256.png,z16/19553_24256.png,0.0216688791910807,93.0,0.01312255859375,0.3441478908061981,False,False,False,16,19553,24256,amherst_ma
z16/19553_24257.png,z16/19553_24257.png,0.0141151458024978,91.5,0.008758544921875,0.3453085720539093,False,False,False,16,19553,24257,amherst_ma
z16/19553_24258.png,z16/19553_24258.png,0.0069507032632827,49.400390625,0.0223541259765625,0.3497799932956695,False,False,False,16,19553,24258,amherst_ma
z16/19553_24259.png,z16/19553_24259.png,0.009859945376714,46.6005859375,0.0068359375,0.3428938686847687,False,False,False,16,19553,24259,amherst_ma
z16/19553_24260.png,z16/19553_24260.png,0.0083585530519485,46.5,0.0047454833984375,0.3443939685821533,False,False,False,16,19553,24260,amherst_ma
z16/19553_24261.png,z16/19553_24261.png,0.0068202455838521,36.6005859375,0.0,0.3407970368862152,False,False,False,16,19553,24261,amherst_ma
z16/19553_24262.png,z16/19553_24262.png,0.0095139384269714,22.599609375,0.0017547607421875,0.3486448228359222,False,False,False,16,19553,24262,amherst_ma
z16/19553_24263.png,z16/19553_24263.png,0.0069788510600725,19.2001953125,0.0,0.3471652567386627,False,False,False,16,19553,24263,amherst_ma
z16/19553_24264.png,z16/19553_24264.png,0.0095575402180353,24.2001953125,0.0,0.3458244800567627,False,False,False,16,19553,24264,amherst_ma
z16/19553_24265.png,z16/19553_24265.png,0.0091293215751647,23.5,0.0,0.344524621963501,False,False,False,16,19553,24265,amherst_ma
z16/19553_24266.png,z16/19553_24266.png,0.0100722124179204,25.2998046875,0.0,0.3448196053504944,False,False,False,16,19553,24266,amherst_ma
z16/19553_24267.png,z16/19553_24267.png,0.0057441174983978,23.2001953125,0.0,0.3448432683944702,False,False,False,16,19553,24267,amherst_ma
z16/19553_24268.png,z16/19553_24268.png,0.0025557272136211,10.3994140625,0.0,0.3498938381671905,False,False,False,16,19553,24268,amherst_ma
z16/19553_24269.png,z16/19553_24269.png,0.0048968493938446,15.599609375,0.0,0.3531517386436462,False,False,False,16,19553,24269,amherst_ma
z16/19553_24270.png,z16/19553_24270.png,0.0045586089293162,18.5,0.0,0.3563472032546997,False,False,False,16,19553,24270,amherst_ma
z16/19553_24271.png,z16/19553_24271.png,0.0070058648784955,17.5,0.0184478759765625,0.3487602770328522,False,False,False,16,19553,24271,amherst_ma
z16/19554_24200.png,z16/19554_24200.png,0.0110630055268605,57.0,0.0144500732421875,0.3394981026649475,False,False,False,16,19554,24200,amherst_ma
z16/19554_24201.png,z16/19554_24201.png,0.006463548541069,70.5,0.0128326416015625,0.3365267515182495,False,False,False,16,19554,24201,amherst_ma
z16/19554_24202.png,z16/19554_24202.png,0.0049001177151997,66.7001953125,0.0096282958984375,0.3374808132648468,False,False,False,16,19554,24202,amherst_ma
z16/19554_24203.png,z16/19554_24203.png,0.0049453864494959,64.19921875,0.012420654296875,0.3358290195465088,False,False,False,16,19554,24203,amherst_ma
z16/19554_24204.png,z16/19554_24204.png,0.0039193096260229,60.2001953125,0.034881591796875,0.3403029441833496,False,False,False,16,19554,24204,amherst_ma
z16/19554_24205.png,z16/19554_24205.png,0.0053101862470308,58.7001953125,0.0209197998046875,0.344979465007782,False,False,False,16,19554,24205,amherst_ma
z16/19554_24206.png,z16/19554_24206.png,0.006906268497308,77.900390625,0.007171630859375,0.3420686721801758,False,False,False,16,19554,24206,amherst_ma
z16/19554_24207.png,z16/19554_24207.png,0.0084268112977345,114.099609375,0.0045318603515625,0.3384670615196228,False,False,False,16,19554,24207,amherst_ma
z16/19554_24208.png,z16/19554_24208.png,0.008837475379308,101.2001953125,0.02435302734375,0.3388338983058929,False,False,False,16,19554,24208,amherst_ma
z16/19554_24209.png,z16/19554_24209.png,0.0080493450164794,96.2998046875,0.0105743408203125,0.3353803157806396,False,False,False,16,19554,24209,amherst_ma
z16/19554_24210.png,z16/19554_24210.png,0.0330953141053517,149.6005859375,0.0,0.3418247401714325,False,False,False,16,19554,24210,amherst_ma
z16/19554_24211.png,z16/19554_24211.png,0.0036160200834274,18.2998046875,0.0,0.3513474762439728,False,False,False,16,19554,24211,amherst_ma
z16/19554_24212.png,z16/19554_24212.png,0.0051296795407931,10.69921875,0.0,0.3454026579856872,False,False,False,16,19554,24212,amherst_ma
z16/19554_24213.png,z16/19554_24213.png,0.0054889808098475,14.900390625,0.0,0.3426880836486816,False,False,False,16,19554,24213,amherst_ma
z16/19554_24214.png,z16/19554_24214.png,0.0049324562152226,11.2998046875,0.0,0.3434856832027435,False,False,False,16,19554,24214,amherst_ma
z16/19554_24215.png,z16/19554_24215.png,0.0031827320655186,10.8994140625,0.0,0.3577479720115661,False,False,False,16,19554,24215,amherst_ma
z16/19554_24216.png,z16/19554_24216.png,0.001017047651112,1.30078125,0.0,0.3526605367660522,False,False,False,16,19554,24216,amherst_ma
z16/19554_24217.png,z16/19554_24217.png,0.0009975158299009,1.5,0.0,0.3447083234786987,False,False,False,16,19554,24217,amherst_ma
z16/19554_24218.png,z16/19554_24218.png,0.0059353644649187,10.599609375,0.0,0.3498079776763916,False,False,False,16,19554,24218,amherst_ma
z16/19554_24219.png,z16/19554_24219.png,0.0067677522699038,10.7998046875,0.0,0.3543806374073028,False,False,False,16,19554,24219,amherst_ma
z16/19554_24220.png,z16/19554_24220.png,0.0073267047603925,11.0,0.0,0.3446813821792602,False,False,False,16,19554,24220,amherst_ma
z16/19554_24221.png,z16/19554_24221.png,0.0074978893001874,10.0,0.0,0.3430894613265991,False,False,False,16,19554,24221,amherst_ma
z16/19554_24222.png,z16/19554_24222.png,0.0082479620973269,11.2998046875,0.0,0.3435385227203369,False,False,False,16,19554,24222,amherst_ma
z16/19554_24223.png,z16/19554_24223.png,0.0064650540550549,10.7998046875,0.0,0.342046320438385,False,False,False,16,19554,24223,amherst_ma
z16/19554_24224.png,z16/19554_24224.png,0.0071031888326009,11.5,0.0,0.3444889783859253,False,False,False,16,19554,24224,amherst_ma
z16/19554_24225.png,z16/19554_24225.png,0.0043669283390045,10.8994140625,0.0,0.3548912405967712,False,False,False,16,19554,24225,amherst_ma
z16/19554_24226.png,z16/19554_24226.png,0.001340834920605,1.0,0.0,0.3557417094707489,False,False,False,16,19554,24226,amherst_ma
z16/19554_24227.png,z16/19554_24227.png,0.00255547290047,5.5,0.0,0.3603863716125488,False,False,False,16,19554,24227,amherst_ma
z16/19554_24228.png,z16/19554_24228.png,0.0034003806610902,5.7998046875,0.0,0.353568822145462,False,False,False,16,19554,24228,amherst_ma
z16/19554_24229.png,z16/19554_24229.png,0.0054453164339065,10.2998046875,0.0,0.3439189493656158,False,False,False,16,19554,24229,amherst_ma
z16/19554_24230.png,z16/19554_24230.png,0.0067701175808906,16.099609375,0.0,0.3437650501728058,False,False,False,16,19554,24230,amherst_ma
z16/19554_24231.png,z16/19554_24231.png,0.0044383471210797,16.099609375,0.0,0.3436702787876129,False,False,False,16,19554,24231,amherst_ma
z16/19554_24232.png,z16/19554_24232.png,0.0048521573344866,16.2998046875,0.0,0.3471190333366394,False,False,False,16,19554,24232,amherst_ma
z16/19554_24233.png,z16/19554_24233.png,0.0105382283528645,25.7001953125,0.0,0.3449964523315429,False,False,False,16,19554,24233,amherst_ma
z16/19554_24234.png,z16/19554_24234.png,0.0051857357223828,25.5,0.0,0.3414446115493774,False,False,False,16,19554,24234,amherst_ma
z16/19554_24235.png,z16/19554_24235.png,0.0072046736876169,35.5,0.03253173828125,0.3454189896583557,False,False,False,16,19554,24235,amherst_ma
z16/19554_24236.png,z16/19554_24236.png,0.0092344363530476,37.19921875,0.0,0.3497708737850189,False,False,False,16,19554,24236,amherst_ma
z16/19554_24237.png,z16/19554_24237.png,0.0071589261293411,28.0,0.0,0.3499679863452911,False,False,False,16,19554,24237,amherst_ma
z16/19554_24238.png,z16/19554_24238.png,0.0042058825492858,9.7998046875,0.0,0.3518992066383362,False,False,False,16,19554,24238,amherst_ma
z16/19554_24239.png,z16/19554_24239.png,0.0053545589248339,10.0,0.0,0.3589939475059509,False,False,False,16,19554,24239,amherst_ma
z16/19554_24240.png,z16/19554_24240.png,0.0037066486974557,11.900390625,0.0,0.3535881638526916,False,False,False,16,19554,24240,amherst_ma
z16/19554_24241.png,z16/19554_24241.png,0.0012760476519664,3.2998046875,0.0,0.3536298274993896,False,False,False,16,19554,24241,amherst_ma
z16/19554_24242.png,z16/19554_24242.png,0.0010762274265289,1.2998046875,0.0,0.355206161737442,False,False,False,16,19554,24242,amherst_ma
z16/19554_24243.png,z16/19554_24243.png,0.0007581897079944,0.6005859375,0.0,0.3457725346088409,False,False,False,16,19554,24243,amherst_ma
z16/19554_24244.png,z16/19554_24244.png,0.0011518171677986,0.900390625,0.0,0.3514969944953918,False,False,False,16,19554,24244,amherst_ma
z16/19554_24245.png,z16/19554_24245.png,0.0014431729912757,3.6005859375,0.0,0.3553908467292785,False,False,False,16,19554,24245,amherst_ma
z16/19554_24246.png,z16/19554_24246.png,0.0033126950263977,9.400390625,0.0,0.3435818254947662,False,False,False,16,19554,24246,amherst_ma
z16/19554_24247.png,z16/19554_24247.png,0.0064768443504969,13.7001953125,0.0,0.3417620062828064,False,False,False,16,19554,24247,amherst_ma
z16/19554_24248.png,z16/19554_24248.png,0.0059004659454027,18.599609375,0.0,0.3433582484722137,False,False,False,16,19554,24248,amherst_ma
z16/19554_24249.png,z16/19554_24249.png,0.0079035217563311,22.5,0.0,0.3428886830806732,False,False,False,16,19554,24249,amherst_ma
z16/19554_24250.png,z16/19554_24250.png,0.0043428495526313,17.2001953125,0.0,0.3396616578102112,False,False,False,16,19554,24250,amherst_ma
z16/19554_24251.png,z16/19554_24251.png,0.0081063191095987,47.0,0.0228424072265625,0.3365553021430969,False,False,False,16,19554,24251,amherst_ma
z16/19554_24252.png,z16/19554_24252.png,0.0057257448633511,61.69921875,0.012359619140625,0.3386487960815429,False,False,False,16,19554,24252,amherst_ma
z16/19554_24253.png,z16/19554_24253.png,0.0227436920007069,138.2998046875,0.018768310546875,0.3381743431091308,False,False,False,16,19554,24253,amherst_ma
z16/19554_24254.png,z16/19554_24254.png,0.0149367461601893,146.900390625,0.014129638671875,0.3355385065078735,False,False,False,16,19554,24254,amherst_ma
z16/19554_24255.png,z16/19554_24255.png,0.0106159488360087,71.1005859375,0.0341949462890625,0.3417953848838806,False,False,False,16,19554,24255,amherst_ma
z16/19554_24256.png,z16/19554_24256.png,0.0130806525548299,73.7998046875,0.0588836669921875,0.3416534960269928,False,False,False,16,19554,24256,amherst_ma
z16/19554_24257.png,z16/19554_24257.png,0.007828564941883,79.5,0.0153961181640625,0.3476380109786987,False,False,False,16,19554,24257,amherst_ma
z16/19554_24258.png,z16/19554_24258.png,0.0089554319779078,34.2998046875,0.0100555419921875,0.3542268872261047,False,False,False,16,19554,24258,amherst_ma
z16/19554_24259.png,z16/19554_24259.png,0.0084882785876592,21.7998046875,0.0,0.350192666053772,False,False,False,16,19554,24259,amherst_ma
z16/19554_24260.png,z16/19554_24260.png,0.0102091660102208,23.2998046875,0.0,0.3448188900947571,False,False,False,16,19554,24260,amherst_ma
z16/19554_24261.png,z16/19554_24261.png,0.0097249090671539,23.2001953125,0.0,0.3417811095714569,False,False,False,16,19554,24261,amherst_ma
z16/19554_24262.png,z16/19554_24262.png,0.0078281551599502,26.30078125,0.000579833984375,0.3541494309902191,False,False,False,16,19554,24262,amherst_ma
z16/19554_24263.png,z16/19554_24263.png,0.0045973683396975,18.900390625,0.0,0.3492884933948517,False,False,False,16,19554,24263,amherst_ma
z16/19554_24264.png,z16/19554_24264.png,0.0088654776414235,22.099609375,0.0,0.3486280143260956,False,False,False,16,19554,24264,amherst_ma
z16/19554_24265.png,z16/19554_24265.png,0.0080840284625689,31.7001953125,0.0078125,0.3402162790298462,False,False,False,16,19554,24265,amherst_ma
z16/19554_24266.png,z16/19554_24266.png,0.0067531178394953,22.8994140625,0.0115203857421875,0.3446308970451355,False,False,False,16,19554,24266,amherst_ma
z16/19554_24267.png,z16/19554_24267.png,0.009927687048912,31.0,0.0257568359375,0.3450439274311065,False,False,False,16,19554,24267,amherst_ma
z16/19554_24268.png,z16/19554_24268.png,0.0074917828043301,30.400390625,0.0,0.347234845161438,False,False,False,16,19554,24268,amherst_ma
z16/19554_24269.png,z16/19554_24269.png,0.0048888330658276,25.6005859375,0.0,0.3445173501968384,False,False,False,16,19554,24269,amherst_ma
z16/19554_24270.png,z16/19554_24270.png,0.0054440726836522,19.6005859375,0.0,0.3464481830596924,False,False,False,16,19554,24270,amherst_ma
z16/19554_24271.png,z16/19554_24271.png,0.0046116908391316,24.5,0.015228271484375,0.3543986976146698,False,False,False,16,19554,24271,amherst_ma
z16/19555_24200.png,z16/19555_24200.png,0.0087229470411936,59.0,0.021759033203125,0.3351275026798248,False,False,False,16,19555,24200,amherst_ma
z16/19555_24201.png,z16/19555_24201.png,0.0057753801345825,21.2001953125,0.0065765380859375,0.3437142670154571,False,False,False,16,19555,24201,amherst_ma
z16/19555_24202.png,z16/19555_24202.png,0.0071914166212081,36.0,0.012847900390625,0.3420925438404083,False,False,False,16,19555,24202,amherst_ma
z16/19555_24203.png,z16/19555_24203.png,0.0074004237850507,25.5,0.0378570556640625,0.3443053364753723,False,False,False,16,19555,24203,amherst_ma
z16/19555_24204.png,z16/19555_24204.png,0.0055047298471132,24.2998046875,0.00201416015625,0.3498786091804504,False,False,False,16,19555,24204,amherst_ma
z16/19555_24205.png,z16/19555_24205.png,0.0073840305209159,40.7001953125,0.0069580078125,0.3495465815067291,False,False,False,16,19555,24205,amherst_ma
z16/19555_24206.png,z16/19555_24206.png,0.0085930496454238,54.30078125,0.0116729736328125,0.3446230590343475,False,False,False,16,19555,24206,amherst_ma
z16/19555_24207.png,z16/19555_24207.png,0.0096468031406402,53.400390625,0.01763916015625,0.3469411134719848,False,False,False,16,19555,24207,amherst_ma
z16/19555_24208.png,z16/19555_24208.png,0.0078597615162531,50.2001953125,0.020172119140625,0.3444163799285888,False,False,False,16,19555,24208,amherst_ma
z16/19555_24209.png,z16/19555_24209.png,0.0181677877902984,77.2001953125,0.0,0.346833199262619,False,False,False,16,19555,24209,amherst_ma
z16/19555_24210.png,z16/19555_24210.png,0.0117849955956141,58.7001953125,0.0,0.3527336418628692,False,False,False,16,19555,24210,amherst_ma
z16/19555_24211.png,z16/19555_24211.png,0.0044385989507039,9.2998046875,0.0,0.3467172980308532,False,False,False,16,19555,24211,amherst_ma
z16/19555_24212.png,z16/19555_24212.png,0.0045565575361251,8.2998046875,0.0,0.3503203690052032,False,False,False,16,19555,24212,amherst_ma
z16/19555_24213.png,z16/19555_24213.png,0.0005880586182077,1.099609375,0.0,0.3440377116203308,False,False,False,16,19555,24213,amherst_ma
z16/19555_24214.png,z16/19555_24214.png,0.0007698717837532,1.0,0.0,0.3555779755115509,False,False,False,16,19555,24214,amherst_ma
z16/19555_24215.png,z16/19555_24215.png,0.0013960223644971,2.0,0.0,0.3479242324829101,False,False,False,16,19555,24215,amherst_ma
z16/19555_24216.png,z16/19555_24216.png,0.0013329739371935,2.0,0.0,0.3537891209125519,False,False,False,16,19555,24216,amherst_ma
z16/19555_24217.png,z16/19555_24217.png,0.0015965143839518,3.099609375,0.0,0.3562680780887604,False,False,False,16,19555,24217,amherst_ma
z16/19555_24218.png,z16/19555_24218.png,0.0018433719873428,3.099609375,0.0,0.3528242409229278,False,False,False,16,19555,24218,amherst_ma
z16/19555_24219.png,z16/19555_24219.png,0.0013164065778255,3.3994140625,0.0,0.3557420372962951,False,False,False,16,19555,24219,amherst_ma
z16/19555_24220.png,z16/19555_24220.png,0.0007325734943151,1.0,0.0,0.3510774374008178,False,False,False,16,19555,24220,amherst_ma
z16/19555_24221.png,z16/19555_24221.png,0.0003778144406775,0.900390625,0.0,0.3468112349510193,False,False,False,16,19555,24221,amherst_ma
z16/19555_24222.png,z16/19555_24222.png,0.0038126751780509,9.2998046875,0.0,0.3460938036441803,False,False,False,16,19555,24222,amherst_ma
z16/19555_24223.png,z16/19555_24223.png,0.0081255674362182,14.599609375,0.0,0.3415181040763855,False,False,False,16,19555,24223,amherst_ma
z16/19555_24224.png,z16/19555_24224.png,0.0067485640446345,14.3994140625,0.0,0.3445234894752502,False,False,False,16,19555,24224,amherst_ma
z16/19555_24225.png,z16/19555_24225.png,0.0079049090544382,11.599609375,0.0,0.3410168290138244,False,False,False,16,19555,24225,amherst_ma
z16/19555_24226.png,z16/19555_24226.png,0.0076335792740186,10.3994140625,0.0,0.3454541265964508,False,False,False,16,19555,24226,amherst_ma
z16/19555_24227.png,z16/19555_24227.png,0.0068778395652771,12.0,0.0,0.3477002084255218,False,False,False,16,19555,24227,amherst_ma
z16/19555_24228.png,z16/19555_24228.png,0.0059141839543978,11.8994140625,0.0,0.363209456205368,False,False,False,16,19555,24228,amherst_ma
z16/19555_24229.png,z16/19555_24229.png,0.0069388275345166,10.7001953125,0.0,0.3487668633460998,False,False,False,16,19555,24229,amherst_ma
z16/19555_24230.png,z16/19555_24230.png,0.0043791035811106,9.599609375,0.0,0.3418688178062439,False,False,False,16,19555,24230,amherst_ma
z16/19555_24231.png,z16/19555_24231.png,0.006375395754973,16.5,0.0,0.3435461223125458,False,False,False,16,19555,24231,amherst_ma
z16/19555_24232.png,z16/19555_24232.png,0.0059559375047683,9.599609375,0.0,0.339863121509552,False,False,False,16,19555,24232,amherst_ma
z16/19555_24233.png,z16/19555_24233.png,0.008432983358701,61.30078125,0.0352325439453125,0.3451850712299347,False,False,False,16,19555,24233,amherst_ma
z16/19555_24234.png,z16/19555_24234.png,0.0079400221506754,51.099609375,0.012359619140625,0.3435630798339844,False,False,False,16,19555,24234,amherst_ma
z16/19555_24235.png,z16/19555_24235.png,0.0085533221562703,50.7998046875,0.0020294189453125,0.3396070599555969,False,False,False,16,19555,24235,amherst_ma
z16/19555_24236.png,z16/19555_24236.png,0.0066608717044194,30.7998046875,0.00628662109375,0.3390887379646301,False,False,False,16,19555,24236,amherst_ma
z16/19555_24237.png,z16/19555_24237.png,0.0063852205872535,40.7001953125,0.0068511962890625,0.3428943455219269,False,False,False,16,19555,24237,amherst_ma
z16/19555_24238.png,z16/19555_24238.png,0.0034611751635869,9.7001953125,0.0,0.3479412496089935,False,False,False,16,19555,24238,amherst_ma
z16/19555_24239.png,z16/19555_24239.png,0.0026680452128251,10.3994140625,0.0,0.3563295602798462,False,False,False,16,19555,24239,amherst_ma
z16/19555_24240.png,z16/19555_24240.png,0.0021409052113691,4.0,0.0,0.3578731417655945,False,False,False,16,19555,24240,amherst_ma
z16/19555_24241.png,z16/19555_24241.png,0.0007669710243741,0.7001953125,0.0,0.3486457169055938,False,False,False,16,19555,24241,amherst_ma
z16/19555_24242.png,z16/19555_24242.png,0.0001611362832287,0.2001953125,0.0,0.3504551649093628,False,False,False,16,19555,24242,amherst_ma
z16/19555_24243.png,z16/19555_24243.png,0.0,0.0,0.0,0.3495695292949676,False,False,False,16,19555,24243,amherst_ma
z16/19555_24244.png,z16/19555_24244.png,0.0008823501567045,0.8994140625,0.0,0.3583228290081024,False,False,False,16,19555,24244,amherst_ma
z16/19555_24245.png,z16/19555_24245.png,0.0026535396774609,8.400390625,0.0,0.3551207780838012,False,False,False,16,19555,24245,amherst_ma
z16/19555_24246.png,z16/19555_24246.png,0.0062051196893056,16.099609375,0.0,0.3419338166713714,False,False,False,16,19555,24246,amherst_ma
z16/19555_24247.png,z16/19555_24247.png,0.004871617257595,21.8994140625,0.0154571533203125,0.3482680916786194,False,False,False,16,19555,24247,amherst_ma
z16/19555_24248.png,z16/19555_24248.png,0.0095603754123051,28.6005859375,0.0,0.3596704006195068,False,False,False,16,19555,24248,amherst_ma
z16/19555_24249.png,z16/19555_24249.png,0.0096768448750178,28.900390625,0.0,0.3590940833091736,False,False,False,16,19555,24249,amherst_ma
z16/19555_24250.png,z16/19555_24250.png,0.0097971240679423,27.6005859375,0.001800537109375,0.3440051674842834,False,False,False,16,19555,24250,amherst_ma
z16/19555_24251.png,z16/19555_24251.png,0.0051577528317769,47.599609375,0.0151214599609375,0.3372186124324798,False,False,False,16,19555,24251,amherst_ma
z16/19555_24252.png,z16/19555_24252.png,0.0072824999690055,88.7998046875,0.0305023193359375,0.3354028463363647,False,False,False,16,19555,24252,amherst_ma
z16/19555_24253.png,z16/19555_24253.png,0.0254383603731791,153.099609375,0.00799560546875,0.3363915085792541,False,False,False,16,19555,24253,amherst_ma
z16/19555_24254.png,z16/19555_24254.png,0.0132043759028116,96.599609375,0.0073089599609375,0.3353810906410217,False,False,False,16,19555,24254,amherst_ma
z16/19555_24255.png,z16/19555_24255.png,0.0134609778722127,90.099609375,0.0377197265625,0.3355489075183868,False,False,False,16,19555,24255,amherst_ma
z16/19555_24256.png,z16/19555_24256.png,0.0081459760665893,67.099609375,0.0461883544921875,0.3411431014537811,False,False,False,16,19555,24256,amherst_ma
z16/19555_24257.png,z16/19555_24257.png,0.0061464518308639,48.5,0.01226806640625,0.3510709404945373,False,False,False,16,19555,24257,amherst_ma
z16/19555_24258.png,z16/19555_24258.png,0.0091368337472279,21.2998046875,0.0,0.3534086942672729,False,False,False,16,19555,24258,amherst_ma
z16/19555_24259.png,z16/19555_24259.png,0.0082003901402155,24.900390625,0.0,0.3517374992370605,False,False,False,16,19555,24259,amherst_ma
z16/19555_24260.png,z16/19555_24260.png,0.0071999659140904,25.7998046875,0.0,0.3427096009254455,False,False,False,16,19555,24260,amherst_ma
z16/19555_24261.png,z16/19555_24261.png,0.0078162694970766,27.6005859375,0.0,0.3417674005031585,False,False,False,16,19555,24261,amherst_ma
z16/19555_24262.png,z16/19555_24262.png,0.0067233358820279,34.5,0.00640869140625,0.345237135887146,False,False,False,16,19555,24262,amherst_ma
z16/19555_24263.png,z16/19555_24263.png,0.0042710949977238,25.1005859375,0.00274658203125,0.3477629423141479,False,False,False,16,19555,24263,amherst_ma
z16/19555_24264.png,z16/19555_24264.png,0.0077701826890309,26.5,0.0012969970703125,0.3442265391349792,False,False,False,16,19555,24264,amherst_ma
z16/19555_24265.png,z16/19555_24265.png,0.0032247424125671,26.5,0.00115966796875,0.34668630361557,False,False,False,16,19555,24265,amherst_ma
z16/19555_24266.png,z16/19555_24266.png,0.0050588428974151,21.599609375,0.003387451171875,0.350123643875122,False,False,False,16,19555,24266,amherst_ma
z16/19555_24267.png,z16/19555_24267.png,0.0093563864628473,25.2998046875,0.04742431640625,0.3511413335800171,False,False,False,16,19555,24267,amherst_ma
z16/19555_24268.png,z16/19555_24268.png,0.0068477089206377,19.3994140625,0.0107269287109375,0.3450546562671661,False,False,False,16,19555,24268,amherst_ma
z16/19555_24269.png,z16/19555_24269.png,0.00550317466259,14.19921875,0.0,0.3457434177398681,False,False,False,16,19555,24269,amherst_ma
z16/19555_24270.png,z16/19555_24270.png,0.0032885362704594,19.0,0.0054779052734375,0.351360023021698,False,False,False,16,19555,24270,amherst_ma
z16/19555_24271.png,z16/19555_24271.png,0.0044606606165568,20.400390625,0.0,0.3447818458080292,False,False,False,16,19555,24271,amherst_ma
z16/19556_24200.png,z16/19556_24200.png,0.0068920820951461,59.8994140625,0.0023345947265625,0.3445942401885986,False,False,False,16,19556,24200,amherst_ma
z16/19556_24201.png,z16/19556_24201.png,0.0062060301502545,49.7998046875,0.0052032470703125,0.3440279960632324,False,False,False,16,19556,24201,amherst_ma
z16/19556_24202.png,z16/19556_24202.png,0.0079549858967463,62.6005859375,0.0027008056640625,0.3429264426231384,False,False,False,16,19556,24202,amherst_ma
z16/19556_24203.png,z16/19556_24203.png,0.0073799217740694,50.5,0.001800537109375,0.3424803018569946,False,False,False,16,19556,24203,amherst_ma
z16/19556_24204.png,z16/19556_24204.png,0.0078667258222897,60.2998046875,0.0043182373046875,0.3484630584716797,False,False,False,16,19556,24204,amherst_ma
z16/19556_24205.png,z16/19556_24205.png,0.008271999657154,58.2001953125,0.0043487548828125,0.3460452556610107,False,False,False,16,19556,24205,amherst_ma
z16/19556_24206.png,z16/19556_24206.png,0.007714890440305,63.1005859375,0.00347900390625,0.3439636826515198,False,False,False,16,19556,24206,amherst_ma
z16/19556_24207.png,z16/19556_24207.png,0.0126727203528086,42.3994140625,0.0,0.3464135229587555,False,False,False,16,19556,24207,amherst_ma
z16/19556_24208.png,z16/19556_24208.png,0.0040254950523376,17.2998046875,0.0,0.3552966713905334,False,False,False,16,19556,24208,amherst_ma
z16/19556_24209.png,z16/19556_24209.png,0.0033133747677008,8.0,0.0,0.350190669298172,False,False,False,16,19556,24209,amherst_ma
z16/19556_24210.png,z16/19556_24210.png,0.0084565728902816,27.900390625,0.0,0.3488700985908508,False,False,False,16,19556,24210,amherst_ma
z16/19556_24211.png,z16/19556_24211.png,0.0117124686638514,39.0,0.0,0.3500325083732605,False,False,False,16,19556,24211,amherst_ma
z16/19556_24212.png,z16/19556_24212.png,0.0113796303669611,36.400390625,0.0,0.3489271104335785,False,False,False,16,19556,24212,amherst_ma
z16/19556_24213.png,z16/19556_24213.png,0.0110876520474751,36.900390625,0.0,0.3440192341804504,False,False,False,16,19556,24213,amherst_ma
z16/19556_24214.png,z16/19556_24214.png,0.0053064063191413,14.400390625,0.0,0.3441965878009796,False,False,False,16,19556,24214,amherst_ma
z16/19556_24215.png,z16/19556_24215.png,0.0014392441759506,3.7998046875,0.0,0.3510705530643463,False,False,False,16,19556,24215,amherst_ma
z16/19556_24216.png,z16/19556_24216.png,0.0009336070468028,1.400390625,0.0,0.3486209511756897,False,False,False,16,19556,24216,amherst_ma
z16/19556_24217.png,z16/19556_24217.png,0.0,0.0,0.0,0.352219820022583,False,False,False,16,19556,24217,amherst_ma
z16/19556_24218.png,z16/19556_24218.png,0.0009409345686435,1.0,0.0,0.3444787859916687,False,False,False,16,19556,24218,amherst_ma
z16/19556_24219.png,z16/19556_24219.png,0.0017396898319323,3.099609375,0.0,0.3482413291931152,False,False,False,16,19556,24219,amherst_ma
z16/19556_24220.png,z16/19556_24220.png,0.0023945314188798,3.900390625,0.0,0.3444213271141052,False,False,False,16,19556,24220,amherst_ma
z16/19556_24221.png,z16/19556_24221.png,0.0043458019693692,16.599609375,0.0,0.3493199050426483,False,False,False,16,19556,24221,amherst_ma
z16/19556_24222.png,z16/19556_24222.png,0.004570534825325,17.5,0.0,0.339866429567337,False,False,False,16,19556,24222,amherst_ma
z16/19556_24223.png,z16/19556_24223.png,0.0012049436569213,1.2001953125,0.0,0.3403359949588775,False,False,False,16,19556,24223,amherst_ma
z16/19556_24224.png,z16/19556_24224.png,0.0014751241852839,2.599609375,0.0,0.3421314060688019,False,False,False,16,19556,24224,amherst_ma
z16/19556_24225.png,z16/19556_24225.png,0.0016750744233528,4.099609375,0.0,0.3460820019245147,False,False,False,16,19556,24225,amherst_ma
z16/19556_24226.png,z16/19556_24226.png,0.0063725903630256,13.2001953125,0.0,0.3441536724567413,False,False,False,16,19556,24226,amherst_ma
z16/19556_24227.png,z16/19556_24227.png,0.0059911226232846,12.7998046875,0.0,0.344528317451477,False,False,False,16,19556,24227,amherst_ma
z16/19556_24228.png,z16/19556_24228.png,0.0033769299586613,10.0,0.0,0.3512194454669952,False,False,False,16,19556,24228,amherst_ma
z16/19556_24229.png,z16/19556_24229.png,0.0034026357034842,9.2998046875,0.0,0.3525343537330627,False,False,False,16,19556,24229,amherst_ma
z16/19556_24230.png,z16/19556_24230.png,0.0081832552949587,19.5,0.0,0.3441899716854095,False,False,False,16,19556,24230,amherst_ma
z16/19556_24231.png,z16/19556_24231.png,0.0062341431776682,16.599609375,0.0,0.3405579924583435,False,False,False,16,19556,24231,amherst_ma
z16/19556_24232.png,z16/19556_24232.png,0.0099072833855946,53.5,0.0,0.3392466604709625,False,False,False,16,19556,24232,amherst_ma
z16/19556_24233.png,z16/19556_24233.png,0.0084387878576914,98.80078125,0.00079345703125,0.3351631164550781,False,False,False,16,19556,24233,amherst_ma
z16/19556_24234.png,z16/19556_24234.png,0.010202732682228,63.5,0.0070953369140625,0.3366821706295013,False,False,False,16,19556,24234,amherst_ma
z16/19556_24235.png,z16/19556_24235.png,0.0107660243908564,79.2001953125,0.0393829345703125,0.3408104479312897,False,False,False,16,19556,24235,amherst_ma
z16/19556_24236.png,z16/19556_24236.png,0.0039496431748072,25.5,0.0,0.347266137599945,False,False,False,16,19556,24236,amherst_ma
z16/19556_24237.png,z16/19556_24237.png,0.008243312438329,39.900390625,0.0173187255859375,0.3408171534538269,False,False,False,16,19556,24237,amherst_ma
z16/19556_24238.png,z16/19556_24238.png,0.0027179052432378,18.19921875,0.0,0.3468794226646423,False,False,False,16,19556,24238,amherst_ma
z16/19556_24239.png,z16/19556_24239.png,0.0036443519095579,12.2998046875,0.0,0.3473193645477295,False,False,False,16,19556,24239,amherst_ma
z16/19556_24240.png,z16/19556_24240.png,0.0047774453957875,9.19921875,0.0,0.3466803133487701,False,False,False,16,19556,24240,amherst_ma
z16/19556_24241.png,z16/19556_24241.png,0.0042081554730733,8.599609375,0.0,0.349023163318634,False,False,False,16,19556,24241,amherst_ma
z16/19556_24242.png,z16/19556_24242.png,0.0041766012708346,7.400390625,0.0,0.3435976803302765,False,False,False,16,19556,24242,amherst_ma
z16/19556_24243.png,z16/19556_24243.png,0.0060408110419909,18.2998046875,0.0,0.3400307893753052,False,False,False,16,19556,24243,amherst_ma
z16/19556_24244.png,z16/19556_24244.png,0.0059287140766779,15.7998046875,0.0,0.3419997692108154,False,False,False,16,19556,24244,amherst_ma
z16/19556_24245.png,z16/19556_24245.png,0.0053784678379694,17.2998046875,0.0,0.3470823168754577,False,False,False,16,19556,24245,amherst_ma
z16/19556_24246.png,z16/19556_24246.png,0.0069501822193463,18.7998046875,0.0,0.3471224308013916,False,False,False,16,19556,24246,amherst_ma
z16/19556_24247.png,z16/19556_24247.png,0.0020262392858664,9.80078125,0.0,0.3594105243682861,False,False,False,16,19556,24247,amherst_ma
z16/19556_24248.png,z16/19556_24248.png,0.0024396379788716,10.6005859375,0.0,0.3595641553401947,False,False,False,16,19556,24248,amherst_ma
z16/19556_24249.png,z16/19556_24249.png,0.0025796788434187,13.2998046875,0.0,0.3616430163383484,False,False,False,16,19556,24249,amherst_ma
z16/19556_24250.png,z16/19556_24250.png,0.0025709877411524,17.69921875,0.0,0.3597724735736847,False,False,False,16,19556,24250,amherst_ma
z16/19556_24251.png,z16/19556_24251.png,0.0060340657830238,79.2001953125,0.058624267578125,0.3390138447284698,False,False,False,16,19556,24251,amherst_ma
z16/19556_24252.png,z16/19556_24252.png,0.0082683046658833,89.599609375,0.010498046875,0.3352623879909515,False,False,False,16,19556,24252,amherst_ma
z16/19556_24253.png,z16/19556_24253.png,0.0260174492994944,115.400390625,0.0238800048828125,0.336050420999527,False,False,False,16,19556,24253,amherst_ma
z16/19556_24254.png,z16/19556_24254.png,0.0118681222200393,137.7001953125,0.0062408447265625,0.3344480991363525,False,False,False,16,19556,24254,amherst_ma
z16/19556_24255.png,z16/19556_24255.png,0.014855878551801,79.099609375,0.0035247802734375,0.3351678252220154,False,False,False,16,19556,24255,amherst_ma
z16/19556_24256.png,z16/19556_24256.png,0.0113358736038208,84.3994140625,0.0075225830078125,0.3371982276439667,False,False,False,16,19556,24256,amherst_ma
z16/19556_24257.png,z16/19556_24257.png,0.0087203641732533,34.900390625,0.0378570556640625,0.3526319861412048,False,False,False,16,19556,24257,amherst_ma
z16/19556_24258.png,z16/19556_24258.png,0.0085332463184992,21.099609375,0.0,0.3510527312755584,False,False,False,16,19556,24258,amherst_ma
z16/19556_24259.png,z16/19556_24259.png,0.0079669917623202,31.2001953125,0.0,0.3479969501495361,False,False,False,16,19556,24259,amherst_ma
z16/19556_24260.png,z16/19556_24260.png,0.0080689226587613,50.0,0.0049896240234375,0.3450621962547302,False,False,False,16,19556,24260,amherst_ma
z16/19556_24261.png,z16/19556_24261.png,0.0061582763989766,57.5,0.0009918212890625,0.3507274091243744,False,False,False,16,19556,24261,amherst_ma
z16/19556_24262.png,z16/19556_24262.png,0.0046582957108815,35.099609375,0.0079803466796875,0.3520897924900055,False,False,False,16,19556,24262,amherst_ma
z16/19556_24263.png,z16/19556_24263.png,0.0023406997323036,16.80078125,0.0065460205078125,0.3527279496192932,False,False,False,16,19556,24263,amherst_ma
z16/19556_24264.png,z16/19556_24264.png,0.0045200571417808,23.400390625,0.0008544921875,0.3470493853092193,False,False,False,16,19556,24264,amherst_ma
z16/19556_24265.png,z16/19556_24265.png,0.0088536868492762,29.7001953125,0.0433349609375,0.3458854556083679,False,False,False,16,19556,24265,amherst_ma
z16/19556_24266.png,z16/19556_24266.png,0.0061545307437578,35.5,0.051849365234375,0.3423423171043396,False,False,False,16,19556,24266,amherst_ma
z16/19556_24267.png,z16/19556_24267.png,0.0045563648144404,21.5,0.0,0.3464179039001465,False,False,False,16,19556,24267,amherst_ma
z16/19556_24268.png,z16/19556_24268.png,0.0045597319801648,18.400390625,0.0,0.3469371795654297,False,False,False,16,19556,24268,amherst_ma
z16/19556_24269.png,z16/19556_24269.png,0.0055202379822731,14.5,0.0,0.3454273343086242,False,False,False,16,19556,24269,amherst_ma
z16/19556_24270.png,z16/19556_24270.png,0.0032798108955224,15.7998046875,0.0,0.3472078442573547,False,False,False,16,19556,24270,amherst_ma
z16/19556_24271.png,z16/19556_24271.png,0.0017398130148649,5.099609375,0.0,0.348097562789917,False,False,False,16,19556,24271,amherst_ma
z16/19557_24200.png,z16/19557_24200.png,0.0109581092993418,51.900390625,0.0,0.3487347960472107,False,False,False,16,19557,24200,amherst_ma
z16/19557_24201.png,z16/19557_24201.png,0.0053611064950625,37.2998046875,0.0437469482421875,0.3447702825069427,False,False,False,16,19557,24201,amherst_ma
z16/19557_24202.png,z16/19557_24202.png,0.0071987067659695,30.5,0.0,0.3492854833602905,False,False,False,16,19557,24202,amherst_ma
z16/19557_24203.png,z16/19557_24203.png,0.0087512741486231,33.2001953125,0.0,0.3423248827457428,False,False,False,16,19557,24203,amherst_ma
z16/19557_24204.png,z16/19557_24204.png,0.0074359635512034,31.2001953125,0.030792236328125,0.3429774343967438,False,False,False,16,19557,24204,amherst_ma
z16/19557_24205.png,z16/19557_24205.png,0.0061464130878448,18.3994140625,0.0,0.3449808657169342,False,False,False,16,19557,24205,amherst_ma
z16/19557_24206.png,z16/19557_24206.png,0.0056403795878092,13.400390625,0.0,0.3520905673503876,False,False,False,16,19557,24206,amherst_ma
z16/19557_24207.png,z16/19557_24207.png,0.0039783395826816,8.2998046875,0.0,0.3418932557106018,False,False,False,16,19557,24207,amherst_ma
z16/19557_24208.png,z16/19557_24208.png,0.0070568233728408,25.8994140625,0.0,0.3386117219924927,False,False,False,16,19557,24208,amherst_ma
z16/19557_24209.png,z16/19557_24209.png,0.0099995950857798,54.0,0.0677642822265625,0.3447713553905487,False,False,False,16,19557,24209,amherst_ma
z16/19557_24210.png,z16/19557_24210.png,0.0084820508956909,47.0,0.0047149658203125,0.340948224067688,False,False,False,16,19557,24210,amherst_ma
z16/19557_24211.png,z16/19557_24211.png,0.011613052090009,71.5,0.0016021728515625,0.3507111668586731,False,False,False,16,19557,24211,amherst_ma
z16/19557_24212.png,z16/19557_24212.png,0.0254440704981486,117.7998046875,0.0019989013671875,0.3427934050559997,False,False,False,16,19557,24212,amherst_ma
z16/19557_24213.png,z16/19557_24213.png,0.0184981783231099,109.5,0.0064239501953125,0.3429215550422668,False,False,False,16,19557,24213,amherst_ma
z16/19557_24214.png,z16/19557_24214.png,0.0161862134933471,80.099609375,0.01025390625,0.3459164798259735,False,False,False,16,19557,24214,amherst_ma
z16/19557_24215.png,z16/19557_24215.png,0.0055902381738026,26.1005859375,0.0288543701171875,0.3454128503799438,False,False,False,16,19557,24215,amherst_ma
z16/19557_24216.png,z16/19557_24216.png,0.0050758411486943,19.099609375,0.0,0.3469522595405578,False,False,False,16,19557,24216,amherst_ma
z16/19557_24217.png,z16/19557_24217.png,0.0032118995984395,7.2001953125,0.0,0.3432582020759582,False,False,False,16,19557,24217,amherst_ma
z16/19557_24218.png,z16/19557_24218.png,0.0014603945116202,3.80078125,0.0,0.345496118068695,False,False,False,16,19557,24218,amherst_ma
z16/19557_24219.png,z16/19557_24219.png,0.0018324180195728,4.5,0.0,0.3446778953075409,False,False,False,16,19557,24219,amherst_ma
z16/19557_24220.png,z16/19557_24220.png,0.0043366973598798,8.0,0.0,0.345575213432312,False,False,False,16,19557,24220,amherst_ma
z16/19557_24221.png,z16/19557_24221.png,0.0035688159366448,10.30078125,0.0,0.3446302711963653,False,False,False,16,19557,24221,amherst_ma
z16/19557_24222.png,z16/19557_24222.png,0.002832972506682,9.400390625,0.0,0.3398847579956054,False,False,False,16,19557,24222,amherst_ma
z16/19557_24223.png,z16/19557_24223.png,0.00277872706453,7.0,0.0,0.3394255936145782,False,False,False,16,19557,24223,amherst_ma
z16/19557_24224.png,z16/19557_24224.png,0.001688356945912,4.099609375,0.0,0.3397554755210876,False,False,False,16,19557,24224,amherst_ma
z16/19557_24225.png,z16/19557_24225.png,0.00203954440852,5.900390625,0.0,0.3428801894187927,False,False,False,16,19557,24225,amherst_ma
z16/19557_24226.png,z16/19557_24226.png,0.00455867399772,12.5,0.0,0.3452957272529602,False,False,False,16,19557,24226,amherst_ma
z16/19557_24227.png,z16/19557_24227.png,0.0062727098663647,19.1005859375,0.0,0.3421344459056854,False,False,False,16,19557,24227,amherst_ma
z16/19557_24228.png,z16/19557_24228.png,0.0080890536308288,21.599609375,0.0,0.343817263841629,False,False,False,16,19557,24228,amherst_ma
z16/19557_24229.png,z16/19557_24229.png,0.005005728205045,13.30078125,0.0,0.3445252776145935,False,False,False,16,19557,24229,amherst_ma
z16/19557_24230.png,z16/19557_24230.png,0.0040843039751052,10.099609375,0.0,0.3413332998752594,False,False,False,16,19557,24230,amherst_ma
z16/19557_24231.png,z16/19557_24231.png,0.0100412925084431,45.3994140625,0.0,0.3351006507873535,False,False,False,16,19557,24231,amherst_ma
z16/19557_24232.png,z16/19557_24232.png,0.0073454653223355,41.8994140625,0.0003204345703125,0.3384650349617004,False,False,False,16,19557,24232,amherst_ma
z16/19557_24233.png,z16/19557_24233.png,0.0102253158887227,90.900390625,0.0387420654296875,0.3344238698482513,False,False,False,16,19557,24233,amherst_ma
z16/19557_24234.png,z16/19557_24234.png,0.0188668409983317,102.7001953125,0.0561065673828125,0.3360797762870788,False,False,False,16,19557,24234,amherst_ma
z16/19557_24235.png,z16/19557_24235.png,0.0122737735509872,70.5,0.0146026611328125,0.3388876318931579,False,False,False,16,19557,24235,amherst_ma
z16/19557_24236.png,z16/19557_24236.png,0.0039095215499401,39.5,0.0307769775390625,0.3484970927238464,False,False,False,16,19557,24236,amherst_ma
z16/19557_24237.png,z16/19557_24237.png,0.0048438092072804,26.599609375,0.011749267578125,0.3443437218666076,False,False,False,16,19557,24237,amherst_ma
z16/19557_24238.png,z16/19557_24238.png,0.0031473929683367,22.7998046875,0.0,0.348425954580307,False,False,False,16,19557,24238,amherst_ma
z16/19557_24239.png,z16/19557_24239.png,0.002079044903318,8.3994140625,0.0,0.3412498235702514,False,False,False,16,19557,24239,amherst_ma
z16/19557_24240.png,z16/19557_24240.png,0.0023330196738243,5.7001953125,0.0,0.3424292802810669,False,False,False,16,19557,24240,amherst_ma
z16/19557_24241.png,z16/19557_24241.png,0.0024033233523368,5.900390625,0.0,0.3427528738975525,False,False,False,16,19557,24241,amherst_ma
z16/19557_24242.png,z16/19557_24242.png,0.0028162012497584,8.2998046875,0.0,0.343837559223175,False,False,False,16,19557,24242,amherst_ma
z16/19557_24243.png,z16/19557_24243.png,0.0045960148175557,11.0,0.0,0.3420805037021637,False,False,False,16,19557,24243,amherst_ma
z16/19557_24244.png,z16/19557_24244.png,0.0052080616354942,15.099609375,0.0,0.3433974981307983,False,False,False,16,19557,24244,amherst_ma
z16/19557_24245.png,z16/19557_24245.png,0.0051388889551162,13.1005859375,0.0,0.3523300886154175,False,False,False,16,19557,24245,amherst_ma
z16/19557_24246.png,z16/19557_24246.png,0.0071321060260136,15.7998046875,0.0,0.3502773344516754,False,False,False,16,19557,24246,amherst_ma
z16/19557_24247.png,z16/19557_24247.png,0.0041507897277673,14.5,0.0,0.3518329560756683,False,False,False,16,19557,24247,amherst_ma
z16/19557_24248.png,z16/19557_24248.png,0.00409998173515,17.19921875,0.0101776123046875,0.3430556058883667,False,False,False,16,19557,24248,amherst_ma
z16/19557_24249.png,z16/19557_24249.png,0.0032224021852016,10.900390625,0.0,0.348553329706192,False,False,False,16,19557,24249,amherst_ma
z16/19557_24250.png,z16/19557_24250.png,0.0035138296584288,26.2998046875,0.0096588134765625,0.3576164245605469,False,False,False,16,19557,24250,amherst_ma
z16/19557_24251.png,z16/19557_24251.png,0.0059355065226554,60.2998046875,0.0121307373046875,0.3410676419734955,False,False,False,16,19557,24251,amherst_ma
z16/19557_24252.png,z16/19557_24252.png,0.0077356631557146,66.7998046875,0.0323944091796875,0.3360273241996765,False,False,False,16,19557,24252,amherst_ma
z16/19557_24253.png,z16/19557_24253.png,0.0269787927468617,122.0,0.01165771484375,0.3391280770301819,False,False,False,16,19557,24253,amherst_ma
z16/19557_24254.png,z16/19557_24254.png,0.0075622285405794,122.5,0.00640869140625,0.3387055099010467,False,False,False,16,19557,24254,amherst_ma
z16/19557_24255.png,z16/19557_24255.png,0.0099397093057632,42.7001953125,0.0048065185546875,0.3466320335865021,False,False,False,16,19557,24255,amherst_ma
z16/19557_24256.png,z16/19557_24256.png,0.0133024702469507,52.7001953125,0.0217742919921875,0.3491993844509125,False,False,False,16,19557,24256,amherst_ma
z16/19557_24257.png,z16/19557_24257.png,0.0087230185667673,51.2001953125,0.032135009765625,0.3538405895233154,False,False,False,16,19557,24257,amherst_ma
z16/19557_24258.png,z16/19557_24258.png,0.0086453735828399,16.0,0.0,0.3471522629261017,False,False,False,16,19557,24258,amherst_ma
z16/19557_24259.png,z16/19557_24259.png,0.0055276721715927,31.599609375,0.0267333984375,0.3469041585922241,False,False,False,16,19557,24259,amherst_ma
z16/19557_24260.png,z16/19557_24260.png,0.0068267459670702,36.099609375,0.0140228271484375,0.3486456871032715,False,False,False,16,19557,24260,amherst_ma
z16/19557_24261.png,z16/19557_24261.png,0.0065821001927057,34.6005859375,0.0028228759765625,0.3454751968383789,False,False,False,16,19557,24261,amherst_ma
z16/19557_24262.png,z16/19557_24262.png,0.0041229625542958,25.7001953125,0.0290069580078125,0.357788622379303,False,False,False,16,19557,24262,amherst_ma
z16/19557_24263.png,z16/19557_24263.png,0.0025892853736877,17.0,0.0,0.3553335070610046,False,False,False,16,19557,24263,amherst_ma
z16/19557_24264.png,z16/19557_24264.png,0.006016020476818,15.5,0.0,0.3380458056926727,False,False,False,16,19557,24264,amherst_ma
z16/19557_24265.png,z16/19557_24265.png,0.0099300344785054,38.5,0.0081024169921875,0.341575562953949,False,False,False,16,19557,24265,amherst_ma
z16/19557_24266.png,z16/19557_24266.png,0.0058409258723258,34.19921875,0.0002593994140625,0.346868097782135,False,False,False,16,19557,24266,amherst_ma
z16/19557_24267.png,z16/19557_24267.png,0.0054880211750666,18.5,0.0415802001953125,0.3482043743133545,False,False,False,16,19557,24267,amherst_ma
z16/19557_24268.png,z16/19557_24268.png,0.0041426447530587,20.2998046875,0.040313720703125,0.3456831574440002,False,False,False,16,19557,24268,amherst_ma
z16/19557_24269.png,z16/19557_24269.png,0.0062720641493797,26.0,0.025146484375,0.348078191280365,False,False,False,16,19557,24269,amherst_ma
z16/19557_24270.png,z16/19557_24270.png,0.005506811539332,13.0,0.0,0.346835732460022,False,False,False,16,19557,24270,amherst_ma
z16/19557_24271.png,z16/19557_24271.png,0.0018831465393304,8.400390625,0.0,0.3445914685726166,False,False,False,16,19557,24271,amherst_ma
z16/19558_24200.png,z16/19558_24200.png,0.015827144185702,24.599609375,0.0,0.343941330909729,False,False,False,16,19558,24200,amherst_ma
z16/19558_24201.png,z16/19558_24201.png,0.0106579393148422,25.2001953125,0.0,0.3443391919136047,False,False,False,16,19558,24201,amherst_ma
z16/19558_24202.png,z16/19558_24202.png,0.0018298599869012,7.2998046875,0.0,0.3486164212226867,False,False,False,16,19558,24202,amherst_ma
z16/19558_24203.png,z16/19558_24203.png,0.0045851171016693,18.2998046875,0.0,0.3483657240867615,False,False,False,16,19558,24203,amherst_ma
z16/19558_24204.png,z16/19558_24204.png,0.0172955930233001,54.099609375,0.0,0.3466761410236358,False,False,False,16,19558,24204,amherst_ma
z16/19558_24205.png,z16/19558_24205.png,0.010337953766187,46.599609375,0.0,0.3399405181407928,False,False,False,16,19558,24205,amherst_ma
z16/19558_24206.png,z16/19558_24206.png,0.0128991564114888,41.2998046875,0.0,0.3422915339469909,False,False,False,16,19558,24206,amherst_ma
z16/19558_24207.png,z16/19558_24207.png,0.0093972543875376,35.80078125,0.0303497314453125,0.3427022099494934,False,False,False,16,19558,24207,amherst_ma
z16/19558_24208.png,z16/19558_24208.png,0.0164597491423288,72.69921875,0.03338623046875,0.3516449928283691,False,False,False,16,19558,24208,amherst_ma
z16/19558_24209.png,z16/19558_24209.png,0.0157402127981185,63.400390625,0.0007171630859375,0.351591557264328,False,False,False,16,19558,24209,amherst_ma
z16/19558_24210.png,z16/19558_24210.png,0.0102055569489796,61.599609375,0.015228271484375,0.3478962779045105,False,False,False,16,19558,24210,amherst_ma
z16/19558_24211.png,z16/19558_24211.png,0.0112084011236826,75.5,0.004974365234375,0.345235526561737,False,False,False,16,19558,24211,amherst_ma
z16/19558_24212.png,z16/19558_24212.png,0.0098972409963607,52.5,0.0212860107421875,0.3479544520378113,False,False,False,16,19558,24212,amherst_ma
z16/19558_24213.png,z16/19558_24213.png,0.0128313302993774,91.099609375,0.00994873046875,0.3479809761047363,False,False,False,16,19558,24213,amherst_ma
z16/19558_24214.png,z16/19558_24214.png,0.0179642339547475,88.8994140625,0.0087738037109375,0.3509221971035003,False,False,False,16,19558,24214,amherst_ma
z16/19558_24215.png,z16/19558_24215.png,0.0219843745231628,80.7001953125,0.01629638671875,0.3478660583496094,False,False,False,16,19558,24215,amherst_ma
z16/19558_24216.png,z16/19558_24216.png,0.0302797317504882,87.599609375,0.014007568359375,0.3448233604431152,False,False,False,16,19558,24216,amherst_ma
z16/19558_24217.png,z16/19558_24217.png,0.003467017908891,22.6005859375,0.0,0.342626005411148,False,False,False,16,19558,24217,amherst_ma
z16/19558_24218.png,z16/19558_24218.png,0.0042096679409344,9.5,0.0,0.3429336547851562,False,False,False,16,19558,24218,amherst_ma
z16/19558_24219.png,z16/19558_24219.png,0.0027548318107922,5.900390625,0.0,0.342041939496994,False,False,False,16,19558,24219,amherst_ma
z16/19558_24220.png,z16/19558_24220.png,0.0007685023670395,2.19921875,0.0,0.3465842008590698,False,False,False,16,19558,24220,amherst_ma
z16/19558_24221.png,z16/19558_24221.png,0.0021012559533119,4.5,0.0,0.3448134958744049,False,False,False,16,19558,24221,amherst_ma
z16/19558_24222.png,z16/19558_24222.png,0.0032413164774576,8.7998046875,0.0,0.3506624698638916,False,False,False,16,19558,24222,amherst_ma
z16/19558_24223.png,z16/19558_24223.png,0.0042513062556584,8.7001953125,0.0,0.3433889150619507,False,False,False,16,19558,24223,amherst_ma
z16/19558_24224.png,z16/19558_24224.png,0.0050479198495546,13.6005859375,0.0,0.3433582782745361,False,False,False,16,19558,24224,amherst_ma
z16/19558_24225.png,z16/19558_24225.png,0.0047443245848019,13.3994140625,0.0,0.3400202393531799,False,False,False,16,19558,24225,amherst_ma
z16/19558_24226.png,z16/19558_24226.png,0.0029841753343741,8.8994140625,0.0,0.348215639591217,False,False,False,16,19558,24226,amherst_ma
z16/19558_24227.png,z16/19558_24227.png,0.0031245862444241,8.400390625,0.0,0.3595986366271972,False,False,False,16,19558,24227,amherst_ma
z16/19558_24228.png,z16/19558_24228.png,0.0018470626324415,3.5,0.0,0.3424405455589294,False,False,False,16,19558,24228,amherst_ma
z16/19558_24229.png,z16/19558_24229.png,0.0024772259096304,5.5,0.0,0.3417641222476959,False,False,False,16,19558,24229,amherst_ma
z16/19558_24230.png,z16/19558_24230.png,0.0034095476071039,8.0,0.0,0.3493288457393646,False,False,False,16,19558,24230,amherst_ma
z16/19558_24231.png,z16/19558_24231.png,0.0059581076105435,28.0,0.0,0.3424903750419616,False,False,False,16,19558,24231,amherst_ma
z16/19558_24232.png,z16/19558_24232.png,0.0121895730495452,42.0,0.0,0.3380216658115387,False,False,False,16,19558,24232,amherst_ma
z16/19558_24233.png,z16/19558_24233.png,0.0066228533784548,28.6005859375,0.0,0.3408348262310028,False,False,False,16,19558,24233,amherst_ma
z16/19558_24234.png,z16/19558_24234.png,0.0021211929619312,5.5,0.0,0.3357905447483063,False,False,False,16,19558,24234,amherst_ma
z16/19558_24235.png,z16/19558_24235.png,0.0022353880107402,10.0,0.0,0.3410120606422424,False,False,False,16,19558,24235,amherst_ma
z16/19558_24236.png,z16/19558_24236.png,0.0019740757842858,19.0,0.00433349609375,0.349042683839798,False,False,False,16,19558,24236,amherst_ma
z16/19558_24237.png,z16/19558_24237.png,0.0050821284453074,25.1005859375,0.0,0.3491764068603515,False,False,False,16,19558,24237,amherst_ma
z16/19558_24238.png,z16/19558_24238.png,0.0069249764084815,34.2001953125,0.0258026123046875,0.3417902290821075,False,False,False,16,19558,24238,amherst_ma
z16/19558_24239.png,z16/19558_24239.png,0.0031940167148907,21.5,0.0,0.338492602109909,False,False,False,16,19558,24239,amherst_ma
z16/19558_24240.png,z16/19558_24240.png,0.0019622975339492,6.7998046875,0.0,0.3494786620140075,False,False,False,16,19558,24240,amherst_ma
z16/19558_24241.png,z16/19558_24241.png,0.0019975274801254,3.900390625,0.0,0.3437969088554382,False,False,False,16,19558,24241,amherst_ma
z16/19558_24242.png,z16/19558_24242.png,0.0029846906661987,9.5,0.0,0.3513045012950897,False,False,False,16,19558,24242,amherst_ma
z16/19558_24243.png,z16/19558_24243.png,0.0039022654294967,12.900390625,0.0,0.3468823730945587,False,False,False,16,19558,24243,amherst_ma
z16/19558_24244.png,z16/19558_24244.png,0.0024678580462932,7.6005859375,0.0,0.3396274447441101,False,False,False,16,19558,24244,amherst_ma
z16/19558_24245.png,z16/19558_24245.png,0.002198639512062,6.2998046875,0.0,0.3528050184249878,False,False,False,16,19558,24245,amherst_ma
z16/19558_24246.png,z16/19558_24246.png,0.0035843051970005,11.7001953125,0.0,0.3652194440364837,False,False,False,16,19558,24246,amherst_ma
z16/19558_24247.png,z16/19558_24247.png,0.0061512524882952,13.7001953125,0.0,0.3545790016651153,False,False,False,16,19558,24247,amherst_ma
z16/19558_24248.png,z16/19558_24248.png,0.0052336250742276,14.0,0.0,0.3460947871208191,False,False,False,16,19558,24248,amherst_ma
z16/19558_24249.png,z16/19558_24249.png,0.0037864282727241,13.2998046875,0.0,0.3411220610141754,False,False,False,16,19558,24249,amherst_ma
z16/19558_24250.png,z16/19558_24250.png,0.0037784102062384,26.400390625,0.0070343017578125,0.3420423865318298,False,False,False,16,19558,24250,amherst_ma
z16/19558_24251.png,z16/19558_24251.png,0.007622834543387,50.7998046875,0.0317535400390625,0.3424254953861236,False,False,False,16,19558,24251,amherst_ma
z16/19558_24252.png,z16/19558_24252.png,0.0081395968794822,86.1005859375,0.0228271484375,0.3362926840782165,False,False,False,16,19558,24252,amherst_ma
z16/19558_24253.png,z16/19558_24253.png,0.0182180225849151,113.2998046875,0.0429840087890625,0.3346768915653229,False,False,False,16,19558,24253,amherst_ma
z16/19558_24254.png,z16/19558_24254.png,0.0084592431783676,125.7998046875,0.011932373046875,0.3349644839763641,False,False,False,16,19558,24254,amherst_ma
z16/19558_24255.png,z16/19558_24255.png,0.0096245576937993,33.0,0.0478515625,0.352789431810379,False,False,False,16,19558,24255,amherst_ma
z16/19558_24256.png,z16/19558_24256.png,0.0109531929095586,37.0,0.016357421875,0.3481991589069366,False,False,False,16,19558,24256,amherst_ma
z16/19558_24257.png,z16/19558_24257.png,0.0111684441566467,44.7001953125,0.0283966064453125,0.3554461598396301,False,False,False,16,19558,24257,amherst_ma
z16/19558_24258.png,z16/19558_24258.png,0.0077235360940297,23.2001953125,0.0,0.3486154079437256,False,False,False,16,19558,24258,amherst_ma
z16/19558_24259.png,z16/19558_24259.png,0.0053793713450431,21.900390625,0.041748046875,0.3484570682048797,False,False,False,16,19558,24259,amherst_ma
z16/19558_24260.png,z16/19558_24260.png,0.004540437956651,15.400390625,0.0,0.3423904478549957,False,False,False,16,19558,24260,amherst_ma
z16/19558_24261.png,z16/19558_24261.png,0.0040198452770709,14.599609375,0.01641845703125,0.3455832898616791,False,False,False,16,19558,24261,amherst_ma
z16/19558_24262.png,z16/19558_24262.png,0.0031852131088574,14.1005859375,0.0,0.3546583652496338,False,False,False,16,19558,24262,amherst_ma
z16/19558_24263.png,z16/19558_24263.png,0.0025641930600007,12.400390625,0.0,0.3503109216690063,False,False,False,16,19558,24263,amherst_ma
z16/19558_24264.png,z16/19558_24264.png,0.0062230293949445,37.80078125,0.0076904296875,0.3437128365039825,False,False,False,16,19558,24264,amherst_ma
z16/19558_24265.png,z16/19558_24265.png,0.0074341838558514,37.900390625,0.0,0.3400807678699493,False,False,False,16,19558,24265,amherst_ma
z16/19558_24266.png,z16/19558_24266.png,0.0035579182207584,20.900390625,0.0055694580078125,0.3504630625247955,False,False,False,16,19558,24266,amherst_ma
z16/19558_24267.png,z16/19558_24267.png,0.0048394580682118,35.5,0.0108795166015625,0.3548326790332794,False,False,False,16,19558,24267,amherst_ma
z16/19558_24268.png,z16/19558_24268.png,0.0043825010458628,32.2001953125,0.0194549560546875,0.3526365160942077,False,False,False,16,19558,24268,amherst_ma
z16/19558_24269.png,z16/19558_24269.png,0.0037884724636872,17.30078125,0.0,0.3447788059711456,False,False,False,16,19558,24269,amherst_ma
z16/19558_24270.png,z16/19558_24270.png,0.0042391240596771,16.7001953125,0.0,0.3472099006175995,False,False,False,16,19558,24270,amherst_ma
z16/19558_24271.png,z16/19558_24271.png,0.005615788201491,12.8994140625,0.0,0.3470450937747955,False,False,False,16,19558,24271,amherst_ma
z16/19559_24200.png,z16/19559_24200.png,0.0073855072259902,41.5,0.0,0.3402294218540191,False,False,False,16,19559,24200,amherst_ma
z16/19559_24201.png,z16/19559_24201.png,0.0116232951482137,29.3994140625,0.0,0.3413737714290619,False,False,False,16,19559,24201,amherst_ma
z16/19559_24202.png,z16/19559_24202.png,0.0099820166826248,19.900390625,0.0,0.3430761098861694,False,False,False,16,19559,24202,amherst_ma
z16/19559_24203.png,z16/19559_24203.png,0.0162120779355367,42.7998046875,0.0,0.3440445065498352,False,False,False,16,19559,24203,amherst_ma
z16/19559_24204.png,z16/19559_24204.png,0.0129965126514434,62.099609375,0.027008056640625,0.3495302200317383,False,False,False,16,19559,24204,amherst_ma
z16/19559_24205.png,z16/19559_24205.png,0.0071251953641573,36.400390625,0.0027008056640625,0.3592517077922821,False,False,False,16,19559,24205,amherst_ma
z16/19559_24206.png,z16/19559_24206.png,0.0042451510826746,28.7001953125,0.0,0.3545999825000763,False,False,False,16,19559,24206,amherst_ma
z16/19559_24207.png,z16/19559_24207.png,0.0120384335517883,67.6005859375,0.0013885498046875,0.3421542048454284,False,False,False,16,19559,24207,amherst_ma
z16/19559_24208.png,z16/19559_24208.png,0.0105327526728312,81.7998046875,0.003997802734375,0.3511554002761841,False,False,False,16,19559,24208,amherst_ma
z16/19559_24209.png,z16/19559_24209.png,0.0088599642117818,62.1005859375,0.0062713623046875,0.3492910265922546,False,False,False,16,19559,24209,amherst_ma
z16/19559_24210.png,z16/19559_24210.png,0.0098900655905405,89.900390625,0.005767822265625,0.3418247997760772,False,False,False,16,19559,24210,amherst_ma
z16/19559_24211.png,z16/19559_24211.png,0.0165437221527099,70.2998046875,0.0023040771484375,0.3487187325954437,False,False,False,16,19559,24211,amherst_ma
z16/19559_24212.png,z16/19559_24212.png,0.0156898041566212,107.2998046875,0.0542755126953125,0.347734123468399,False,False,False,16,19559,24212,amherst_ma
z16/19559_24213.png,z16/19559_24213.png,0.0182993491490681,135.80078125,0.03057861328125,0.345563530921936,False,False,False,16,19559,24213,amherst_ma
z16/19559_24214.png,z16/19559_24214.png,0.0122146467367808,99.80078125,0.0026397705078125,0.3445942997932434,False,False,False,16,19559,24214,amherst_ma
z16/19559_24215.png,z16/19559_24215.png,0.0142580936352411,95.2001953125,0.0070953369140625,0.3493750989437103,False,False,False,16,19559,24215,amherst_ma
z16/19559_24216.png,z16/19559_24216.png,0.0166028201580047,92.2998046875,0.017547607421875,0.3519527018070221,False,False,False,16,19559,24216,amherst_ma
z16/19559_24217.png,z16/19559_24217.png,0.0232283532619476,82.69921875,0.043365478515625,0.3494296371936798,False,False,False,16,19559,24217,amherst_ma
z16/19559_24218.png,z16/19559_24218.png,0.0101609647274017,33.2001953125,0.0031585693359375,0.3430494368076324,False,False,False,16,19559,24218,amherst_ma
z16/19559_24219.png,z16/19559_24219.png,0.0066269422570864,16.2001953125,0.0,0.3405125439167022,False,False,False,16,19559,24219,amherst_ma
z16/19559_24220.png,z16/19559_24220.png,0.0011512434730927,2.099609375,0.0,0.3444251120090484,False,False,False,16,19559,24220,amherst_ma
z16/19559_24221.png,z16/19559_24221.png,0.0011618352184693,2.2998046875,0.0,0.3411432802677154,False,False,False,16,19559,24221,amherst_ma
z16/19559_24222.png,z16/19559_24222.png,0.0033629941443602,7.7998046875,0.0,0.342630535364151,False,False,False,16,19559,24222,amherst_ma
z16/19559_24223.png,z16/19559_24223.png,0.0031812685231367,10.3994140625,0.0,0.3459290266036987,False,False,False,16,19559,24223,amherst_ma
z16/19559_24224.png,z16/19559_24224.png,0.0024187070628007,4.400390625,0.0,0.3466466069221496,False,False,False,16,19559,24224,amherst_ma
z16/19559_24225.png,z16/19559_24225.png,0.0011899920801321,1.599609375,0.0,0.3444196879863739,False,False,False,16,19559,24225,amherst_ma
z16/19559_24226.png,z16/19559_24226.png,0.0012534625828266,2.6005859375,0.0,0.3491452634334564,False,False,False,16,19559,24226,amherst_ma
z16/19559_24227.png,z16/19559_24227.png,0.001125469058752,2.0,0.0,0.3576031029224396,False,False,False,16,19559,24227,amherst_ma
z16/19559_24228.png,z16/19559_24228.png,0.0013774303098519,1.1005859375,0.0,0.3602538406848907,False,False,False,16,19559,24228,amherst_ma
z16/19559_24229.png,z16/19559_24229.png,0.0027091493209203,6.2001953125,0.0,0.3568804264068603,False,False,False,16,19559,24229,amherst_ma
z16/19559_24230.png,z16/19559_24230.png,0.0020553889373938,4.099609375,0.0,0.3582033514976501,False,False,False,16,19559,24230,amherst_ma
z16/19559_24231.png,z16/19559_24231.png,0.0017973976830641,4.0,0.0,0.3574543297290802,False,False,False,16,19559,24231,amherst_ma
z16/19559_24232.png,z16/19559_24232.png,0.0022670465211073,5.400390625,0.0,0.3454816341400146,False,False,False,16,19559,24232,amherst_ma
z16/19559_24233.png,z16/19559_24233.png,0.0017443488041559,3.7998046875,0.0,0.3376471996307373,False,False,False,16,19559,24233,amherst_ma
z16/19559_24234.png,z16/19559_24234.png,0.0018042718370755,6.3994140625,0.0,0.3365579843521118,False,False,False,16,19559,24234,amherst_ma
z16/19559_24235.png,z16/19559_24235.png,0.0034507445991039,18.1005859375,0.0,0.3461688458919525,False,False,False,16,19559,24235,amherst_ma
z16/19559_24236.png,z16/19559_24236.png,0.0030703864991664,13.599609375,0.0,0.3494700193405151,False,False,False,16,19559,24236,amherst_ma
z16/19559_24237.png,z16/19559_24237.png,0.0029002944628397,20.7001953125,0.0293121337890625,0.3498829007148742,False,False,False,16,19559,24237,amherst_ma
z16/19559_24238.png,z16/19559_24238.png,0.0053775355219841,32.2001953125,0.0184326171875,0.3418436646461487,False,False,False,16,19559,24238,amherst_ma
z16/19559_24239.png,z16/19559_24239.png,0.0025322598715623,11.80078125,0.0,0.3388907015323639,False,False,False,16,19559,24239,amherst_ma
z16/19559_24240.png,z16/19559_24240.png,0.0019411253432432,6.0,0.0,0.3379037976264953,False,False,False,16,19559,24240,amherst_ma
z16/19559_24241.png,z16/19559_24241.png,0.0020622530331214,4.30078125,0.0,0.3439789116382599,False,False,False,16,19559,24241,amherst_ma
z16/19559_24242.png,z16/19559_24242.png,0.0027851852277914,8.7998046875,0.0,0.3674781918525696,False,False,False,16,19559,24242,amherst_ma
z16/19559_24243.png,z16/19559_24243.png,0.0030999002357323,10.2001953125,0.0,0.3487860262393951,False,False,False,16,19559,24243,amherst_ma
z16/19559_24244.png,z16/19559_24244.png,0.0031162952383359,11.6005859375,0.0,0.3410558104515075,False,False,False,16,19559,24244,amherst_ma
z16/19559_24245.png,z16/19559_24245.png,0.0041601650416851,11.19921875,0.0,0.360112190246582,False,False,False,16,19559,24245,amherst_ma
z16/19559_24246.png,z16/19559_24246.png,0.0018390650550524,4.5,0.0,0.3512643575668335,False,False,False,16,19559,24246,amherst_ma
z16/19559_24247.png,z16/19559_24247.png,0.0022323615849018,7.900390625,0.0,0.3657467663288116,False,False,False,16,19559,24247,amherst_ma
z16/19559_24248.png,z16/19559_24248.png,0.0054290056228637,14.599609375,0.0,0.3517445921897888,False,False,False,16,19559,24248,amherst_ma
z16/19559_24249.png,z16/19559_24249.png,0.0036478124558925,12.2998046875,0.0,0.3453961610794067,False,False,False,16,19559,24249,amherst_ma
z16/19559_24250.png,z16/19559_24250.png,0.0061558236678441,52.599609375,0.0079345703125,0.3446661829948425,False,False,False,16,19559,24250,amherst_ma
z16/19559_24251.png,z16/19559_24251.png,0.0124623507261276,94.0,0.0159454345703125,0.339445024728775,False,False,False,16,19559,24251,amherst_ma
z16/19559_24252.png,z16/19559_24252.png,0.0096410592397054,87.099609375,0.0066070556640625,0.3382789194583893,False,False,False,16,19559,24252,amherst_ma
z16/19559_24253.png,z16/19559_24253.png,0.0163207530975341,116.7001953125,0.0046234130859375,0.3340196013450622,False,False,False,16,19559,24253,amherst_ma
z16/19559_24254.png,z16/19559_24254.png,0.0089180082082748,104.2001953125,0.0256805419921875,0.3345666527748108,False,False,False,16,19559,24254,amherst_ma
z16/19559_24255.png,z16/19559_24255.png,0.0090281585852305,36.30078125,0.00665283203125,0.3508695065975189,False,False,False,16,19559,24255,amherst_ma
z16/19559_24256.png,z16/19559_24256.png,0.0076491728425025,41.7001953125,0.001556396484375,0.3499941825866699,False,False,False,16,19559,24256,amherst_ma
z16/19559_24257.png,z16/19559_24257.png,0.00977676709493,54.900390625,0.0121917724609375,0.3554546535015106,False,False,False,16,19559,24257,amherst_ma
z16/19559_24258.png,z16/19559_24258.png,0.0018669961641232,5.2001953125,0.0,0.353208065032959,False,False,False,16,19559,24258,amherst_ma
z16/19559_24259.png,z16/19559_24259.png,0.0044009879231452,17.900390625,0.0,0.3438136577606201,False,False,False,16,19559,24259,amherst_ma
z16/19559_24260.png,z16/19559_24260.png,0.0038145368297894,11.599609375,0.0,0.3421395123004913,False,False,False,16,19559,24260,amherst_ma
z16/19559_24261.png,z16/19559_24261.png,0.0048289676507314,45.2998046875,0.01141357421875,0.3465363681316376,False,False,False,16,19559,24261,amherst_ma
z16/19559_24262.png,z16/19559_24262.png,0.0043817276755968,38.0,0.0045928955078125,0.3484412729740143,False,False,False,16,19559,24262,amherst_ma
z16/19559_24263.png,z16/19559_24263.png,0.0035019606351852,35.7001953125,0.0084381103515625,0.3559930920600891,False,False,False,16,19559,24263,amherst_ma
z16/19559_24264.png,z16/19559_24264.png,0.0049402246872584,35.2998046875,0.0301361083984375,0.3520708084106445,False,False,False,16,19559,24264,amherst_ma
z16/19559_24265.png,z16/19559_24265.png,0.0067598298192024,37.5,0.0081787109375,0.3461926877498626,False,False,False,16,19559,24265,amherst_ma
z16/19559_24266.png,z16/19559_24266.png,0.0065584893027941,43.599609375,0.0262451171875,0.3520938158035278,False,False,False,16,19559,24266,amherst_ma
z16/19559_24267.png,z16/19559_24267.png,0.0038860288759072,14.80078125,0.0,0.3470887243747711,False,False,False,16,19559,24267,amherst_ma
z16/19559_24268.png,z16/19559_24268.png,0.0028402412931124,14.7001953125,0.0,0.3438608646392822,False,False,False,16,19559,24268,amherst_ma
z16/19559_24269.png,z16/19559_24269.png,0.0025986323753992,6.8994140625,0.0,0.3489388227462768,False,False,False,16,19559,24269,amherst_ma
z16/19559_24270.png,z16/19559_24270.png,0.0019764327754577,9.6005859375,0.0,0.3417073488235473,False,False,False,16,19559,24270,amherst_ma
z16/19559_24271.png,z16/19559_24271.png,0.0050660386681556,12.099609375,0.0,0.3465420007705688,False,False,False,16,19559,24271,amherst_ma
z16/19560_24200.png,z16/19560_24200.png,0.0085855354865392,56.0,0.0403594970703125,0.3337855935096741,False,False,False,16,19560,24200,amherst_ma
z16/19560_24201.png,z16/19560_24201.png,0.0127486894528071,43.19921875,0.0081787109375,0.3433228731155395,False,False,False,16,19560,24201,amherst_ma
z16/19560_24202.png,z16/19560_24202.png,0.015416528781255,48.099609375,0.00396728515625,0.3374216556549072,False,False,False,16,19560,24202,amherst_ma
z16/19560_24203.png,z16/19560_24203.png,0.0066452140609423,28.5,0.00177001953125,0.344703733921051,False,False,False,16,19560,24203,amherst_ma
z16/19560_24204.png,z16/19560_24204.png,0.0076198314627011,20.1005859375,0.00457763671875,0.3522294759750366,False,False,False,16,19560,24204,amherst_ma
z16/19560_24205.png,z16/19560_24205.png,0.0037677638232707,19.2001953125,0.0057830810546875,0.3641577661037445,False,False,False,16,19560,24205,amherst_ma
z16/19560_24206.png,z16/19560_24206.png,0.0090185006459554,28.1005859375,0.0122528076171875,0.3487085402011871,False,False,False,16,19560,24206,amherst_ma
z16/19560_24207.png,z16/19560_24207.png,0.008770685394605,74.2001953125,0.0351104736328125,0.3360103070735931,False,False,False,16,19560,24207,amherst_ma
z16/19560_24208.png,z16/19560_24208.png,0.0118461420138676,58.2998046875,0.0046844482421875,0.3415347933769226,False,False,False,16,19560,24208,amherst_ma
z16/19560_24209.png,z16/19560_24209.png,0.0084286014238993,61.7998046875,0.01116943359375,0.3423364460468292,False,False,False,16,19560,24209,amherst_ma
z16/19560_24210.png,z16/19560_24210.png,0.0130448589722315,57.900390625,0.00347900390625,0.3451627194881439,False,False,False,16,19560,24210,amherst_ma
z16/19560_24211.png,z16/19560_24211.png,0.0091772307952245,49.0,0.0019378662109375,0.3516953885555267,False,False,False,16,19560,24211,amherst_ma
z16/19560_24212.png,z16/19560_24212.png,0.0097231825192769,99.0,0.013671875,0.3472930788993835,False,False,False,16,19560,24212,amherst_ma
z16/19560_24213.png,z16/19560_24213.png,0.0146571218967437,81.3994140625,0.0006103515625,0.3441036939620971,False,False,False,16,19560,24213,amherst_ma
z16/19560_24214.png,z16/19560_24214.png,0.0172916789849599,109.5,0.0046539306640625,0.3467405140399933,False,False,False,16,19560,24214,amherst_ma
z16/19560_24215.png,z16/19560_24215.png,0.0131298055251439,88.3994140625,7.62939453125e-05,0.3469991385936737,False,False,False,16,19560,24215,amherst_ma
z16/19560_24216.png,z16/19560_24216.png,0.0160337249437967,98.2998046875,0.0104217529296875,0.3442362844944,False,False,False,16,19560,24216,amherst_ma
z16/19560_24217.png,z16/19560_24217.png,0.0204011221726735,132.900390625,0.018798828125,0.3439058065414428,False,False,False,16,19560,24217,amherst_ma
z16/19560_24218.png,z16/19560_24218.png,0.0110004007816314,38.7998046875,0.0,0.3586615622043609,False,False,False,16,19560,24218,amherst_ma
z16/19560_24219.png,z16/19560_24219.png,0.0089595645666122,43.900390625,0.0,0.3400960266590118,False,False,False,16,19560,24219,amherst_ma
z16/19560_24220.png,z16/19560_24220.png,0.005721448858579,25.2001953125,0.0,0.3449492156505584,False,False,False,16,19560,24220,amherst_ma
z16/19560_24221.png,z16/19560_24221.png,0.0027900392810503,10.7998046875,0.0,0.3381361961364746,False,False,False,16,19560,24221,amherst_ma
z16/19560_24222.png,z16/19560_24222.png,0.0016621777166922,4.5,0.0,0.3441073596477508,False,False,False,16,19560,24222,amherst_ma
z16/19560_24223.png,z16/19560_24223.png,0.0010012462114294,1.099609375,0.0,0.3362289369106293,False,False,False,16,19560,24223,amherst_ma
z16/19560_24224.png,z16/19560_24224.png,0.0024773401518662,7.0,0.0,0.3375519216060638,False,False,False,16,19560,24224,amherst_ma
z16/19560_24225.png,z16/19560_24225.png,0.0017011474817991,2.8994140625,0.0,0.344142347574234,False,False,False,16,19560,24225,amherst_ma
z16/19560_24226.png,z16/19560_24226.png,0.0014641056458155,2.3994140625,0.0,0.3519084453582763,False,False,False,16,19560,24226,amherst_ma
z16/19560_24227.png,z16/19560_24227.png,0.0011243944366772,1.400390625,0.0,0.3648402690887451,False,False,False,16,19560,24227,amherst_ma
z16/19560_24228.png,z16/19560_24228.png,0.001256433998545,1.099609375,0.0,0.349203884601593,False,False,False,16,19560,24228,amherst_ma
z16/19560_24229.png,z16/19560_24229.png,0.0020617083956797,3.7998046875,0.0,0.3476700782775879,False,False,False,16,19560,24229,amherst_ma
z16/19560_24230.png,z16/19560_24230.png,0.0016930966327587,3.099609375,0.0,0.3509771525859833,False,False,False,16,19560,24230,amherst_ma
z16/19560_24231.png,z16/19560_24231.png,0.0020038810869057,5.0,0.0,0.3606068789958954,False,False,False,16,19560,24231,amherst_ma
z16/19560_24232.png,z16/19560_24232.png,0.0018552483369906,5.099609375,0.0,0.3557488918304443,False,False,False,16,19560,24232,amherst_ma
z16/19560_24233.png,z16/19560_24233.png,0.0023697863022486,5.3994140625,0.0,0.3387602567672729,False,False,False,16,19560,24233,amherst_ma
z16/19560_24234.png,z16/19560_24234.png,0.0022417120635509,5.5,0.0,0.3458166122436523,False,False,False,16,19560,24234,amherst_ma
z16/19560_24235.png,z16/19560_24235.png,0.0024762794375419,15.5,0.0,0.3519003987312317,False,False,False,16,19560,24235,amherst_ma
z16/19560_24236.png,z16/19560_24236.png,0.0028283797204494,15.1005859375,0.008941650390625,0.3516444563865661,False,False,False,16,19560,24236,amherst_ma
z16/19560_24237.png,z16/19560_24237.png,0.0029481910169124,15.400390625,0.0,0.3515593409538269,False,False,False,16,19560,24237,amherst_ma
z16/19560_24238.png,z16/19560_24238.png,0.0028933150072892,15.8994140625,0.0,0.3433018922805786,False,False,False,16,19560,24238,amherst_ma
z16/19560_24239.png,z16/19560_24239.png,0.0021481769780317,10.0,0.0,0.3421494364738464,False,False,False,16,19560,24239,amherst_ma
z16/19560_24240.png,z16/19560_24240.png,0.0017965871840715,5.8994140625,0.0,0.3413875699043274,False,False,False,16,19560,24240,amherst_ma
z16/19560_24241.png,z16/19560_24241.png,0.0018451777597268,6.5,0.0,0.3503558933734894,False,False,False,16,19560,24241,amherst_ma
z16/19560_24242.png,z16/19560_24242.png,0.0021586050589879,10.3994140625,0.0,0.3591148555278778,False,False,False,16,19560,24242,amherst_ma
z16/19560_24243.png,z16/19560_24243.png,0.0036862599352995,11.0,0.0,0.3577125072479248,False,False,False,16,19560,24243,amherst_ma
z16/19560_24244.png,z16/19560_24244.png,0.0035222868124643,10.900390625,0.0,0.3513641953468323,False,False,False,16,19560,24244,amherst_ma
z16/19560_24245.png,z16/19560_24245.png,0.0027608965833981,7.69921875,0.0,0.3561270236968994,False,False,False,16,19560,24245,amherst_ma
z16/19560_24246.png,z16/19560_24246.png,0.0026636118690172,10.599609375,0.0,0.3657439351081848,False,False,False,16,19560,24246,amherst_ma
z16/19560_24247.png,z16/19560_24247.png,0.0018294108410676,8.30078125,0.0,0.3623546957969665,False,False,False,16,19560,24247,amherst_ma
z16/19560_24248.png,z16/19560_24248.png,0.0026307602723439,10.099609375,0.0,0.3564686179161072,False,False,False,16,19560,24248,amherst_ma
z16/19560_24249.png,z16/19560_24249.png,0.0039387077093124,17.7998046875,0.00469970703125,0.3549639880657196,False,False,False,16,19560,24249,amherst_ma
z16/19560_24250.png,z16/19560_24250.png,0.0077780331174532,64.5,0.02734375,0.3411049246788025,False,False,False,16,19560,24250,amherst_ma
z16/19560_24251.png,z16/19560_24251.png,0.014647027850151,108.19921875,0.0128936767578125,0.3367976248264313,False,False,False,16,19560,24251,amherst_ma
z16/19560_24252.png,z16/19560_24252.png,0.0154498259226481,103.599609375,0.0068206787109375,0.3402720093727112,False,False,False,16,19560,24252,amherst_ma
z16/19560_24253.png,z16/19560_24253.png,0.0182996054490407,89.400390625,0.0162353515625,0.3357843458652496,False,False,False,16,19560,24253,amherst_ma
z16/19560_24254.png,z16/19560_24254.png,0.0112235824267069,117.0,0.014068603515625,0.3362652063369751,False,False,False,16,19560,24254,amherst_ma
z16/19560_24255.png,z16/19560_24255.png,0.0097115566333134,55.7001953125,0.003936767578125,0.3434168100357055,False,False,False,16,19560,24255,amherst_ma
z16/19560_24256.png,z16/19560_24256.png,0.0083601961533228,57.6005859375,0.0010223388671875,0.3452079892158508,False,False,False,16,19560,24256,amherst_ma
z16/19560_24257.png,z16/19560_24257.png,0.0101425637801488,52.400390625,0.01947021484375,0.3490800559520721,False,False,False,16,19560,24257,amherst_ma
z16/19560_24258.png,z16/19560_24258.png,0.0145205636819203,24.2001953125,0.0,0.3451894223690033,False,False,False,16,19560,24258,amherst_ma
z16/19560_24259.png,z16/19560_24259.png,0.0087985257307688,19.2998046875,0.0,0.3428592681884765,False,False,False,16,19560,24259,amherst_ma
z16/19560_24260.png,z16/19560_24260.png,0.0077123935023943,45.900390625,0.0,0.3478956222534179,False,False,False,16,19560,24260,amherst_ma
z16/19560_24261.png,z16/19560_24261.png,0.0062859495480855,50.19921875,0.0003814697265625,0.3486157655715942,False,False,False,16,19560,24261,amherst_ma
z16/19560_24262.png,z16/19560_24262.png,0.003193728874127,17.5,0.0,0.3446448445320129,False,False,False,16,19560,24262,amherst_ma
z16/19560_24263.png,z16/19560_24263.png,0.0030242445568243,21.0,0.0,0.3462492823600769,False,False,False,16,19560,24263,amherst_ma
z16/19560_24264.png,z16/19560_24264.png,0.0067131325602531,32.099609375,0.0016326904296875,0.3483092784881592,False,False,False,16,19560,24264,amherst_ma
z16/19560_24265.png,z16/19560_24265.png,0.0066921934485435,34.2998046875,0.0166168212890625,0.3378556072711944,False,False,False,16,19560,24265,amherst_ma
z16/19560_24266.png,z16/19560_24266.png,0.0074418698747952,38.3994140625,0.0155181884765625,0.3472560942173004,False,False,False,16,19560,24266,amherst_ma
z16/19560_24267.png,z16/19560_24267.png,0.0028242046634356,19.0,0.01275634765625,0.3568782210350036,False,False,False,16,19560,24267,amherst_ma
z16/19560_24268.png,z16/19560_24268.png,0.0027040588359038,8.7998046875,0.0,0.3441162109375,False,False,False,16,19560,24268,amherst_ma
z16/19560_24269.png,z16/19560_24269.png,0.0020807594060897,6.0,0.0,0.3426435589790344,False,False,False,16,19560,24269,amherst_ma
z16/19560_24270.png,z16/19560_24270.png,0.0021237266560395,7.599609375,0.0,0.3436271250247955,False,False,False,16,19560,24270,amherst_ma
z16/19560_24271.png,z16/19560_24271.png,0.0049876223007837,24.2998046875,0.0,0.3436647653579712,False,False,False,16,19560,24271,amherst_ma
z16/19561_24200.png,z16/19561_24200.png,0.0067139198382695,37.599609375,0.020477294921875,0.3410348296165466,False,False,False,16,19561,24200,amherst_ma
z16/19561_24201.png,z16/19561_24201.png,0.0094073981046676,41.19921875,0.0066375732421875,0.3418481647968292,False,False,False,16,19561,24201,amherst_ma
z16/19561_24202.png,z16/19561_24202.png,0.0065527776877085,42.599609375,0.0018463134765625,0.3476950526237488,False,False,False,16,19561,24202,amherst_ma
z16/19561_24203.png,z16/19561_24203.png,0.0066582923134167,19.900390625,0.0,0.3550767302513122,False,False,False,16,19561,24203,amherst_ma
z16/19561_24204.png,z16/19561_24204.png,0.0064429859320322,24.599609375,0.00872802734375,0.3493067324161529,False,False,False,16,19561,24204,amherst_ma
z16/19561_24205.png,z16/19561_24205.png,0.0105831007162729,70.5,0.0068511962890625,0.3456704914569855,False,False,False,16,19561,24205,amherst_ma
z16/19561_24206.png,z16/19561_24206.png,0.0096289217472076,63.099609375,0.0072021484375,0.3548997342586517,False,False,False,16,19561,24206,amherst_ma
z16/19561_24207.png,z16/19561_24207.png,0.0179476579030354,146.099609375,1.52587890625e-05,0.3443034291267395,False,False,False,16,19561,24207,amherst_ma
z16/19561_24208.png,z16/19561_24208.png,0.025598128636678,117.7001953125,0.002288818359375,0.3479708135128021,False,False,False,16,19561,24208,amherst_ma
z16/19561_24209.png,z16/19561_24209.png,0.0087314883867899,73.3994140625,0.0105133056640625,0.3410177230834961,False,False,False,16,19561,24209,amherst_ma
z16/19561_24210.png,z16/19561_24210.png,0.0085258513689041,54.2998046875,0.001007080078125,0.3378545939922333,False,False,False,16,19561,24210,amherst_ma
z16/19561_24211.png,z16/19561_24211.png,0.0070779229203859,42.2001953125,0.0023040771484375,0.3466569185256958,False,False,False,16,19561,24211,amherst_ma
z16/19561_24212.png,z16/19561_24212.png,0.0067479332288106,63.7998046875,0.00115966796875,0.3415091931819916,False,False,False,16,19561,24212,amherst_ma
z16/19561_24213.png,z16/19561_24213.png,0.0114240398009618,66.2001953125,0.000518798828125,0.3461820781230926,False,False,False,16,19561,24213,amherst_ma
z16/19561_24214.png,z16/19561_24214.png,0.0178958574930826,80.3994140625,0.002899169921875,0.3501268923282623,False,False,False,16,19561,24214,amherst_ma
z16/19561_24215.png,z16/19561_24215.png,0.0175021588802337,86.599609375,0.0051116943359375,0.3485670387744903,False,False,False,16,19561,24215,amherst_ma
z16/19561_24216.png,z16/19561_24216.png,0.0176843464374542,145.2001953125,0.0010223388671875,0.342523992061615,False,False,False,16,19561,24216,amherst_ma
z16/19561_24217.png,z16/19561_24217.png,0.0185716052850087,123.099609375,0.0075531005859375,0.3446332216262817,False,False,False,16,19561,24217,amherst_ma
z16/19561_24218.png,z16/19561_24218.png,0.0294079065322875,94.2998046875,0.0,0.3434925675392151,False,False,False,16,19561,24218,amherst_ma
z16/19561_24219.png,z16/19561_24219.png,0.0049875105420748,22.69921875,0.0,0.339106023311615,False,False,False,16,19561,24219,amherst_ma
z16/19561_24220.png,z16/19561_24220.png,0.0135704060395558,40.5,0.00128173828125,0.340540736913681,False,False,False,16,19561,24220,amherst_ma
z16/19561_24221.png,z16/19561_24221.png,0.0105414728323618,36.3994140625,0.016998291015625,0.3456440567970276,False,False,False,16,19561,24221,amherst_ma
z16/19561_24222.png,z16/19561_24222.png,0.0021987895170847,5.6005859375,0.0,0.3414411544799804,False,False,False,16,19561,24222,amherst_ma
z16/19561_24223.png,z16/19561_24223.png,0.0013018033156792,1.099609375,0.0,0.3450140655040741,False,False,False,16,19561,24223,amherst_ma
z16/19561_24224.png,z16/19561_24224.png,0.00175113491714,3.7998046875,0.0,0.340961217880249,False,False,False,16,19561,24224,amherst_ma
z16/19561_24225.png,z16/19561_24225.png,0.0012589217474063,1.7998046875,0.0,0.3509475588798523,False,False,False,16,19561,24225,amherst_ma
z16/19561_24226.png,z16/19561_24226.png,0.0016025580465793,3.7998046875,0.0,0.3485148847103119,False,False,False,16,19561,24226,amherst_ma
z16/19561_24227.png,z16/19561_24227.png,0.0011112586905558,2.400390625,0.0,0.3502411246299743,False,False,False,16,19561,24227,amherst_ma
z16/19561_24228.png,z16/19561_24228.png,0.0014041780183712,2.099609375,0.0,0.3553486168384552,False,False,False,16,19561,24228,amherst_ma
z16/19561_24229.png,z16/19561_24229.png,0.0014510332296291,2.099609375,0.0,0.3523847758769989,False,False,False,16,19561,24229,amherst_ma
z16/19561_24230.png,z16/19561_24230.png,0.001878144343694,5.0,0.0,0.3583018183708191,False,False,False,16,19561,24230,amherst_ma
z16/19561_24231.png,z16/19561_24231.png,0.0021509041388829,4.400390625,0.0,0.3484521806240082,False,False,False,16,19561,24231,amherst_ma
z16/19561_24232.png,z16/19561_24232.png,0.0019070671250422,3.0,0.0,0.3505766093730926,False,False,False,16,19561,24232,amherst_ma
z16/19561_24233.png,z16/19561_24233.png,0.0047302961349487,8.7001953125,0.0,0.3423047661781311,False,False,False,16,19561,24233,amherst_ma
z16/19561_24234.png,z16/19561_24234.png,0.0013454953829447,2.2001953125,0.0,0.3432647883892059,False,False,False,16,19561,24234,amherst_ma
z16/19561_24235.png,z16/19561_24235.png,0.0026305293043454,7.5,0.0,0.3456199765205383,False,False,False,16,19561,24235,amherst_ma
z16/19561_24236.png,z16/19561_24236.png,0.002203669399023,17.7001953125,0.0,0.3474894165992737,False,False,False,16,19561,24236,amherst_ma
z16/19561_24237.png,z16/19561_24237.png,0.0017188056061665,15.599609375,0.017425537109375,0.3476914763450622,False,False,False,16,19561,24237,amherst_ma
z16/19561_24238.png,z16/19561_24238.png,0.0018858694781859,7.6005859375,0.0,0.3419241607189178,False,False,False,16,19561,24238,amherst_ma
z16/19561_24239.png,z16/19561_24239.png,0.0018557785699764,7.6005859375,0.0,0.3397676944732666,False,False,False,16,19561,24239,amherst_ma
z16/19561_24240.png,z16/19561_24240.png,0.001672917852799,3.3994140625,0.0,0.3383115231990814,False,False,False,16,19561,24240,amherst_ma
z16/19561_24241.png,z16/19561_24241.png,0.0020461087425549,6.7001953125,0.0,0.3480602204799652,False,False,False,16,19561,24241,amherst_ma
z16/19561_24242.png,z16/19561_24242.png,0.0030418768525123,13.2001953125,0.0,0.3702930808067322,False,False,False,16,19561,24242,amherst_ma
z16/19561_24243.png,z16/19561_24243.png,0.0041490122675895,12.7001953125,0.0,0.3528855741024017,False,False,False,16,19561,24243,amherst_ma
z16/19561_24244.png,z16/19561_24244.png,0.0033573436240355,14.2001953125,0.0,0.3476873338222503,False,False,False,16,19561,24244,amherst_ma
z16/19561_24245.png,z16/19561_24245.png,0.0020737738658984,12.30078125,0.0,0.3521914780139923,False,False,False,16,19561,24245,amherst_ma
z16/19561_24246.png,z16/19561_24246.png,0.0024024133880933,19.900390625,0.023590087890625,0.3506512939929962,False,False,False,16,19561,24246,amherst_ma
z16/19561_24247.png,z16/19561_24247.png,0.0025798484683036,18.5,0.0,0.3450038433074951,False,False,False,16,19561,24247,amherst_ma
z16/19561_24248.png,z16/19561_24248.png,0.0022589206695556,13.2001953125,0.0,0.3408615589141845,False,False,False,16,19561,24248,amherst_ma
z16/19561_24249.png,z16/19561_24249.png,0.0046587983767191,22.3994140625,0.0097198486328125,0.354999840259552,False,False,False,16,19561,24249,amherst_ma
z16/19561_24250.png,z16/19561_24250.png,0.0063204223910967,64.900390625,0.0075836181640625,0.3386653661727905,False,False,False,16,19561,24250,amherst_ma
z16/19561_24251.png,z16/19561_24251.png,0.010009820262591,99.1005859375,0.0078887939453125,0.3386196494102478,False,False,False,16,19561,24251,amherst_ma
z16/19561_24252.png,z16/19561_24252.png,0.0363364100456237,145.7001953125,0.0089569091796875,0.3400521278381347,False,False,False,16,19561,24252,amherst_ma
z16/19561_24253.png,z16/19561_24253.png,0.015716403722763,145.900390625,0.002471923828125,0.3343204855918884,False,False,False,16,19561,24253,amherst_ma
z16/19561_24254.png,z16/19561_24254.png,0.0117490768432617,117.7001953125,0.0713348388671875,0.3435368835926056,False,False,False,16,19561,24254,amherst_ma
z16/19561_24255.png,z16/19561_24255.png,0.0068779533108075,52.2998046875,0.0443878173828125,0.347353994846344,False,False,False,16,19561,24255,amherst_ma
z16/19561_24256.png,z16/19561_24256.png,0.0092857986688613,53.7998046875,0.006256103515625,0.3410170972347259,False,False,False,16,19561,24256,amherst_ma
z16/19561_24257.png,z16/19561_24257.png,0.0089960018793741,34.8994140625,0.00262451171875,0.3453276753425598,False,False,False,16,19561,24257,amherst_ma
z16/19561_24258.png,z16/19561_24258.png,0.0130967984596888,28.0,0.029388427734375,0.345379501581192,False,False,False,16,19561,24258,amherst_ma
z16/19561_24259.png,z16/19561_24259.png,0.007993512849013,48.7001953125,0.0101165771484375,0.3451804220676422,False,False,False,16,19561,24259,amherst_ma
z16/19561_24260.png,z16/19561_24260.png,0.0078075662255287,44.19921875,0.013275146484375,0.3497445285320282,False,False,False,16,19561,24260,amherst_ma
z16/19561_24261.png,z16/19561_24261.png,0.0088270376125971,38.2001953125,0.0201873779296875,0.3535768091678619,False,False,False,16,19561,24261,amherst_ma
z16/19561_24262.png,z16/19561_24262.png,0.0088245968023935,39.2001953125,0.0612945556640625,0.3459779620170593,False,False,False,16,19561,24262,amherst_ma
z16/19561_24263.png,z16/19561_24263.png,0.0045945147673288,33.2001953125,0.007080078125,0.3508216738700866,False,False,False,16,19561,24263,amherst_ma
z16/19561_24264.png,z16/19561_24264.png,0.0021650890509287,18.7001953125,0.0053863525390625,0.3482814431190491,False,False,False,16,19561,24264,amherst_ma
z16/19561_24265.png,z16/19561_24265.png,0.0027649618685245,17.5,0.0,0.3430660963058471,False,False,False,16,19561,24265,amherst_ma
z16/19561_24266.png,z16/19561_24266.png,0.006717362999916,20.3994140625,0.0,0.3502664864063263,False,False,False,16,19561,24266,amherst_ma
z16/19561_24267.png,z16/19561_24267.png,0.0022063945730527,7.8994140625,0.0,0.3478515744209289,False,False,False,16,19561,24267,amherst_ma
z16/19561_24268.png,z16/19561_24268.png,0.002154524375995,3.400390625,0.0,0.3438538610935211,False,False,False,16,19561,24268,amherst_ma
z16/19561_24269.png,z16/19561_24269.png,0.0016426781813303,3.0,0.0,0.348105788230896,False,False,False,16,19561,24269,amherst_ma
z16/19561_24270.png,z16/19561_24270.png,0.0019131874044736,5.30078125,0.0,0.3397948145866394,False,False,False,16,19561,24270,amherst_ma
z16/19561_24271.png,z16/19561_24271.png,0.0062718465924263,28.400390625,0.0,0.3477000892162323,False,False,False,16,19561,24271,amherst_ma
z16/19562_24200.png,z16/19562_24200.png,0.0055956780910491,20.3994140625,0.01715087890625,0.3441642224788666,False,False,False,16,19562,24200,amherst_ma
z16/19562_24201.png,z16/19562_24201.png,0.0045884708563486,11.7998046875,0.0,0.3583928346633911,False,False,False,16,19562,24201,amherst_ma
z16/19562_24202.png,z16/19562_24202.png,0.0079725598295529,36.8994140625,0.0,0.3485852479934692,False,False,False,16,19562,24202,amherst_ma
z16/19562_24203.png,z16/19562_24203.png,0.0082453871766726,57.7998046875,0.01947021484375,0.3423854410648346,False,False,False,16,19562,24203,amherst_ma
z16/19562_24204.png,z16/19562_24204.png,0.0198692798614501,117.5,0.0574188232421875,0.3429117500782013,False,False,False,16,19562,24204,amherst_ma
z16/19562_24205.png,z16/19562_24205.png,0.0190867980321248,100.2001953125,0.0041351318359375,0.3502401709556579,False,False,False,16,19562,24205,amherst_ma
z16/19562_24206.png,z16/19562_24206.png,0.012258247534434,53.7998046875,0.0,0.3462197780609131,False,False,False,16,19562,24206,amherst_ma
z16/19562_24207.png,z16/19562_24207.png,0.0219537357489267,234.1005859375,0.0498809814453125,0.341494619846344,False,False,False,16,19562,24207,amherst_ma
z16/19562_24208.png,z16/19562_24208.png,0.0175188759962717,171.2001953125,0.0508270263671875,0.3386919498443603,False,False,False,16,19562,24208,amherst_ma
z16/19562_24209.png,z16/19562_24209.png,0.02638388077418,159.6005859375,0.00579833984375,0.3390673100948334,False,False,False,16,19562,24209,amherst_ma
z16/19562_24210.png,z16/19562_24210.png,0.0217680613199869,136.2998046875,0.00152587890625,0.3453780710697174,False,False,False,16,19562,24210,amherst_ma
z16/19562_24211.png,z16/19562_24211.png,0.0078280881047248,40.7001953125,0.01702880859375,0.3437239229679107,False,False,False,16,19562,24211,amherst_ma
z16/19562_24212.png,z16/19562_24212.png,0.0093340237935384,56.1005859375,0.003662109375,0.3433945178985595,False,False,False,16,19562,24212,amherst_ma
z16/19562_24213.png,z16/19562_24213.png,0.0095157355070114,78.400390625,0.0119476318359375,0.3407425284385681,False,False,False,16,19562,24213,amherst_ma
z16/19562_24214.png,z16/19562_24214.png,0.0096847842137018,93.8994140625,0.014251708984375,0.3466357588768005,False,False,False,16,19562,24214,amherst_ma
z16/19562_24215.png,z16/19562_24215.png,0.0128748873869578,142.6005859375,0.0103302001953125,0.3461701273918152,False,False,False,16,19562,24215,amherst_ma
z16/19562_24216.png,z16/19562_24216.png,0.0195627311865488,153.900390625,0.0029296875,0.3410652279853821,False,False,False,16,19562,24216,amherst_ma
z16/19562_24217.png,z16/19562_24217.png,0.009513055284818,96.0,0.0236968994140625,0.3481979072093963,False,False,False,16,19562,24217,amherst_ma
z16/19562_24218.png,z16/19562_24218.png,0.0243372062842051,101.2998046875,0.0,0.3436993360519409,False,False,False,16,19562,24218,amherst_ma
z16/19562_24219.png,z16/19562_24219.png,0.0096131175756454,23.3994140625,0.0,0.340876042842865,False,False,False,16,19562,24219,amherst_ma
z16/19562_24220.png,z16/19562_24220.png,0.0171501199404398,35.099609375,0.0013885498046875,0.339275985956192,False,False,False,16,19562,24220,amherst_ma
z16/19562_24221.png,z16/19562_24221.png,0.0060340990622838,39.2998046875,0.009674072265625,0.3467489778995514,False,False,False,16,19562,24221,amherst_ma
z16/19562_24222.png,z16/19562_24222.png,0.0019837463895479,5.1005859375,0.0,0.3399707376956939,False,False,False,16,19562,24222,amherst_ma
z16/19562_24223.png,z16/19562_24223.png,0.0003589461557567,0.7998046875,0.0,0.3452381789684295,False,False,False,16,19562,24223,amherst_ma
z16/19562_24224.png,z16/19562_24224.png,0.0014203579475482,2.099609375,0.0,0.3415881991386413,False,False,False,16,19562,24224,amherst_ma
z16/19562_24225.png,z16/19562_24225.png,0.0017074624697367,3.099609375,0.0,0.3491145074367523,False,False,False,16,19562,24225,amherst_ma
z16/19562_24226.png,z16/19562_24226.png,0.0021681030591328,3.2001953125,0.0,0.3396030068397522,False,False,False,16,19562,24226,amherst_ma
z16/19562_24227.png,z16/19562_24227.png,0.003638149301211,6.8994140625,0.0,0.3435785472393036,False,False,False,16,19562,24227,amherst_ma
z16/19562_24228.png,z16/19562_24228.png,0.0026831587155659,4.5,0.0,0.344608724117279,False,False,False,16,19562,24228,amherst_ma
z16/19562_24229.png,z16/19562_24229.png,0.0013472935805718,2.099609375,0.0,0.3485220670700073,False,False,False,16,19562,24229,amherst_ma
z16/19562_24230.png,z16/19562_24230.png,0.0022987529635429,4.3994140625,0.0,0.3491779267787933,False,False,False,16,19562,24230,amherst_ma
z16/19562_24231.png,z16/19562_24231.png,0.002768858273824,5.2998046875,0.0,0.3441929519176483,False,False,False,16,19562,24231,amherst_ma
z16/19562_24232.png,z16/19562_24232.png,0.0023037083446979,4.2001953125,0.0,0.3493478000164032,False,False,False,16,19562,24232,amherst_ma
z16/19562_24233.png,z16/19562_24233.png,0.0056660110751787,9.2001953125,0.0,0.345025360584259,False,False,False,16,19562,24233,amherst_ma
z16/19562_24234.png,z16/19562_24234.png,0.002747048685948,5.0,0.0,0.35036301612854,False,False,False,16,19562,24234,amherst_ma
z16/19562_24235.png,z16/19562_24235.png,0.0011837548265854,1.900390625,0.0,0.3524477183818817,False,False,False,16,19562,24235,amherst_ma
z16/19562_24236.png,z16/19562_24236.png,0.0017894194771846,4.1005859375,0.0,0.3433255553245544,False,False,False,16,19562,24236,amherst_ma
z16/19562_24237.png,z16/19562_24237.png,0.0022218565146128,6.099609375,0.0,0.3406465947628021,False,False,False,16,19562,24237,amherst_ma
z16/19562_24238.png,z16/19562_24238.png,0.0022635151942571,6.400390625,0.0,0.3418736159801483,False,False,False,16,19562,24238,amherst_ma
z16/19562_24239.png,z16/19562_24239.png,0.0021471152702967,6.5,0.0,0.3416731059551239,False,False,False,16,19562,24239,amherst_ma
z16/19562_24240.png,z16/19562_24240.png,0.0027756047745545,7.8994140625,0.0,0.3412568271160126,False,False,False,16,19562,24240,amherst_ma
z16/19562_24241.png,z16/19562_24241.png,0.0017549683650334,4.099609375,0.0,0.3432370126247406,False,False,False,16,19562,24241,amherst_ma
z16/19562_24242.png,z16/19562_24242.png,0.0023918596406777,7.400390625,0.0,0.3652812838554382,False,False,False,16,19562,24242,amherst_ma
z16/19562_24243.png,z16/19562_24243.png,0.0045198336243629,11.900390625,0.0,0.3572561144828796,False,False,False,16,19562,24243,amherst_ma
z16/19562_24244.png,z16/19562_24244.png,0.0036234805981318,12.900390625,0.0,0.3557277023792267,False,False,False,16,19562,24244,amherst_ma
z16/19562_24245.png,z16/19562_24245.png,0.0034739757577578,12.099609375,0.0,0.3562159538269043,False,False,False,16,19562,24245,amherst_ma
z16/19562_24246.png,z16/19562_24246.png,0.002343679467837,19.8994140625,0.0099639892578125,0.3518606722354889,False,False,False,16,19562,24246,amherst_ma
z16/19562_24247.png,z16/19562_24247.png,0.0020251372208197,16.099609375,0.0099945068359375,0.3533342778682709,False,False,False,16,19562,24247,amherst_ma
z16/19562_24248.png,z16/19562_24248.png,0.002196405082941,11.2001953125,0.0,0.3428601920604706,False,False,False,16,19562,24248,amherst_ma
z16/19562_24249.png,z16/19562_24249.png,0.0045776396989822,31.6005859375,0.0058441162109375,0.3652395606040954,False,False,False,16,19562,24249,amherst_ma
z16/19562_24250.png,z16/19562_24250.png,0.0044178704420725,33.3994140625,0.023651123046875,0.3510351777076721,False,False,False,16,19562,24250,amherst_ma
z16/19562_24251.png,z16/19562_24251.png,0.0054208134611447,64.5,0.0633392333984375,0.3481693565845489,False,False,False,16,19562,24251,amherst_ma
z16/19562_24252.png,z16/19562_24252.png,0.0108045697212219,82.5,0.0044403076171875,0.3404394388198852,False,False,False,16,19562,24252,amherst_ma
z16/19562_24253.png,z16/19562_24253.png,0.0245909869670867,117.0,0.0093841552734375,0.3374101817607879,False,False,False,16,19562,24253,amherst_ma
z16/19562_24254.png,z16/19562_24254.png,0.0129738380511601,86.599609375,0.0044708251953125,0.3399756848812103,False,False,False,16,19562,24254,amherst_ma
z16/19562_24255.png,z16/19562_24255.png,0.0059172605474789,36.0,0.0092315673828125,0.3582834303379059,False,False,False,16,19562,24255,amherst_ma
z16/19562_24256.png,z16/19562_24256.png,0.0097531606753667,69.5,0.03265380859375,0.3527623116970062,False,False,False,16,19562,24256,amherst_ma
z16/19562_24257.png,z16/19562_24257.png,0.0092727502187093,47.0,0.0,0.34907066822052,False,False,False,16,19562,24257,amherst_ma
z16/19562_24258.png,z16/19562_24258.png,0.0110421111186345,35.5,0.00262451171875,0.3510814309120178,False,False,False,16,19562,24258,amherst_ma
z16/19562_24259.png,z16/19562_24259.png,0.0066161235173543,29.599609375,0.0034942626953125,0.3528389036655426,False,False,False,16,19562,24259,amherst_ma
z16/19562_24260.png,z16/19562_24260.png,0.0052130018671353,20.099609375,0.0,0.3503158092498779,False,False,False,16,19562,24260,amherst_ma
z16/19562_24261.png,z16/19562_24261.png,0.0074575995405515,18.2001953125,0.0,0.3500958979129791,False,False,False,16,19562,24261,amherst_ma
z16/19562_24262.png,z16/19562_24262.png,0.0082566728194554,27.099609375,0.0,0.3396957218647003,False,False,False,16,19562,24262,amherst_ma
z16/19562_24263.png,z16/19562_24263.png,0.0077649677793184,22.69921875,0.0,0.3426253199577331,False,False,False,16,19562,24263,amherst_ma
z16/19562_24264.png,z16/19562_24264.png,0.0046762327353159,22.7001953125,0.0072479248046875,0.3539303839206695,False,False,False,16,19562,24264,amherst_ma
z16/19562_24265.png,z16/19562_24265.png,0.0092425465583801,38.0,0.0091094970703125,0.3423084914684295,False,False,False,16,19562,24265,amherst_ma
z16/19562_24266.png,z16/19562_24266.png,0.0067003826300303,32.7001953125,0.0081329345703125,0.3468848466873169,False,False,False,16,19562,24266,amherst_ma
z16/19562_24267.png,z16/19562_24267.png,0.0025072149932384,10.6005859375,0.0,0.3415032029151916,False,False,False,16,19562,24267,amherst_ma
z16/19562_24268.png,z16/19562_24268.png,0.0036763196190198,16.5,0.0,0.3516688346862793,False,False,False,16,19562,24268,amherst_ma
z16/19562_24269.png,z16/19562_24269.png,0.0039577489097913,15.099609375,0.0,0.3549846410751343,False,False,False,16,19562,24269,amherst_ma
z16/19562_24270.png,z16/19562_24270.png,0.0024509131908416,10.0,0.0,0.3526293635368347,False,False,False,16,19562,24270,amherst_ma
z16/19562_24271.png,z16/19562_24271.png,0.0024095026155312,6.5,0.0,0.3477674722671509,False,False,False,16,19562,24271,amherst_ma
z16/19563_24200.png,z16/19563_24200.png,0.0053862666090329,25.2998046875,0.0012664794921875,0.3508901596069336,False,False,False,16,19563,24200,amherst_ma
z16/19563_24201.png,z16/19563_24201.png,0.0051136593023935,20.400390625,0.0,0.3485304117202759,False,False,False,16,19563,24201,amherst_ma
z16/19563_24202.png,z16/19563_24202.png,0.0060412238041559,22.0,0.008544921875,0.3495320379734039,False,False,False,16,19563,24202,amherst_ma
z16/19563_24203.png,z16/19563_24203.png,0.0066856771707534,36.69921875,0.014984130859375,0.35015669465065,False,False,False,16,19563,24203,amherst_ma
z16/19563_24204.png,z16/19563_24204.png,0.010480797290802,85.400390625,0.0224761962890625,0.340890884399414,False,False,False,16,19563,24204,amherst_ma
z16/19563_24205.png,z16/19563_24205.png,0.0082906355460484,64.1005859375,0.0032196044921875,0.3439530730247497,False,False,False,16,19563,24205,amherst_ma
z16/19563_24206.png,z16/19563_24206.png,0.0187971274058024,94.400390625,0.002349853515625,0.3391733467578888,False,False,False,16,19563,24206,amherst_ma
z16/19563_24207.png,z16/19563_24207.png,0.0191814064979553,177.30078125,0.0039520263671875,0.3391658961772918,False,False,False,16,19563,24207,amherst_ma
z16/19563_24208.png,z16/19563_24208.png,0.0183884640534718,154.0,0.009490966796875,0.3379571437835693,False,False,False,16,19563,24208,amherst_ma
z16/19563_24209.png,z16/19563_24209.png,0.0144033461809158,132.099609375,0.0095672607421875,0.3416226208209991,False,False,False,16,19563,24209,amherst_ma
z16/19563_24210.png,z16/19563_24210.png,0.0232237935066223,115.7001953125,0.051788330078125,0.3404530584812164,False,False,False,16,19563,24210,amherst_ma
z16/19563_24211.png,z16/19563_24211.png,0.0132579783598581,77.19921875,0.0020294189453125,0.3393978774547577,False,False,False,16,19563,24211,amherst_ma
z16/19563_24212.png,z16/19563_24212.png,0.0129223754008611,71.6005859375,0.022369384765625,0.3411546349525451,False,False,False,16,19563,24212,amherst_ma
z16/19563_24213.png,z16/19563_24213.png,0.0124555567900339,79.900390625,0.018646240234375,0.3402135372161865,False,False,False,16,19563,24213,amherst_ma
z16/19563_24214.png,z16/19563_24214.png,0.0090188016494115,56.7001953125,0.0079193115234375,0.3458181619644165,False,False,False,16,19563,24214,amherst_ma
z16/19563_24215.png,z16/19563_24215.png,0.0099539409081141,87.2998046875,0.0379791259765625,0.3504852652549743,False,False,False,16,19563,24215,amherst_ma
z16/19563_24216.png,z16/19563_24216.png,0.0204014817873636,116.099609375,0.06024169921875,0.345095694065094,False,False,False,16,19563,24216,amherst_ma
z16/19563_24217.png,z16/19563_24217.png,0.0091688821713129,37.6005859375,0.0,0.3584376573562622,False,False,False,16,19563,24217,amherst_ma
z16/19563_24218.png,z16/19563_24218.png,0.0071336562434832,31.0,0.0,0.3506937325000763,False,False,False,16,19563,24218,amherst_ma
z16/19563_24219.png,z16/19563_24219.png,0.0110542555650075,21.8994140625,0.0,0.3511595129966736,False,False,False,16,19563,24219,amherst_ma
z16/19563_24220.png,z16/19563_24220.png,0.0033852130174636,9.19921875,0.0,0.34437096118927,False,False,False,16,19563,24220,amherst_ma
z16/19563_24221.png,z16/19563_24221.png,0.0061752999822298,42.7998046875,0.001312255859375,0.3418231010437011,False,False,False,16,19563,24221,amherst_ma
z16/19563_24222.png,z16/19563_24222.png,0.0070742264389991,39.69921875,0.0,0.3446216285228729,False,False,False,16,19563,24222,amherst_ma
z16/19563_24223.png,z16/19563_24223.png,0.0049223388234774,21.6005859375,0.0,0.3453018069267273,False,False,False,16,19563,24223,amherst_ma
z16/19563_24224.png,z16/19563_24224.png,0.0037698318560918,9.099609375,0.0,0.3390734195709228,False,False,False,16,19563,24224,amherst_ma
z16/19563_24225.png,z16/19563_24225.png,0.0021479251484076,6.80078125,0.0,0.3486049175262451,False,False,False,16,19563,24225,amherst_ma
z16/19563_24226.png,z16/19563_24226.png,0.0028168573975563,8.7001953125,0.0,0.341389924287796,False,False,False,16,19563,24226,amherst_ma
z16/19563_24227.png,z16/19563_24227.png,0.0022863020499547,10.2998046875,0.0,0.3463737368583679,False,False,False,16,19563,24227,amherst_ma
z16/19563_24228.png,z16/19563_24228.png,0.0024188093841075,6.7998046875,0.0,0.3491057753562927,False,False,False,16,19563,24228,amherst_ma
z16/19563_24229.png,z16/19563_24229.png,0.0036525557438532,7.599609375,0.0,0.3414731025695801,False,False,False,16,19563,24229,amherst_ma
z16/19563_24230.png,z16/19563_24230.png,0.0034844217201073,15.900390625,0.0,0.3402828276157379,False,False,False,16,19563,24230,amherst_ma
z16/19563_24231.png,z16/19563_24231.png,0.0033222282926241,18.2998046875,0.0,0.3414011597633362,False,False,False,16,19563,24231,amherst_ma
z16/19563_24232.png,z16/19563_24232.png,0.0034582341710726,15.7001953125,0.0,0.3611223399639129,False,False,False,16,19563,24232,amherst_ma
z16/19563_24233.png,z16/19563_24233.png,0.002600868542989,7.400390625,0.0,0.3717837929725647,False,False,False,16,19563,24233,amherst_ma
z16/19563_24234.png,z16/19563_24234.png,0.0022130399942398,6.400390625,0.0,0.3480425775051117,False,False,False,16,19563,24234,amherst_ma
z16/19563_24235.png,z16/19563_24235.png,0.0020864961047967,7.400390625,0.0,0.3529771864414215,False,False,False,16,19563,24235,amherst_ma
z16/19563_24236.png,z16/19563_24236.png,0.0018601650993029,6.599609375,0.0,0.3412095606327057,False,False,False,16,19563,24236,amherst_ma
z16/19563_24237.png,z16/19563_24237.png,0.0020864774783452,12.900390625,0.0,0.3399853110313415,False,False,False,16,19563,24237,amherst_ma
z16/19563_24238.png,z16/19563_24238.png,0.0024774541457494,11.400390625,0.0,0.3434529304504394,False,False,False,16,19563,24238,amherst_ma
z16/19563_24239.png,z16/19563_24239.png,0.0026237167418003,20.5,0.0062255859375,0.3434052765369415,False,False,False,16,19563,24239,amherst_ma
z16/19563_24240.png,z16/19563_24240.png,0.0033167811731497,21.7998046875,0.009033203125,0.3477101624011993,False,False,False,16,19563,24240,amherst_ma
z16/19563_24241.png,z16/19563_24241.png,0.0029291570186614,18.5,0.004119873046875,0.3531340658664703,False,False,False,16,19563,24241,amherst_ma
z16/19563_24242.png,z16/19563_24242.png,0.0019343147675196,15.2001953125,0.0,0.3470527231693268,False,False,False,16,19563,24242,amherst_ma
z16/19563_24243.png,z16/19563_24243.png,0.0021761921544869,11.7998046875,0.0,0.3469001054763794,False,False,False,16,19563,24243,amherst_ma
z16/19563_24244.png,z16/19563_24244.png,0.0033481339613596,8.7998046875,0.0,0.3520263731479645,False,False,False,16,19563,24244,amherst_ma
z16/19563_24245.png,z16/19563_24245.png,0.0022770670553048,10.7998046875,0.0,0.3584064245223999,False,False,False,16,19563,24245,amherst_ma
z16/19563_24246.png,z16/19563_24246.png,0.0024487065772215,19.7001953125,0.0,0.3514020144939422,False,False,False,16,19563,24246,amherst_ma
z16/19563_24247.png,z16/19563_24247.png,0.0018490790079037,24.099609375,0.0007781982421875,0.3533785343170166,False,False,False,16,19563,24247,amherst_ma
z16/19563_24248.png,z16/19563_24248.png,0.0017025255908568,16.7998046875,0.0,0.345758855342865,False,False,False,16,19563,24248,amherst_ma
z16/19563_24249.png,z16/19563_24249.png,0.0056610733270645,34.7001953125,0.001129150390625,0.3510205745697021,False,False,False,16,19563,24249,amherst_ma
z16/19563_24250.png,z16/19563_24250.png,0.0041562870144844,22.6005859375,0.0052947998046875,0.3530879318714142,False,False,False,16,19563,24250,amherst_ma
z16/19563_24251.png,z16/19563_24251.png,0.0050874203443527,47.400390625,0.0167388916015625,0.3488378822803497,False,False,False,16,19563,24251,amherst_ma
z16/19563_24252.png,z16/19563_24252.png,0.0078630303343137,66.400390625,0.0008087158203125,0.343138575553894,False,False,False,16,19563,24252,amherst_ma
z16/19563_24253.png,z16/19563_24253.png,0.0204652190208435,139.1005859375,0.0055084228515625,0.3384692072868347,False,False,False,16,19563,24253,amherst_ma
z16/19563_24254.png,z16/19563_24254.png,0.013935962319374,111.400390625,0.0711517333984375,0.339375376701355,False,False,False,16,19563,24254,amherst_ma
z16/19563_24255.png,z16/19563_24255.png,0.0047483881314595,17.6005859375,0.006683349609375,0.3528855741024017,False,False,False,16,19563,24255,amherst_ma
z16/19563_24256.png,z16/19563_24256.png,0.008110237121582,51.1005859375,0.0063934326171875,0.3448982238769531,False,False,False,16,19563,24256,amherst_ma
z16/19563_24257.png,z16/19563_24257.png,0.0064274117350578,37.900390625,0.0166778564453125,0.3498669266700744,False,False,False,16,19563,24257,amherst_ma
z16/19563_24258.png,z16/19563_24258.png,0.0110553473234176,30.2998046875,0.0,0.3485248386859894,False,False,False,16,19563,24258,amherst_ma
z16/19563_24259.png,z16/19563_24259.png,0.0066895325978597,25.2998046875,0.0063629150390625,0.348579078912735,False,False,False,16,19563,24259,amherst_ma
z16/19563_24260.png,z16/19563_24260.png,0.0036380680898825,11.80078125,0.0,0.3520559966564178,False,False,False,16,19563,24260,amherst_ma
z16/19563_24261.png,z16/19563_24261.png,0.0059964895248413,11.7998046875,0.0,0.3577734231948852,False,False,False,16,19563,24261,amherst_ma
z16/19563_24262.png,z16/19563_24262.png,0.0057429646452267,34.7001953125,0.02740478515625,0.3515666127204895,False,False,False,16,19563,24262,amherst_ma
z16/19563_24263.png,z16/19563_24263.png,0.0056474427382151,29.5,0.00537109375,0.3484933078289032,False,False,False,16,19563,24263,amherst_ma
z16/19563_24264.png,z16/19563_24264.png,0.0036906746526559,15.30078125,0.0150299072265625,0.3563504219055176,False,False,False,16,19563,24264,amherst_ma
z16/19563_24265.png,z16/19563_24265.png,0.0041484718521436,23.1005859375,0.0518951416015625,0.3482764065265655,False,False,False,16,19563,24265,amherst_ma
z16/19563_24266.png,z16/19563_24266.png,0.0031061182419459,15.3994140625,0.0,0.3440136313438415,False,False,False,16,19563,24266,amherst_ma
z16/19563_24267.png,z16/19563_24267.png,0.0054700950781504,23.0,0.031585693359375,0.3469323515892029,False,False,False,16,19563,24267,amherst_ma
z16/19563_24268.png,z16/19563_24268.png,0.0037348439296086,19.0,0.0,0.3498380780220032,False,False,False,16,19563,24268,amherst_ma
z16/19563_24269.png,z16/19563_24269.png,0.0024283754328886,8.900390625,0.0,0.3502455949783325,False,False,False,16,19563,24269,amherst_ma
z16/19563_24270.png,z16/19563_24270.png,0.0022356276710828,8.6005859375,0.0,0.3534481525421142,False,False,False,16,19563,24270,amherst_ma
z16/19563_24271.png,z16/19563_24271.png,0.0043403501311937,16.599609375,0.0,0.3533899784088135,False,False,False,16,19563,24271,amherst_ma
z16/19564_24200.png,z16/19564_24200.png,0.0076502591371536,24.2998046875,0.0,0.3432167768478393,False,False,False,16,19564,24200,amherst_ma
z16/19564_24201.png,z16/19564_24201.png,0.0114071240027745,23.19921875,0.0,0.3478271663188934,False,False,False,16,19564,24201,amherst_ma
z16/19564_24202.png,z16/19564_24202.png,0.0111852218707402,33.0,0.0013885498046875,0.3453933000564575,False,False,False,16,19564,24202,amherst_ma
z16/19564_24203.png,z16/19564_24203.png,0.0155028700828552,32.1005859375,0.00164794921875,0.3431814610958099,False,False,False,16,19564,24203,amherst_ma
z16/19564_24204.png,z16/19564_24204.png,0.010357055068016,41.5,0.0,0.3502782881259918,False,False,False,16,19564,24204,amherst_ma
z16/19564_24205.png,z16/19564_24205.png,0.0133728593587875,97.900390625,0.01190185546875,0.3453033864498138,False,False,False,16,19564,24205,amherst_ma
z16/19564_24206.png,z16/19564_24206.png,0.0157021890083948,111.0,0.043365478515625,0.3392019271850586,False,False,False,16,19564,24206,amherst_ma
z16/19564_24207.png,z16/19564_24207.png,0.0190823495388031,125.5,0.0161590576171875,0.336933434009552,False,False,False,16,19564,24207,amherst_ma
z16/19564_24208.png,z16/19564_24208.png,0.0209225714206695,178.6005859375,0.0218658447265625,0.3413429856300354,False,False,False,16,19564,24208,amherst_ma
z16/19564_24209.png,z16/19564_24209.png,0.0159687012434005,117.2001953125,9.1552734375e-05,0.3426058888435364,False,False,False,16,19564,24209,amherst_ma
z16/19564_24210.png,z16/19564_24210.png,0.0128828465938568,84.5,0.000244140625,0.3366927206516266,False,False,False,16,19564,24210,amherst_ma
z16/19564_24211.png,z16/19564_24211.png,0.0134421825408935,130.099609375,0.0023345947265625,0.3376041054725647,False,False,False,16,19564,24211,amherst_ma
z16/19564_24212.png,z16/19564_24212.png,0.0122982293367385,133.099609375,0.00347900390625,0.3368579447269439,False,False,False,16,19564,24212,amherst_ma
z16/19564_24213.png,z16/19564_24213.png,0.0114598900079727,81.2998046875,0.0373077392578125,0.344673603773117,False,False,False,16,19564,24213,amherst_ma
z16/19564_24214.png,z16/19564_24214.png,0.0122074216604232,52.2001953125,0.005279541015625,0.3543056845664978,False,False,False,16,19564,24214,amherst_ma
z16/19564_24215.png,z16/19564_24215.png,0.005549718439579,29.900390625,0.020294189453125,0.3529700338840484,False,False,False,16,19564,24215,amherst_ma
z16/19564_24216.png,z16/19564_24216.png,0.0020671861867109,5.900390625,0.0,0.3603822290897369,False,False,False,16,19564,24216,amherst_ma
z16/19564_24217.png,z16/19564_24217.png,0.0022936972479025,5.1005859375,0.0,0.364007294178009,False,False,False,16,19564,24217,amherst_ma
z16/19564_24218.png,z16/19564_24218.png,0.0056733732422192,16.900390625,0.0,0.3519206643104553,False,False,False,16,19564,24218,amherst_ma
z16/19564_24219.png,z16/19564_24219.png,0.0068392684062321,26.7998046875,0.0,0.3447471261024475,False,False,False,16,19564,24219,amherst_ma
z16/19564_24220.png,z16/19564_24220.png,0.0070871432622273,30.69921875,0.0275726318359375,0.3474451005458832,False,False,False,16,19564,24220,amherst_ma
z16/19564_24221.png,z16/19564_24221.png,0.0101518750190734,53.1005859375,0.0074310302734375,0.3435160517692566,False,False,False,16,19564,24221,amherst_ma
z16/19564_24222.png,z16/19564_24222.png,0.009066359202067,40.69921875,0.001495361328125,0.3453202247619629,False,False,False,16,19564,24222,amherst_ma
z16/19564_24223.png,z16/19564_24223.png,0.0074122498432795,37.099609375,0.0175323486328125,0.3455355763435364,False,False,False,16,19564,24223,amherst_ma
z16/19564_24224.png,z16/19564_24224.png,0.0056612188617388,29.7001953125,0.006256103515625,0.3492351472377777,False,False,False,16,19564,24224,amherst_ma
z16/19564_24225.png,z16/19564_24225.png,0.0050868600606918,16.0,0.01202392578125,0.3514978587627411,False,False,False,16,19564,24225,amherst_ma
z16/19564_24226.png,z16/19564_24226.png,0.0036099505921204,13.0,0.0,0.3438124060630798,False,False,False,16,19564,24226,amherst_ma
z16/19564_24227.png,z16/19564_24227.png,0.0052266250054041,14.6005859375,0.0,0.3465975224971771,False,False,False,16,19564,24227,amherst_ma
z16/19564_24228.png,z16/19564_24228.png,0.00245125045379,16.2998046875,0.0,0.3533945679664612,False,False,False,16,19564,24228,amherst_ma
z16/19564_24229.png,z16/19564_24229.png,0.0037448349098364,19.099609375,0.0235443115234375,0.34763303399086,False,False,False,16,19564,24229,amherst_ma
z16/19564_24230.png,z16/19564_24230.png,0.0035806698103745,20.599609375,0.0,0.3463026285171509,False,False,False,16,19564,24230,amherst_ma
z16/19564_24231.png,z16/19564_24231.png,0.0044586052497227,13.3994140625,0.0,0.3423869609832763,False,False,False,16,19564,24231,amherst_ma
z16/19564_24232.png,z16/19564_24232.png,0.0054586584369341,22.8994140625,0.0,0.3437182307243347,False,False,False,16,19564,24232,amherst_ma
z16/19564_24233.png,z16/19564_24233.png,0.0036768486102422,25.7998046875,0.001434326171875,0.348633736371994,False,False,False,16,19564,24233,amherst_ma
z16/19564_24234.png,z16/19564_24234.png,0.0038098509112993,32.5,0.0363922119140625,0.3473564684391022,False,False,False,16,19564,24234,amherst_ma
z16/19564_24235.png,z16/19564_24235.png,0.0046017676591873,31.7001953125,0.016632080078125,0.3492302000522613,False,False,False,16,19564,24235,amherst_ma
z16/19564_24236.png,z16/19564_24236.png,0.003422757734855,31.2001953125,0.0186004638671875,0.3483614027500152,False,False,False,16,19564,24236,amherst_ma
z16/19564_24237.png,z16/19564_24237.png,0.0024513207376003,27.2001953125,0.002471923828125,0.3506001830101013,False,False,False,16,19564,24237,amherst_ma
z16/19564_24238.png,z16/19564_24238.png,0.0024830224613348,22.0,0.0026092529296875,0.3535039722919464,False,False,False,16,19564,24238,amherst_ma
z16/19564_24239.png,z16/19564_24239.png,0.0023542940616607,16.7998046875,0.0,0.3504655659198761,False,False,False,16,19564,24239,amherst_ma
z16/19564_24240.png,z16/19564_24240.png,0.0029660262167453,20.7998046875,0.0024261474609375,0.348247617483139,False,False,False,16,19564,24240,amherst_ma
z16/19564_24241.png,z16/19564_24241.png,0.0031888713439305,25.400390625,0.0081024169921875,0.3566663861274719,False,False,False,16,19564,24241,amherst_ma
z16/19564_24242.png,z16/19564_24242.png,0.0020118982841571,9.0,0.0,0.3535869121551513,False,False,False,16,19564,24242,amherst_ma
z16/19564_24243.png,z16/19564_24243.png,0.0029665452738602,10.2001953125,0.0,0.3490579128265381,False,False,False,16,19564,24243,amherst_ma
z16/19564_24244.png,z16/19564_24244.png,0.0035755686461925,11.400390625,0.0,0.3521974682807922,False,False,False,16,19564,24244,amherst_ma
z16/19564_24245.png,z16/19564_24245.png,0.002177378286918,9.2998046875,0.0,0.3550275266170501,False,False,False,16,19564,24245,amherst_ma
z16/19564_24246.png,z16/19564_24246.png,0.0021046054859956,18.2998046875,0.003753662109375,0.3521399796009063,False,False,False,16,19564,24246,amherst_ma
z16/19564_24247.png,z16/19564_24247.png,0.0021704542140165,14.8994140625,0.0,0.3520646691322326,False,False,False,16,19564,24247,amherst_ma
z16/19564_24248.png,z16/19564_24248.png,0.0038388398786385,22.6005859375,0.0045013427734375,0.3522363901138305,False,False,False,16,19564,24248,amherst_ma
z16/19564_24249.png,z16/19564_24249.png,0.0043306529521942,22.8994140625,0.0053558349609375,0.3457971811294555,False,False,False,16,19564,24249,amherst_ma
z16/19564_24250.png,z16/19564_24250.png,0.0053206185499827,30.1005859375,0.0031585693359375,0.3448912799358368,False,False,False,16,19564,24250,amherst_ma
z16/19564_24251.png,z16/19564_24251.png,0.008313338458538,53.400390625,0.0167236328125,0.3462551236152649,False,False,False,16,19564,24251,amherst_ma
z16/19564_24252.png,z16/19564_24252.png,0.0063780630628267,53.1005859375,0.0001983642578125,0.3406490385532379,False,False,False,16,19564,24252,amherst_ma
z16/19564_24253.png,z16/19564_24253.png,0.0320849080880483,150.599609375,0.028228759765625,0.3417113721370697,False,False,False,16,19564,24253,amherst_ma
z16/19564_24254.png,z16/19564_24254.png,0.0166257083415985,111.7998046875,0.0251312255859375,0.3429603576660156,False,False,False,16,19564,24254,amherst_ma
z16/19564_24255.png,z16/19564_24255.png,0.0078967839479446,41.2001953125,0.0172119140625,0.3475081026554107,False,False,False,16,19564,24255,amherst_ma
z16/19564_24256.png,z16/19564_24256.png,0.0075200080871582,61.5,0.0244903564453125,0.3422619700431824,False,False,False,16,19564,24256,amherst_ma
z16/19564_24257.png,z16/19564_24257.png,0.0055226440231005,59.3994140625,0.012298583984375,0.3504772186279297,False,False,False,16,19564,24257,amherst_ma
z16/19564_24258.png,z16/19564_24258.png,0.0091933002074559,25.2998046875,0.0,0.3441571593284607,False,False,False,16,19564,24258,amherst_ma
z16/19564_24259.png,z16/19564_24259.png,0.0044995933771133,15.2001953125,0.0,0.3492599129676819,False,False,False,16,19564,24259,amherst_ma
z16/19564_24260.png,z16/19564_24260.png,0.0029939365883668,11.400390625,0.0,0.3528706431388855,False,False,False,16,19564,24260,amherst_ma
z16/19564_24261.png,z16/19564_24261.png,0.0055684129397074,15.400390625,0.0,0.3495864868164062,False,False,False,16,19564,24261,amherst_ma
z16/19564_24262.png,z16/19564_24262.png,0.0046656981110572,14.0,0.0,0.3488713800907135,False,False,False,16,19564,24262,amherst_ma
z16/19564_24263.png,z16/19564_24263.png,0.001815015822649,4.5,0.0,0.3467012047767639,False,False,False,16,19564,24263,amherst_ma
z16/19564_24264.png,z16/19564_24264.png,0.0021157103280226,6.2998046875,0.0,0.3535326719284057,False,False,False,16,19564,24264,amherst_ma
z16/19564_24265.png,z16/19564_24265.png,0.0026150219142436,9.5,0.0,0.3484865725040436,False,False,False,16,19564,24265,amherst_ma
z16/19564_24266.png,z16/19564_24266.png,0.004309328397115,19.099609375,0.0,0.3465435802936554,False,False,False,16,19564,24266,amherst_ma
z16/19564_24267.png,z16/19564_24267.png,0.0059170057376225,24.400390625,0.0223236083984375,0.3451347351074219,False,False,False,16,19564,24267,amherst_ma
z16/19564_24268.png,z16/19564_24268.png,0.003781683743,14.5,0.0077362060546875,0.3635064363479614,False,False,False,16,19564,24268,amherst_ma
z16/19564_24269.png,z16/19564_24269.png,0.0040081207950909,15.7998046875,0.0,0.3517803251743316,False,False,False,16,19564,24269,amherst_ma
z16/19564_24270.png,z16/19564_24270.png,0.0038929204146067,18.2998046875,0.0,0.3459663391113281,False,False,False,16,19564,24270,amherst_ma
z16/19564_24271.png,z16/19564_24271.png,0.0022320623199144,14.0,0.0,0.3624852895736694,False,False,False,16,19564,24271,amherst_ma
z16/19565_24200.png,z16/19565_24200.png,0.0140705029169718,51.2998046875,0.0244903564453125,0.3429351449012756,False,False,False,16,19565,24200,amherst_ma
z16/19565_24201.png,z16/19565_24201.png,0.0113158384958903,107.7001953125,0.0531463623046875,0.3411605358123779,False,False,False,16,19565,24201,amherst_ma
z16/19565_24202.png,z16/19565_24202.png,0.0101322382688522,91.099609375,0.0061492919921875,0.3369973301887512,False,False,False,16,19565,24202,amherst_ma
z16/19565_24203.png,z16/19565_24203.png,0.013871298233668,79.80078125,0.0,0.3361186683177948,False,False,False,16,19565,24203,amherst_ma
z16/19565_24204.png,z16/19565_24204.png,0.0133700331052144,56.599609375,0.0262603759765625,0.3418541848659515,False,False,False,16,19565,24204,amherst_ma
z16/19565_24205.png,z16/19565_24205.png,0.0108296324809392,26.7001953125,0.0,0.3445744514465332,False,False,False,16,19565,24205,amherst_ma
z16/19565_24206.png,z16/19565_24206.png,0.0209515213966369,122.900390625,0.0016632080078125,0.3439356088638305,False,False,False,16,19565,24206,amherst_ma
z16/19565_24207.png,z16/19565_24207.png,0.0387458046277364,176.7998046875,0.0301971435546875,0.3402970135211944,False,False,False,16,19565,24207,amherst_ma
z16/19565_24208.png,z16/19565_24208.png,0.0273623486359914,242.0,0.0458831787109375,0.3385511040687561,False,False,False,16,19565,24208,amherst_ma
z16/19565_24209.png,z16/19565_24209.png,0.0252776662508646,222.7001953125,0.0215301513671875,0.336626261472702,False,False,False,16,19565,24209,amherst_ma
z16/19565_24210.png,z16/19565_24210.png,0.0256644209225972,171.7001953125,0.023681640625,0.3380159139633178,False,False,False,16,19565,24210,amherst_ma
z16/19565_24211.png,z16/19565_24211.png,0.0269093672434488,161.5,0.0018157958984375,0.3383084535598755,False,False,False,16,19565,24211,amherst_ma
z16/19565_24212.png,z16/19565_24212.png,0.0162727375825246,140.1005859375,0.0027313232421875,0.3393052816390991,False,False,False,16,19565,24212,amherst_ma
z16/19565_24213.png,z16/19565_24213.png,0.0125853141148885,87.5,0.0299835205078125,0.3444285988807678,False,False,False,16,19565,24213,amherst_ma
z16/19565_24214.png,z16/19565_24214.png,0.0180247704188028,69.099609375,0.05517578125,0.3459416925907135,False,False,False,16,19565,24214,amherst_ma
z16/19565_24215.png,z16/19565_24215.png,0.0100842237472534,45.1005859375,0.0,0.3454017043113708,False,False,False,16,19565,24215,amherst_ma
z16/19565_24216.png,z16/19565_24216.png,0.0149275134007136,48.7001953125,0.0,0.3509261608123779,False,False,False,16,19565,24216,amherst_ma
z16/19565_24217.png,z16/19565_24217.png,0.0128883024056752,36.599609375,0.0,0.3553023040294647,False,False,False,16,19565,24217,amherst_ma
z16/19565_24218.png,z16/19565_24218.png,0.0086846629778544,30.099609375,0.015411376953125,0.3466812074184418,False,False,False,16,19565,24218,amherst_ma
z16/19565_24219.png,z16/19565_24219.png,0.0074743121862411,35.3994140625,0.00677490234375,0.3445514738559723,False,False,False,16,19565,24219,amherst_ma
z16/19565_24220.png,z16/19565_24220.png,0.0072128802537918,42.099609375,0.0131988525390625,0.3465071618556976,False,False,False,16,19565,24220,amherst_ma
z16/19565_24221.png,z16/19565_24221.png,0.0091250240802764,41.7001953125,0.018646240234375,0.3482141494750976,False,False,False,16,19565,24221,amherst_ma
z16/19565_24222.png,z16/19565_24222.png,0.0082763060927391,44.599609375,0.0129241943359375,0.3456718623638153,False,False,False,16,19565,24222,amherst_ma
z16/19565_24223.png,z16/19565_24223.png,0.0074715490142504,28.1005859375,0.0153045654296875,0.3436190485954284,False,False,False,16,19565,24223,amherst_ma
z16/19565_24224.png,z16/19565_24224.png,0.0039632380008697,23.7998046875,0.0077667236328125,0.3507147431373596,False,False,False,16,19565,24224,amherst_ma
z16/19565_24225.png,z16/19565_24225.png,0.0052406986554463,24.7998046875,0.0,0.343454360961914,False,False,False,16,19565,24225,amherst_ma
z16/19565_24226.png,z16/19565_24226.png,0.0057151888807614,20.5,0.0,0.3417840898036957,False,False,False,16,19565,24226,amherst_ma
z16/19565_24227.png,z16/19565_24227.png,0.0075818469127019,24.30078125,0.0147552490234375,0.3528468906879425,False,False,False,16,19565,24227,amherst_ma
z16/19565_24228.png,z16/19565_24228.png,0.0033597722649574,23.3994140625,0.0027923583984375,0.3562198281288147,False,False,False,16,19565,24228,amherst_ma
z16/19565_24229.png,z16/19565_24229.png,0.0043450211485226,21.8994140625,0.002349853515625,0.3514359593391418,False,False,False,16,19565,24229,amherst_ma
z16/19565_24230.png,z16/19565_24230.png,0.008014407257239,55.5,0.00823974609375,0.3443261981010437,False,False,False,16,19565,24230,amherst_ma
z16/19565_24231.png,z16/19565_24231.png,0.011808509627978,60.7998046875,0.0053558349609375,0.3423175811767578,False,False,False,16,19565,24231,amherst_ma
z16/19565_24232.png,z16/19565_24232.png,0.0051921506722768,38.0,0.0,0.3464171588420868,False,False,False,16,19565,24232,amherst_ma
z16/19565_24233.png,z16/19565_24233.png,0.0040055925647417,17.7001953125,0.0,0.3470870852470398,False,False,False,16,19565,24233,amherst_ma
z16/19565_24234.png,z16/19565_24234.png,0.0031334782640139,16.0,0.0,0.3478652238845825,False,False,False,16,19565,24234,amherst_ma
z16/19565_24235.png,z16/19565_24235.png,0.0030006197591622,18.7001953125,0.0,0.3481958210468292,False,False,False,16,19565,24235,amherst_ma
z16/19565_24236.png,z16/19565_24236.png,0.0038365766406059,22.400390625,0.0,0.3501647114753723,False,False,False,16,19565,24236,amherst_ma
z16/19565_24237.png,z16/19565_24237.png,0.0025617860257625,12.599609375,0.0,0.3503730893135071,False,False,False,16,19565,24237,amherst_ma
z16/19565_24238.png,z16/19565_24238.png,0.0033676519989967,21.0,0.0096893310546875,0.3633963167667389,False,False,False,16,19565,24238,amherst_ma
z16/19565_24239.png,z16/19565_24239.png,0.0029039641221364,26.7998046875,0.002899169921875,0.3491318523883819,False,False,False,16,19565,24239,amherst_ma
z16/19565_24240.png,z16/19565_24240.png,0.0036046788096427,26.2001953125,0.0187225341796875,0.3491771817207336,False,False,False,16,19565,24240,amherst_ma
z16/19565_24241.png,z16/19565_24241.png,0.0043539787332216,19.7998046875,0.0,0.3522019684314728,False,False,False,16,19565,24241,amherst_ma
z16/19565_24242.png,z16/19565_24242.png,0.0049504448970158,19.7998046875,0.0,0.3507365882396698,False,False,False,16,19565,24242,amherst_ma
z16/19565_24243.png,z16/19565_24243.png,0.0031454794108867,8.400390625,0.0,0.3465779423713684,False,False,False,16,19565,24243,amherst_ma
z16/19565_24244.png,z16/19565_24244.png,0.0035180675486723,9.2001953125,0.0,0.3490002751350403,False,False,False,16,19565,24244,amherst_ma
z16/19565_24245.png,z16/19565_24245.png,0.0021014995872974,11.80078125,0.0,0.3538686335086822,False,False,False,16,19565,24245,amherst_ma
z16/19565_24246.png,z16/19565_24246.png,0.0022568081816037,15.2001953125,0.0,0.3492451906204223,False,False,False,16,19565,24246,amherst_ma
z16/19565_24247.png,z16/19565_24247.png,0.0030890611310799,23.7998046875,0.0,0.3455859422683716,False,False,False,16,19565,24247,amherst_ma
z16/19565_24248.png,z16/19565_24248.png,0.0028060257434844,21.2998046875,0.0,0.3493805229663849,False,False,False,16,19565,24248,amherst_ma
z16/19565_24249.png,z16/19565_24249.png,0.0036473748584588,22.1005859375,0.0169677734375,0.3446646928787231,False,False,False,16,19565,24249,amherst_ma
z16/19565_24250.png,z16/19565_24250.png,0.007112414141496,35.2001953125,0.04833984375,0.3506861925125122,False,False,False,16,19565,24250,amherst_ma
z16/19565_24251.png,z16/19565_24251.png,0.0115360448757807,59.900390625,0.0184783935546875,0.347332626581192,False,False,False,16,19565,24251,amherst_ma
z16/19565_24252.png,z16/19565_24252.png,0.010546733935674,64.6005859375,0.012969970703125,0.3426162898540497,False,False,False,16,19565,24252,amherst_ma
z16/19565_24253.png,z16/19565_24253.png,0.0313492059707641,105.6005859375,0.0247344970703125,0.3416706025600433,False,False,False,16,19565,24253,amherst_ma
z16/19565_24254.png,z16/19565_24254.png,0.0116054972012837,74.5,0.0030517578125,0.3431981205940246,False,False,False,16,19565,24254,amherst_ma
z16/19565_24255.png,z16/19565_24255.png,0.008896067738533,37.400390625,0.01287841796875,0.3406804800033569,False,False,False,16,19565,24255,amherst_ma
z16/19565_24256.png,z16/19565_24256.png,0.0076346705357233,52.80078125,0.003173828125,0.3374776244163513,False,False,False,16,19565,24256,amherst_ma
z16/19565_24257.png,z16/19565_24257.png,0.0060519432028134,58.7998046875,0.054229736328125,0.3472276628017425,False,False,False,16,19565,24257,amherst_ma
z16/19565_24258.png,z16/19565_24258.png,0.0061732431252797,27.099609375,0.0,0.3508852422237396,False,False,False,16,19565,24258,amherst_ma
z16/19565_24259.png,z16/19565_24259.png,0.0051401257514953,17.2998046875,0.0,0.3507888913154602,False,False,False,16,19565,24259,amherst_ma
z16/19565_24260.png,z16/19565_24260.png,0.0032850245634714,11.7998046875,0.0,0.3524070084095001,False,False,False,16,19565,24260,amherst_ma
z16/19565_24261.png,z16/19565_24261.png,0.0031353121002515,6.7001953125,0.0,0.3588517010211944,False,False,False,16,19565,24261,amherst_ma
z16/19565_24262.png,z16/19565_24262.png,0.0018621309349934,3.5,0.0,0.3623932003974914,False,False,False,16,19565,24262,amherst_ma
z16/19565_24263.png,z16/19565_24263.png,0.0016218344370524,3.2998046875,0.0,0.3645697236061096,False,False,False,16,19565,24263,amherst_ma
z16/19565_24264.png,z16/19565_24264.png,0.0029054065545399,10.69921875,0.0,0.3533887863159179,False,False,False,16,19565,24264,amherst_ma
z16/19565_24265.png,z16/19565_24265.png,0.0075905183951059,36.6005859375,0.0,0.3462012410163879,False,False,False,16,19565,24265,amherst_ma
z16/19565_24266.png,z16/19565_24266.png,0.0062609603007634,30.099609375,0.005584716796875,0.3490977585315704,False,False,False,16,19565,24266,amherst_ma
z16/19565_24267.png,z16/19565_24267.png,0.0037285683055718,29.2001953125,0.0028533935546875,0.3570842146873474,False,False,False,16,19565,24267,amherst_ma
z16/19565_24268.png,z16/19565_24268.png,0.0046748792131741,25.0,0.029144287109375,0.3856692612171173,False,False,False,16,19565,24268,amherst_ma
z16/19565_24269.png,z16/19565_24269.png,0.0064201499025026,20.0,0.0,0.3566374182701111,False,False,False,16,19565,24269,amherst_ma
z16/19565_24270.png,z16/19565_24270.png,0.0062762195865313,21.7998046875,0.0,0.3492090106010437,False,False,False,16,19565,24270,amherst_ma
z16/19565_24271.png,z16/19565_24271.png,0.0040545346836249,19.7998046875,0.0,0.3514770567417145,False,False,False,16,19565,24271,amherst_ma
z16/19566_24200.png,z16/19566_24200.png,0.0095751146475474,128.400390625,0.0553436279296875,0.3406838774681091,False,False,False,16,19566,24200,amherst_ma
z16/19566_24201.png,z16/19566_24201.png,0.0185134311517079,104.7998046875,0.0488128662109375,0.3380048871040344,False,False,False,16,19566,24201,amherst_ma
z16/19566_24202.png,z16/19566_24202.png,0.008256521821022,95.6005859375,0.00439453125,0.3353300094604492,False,False,False,16,19566,24202,amherst_ma
z16/19566_24203.png,z16/19566_24203.png,0.0069411262869834,98.900390625,0.0372314453125,0.3338983058929443,False,False,False,16,19566,24203,amherst_ma
z16/19566_24204.png,z16/19566_24204.png,0.0112370898326238,118.099609375,0.008514404296875,0.3378912806510925,False,False,False,16,19566,24204,amherst_ma
z16/19566_24205.png,z16/19566_24205.png,0.0125720471143722,52.7998046875,0.0,0.3483781218528747,False,False,False,16,19566,24205,amherst_ma
z16/19566_24206.png,z16/19566_24206.png,0.0067872191468874,28.3994140625,0.0,0.3479205965995788,False,False,False,16,19566,24206,amherst_ma
z16/19566_24207.png,z16/19566_24207.png,0.0059159750739733,19.0,0.0,0.3461767435073852,False,False,False,16,19566,24207,amherst_ma
z16/19566_24208.png,z16/19566_24208.png,0.0117238054672877,22.900390625,0.008026123046875,0.3480303585529327,False,False,False,16,19566,24208,amherst_ma
z16/19566_24209.png,z16/19566_24209.png,0.0207713067531585,56.2998046875,0.0274200439453125,0.3490445911884308,False,False,False,16,19566,24209,amherst_ma
z16/19566_24210.png,z16/19566_24210.png,0.0207268993059794,89.7998046875,0.022216796875,0.347841203212738,False,False,False,16,19566,24210,amherst_ma
z16/19566_24211.png,z16/19566_24211.png,0.0228314578533172,104.5,0.016845703125,0.3490171730518341,False,False,False,16,19566,24211,amherst_ma
z16/19566_24212.png,z16/19566_24212.png,0.0225767314434051,105.1005859375,0.0538787841796875,0.3467664718627929,False,False,False,16,19566,24212,amherst_ma
z16/19566_24213.png,z16/19566_24213.png,0.0138918340206146,53.2001953125,0.033294677734375,0.3451582193374634,False,False,False,16,19566,24213,amherst_ma
z16/19566_24214.png,z16/19566_24214.png,0.0095479230086008,46.099609375,0.0,0.3494181931018829,False,False,False,16,19566,24214,amherst_ma
z16/19566_24215.png,z16/19566_24215.png,0.0087510854005813,60.2001953125,0.012939453125,0.3479558825492859,False,False,False,16,19566,24215,amherst_ma
z16/19566_24216.png,z16/19566_24216.png,0.011825073758761,50.1005859375,0.045684814453125,0.342479407787323,False,False,False,16,19566,24216,amherst_ma
z16/19566_24217.png,z16/19566_24217.png,0.0122063080469767,44.1005859375,0.0115966796875,0.3419543206691742,False,False,False,16,19566,24217,amherst_ma
z16/19566_24218.png,z16/19566_24218.png,0.0111463467280069,49.0,0.0240325927734375,0.3458449244499206,False,False,False,16,19566,24218,amherst_ma
z16/19566_24219.png,z16/19566_24219.png,0.0095935632785161,38.900390625,0.054656982421875,0.3436026275157928,False,False,False,16,19566,24219,amherst_ma
z16/19566_24220.png,z16/19566_24220.png,0.005096245308717,26.0,0.0039215087890625,0.3493053913116455,False,False,False,16,19566,24220,amherst_ma
z16/19566_24221.png,z16/19566_24221.png,0.0055312648415565,24.8994140625,0.0167388916015625,0.3447888493537903,False,False,False,16,19566,24221,amherst_ma
z16/19566_24222.png,z16/19566_24222.png,0.0047649055719375,26.7001953125,0.055206298828125,0.3413976728916168,False,False,False,16,19566,24222,amherst_ma
z16/19566_24223.png,z16/19566_24223.png,0.0053973337014516,34.5,0.0,0.3389484286308288,False,False,False,16,19566,24223,amherst_ma
z16/19566_24224.png,z16/19566_24224.png,0.0073336943984031,48.0,0.001983642578125,0.3492156863212585,False,False,False,16,19566,24224,amherst_ma
z16/19566_24225.png,z16/19566_24225.png,0.0139358609914779,45.0,0.0,0.3396547436714172,False,False,False,16,19566,24225,amherst_ma
z16/19566_24226.png,z16/19566_24226.png,0.0108769645293553,44.8994140625,0.002593994140625,0.3424741327762604,False,False,False,16,19566,24226,amherst_ma
z16/19566_24227.png,z16/19566_24227.png,0.0043332248926162,18.400390625,0.0,0.3486718237400055,False,False,False,16,19566,24227,amherst_ma
z16/19566_24228.png,z16/19566_24228.png,0.0025091851751009,18.5,0.0,0.3505950570106506,False,False,False,16,19566,24228,amherst_ma
z16/19566_24229.png,z16/19566_24229.png,0.0035941585898399,28.6005859375,0.0022735595703125,0.3481976091861725,False,False,False,16,19566,24229,amherst_ma
z16/19566_24230.png,z16/19566_24230.png,0.0043304448326428,37.7001953125,0.005523681640625,0.3433757126331329,False,False,False,16,19566,24230,amherst_ma
z16/19566_24231.png,z16/19566_24231.png,0.005543869237105,25.2998046875,0.00457763671875,0.345022976398468,False,False,False,16,19566,24231,amherst_ma
z16/19566_24232.png,z16/19566_24232.png,0.007980710764726,42.2001953125,0.0021209716796875,0.3486954569816589,False,False,False,16,19566,24232,amherst_ma
z16/19566_24233.png,z16/19566_24233.png,0.0097183962663014,40.400390625,0.01763916015625,0.3473019003868103,False,False,False,16,19566,24233,amherst_ma
z16/19566_24234.png,z16/19566_24234.png,0.0028668873012065,9.6005859375,0.0,0.3501121997833252,False,False,False,16,19566,24234,amherst_ma
z16/19566_24235.png,z16/19566_24235.png,0.0047854577501614,18.400390625,0.0,0.3421741425991058,False,False,False,16,19566,24235,amherst_ma
z16/19566_24236.png,z16/19566_24236.png,0.0047815640767415,25.1005859375,0.0108489990234375,0.3516496121883392,False,False,False,16,19566,24236,amherst_ma
z16/19566_24237.png,z16/19566_24237.png,0.0071865384777386,44.400390625,0.001312255859375,0.3564860224723816,False,False,False,16,19566,24237,amherst_ma
z16/19566_24238.png,z16/19566_24238.png,0.0032757262388865,25.599609375,0.0133819580078125,0.34224933385849,False,False,False,16,19566,24238,amherst_ma
z16/19566_24239.png,z16/19566_24239.png,0.0051728824774424,23.69921875,0.0067291259765625,0.353232204914093,False,False,False,16,19566,24239,amherst_ma
z16/19566_24240.png,z16/19566_24240.png,0.0030443370342254,13.099609375,0.0,0.3551193177700043,False,False,False,16,19566,24240,amherst_ma
z16/19566_24241.png,z16/19566_24241.png,0.004573085407416,31.400390625,0.0314178466796875,0.3426218926906585,False,False,False,16,19566,24241,amherst_ma
z16/19566_24242.png,z16/19566_24242.png,0.0033688351511955,28.2998046875,0.02093505859375,0.3548427522182464,False,False,False,16,19566,24242,amherst_ma
z16/19566_24243.png,z16/19566_24243.png,0.0029189909497896,15.5,0.0,0.3493286371231079,False,False,False,16,19566,24243,amherst_ma
z16/19566_24244.png,z16/19566_24244.png,0.0023920451601346,6.7001953125,0.0,0.350037932395935,False,False,False,16,19566,24244,amherst_ma
z16/19566_24245.png,z16/19566_24245.png,0.0028866882125536,8.099609375,0.0,0.3456946015357971,False,False,False,16,19566,24245,amherst_ma
z16/19566_24246.png,z16/19566_24246.png,0.0019959200173616,9.099609375,0.0,0.3589294552803039,False,False,False,16,19566,24246,amherst_ma
z16/19566_24247.png,z16/19566_24247.png,0.0019058653463919,5.7998046875,0.0,0.3460655212402344,False,False,False,16,19566,24247,amherst_ma
z16/19566_24248.png,z16/19566_24248.png,0.0021797438462575,8.0,0.0,0.3522133231163025,False,False,False,16,19566,24248,amherst_ma
z16/19566_24249.png,z16/19566_24249.png,0.0049214864770571,46.900390625,0.046356201171875,0.3501070737838745,False,False,False,16,19566,24249,amherst_ma
z16/19566_24250.png,z16/19566_24250.png,0.0085840503374735,33.5,0.0302276611328125,0.3440325856208801,False,False,False,16,19566,24250,amherst_ma
z16/19566_24251.png,z16/19566_24251.png,0.0078386242190996,56.6005859375,0.0114898681640625,0.343991607427597,False,False,False,16,19566,24251,amherst_ma
z16/19566_24252.png,z16/19566_24252.png,0.0075355490048726,76.8994140625,0.009307861328125,0.3380541503429413,False,False,False,16,19566,24252,amherst_ma
z16/19566_24253.png,z16/19566_24253.png,0.018654324611028,117.400390625,0.065582275390625,0.3364841341972351,False,False,False,16,19566,24253,amherst_ma
z16/19566_24254.png,z16/19566_24254.png,0.0098344802856445,90.0,0.0132293701171875,0.3377625942230224,False,False,False,16,19566,24254,amherst_ma
z16/19566_24255.png,z16/19566_24255.png,0.0072913358608881,36.2001953125,0.0263214111328125,0.3501531481742859,False,False,False,16,19566,24255,amherst_ma
z16/19566_24256.png,z16/19566_24256.png,0.0083487997452418,43.5,0.0214080810546875,0.3538179397583008,False,False,False,16,19566,24256,amherst_ma
z16/19566_24257.png,z16/19566_24257.png,0.0055578971902529,25.2001953125,0.0249481201171875,0.3622003197669983,False,False,False,16,19566,24257,amherst_ma
z16/19566_24258.png,z16/19566_24258.png,0.0059223075707753,21.7998046875,0.007476806640625,0.3595495223999023,False,False,False,16,19566,24258,amherst_ma
z16/19566_24259.png,z16/19566_24259.png,0.0047020122408866,11.0,0.0,0.3543705344200134,False,False,False,16,19566,24259,amherst_ma
z16/19566_24260.png,z16/19566_24260.png,0.0027426059047381,7.5,0.0,0.3503251075744629,False,False,False,16,19566,24260,amherst_ma
z16/19566_24261.png,z16/19566_24261.png,0.0053595140576362,16.7001953125,0.0,0.3490491211414337,False,False,False,16,19566,24261,amherst_ma
z16/19566_24262.png,z16/19566_24262.png,0.0091589421033859,21.5,0.0,0.3474916219711303,False,False,False,16,19566,24262,amherst_ma
z16/19566_24263.png,z16/19566_24263.png,0.0072189355889956,30.7998046875,0.0,0.3458430469036102,False,False,False,16,19566,24263,amherst_ma
z16/19566_24264.png,z16/19566_24264.png,0.0057503889004389,30.7001953125,0.0377349853515625,0.3503942787647247,False,False,False,16,19566,24264,amherst_ma
z16/19566_24265.png,z16/19566_24265.png,0.0054745326439539,18.0,0.0192718505859375,0.3530210852622986,False,False,False,16,19566,24265,amherst_ma
z16/19566_24266.png,z16/19566_24266.png,0.0048017809788386,24.0,0.0,0.3506467640399933,False,False,False,16,19566,24266,amherst_ma
z16/19566_24267.png,z16/19566_24267.png,0.0061861082911491,29.69921875,0.0,0.3491043448448181,False,False,False,16,19566,24267,amherst_ma
z16/19566_24268.png,z16/19566_24268.png,0.0042764450112978,12.099609375,0.0,0.3478511869907379,False,False,False,16,19566,24268,amherst_ma
z16/19566_24269.png,z16/19566_24269.png,0.0033569527169068,12.0,0.0,0.3427686393260956,False,False,False,16,19566,24269,amherst_ma
z16/19566_24270.png,z16/19566_24270.png,0.0026467176775137,7.400390625,0.0,0.3444104790687561,False,False,False,16,19566,24270,amherst_ma
z16/19566_24271.png,z16/19566_24271.png,0.0070638969540596,19.2001953125,0.0,0.3450303971767425,False,False,False,16,19566,24271,amherst_ma
z16/19567_24200.png,z16/19567_24200.png,0.0123630235592524,104.7001953125,0.01605224609375,0.3376689553260803,False,False,False,16,19567,24200,amherst_ma
z16/19567_24201.png,z16/19567_24201.png,0.0164754569530487,65.8994140625,0.0381927490234375,0.342154324054718,False,False,False,16,19567,24201,amherst_ma
z16/19567_24202.png,z16/19567_24202.png,0.011168877283732,128.0,0.00341796875,0.3362801969051361,False,False,False,16,19567,24202,amherst_ma
z16/19567_24203.png,z16/19567_24203.png,0.0095197836558024,57.400390625,0.003143310546875,0.333601176738739,False,False,False,16,19567,24203,amherst_ma
z16/19567_24204.png,z16/19567_24204.png,0.0105751623709996,101.0,0.006072998046875,0.3409644365310669,False,False,False,16,19567,24204,amherst_ma
z16/19567_24205.png,z16/19567_24205.png,0.0118224412202835,107.099609375,0.0203399658203125,0.3437933027744293,False,False,False,16,19567,24205,amherst_ma
z16/19567_24206.png,z16/19567_24206.png,0.0150344957907994,123.2001953125,0.0087738037109375,0.3442426323890686,False,False,False,16,19567,24206,amherst_ma
z16/19567_24207.png,z16/19567_24207.png,0.0147316992282867,79.1005859375,0.0457305908203125,0.3463896214962005,False,False,False,16,19567,24207,amherst_ma
z16/19567_24208.png,z16/19567_24208.png,0.0111606061458587,70.5,0.0459442138671875,0.3466022610664367,False,False,False,16,19567,24208,amherst_ma
z16/19567_24209.png,z16/19567_24209.png,0.0141179939111073,91.0,0.0216217041015625,0.3441713750362396,False,False,False,16,19567,24209,amherst_ma
z16/19567_24210.png,z16/19567_24210.png,0.0167245229085286,82.2998046875,0.0302886962890625,0.3476895093917846,False,False,False,16,19567,24210,amherst_ma
z16/19567_24211.png,z16/19567_24211.png,0.0107355107863744,49.19921875,0.0,0.3454100489616394,False,False,False,16,19567,24211,amherst_ma
z16/19567_24212.png,z16/19567_24212.png,0.0089163561662038,50.900390625,0.000701904296875,0.3472694456577301,False,False,False,16,19567,24212,amherst_ma
z16/19567_24213.png,z16/19567_24213.png,0.0100672711928685,65.7998046875,0.0018768310546875,0.3470664620399475,False,False,False,16,19567,24213,amherst_ma
z16/19567_24214.png,z16/19567_24214.png,0.0093331942955652,54.19921875,0.0009918212890625,0.3533890545368194,False,False,False,16,19567,24214,amherst_ma
z16/19567_24215.png,z16/19567_24215.png,0.0148220121860504,84.099609375,0.0188751220703125,0.3485980331897735,False,False,False,16,19567,24215,amherst_ma
z16/19567_24216.png,z16/19567_24216.png,0.0065017615755399,41.1005859375,0.0075531005859375,0.344727873802185,False,False,False,16,19567,24216,amherst_ma
z16/19567_24217.png,z16/19567_24217.png,0.0103732417027155,69.0,0.0535125732421875,0.3482362031936645,False,False,False,16,19567,24217,amherst_ma
z16/19567_24218.png,z16/19567_24218.png,0.0071004172166188,40.3994140625,0.0232391357421875,0.3483765721321106,False,False,False,16,19567,24218,amherst_ma
z16/19567_24219.png,z16/19567_24219.png,0.0058857897917429,38.19921875,0.0341339111328125,0.3439565002918243,False,False,False,16,19567,24219,amherst_ma
z16/19567_24220.png,z16/19567_24220.png,0.005817566315333,37.2998046875,0.007080078125,0.3462465703487396,False,False,False,16,19567,24220,amherst_ma
z16/19567_24221.png,z16/19567_24221.png,0.0041578526298205,16.1005859375,0.0,0.347526878118515,False,False,False,16,19567,24221,amherst_ma
z16/19567_24222.png,z16/19567_24222.png,0.0036685121556123,24.7998046875,0.0076446533203125,0.3497523963451385,False,False,False,16,19567,24222,amherst_ma
z16/19567_24223.png,z16/19567_24223.png,0.0042175938685735,23.2001953125,0.0,0.344435304403305,False,False,False,16,19567,24223,amherst_ma
z16/19567_24224.png,z16/19567_24224.png,0.007117877403895,24.0,0.032379150390625,0.340444803237915,False,False,False,16,19567,24224,amherst_ma
z16/19567_24225.png,z16/19567_24225.png,0.0113676617542902,38.2001953125,0.0,0.338838517665863,False,False,False,16,19567,24225,amherst_ma
z16/19567_24226.png,z16/19567_24226.png,0.0109211633602778,40.900390625,0.0,0.3441868424415588,False,False,False,16,19567,24226,amherst_ma
z16/19567_24227.png,z16/19567_24227.png,0.0083923796812693,31.6005859375,0.0,0.3444596529006958,False,False,False,16,19567,24227,amherst_ma
z16/19567_24228.png,z16/19567_24228.png,0.0031236020227273,18.099609375,0.0,0.345376044511795,False,False,False,16,19567,24228,amherst_ma
z16/19567_24229.png,z16/19567_24229.png,0.0040291885534922,29.7998046875,0.000579833984375,0.3455178737640381,False,False,False,16,19567,24229,amherst_ma
z16/19567_24230.png,z16/19567_24230.png,0.003438268105189,14.7001953125,0.0,0.3419989347457886,False,False,False,16,19567,24230,amherst_ma
z16/19567_24231.png,z16/19567_24231.png,0.0059072608749071,29.69921875,0.0356903076171875,0.3395267128944397,False,False,False,16,19567,24231,amherst_ma
z16/19567_24232.png,z16/19567_24232.png,0.0065608183542887,33.2001953125,0.0247802734375,0.3432698845863342,False,False,False,16,19567,24232,amherst_ma
z16/19567_24233.png,z16/19567_24233.png,0.0070045833786328,23.2001953125,0.0,0.34974205493927,False,False,False,16,19567,24233,amherst_ma
z16/19567_24234.png,z16/19567_24234.png,0.0027423198024431,9.099609375,0.0,0.3562396764755249,False,False,False,16,19567,24234,amherst_ma
z16/19567_24235.png,z16/19567_24235.png,0.0035372259716192,36.19921875,0.00634765625,0.3491582870483398,False,False,False,16,19567,24235,amherst_ma
z16/19567_24236.png,z16/19567_24236.png,0.003316914041837,36.2001953125,0.0268707275390625,0.3442609012126922,False,False,False,16,19567,24236,amherst_ma
z16/19567_24237.png,z16/19567_24237.png,0.0037994069357713,34.80078125,0.0032958984375,0.35405433177948,False,False,False,16,19567,24237,amherst_ma
z16/19567_24238.png,z16/19567_24238.png,0.0025411191085974,16.7998046875,0.0,0.3404179215431213,False,False,False,16,19567,24238,amherst_ma
z16/19567_24239.png,z16/19567_24239.png,0.0037474699318408,12.8994140625,0.0,0.3425840139389038,False,False,False,16,19567,24239,amherst_ma
z16/19567_24240.png,z16/19567_24240.png,0.002687632292509,23.099609375,0.0100250244140625,0.346171110868454,False,False,False,16,19567,24240,amherst_ma
z16/19567_24241.png,z16/19567_24241.png,0.0032899186015129,18.400390625,0.0,0.3462866544723511,False,False,False,16,19567,24241,amherst_ma
z16/19567_24242.png,z16/19567_24242.png,0.0054777756333351,42.8994140625,0.000823974609375,0.3462839126586914,False,False,False,16,19567,24242,amherst_ma
z16/19567_24243.png,z16/19567_24243.png,0.0036400996148586,34.19921875,0.0162811279296875,0.3398560583591461,False,False,False,16,19567,24243,amherst_ma
z16/19567_24244.png,z16/19567_24244.png,0.0036032612125078,10.7001953125,0.0,0.348764032125473,False,False,False,16,19567,24244,amherst_ma
z16/19567_24245.png,z16/19567_24245.png,0.0027333217362562,8.400390625,0.0,0.3471625745296478,False,False,False,16,19567,24245,amherst_ma
z16/19567_24246.png,z16/19567_24246.png,0.0024898762504259,7.0,0.0,0.348190575838089,False,False,False,16,19567,24246,amherst_ma
z16/19567_24247.png,z16/19567_24247.png,0.0025955935319264,4.2001953125,0.0,0.3446196615695953,False,False,False,16,19567,24247,amherst_ma
z16/19567_24248.png,z16/19567_24248.png,0.0020418530950943,10.80078125,0.0,0.350885808467865,False,False,False,16,19567,24248,amherst_ma
z16/19567_24249.png,z16/19567_24249.png,0.0085454692443211,64.0,0.034332275390625,0.3483303785324096,False,False,False,16,19567,24249,amherst_ma
z16/19567_24250.png,z16/19567_24250.png,0.0102336287498474,45.5,0.0028076171875,0.3490194380283355,False,False,False,16,19567,24250,amherst_ma
z16/19567_24251.png,z16/19567_24251.png,0.0077247361342112,56.8994140625,0.02911376953125,0.339839369058609,False,False,False,16,19567,24251,amherst_ma
z16/19567_24252.png,z16/19567_24252.png,0.018063328663508,189.7998046875,0.0146942138671875,0.3374097049236297,False,False,False,16,19567,24252,amherst_ma
z16/19567_24253.png,z16/19567_24253.png,0.0181232392787933,138.400390625,0.003875732421875,0.3358300328254699,False,False,False,16,19567,24253,amherst_ma
z16/19567_24254.png,z16/19567_24254.png,0.0168145100275675,100.7998046875,0.0299835205078125,0.3373674750328064,False,False,False,16,19567,24254,amherst_ma
z16/19567_24255.png,z16/19567_24255.png,0.0095642954111099,61.30078125,0.0206146240234375,0.3444792330265045,False,False,False,16,19567,24255,amherst_ma
z16/19567_24256.png,z16/19567_24256.png,0.0092830210924148,51.2001953125,0.00946044921875,0.3418393135070801,False,False,False,16,19567,24256,amherst_ma
z16/19567_24257.png,z16/19567_24257.png,0.0084784458080927,43.400390625,0.015716552734375,0.3455346226692199,False,False,False,16,19567,24257,amherst_ma
z16/19567_24258.png,z16/19567_24258.png,0.0079780479272206,28.8994140625,0.0,0.3442060351371765,False,False,False,16,19567,24258,amherst_ma
z16/19567_24259.png,z16/19567_24259.png,0.0063108265399932,13.400390625,0.0472564697265625,0.3482864797115326,False,False,False,16,19567,24259,amherst_ma
z16/19567_24260.png,z16/19567_24260.png,0.0029662917057673,11.7998046875,0.0,0.350184679031372,False,False,False,16,19567,24260,amherst_ma
z16/19567_24261.png,z16/19567_24261.png,0.007527623573939,31.599609375,0.0124359130859375,0.3467725813388824,False,False,False,16,19567,24261,amherst_ma
z16/19567_24262.png,z16/19567_24262.png,0.0071152110894521,26.7001953125,0.0074615478515625,0.3487637042999267,False,False,False,16,19567,24262,amherst_ma
z16/19567_24263.png,z16/19567_24263.png,0.0051430682341257,27.599609375,0.0234375,0.3480007648468017,False,False,False,16,19567,24263,amherst_ma
z16/19567_24264.png,z16/19567_24264.png,0.0046303470929463,27.7998046875,0.0,0.3473136723041534,False,False,False,16,19567,24264,amherst_ma
z16/19567_24265.png,z16/19567_24265.png,0.002736664066712,10.5,0.0,0.3440820574760437,False,False,False,16,19567,24265,amherst_ma
z16/19567_24266.png,z16/19567_24266.png,0.0026235654950141,10.2001953125,0.0,0.3536728322505951,False,False,False,16,19567,24266,amherst_ma
z16/19567_24267.png,z16/19567_24267.png,0.0066685035824775,32.400390625,0.0,0.3471508920192718,False,False,False,16,19567,24267,amherst_ma
z16/19567_24268.png,z16/19567_24268.png,0.00478479017814,34.6005859375,0.002349853515625,0.3465913534164428,False,False,False,16,19567,24268,amherst_ma
z16/19567_24269.png,z16/19567_24269.png,0.0033704434831937,26.099609375,0.0052032470703125,0.3555057644844055,False,False,False,16,19567,24269,amherst_ma
z16/19567_24270.png,z16/19567_24270.png,0.0023761582871278,18.7998046875,0.0048828125,0.3594198822975158,False,False,False,16,19567,24270,amherst_ma
z16/19567_24271.png,z16/19567_24271.png,0.0020886788765589,4.6005859375,0.0,0.3427438139915466,False,False,False,16,19567,24271,amherst_ma
z16/19568_24200.png,z16/19568_24200.png,0.0080430001020431,64.30078125,0.0085601806640625,0.350271463394165,False,False,False,16,19568,24200,amherst_ma
z16/19568_24201.png,z16/19568_24201.png,0.0140279004971186,48.3994140625,0.0173492431640625,0.3431982398033142,False,False,False,16,19568,24201,amherst_ma
z16/19568_24202.png,z16/19568_24202.png,0.0088878413041432,151.0,0.0038909912109375,0.3407208025455475,False,False,False,16,19568,24202,amherst_ma
z16/19568_24203.png,z16/19568_24203.png,0.0144024819135665,87.400390625,0.00311279296875,0.3371167778968811,False,False,False,16,19568,24203,amherst_ma
z16/19568_24204.png,z16/19568_24204.png,0.0158196657896041,86.0,0.024261474609375,0.3427934050559997,False,False,False,16,19568,24204,amherst_ma
z16/19568_24205.png,z16/19568_24205.png,0.0080865800380706,74.0,0.0644683837890625,0.3397372663021087,False,False,False,16,19568,24205,amherst_ma
z16/19568_24206.png,z16/19568_24206.png,0.0105460216601689,55.2998046875,0.000701904296875,0.3398921191692352,False,False,False,16,19568,24206,amherst_ma
z16/19568_24207.png,z16/19568_24207.png,0.0148404568433761,108.80078125,0.0272979736328125,0.3380181491374969,False,False,False,16,19568,24207,amherst_ma
z16/19568_24208.png,z16/19568_24208.png,0.0088816245396931,37.099609375,0.0057220458984375,0.3431641757488251,False,False,False,16,19568,24208,amherst_ma
z16/19568_24209.png,z16/19568_24209.png,0.0134688834349314,75.7998046875,0.031585693359375,0.3417438268661499,False,False,False,16,19568,24209,amherst_ma
z16/19568_24210.png,z16/19568_24210.png,0.012911166747411,91.30078125,0.0034027099609375,0.3412544727325439,False,False,False,16,19568,24210,amherst_ma
z16/19568_24211.png,z16/19568_24211.png,0.0154616296291351,134.3994140625,0.0247802734375,0.3421737551689148,False,False,False,16,19568,24211,amherst_ma
z16/19568_24212.png,z16/19568_24212.png,0.0145790050427118,87.2998046875,0.0302734375,0.3509215414524078,False,False,False,16,19568,24212,amherst_ma
z16/19568_24213.png,z16/19568_24213.png,0.005985381702582,32.400390625,0.00537109375,0.3518693447113037,False,False,False,16,19568,24213,amherst_ma
z16/19568_24214.png,z16/19568_24214.png,0.004717839260896,12.2998046875,0.0,0.3516048491001129,False,False,False,16,19568,24214,amherst_ma
z16/19568_24215.png,z16/19568_24215.png,0.014302318294843,45.3994140625,0.0,0.3468976020812988,False,False,False,16,19568,24215,amherst_ma
z16/19568_24216.png,z16/19568_24216.png,0.0050900558630625,22.8994140625,0.0,0.34320729970932,False,False,False,16,19568,24216,amherst_ma
z16/19568_24217.png,z16/19568_24217.png,0.0088417321443557,40.2001953125,0.0671844482421875,0.3428846895694732,False,False,False,16,19568,24217,amherst_ma
z16/19568_24218.png,z16/19568_24218.png,0.0078267703453699,50.7998046875,0.016845703125,0.3435539007186889,False,False,False,16,19568,24218,amherst_ma
z16/19568_24219.png,z16/19568_24219.png,0.0063448697328567,46.19921875,0.0116729736328125,0.3457407653331756,False,False,False,16,19568,24219,amherst_ma
z16/19568_24220.png,z16/19568_24220.png,0.0075552011529604,36.900390625,0.04718017578125,0.3455369472503662,False,False,False,16,19568,24220,amherst_ma
z16/19568_24221.png,z16/19568_24221.png,0.0063953692714373,28.599609375,0.0023956298828125,0.3447269797325134,False,False,False,16,19568,24221,amherst_ma
z16/19568_24222.png,z16/19568_24222.png,0.0073921248316764,31.7998046875,0.0228271484375,0.34409299492836,False,False,False,16,19568,24222,amherst_ma
z16/19568_24223.png,z16/19568_24223.png,0.0083699146906534,55.5,0.0252838134765625,0.3445762991905212,False,False,False,16,19568,24223,amherst_ma
z16/19568_24224.png,z16/19568_24224.png,0.0098430186510086,38.7001953125,0.007080078125,0.3412562310695648,False,False,False,16,19568,24224,amherst_ma
z16/19568_24225.png,z16/19568_24225.png,0.0119844992955525,47.099609375,0.0052642822265625,0.3401862978935241,False,False,False,16,19568,24225,amherst_ma
z16/19568_24226.png,z16/19568_24226.png,0.0074545741081237,36.2998046875,0.00347900390625,0.3399731814861297,False,False,False,16,19568,24226,amherst_ma
z16/19568_24227.png,z16/19568_24227.png,0.00632786154747,28.30078125,0.0,0.3462472259998321,False,False,False,16,19568,24227,amherst_ma
z16/19568_24228.png,z16/19568_24228.png,0.0048591405153274,24.7998046875,0.0,0.3432485163211822,False,False,False,16,19568,24228,amherst_ma
z16/19568_24229.png,z16/19568_24229.png,0.004530527194341,28.400390625,0.0,0.3399736881256103,False,False,False,16,19568,24229,amherst_ma
z16/19568_24230.png,z16/19568_24230.png,0.0039369401832421,37.099609375,0.0065155029296875,0.343195229768753,False,False,False,16,19568,24230,amherst_ma
z16/19568_24231.png,z16/19568_24231.png,0.0063171287377675,52.5,0.00213623046875,0.342355728149414,False,False,False,16,19568,24231,amherst_ma
z16/19568_24232.png,z16/19568_24232.png,0.0044383317232131,36.0,0.001312255859375,0.3422639369964599,False,False,False,16,19568,24232,amherst_ma
z16/19568_24233.png,z16/19568_24233.png,0.0057389403382937,40.400390625,0.0074462890625,0.3417408466339111,False,False,False,16,19568,24233,amherst_ma
z16/19568_24234.png,z16/19568_24234.png,0.0042530799905459,39.2001953125,0.00146484375,0.3450866043567657,False,False,False,16,19568,24234,amherst_ma
z16/19568_24235.png,z16/19568_24235.png,0.0045183683435122,28.900390625,0.029052734375,0.3453749120235443,False,False,False,16,19568,24235,amherst_ma
z16/19568_24236.png,z16/19568_24236.png,0.0020351431022087,11.19921875,0.0,0.3450600206851959,False,False,False,16,19568,24236,amherst_ma
z16/19568_24237.png,z16/19568_24237.png,0.0022923861940701,14.1005859375,0.0,0.345656156539917,False,False,False,16,19568,24237,amherst_ma
z16/19568_24238.png,z16/19568_24238.png,0.0045328517754872,29.6005859375,0.003509521484375,0.3459356129169464,False,False,False,16,19568,24238,amherst_ma
z16/19568_24239.png,z16/19568_24239.png,0.0073834051688512,32.7998046875,0.0,0.3470757007598877,False,False,False,16,19568,24239,amherst_ma
z16/19568_24240.png,z16/19568_24240.png,0.0031727934877077,24.6005859375,0.0031585693359375,0.3478713631629944,False,False,False,16,19568,24240,amherst_ma
z16/19568_24241.png,z16/19568_24241.png,0.0035405673086643,17.0,0.0,0.3467057347297668,False,False,False,16,19568,24241,amherst_ma
z16/19568_24242.png,z16/19568_24242.png,0.0041129631300767,36.400390625,0.002593994140625,0.3447582125663757,False,False,False,16,19568,24242,amherst_ma
z16/19568_24243.png,z16/19568_24243.png,0.0062647859255472,28.5,0.00103759765625,0.3491043150424957,False,False,False,16,19568,24243,amherst_ma
z16/19568_24244.png,z16/19568_24244.png,0.0047836105028788,27.8994140625,0.01031494140625,0.3494771718978882,False,False,False,16,19568,24244,amherst_ma
z16/19568_24245.png,z16/19568_24245.png,0.0033391865591208,18.69921875,0.0,0.3467153310775757,False,False,False,16,19568,24245,amherst_ma
z16/19568_24246.png,z16/19568_24246.png,0.0035623277227083,27.2998046875,0.0,0.3465377688407898,False,False,False,16,19568,24246,amherst_ma
z16/19568_24247.png,z16/19568_24247.png,0.0052626068393389,29.7998046875,0.0,0.3538847863674164,False,False,False,16,19568,24247,amherst_ma
z16/19568_24248.png,z16/19568_24248.png,0.0025321828822294,18.7998046875,0.0,0.3487341403961181,False,False,False,16,19568,24248,amherst_ma
z16/19568_24249.png,z16/19568_24249.png,0.0047643154859542,43.1005859375,0.018280029296875,0.3540800213813782,False,False,False,16,19568,24249,amherst_ma
z16/19568_24250.png,z16/19568_24250.png,0.0075417752067248,44.400390625,0.001068115234375,0.3505936861038208,False,False,False,16,19568,24250,amherst_ma
z16/19568_24251.png,z16/19568_24251.png,0.0076494008302688,69.2998046875,0.0494232177734375,0.3435450494289398,False,False,False,16,19568,24251,amherst_ma
z16/19568_24252.png,z16/19568_24252.png,0.0161271343628565,152.80078125,0.003204345703125,0.335218220949173,False,False,False,16,19568,24252,amherst_ma
z16/19568_24253.png,z16/19568_24253.png,0.0214118520418802,153.0,0.056243896484375,0.336468756198883,False,False,False,16,19568,24253,amherst_ma
z16/19568_24254.png,z16/19568_24254.png,0.0122115512688954,82.0,0.0073394775390625,0.3363908529281616,False,False,False,16,19568,24254,amherst_ma
z16/19568_24255.png,z16/19568_24255.png,0.0090756853421529,50.400390625,0.000640869140625,0.3364711999893188,False,False,False,16,19568,24255,amherst_ma
z16/19568_24256.png,z16/19568_24256.png,0.0076371024052302,63.400390625,0.0238800048828125,0.3407976627349853,False,False,False,16,19568,24256,amherst_ma
z16/19568_24257.png,z16/19568_24257.png,0.0081304346521695,47.7001953125,0.0103912353515625,0.3443045020103454,False,False,False,16,19568,24257,amherst_ma
z16/19568_24258.png,z16/19568_24258.png,0.0075650682051976,42.1005859375,0.018707275390625,0.3492629826068878,False,False,False,16,19568,24258,amherst_ma
z16/19568_24259.png,z16/19568_24259.png,0.0063916698098182,17.7998046875,0.0,0.3536785840988159,False,False,False,16,19568,24259,amherst_ma
z16/19568_24260.png,z16/19568_24260.png,0.0036755735675493,8.7998046875,0.0,0.3483863472938537,False,False,False,16,19568,24260,amherst_ma
z16/19568_24261.png,z16/19568_24261.png,0.003290485839049,9.7998046875,0.0,0.3492322564125061,False,False,False,16,19568,24261,amherst_ma
z16/19568_24262.png,z16/19568_24262.png,0.0043067534764607,11.19921875,0.0,0.3483639359474182,False,False,False,16,19568,24262,amherst_ma
z16/19568_24263.png,z16/19568_24263.png,0.0032579476634661,12.900390625,0.0,0.3445828557014465,False,False,False,16,19568,24263,amherst_ma
z16/19568_24264.png,z16/19568_24264.png,0.0038562431931495,15.2001953125,0.0,0.3505453467369079,False,False,False,16,19568,24264,amherst_ma
z16/19568_24265.png,z16/19568_24265.png,0.007292420665423,30.599609375,0.010345458984375,0.3503187894821167,False,False,False,16,19568,24265,amherst_ma
z16/19568_24266.png,z16/19568_24266.png,0.006042993068695,32.2001953125,0.0134124755859375,0.3467935919761657,False,False,False,16,19568,24266,amherst_ma
z16/19568_24267.png,z16/19568_24267.png,0.0063801601529121,29.80078125,0.03497314453125,0.3409111797809601,False,False,False,16,19568,24267,amherst_ma
z16/19568_24268.png,z16/19568_24268.png,0.0051878482103347,22.2001953125,0.002288818359375,0.3399470746517181,False,False,False,16,19568,24268,amherst_ma
z16/19568_24269.png,z16/19568_24269.png,0.0035945939520994,24.5,0.0070037841796875,0.3453837931156158,False,False,False,16,19568,24269,amherst_ma
z16/19568_24270.png,z16/19568_24270.png,0.0027789962788422,17.900390625,0.0189971923828125,0.3574147224426269,False,False,False,16,19568,24270,amherst_ma
z16/19568_24271.png,z16/19568_24271.png,0.0068104361494382,25.30078125,0.0,0.3428875803947449,False,False,False,16,19568,24271,amherst_ma
z16/19569_24200.png,z16/19569_24200.png,0.0058915451169013,78.19921875,0.0052337646484375,0.3447994291782379,False,False,False,16,19569,24200,amherst_ma
z16/19569_24201.png,z16/19569_24201.png,0.0068037554621696,108.599609375,0.0236968994140625,0.3439660668373108,False,False,False,16,19569,24201,amherst_ma
z16/19569_24202.png,z16/19569_24202.png,0.0146468410889307,87.2998046875,0.010009765625,0.3445599377155304,False,False,False,16,19569,24202,amherst_ma
z16/19569_24203.png,z16/19569_24203.png,0.0084329615036646,83.7001953125,0.0558929443359375,0.3419800996780395,False,False,False,16,19569,24203,amherst_ma
z16/19569_24204.png,z16/19569_24204.png,0.0045379315813382,30.7998046875,0.0145111083984375,0.3478176891803741,False,False,False,16,19569,24204,amherst_ma
z16/19569_24205.png,z16/19569_24205.png,0.0083271354436874,66.599609375,0.02801513671875,0.3423857092857361,False,False,False,16,19569,24205,amherst_ma
z16/19569_24206.png,z16/19569_24206.png,0.0117728859186172,67.2001953125,0.001190185546875,0.3449572920799255,False,False,False,16,19569,24206,amherst_ma
z16/19569_24207.png,z16/19569_24207.png,0.0089329222838083,60.5,0.0074005126953125,0.3400319814682007,False,False,False,16,19569,24207,amherst_ma
z16/19569_24208.png,z16/19569_24208.png,0.0130184084177017,62.0,0.0081329345703125,0.3390337526798248,False,False,False,16,19569,24208,amherst_ma
z16/19569_24209.png,z16/19569_24209.png,0.0121247728665669,46.7001953125,0.0091094970703125,0.344025194644928,False,False,False,16,19569,24209,amherst_ma
z16/19569_24210.png,z16/19569_24210.png,0.0114784806966781,102.5,0.0454559326171875,0.3403092324733734,False,False,False,16,19569,24210,amherst_ma
z16/19569_24211.png,z16/19569_24211.png,0.0130195170640945,111.099609375,0.0418701171875,0.3402016460895538,False,False,False,16,19569,24211,amherst_ma
z16/19569_24212.png,z16/19569_24212.png,0.0125523209571838,86.80078125,0.0070343017578125,0.3457803130149841,False,False,False,16,19569,24212,amherst_ma
z16/19569_24213.png,z16/19569_24213.png,0.0072694286704063,27.099609375,0.00543212890625,0.3514223396778106,False,False,False,16,19569,24213,amherst_ma
z16/19569_24214.png,z16/19569_24214.png,0.0070073172450065,27.2998046875,0.01397705078125,0.3530025482177734,False,False,False,16,19569,24214,amherst_ma
z16/19569_24215.png,z16/19569_24215.png,0.008305113017559,31.69921875,0.0179595947265625,0.3462603092193603,False,False,False,16,19569,24215,amherst_ma
z16/19569_24216.png,z16/19569_24216.png,0.0061995084087053,19.7001953125,0.0,0.3429495692253113,False,False,False,16,19569,24216,amherst_ma
z16/19569_24217.png,z16/19569_24217.png,0.0083710730075836,33.7998046875,0.0465850830078125,0.3423081338405609,False,False,False,16,19569,24217,amherst_ma
z16/19569_24218.png,z16/19569_24218.png,0.0088532010714213,41.19921875,0.001068115234375,0.3493791222572326,False,False,False,16,19569,24218,amherst_ma
z16/19569_24219.png,z16/19569_24219.png,0.0072934528191884,41.400390625,0.0037078857421875,0.3484747111797333,False,False,False,16,19569,24219,amherst_ma
z16/19569_24220.png,z16/19569_24220.png,0.0057770465811093,36.900390625,0.009429931640625,0.3480251133441925,False,False,False,16,19569,24220,amherst_ma
z16/19569_24221.png,z16/19569_24221.png,0.0066861808300018,40.1005859375,0.044464111328125,0.3495153486728668,False,False,False,16,19569,24221,amherst_ma
z16/19569_24222.png,z16/19569_24222.png,0.0077847282091776,42.6005859375,0.016632080078125,0.3467244207859039,False,False,False,16,19569,24222,amherst_ma
z16/19569_24223.png,z16/19569_24223.png,0.0095057805379231,45.5,0.016143798828125,0.3427099883556366,False,False,False,16,19569,24223,amherst_ma
z16/19569_24224.png,z16/19569_24224.png,0.0069461221496264,57.400390625,0.0265960693359375,0.3445503711700439,False,False,False,16,19569,24224,amherst_ma
z16/19569_24225.png,z16/19569_24225.png,0.0077484741806983,34.7998046875,0.0022125244140625,0.3400196433067322,False,False,False,16,19569,24225,amherst_ma
z16/19569_24226.png,z16/19569_24226.png,0.0075018356243769,46.099609375,0.012298583984375,0.3368479013442993,False,False,False,16,19569,24226,amherst_ma
z16/19569_24227.png,z16/19569_24227.png,0.0066752895712852,52.8994140625,0.0274200439453125,0.3400446474552154,False,False,False,16,19569,24227,amherst_ma
z16/19569_24228.png,z16/19569_24228.png,0.0068632836143175,29.3994140625,0.0,0.3453051447868347,False,False,False,16,19569,24228,amherst_ma
z16/19569_24229.png,z16/19569_24229.png,0.006439766784509,25.099609375,0.0140838623046875,0.3465617895126343,False,False,False,16,19569,24229,amherst_ma
z16/19569_24230.png,z16/19569_24230.png,0.006645160416762,16.0,0.0,0.3398069143295288,False,False,False,16,19569,24230,amherst_ma
z16/19569_24231.png,z16/19569_24231.png,0.0039480725924173,19.3994140625,0.0,0.3411656320095062,False,False,False,16,19569,24231,amherst_ma
z16/19569_24232.png,z16/19569_24232.png,0.0035665611426035,23.0,0.0,0.3493627309799194,False,False,False,16,19569,24232,amherst_ma
z16/19569_24233.png,z16/19569_24233.png,0.0078232040007909,34.6005859375,0.0107574462890625,0.3464308977127075,False,False,False,16,19569,24233,amherst_ma
z16/19569_24234.png,z16/19569_24234.png,0.0043081964055697,23.900390625,0.0472412109375,0.348143607378006,False,False,False,16,19569,24234,amherst_ma
z16/19569_24235.png,z16/19569_24235.png,0.0021367957194646,11.3994140625,0.0,0.3469834625720978,False,False,False,16,19569,24235,amherst_ma
z16/19569_24236.png,z16/19569_24236.png,0.0017297028253475,5.2001953125,0.0,0.3475254476070404,False,False,False,16,19569,24236,amherst_ma
z16/19569_24237.png,z16/19569_24237.png,0.0018803560485442,5.2998046875,0.0,0.348177045583725,False,False,False,16,19569,24237,amherst_ma
z16/19569_24238.png,z16/19569_24238.png,0.0024343845744927,9.099609375,0.0,0.3459086418151855,False,False,False,16,19569,24238,amherst_ma
z16/19569_24239.png,z16/19569_24239.png,0.0029273909827073,8.5,0.0,0.3452441394329071,False,False,False,16,19569,24239,amherst_ma
z16/19569_24240.png,z16/19569_24240.png,0.0032983680566151,15.7998046875,0.0,0.3397983014583587,False,False,False,16,19569,24240,amherst_ma
z16/19569_24241.png,z16/19569_24241.png,0.0040945616861184,18.7001953125,0.0,0.3505490720272064,False,False,False,16,19569,24241,amherst_ma
z16/19569_24242.png,z16/19569_24242.png,0.0036731220781803,16.2001953125,0.0,0.3597308099269867,False,False,False,16,19569,24242,amherst_ma
z16/19569_24243.png,z16/19569_24243.png,0.0029962586859862,17.2001953125,0.0,0.3630686402320862,False,False,False,16,19569,24243,amherst_ma
z16/19569_24244.png,z16/19569_24244.png,0.0031681858003139,21.2998046875,0.0404052734375,0.3571822941303253,False,False,False,16,19569,24244,amherst_ma
z16/19569_24245.png,z16/19569_24245.png,0.0030029053489367,16.599609375,0.0392303466796875,0.3621876239776611,False,False,False,16,19569,24245,amherst_ma
z16/19569_24246.png,z16/19569_24246.png,0.0051700681447982,46.2001953125,0.0198822021484375,0.3545109331607818,False,False,False,16,19569,24246,amherst_ma
z16/19569_24247.png,z16/19569_24247.png,0.0058955629666646,34.099609375,0.0430145263671875,0.3542689979076385,False,False,False,16,19569,24247,amherst_ma
z16/19569_24248.png,z16/19569_24248.png,0.0063278083999951,31.7001953125,0.032745361328125,0.3487712442874908,False,False,False,16,19569,24248,amherst_ma
z16/19569_24249.png,z16/19569_24249.png,0.0047590921322504,21.6005859375,0.0,0.3528869748115539,False,False,False,16,19569,24249,amherst_ma
z16/19569_24250.png,z16/19569_24250.png,0.0066046431660652,45.3994140625,0.0425872802734375,0.3484221696853637,False,False,False,16,19569,24250,amherst_ma
z16/19569_24251.png,z16/19569_24251.png,0.0088483860095342,60.6005859375,0.0060882568359375,0.3503698110580444,False,False,False,16,19569,24251,amherst_ma
z16/19569_24252.png,z16/19569_24252.png,0.0163069595893224,88.599609375,0.0413970947265625,0.336995780467987,False,False,False,16,19569,24252,amherst_ma
z16/19569_24253.png,z16/19569_24253.png,0.0130213509003321,67.2998046875,0.0413055419921875,0.3348801732063293,False,False,False,16,19569,24253,amherst_ma
z16/19569_24254.png,z16/19569_24254.png,0.0093077719211578,52.5,0.0366058349609375,0.3374359607696533,False,False,False,16,19569,24254,amherst_ma
z16/19569_24255.png,z16/19569_24255.png,0.0093529939651489,39.6005859375,0.0154876708984375,0.3419813215732574,False,False,False,16,19569,24255,amherst_ma
z16/19569_24256.png,z16/19569_24256.png,0.0091489791870117,48.2998046875,0.0343780517578125,0.3433152437210083,False,False,False,16,19569,24256,amherst_ma
z16/19569_24257.png,z16/19569_24257.png,0.0072324216365814,45.7001953125,0.0380706787109375,0.3489370346069336,False,False,False,16,19569,24257,amherst_ma
z16/19569_24258.png,z16/19569_24258.png,0.0087688654661178,40.8994140625,0.029205322265625,0.3533072173595428,False,False,False,16,19569,24258,amherst_ma
z16/19569_24259.png,z16/19569_24259.png,0.0084954937299092,21.0,0.0,0.3526598811149597,False,False,False,16,19569,24259,amherst_ma
z16/19569_24260.png,z16/19569_24260.png,0.0032974146306514,8.6005859375,0.0,0.3476823270320892,False,False,False,16,19569,24260,amherst_ma
z16/19569_24261.png,z16/19569_24261.png,0.0040649649997552,9.1005859375,0.0,0.3666997253894806,False,False,False,16,19569,24261,amherst_ma
z16/19569_24262.png,z16/19569_24262.png,0.0015231657773256,2.2001953125,0.0,0.3489280045032501,False,False,False,16,19569,24262,amherst_ma
z16/19569_24263.png,z16/19569_24263.png,0.0018591539313395,3.0,0.0,0.3490739464759826,False,False,False,16,19569,24263,amherst_ma
z16/19569_24264.png,z16/19569_24264.png,0.0052654152115186,19.599609375,0.0,0.3519795835018158,False,False,False,16,19569,24264,amherst_ma
z16/19569_24265.png,z16/19569_24265.png,0.0081340655684471,37.69921875,0.0261993408203125,0.3533038198947906,False,False,False,16,19569,24265,amherst_ma
z16/19569_24266.png,z16/19569_24266.png,0.0049656227231025,21.5,0.00457763671875,0.3472638428211212,False,False,False,16,19569,24266,amherst_ma
z16/19569_24267.png,z16/19569_24267.png,0.0043636014064153,14.1005859375,0.0,0.3420242667198181,False,False,False,16,19569,24267,amherst_ma
z16/19569_24268.png,z16/19569_24268.png,0.0031031722823778,11.7998046875,0.0,0.33629310131073,False,False,False,16,19569,24268,amherst_ma
z16/19569_24269.png,z16/19569_24269.png,0.0023666876057783,17.5,0.0059967041015625,0.3454614281654358,False,False,False,16,19569,24269,amherst_ma
z16/19569_24270.png,z16/19569_24270.png,0.0036525393525759,21.2998046875,0.0009307861328125,0.3532706201076507,False,False,False,16,19569,24270,amherst_ma
z16/19569_24271.png,z16/19569_24271.png,0.0033010383447011,27.2001953125,0.000335693359375,0.3514609336853027,False,False,False,16,19569,24271,amherst_ma
z16/19570_24200.png,z16/19570_24200.png,0.0096887906392415,57.7001953125,0.0064544677734375,0.345930814743042,False,False,False,16,19570,24200,amherst_ma
z16/19570_24201.png,z16/19570_24201.png,0.008515711625417,84.599609375,0.008392333984375,0.3448081016540527,False,False,False,16,19570,24201,amherst_ma
z16/19570_24202.png,z16/19570_24202.png,0.0072261462608973,59.099609375,0.0560760498046875,0.3405438661575317,False,False,False,16,19570,24202,amherst_ma
z16/19570_24203.png,z16/19570_24203.png,0.0079332063595453,53.7001953125,0.0567779541015625,0.3391411900520324,False,False,False,16,19570,24203,amherst_ma
z16/19570_24204.png,z16/19570_24204.png,0.0076844816406567,83.400390625,0.0314178466796875,0.3431950211524963,False,False,False,16,19570,24204,amherst_ma
z16/19570_24205.png,z16/19570_24205.png,0.0042329763372739,57.7998046875,0.0043487548828125,0.3466260433197021,False,False,False,16,19570,24205,amherst_ma
z16/19570_24206.png,z16/19570_24206.png,0.0045514603455861,47.099609375,0.0002288818359375,0.3434034585952759,False,False,False,16,19570,24206,amherst_ma
z16/19570_24207.png,z16/19570_24207.png,0.0060692330201466,34.6005859375,0.017364501953125,0.3439787030220032,False,False,False,16,19570,24207,amherst_ma
z16/19570_24208.png,z16/19570_24208.png,0.0072241892417271,51.099609375,0.0089874267578125,0.3470727503299713,False,False,False,16,19570,24208,amherst_ma
z16/19570_24209.png,z16/19570_24209.png,0.0110481739044189,62.400390625,0.0357666015625,0.343357115983963,False,False,False,16,19570,24209,amherst_ma
z16/19570_24210.png,z16/19570_24210.png,0.0085534234841664,39.5,0.0,0.3430971205234527,False,False,False,16,19570,24210,amherst_ma
z16/19570_24211.png,z16/19570_24211.png,0.0062271237373352,31.099609375,0.0183868408203125,0.3425164520740509,False,False,False,16,19570,24211,amherst_ma
z16/19570_24212.png,z16/19570_24212.png,0.0070718670884768,44.2001953125,0.027740478515625,0.3464744687080383,False,False,False,16,19570,24212,amherst_ma
z16/19570_24213.png,z16/19570_24213.png,0.0068605457743008,42.69921875,0.029632568359375,0.3477203845977783,False,False,False,16,19570,24213,amherst_ma
z16/19570_24214.png,z16/19570_24214.png,0.0069499527414639,34.099609375,0.00531005859375,0.3490886092185974,False,False,False,16,19570,24214,amherst_ma
z16/19570_24215.png,z16/19570_24215.png,0.0053949306408564,20.1005859375,0.0102386474609375,0.3465275168418884,False,False,False,16,19570,24215,amherst_ma
z16/19570_24216.png,z16/19570_24216.png,0.0066049774487813,30.5,0.0148773193359375,0.3458572924137115,False,False,False,16,19570,24216,amherst_ma
z16/19570_24217.png,z16/19570_24217.png,0.0092967927455902,57.5,0.0321502685546875,0.3446936011314392,False,False,False,16,19570,24217,amherst_ma
z16/19570_24218.png,z16/19570_24218.png,0.0062224566936492,55.30078125,0.040496826171875,0.3495475351810455,False,False,False,16,19570,24218,amherst_ma
z16/19570_24219.png,z16/19570_24219.png,0.0058841461936632,30.2001953125,0.0,0.3442736268043518,False,False,False,16,19570,24219,amherst_ma
z16/19570_24220.png,z16/19570_24220.png,0.004522268474102,26.6005859375,0.045623779296875,0.3473343551158905,False,False,False,16,19570,24220,amherst_ma
z16/19570_24221.png,z16/19570_24221.png,0.0047167350848515,25.7998046875,0.0008544921875,0.3494061827659607,False,False,False,16,19570,24221,amherst_ma
z16/19570_24222.png,z16/19570_24222.png,0.0119646191596984,41.0,0.02105712890625,0.3440902233123779,False,False,False,16,19570,24222,amherst_ma
z16/19570_24223.png,z16/19570_24223.png,0.0102839370568593,62.2001953125,0.0155029296875,0.3514780402183532,False,False,False,16,19570,24223,amherst_ma
z16/19570_24224.png,z16/19570_24224.png,0.0050210495789845,34.19921875,4.57763671875e-05,0.3423390984535217,False,False,False,16,19570,24224,amherst_ma
z16/19570_24225.png,z16/19570_24225.png,0.003211997449398,14.19921875,0.0,0.3424131274223327,False,False,False,16,19570,24225,amherst_ma
z16/19570_24226.png,z16/19570_24226.png,0.002938995261987,19.0,0.002105712890625,0.3403675258159637,False,False,False,16,19570,24226,amherst_ma
z16/19570_24227.png,z16/19570_24227.png,0.0071464012066523,40.0,6.103515625e-05,0.3473589420318603,False,False,False,16,19570,24227,amherst_ma
z16/19570_24228.png,z16/19570_24228.png,0.0062789450089136,52.2998046875,0.0182037353515625,0.3392592668533325,False,False,False,16,19570,24228,amherst_ma
z16/19570_24229.png,z16/19570_24229.png,0.0082387154301007,35.7998046875,0.0043182373046875,0.3420957326889038,False,False,False,16,19570,24229,amherst_ma
z16/19570_24230.png,z16/19570_24230.png,0.0058878690004348,23.2001953125,0.0,0.3440051078796386,False,False,False,16,19570,24230,amherst_ma
z16/19570_24231.png,z16/19570_24231.png,0.0028724347551663,12.7001953125,0.0,0.3434129357337951,False,False,False,16,19570,24231,amherst_ma
z16/19570_24232.png,z16/19570_24232.png,0.0038414905468622,25.900390625,0.0,0.352815568447113,False,False,False,16,19570,24232,amherst_ma
z16/19570_24233.png,z16/19570_24233.png,0.003366067012151,21.6005859375,0.0,0.3415313959121704,False,False,False,16,19570,24233,amherst_ma
z16/19570_24234.png,z16/19570_24234.png,0.003447946657737,17.099609375,0.0,0.3610792756080627,False,False,False,16,19570,24234,amherst_ma
z16/19570_24235.png,z16/19570_24235.png,0.0022424700359503,8.7001953125,0.0,0.3502512872219085,False,False,False,16,19570,24235,amherst_ma
z16/19570_24236.png,z16/19570_24236.png,0.0023125144342581,6.7001953125,0.0,0.3455561399459839,False,False,False,16,19570,24236,amherst_ma
z16/19570_24237.png,z16/19570_24237.png,0.0017138400425513,3.6005859375,0.0,0.3457325100898742,False,False,False,16,19570,24237,amherst_ma
z16/19570_24238.png,z16/19570_24238.png,0.0013044948379198,1.6005859375,0.0,0.3448280692100525,False,False,False,16,19570,24238,amherst_ma
z16/19570_24239.png,z16/19570_24239.png,0.0023327387869358,3.900390625,0.0,0.3427321016788482,False,False,False,16,19570,24239,amherst_ma
z16/19570_24240.png,z16/19570_24240.png,0.0026464936633904,5.2001953125,0.0,0.3430773913860321,False,False,False,16,19570,24240,amherst_ma
z16/19570_24241.png,z16/19570_24241.png,0.0040105886757373,6.599609375,0.0,0.3397400975227356,False,False,False,16,19570,24241,amherst_ma
z16/19570_24242.png,z16/19570_24242.png,0.0018493401507536,5.1005859375,0.0,0.3460574448108673,False,False,False,16,19570,24242,amherst_ma
z16/19570_24243.png,z16/19570_24243.png,0.0015122144172588,2.5,0.0,0.3468608260154724,False,False,False,16,19570,24243,amherst_ma
z16/19570_24244.png,z16/19570_24244.png,0.0017224621027708,2.80078125,0.0,0.3453305065631866,False,False,False,16,19570,24244,amherst_ma
z16/19570_24245.png,z16/19570_24245.png,0.0018105323115984,5.099609375,0.0,0.3541366755962372,False,False,False,16,19570,24245,amherst_ma
z16/19570_24246.png,z16/19570_24246.png,0.003686132778724,21.0,0.0,0.3460738360881805,False,False,False,16,19570,24246,amherst_ma
z16/19570_24247.png,z16/19570_24247.png,0.0035182860990365,30.599609375,0.0389862060546875,0.3513876795768738,False,False,False,16,19570,24247,amherst_ma
z16/19570_24248.png,z16/19570_24248.png,0.0035794911285241,27.599609375,0.0158233642578125,0.3569194972515106,False,False,False,16,19570,24248,amherst_ma
z16/19570_24249.png,z16/19570_24249.png,0.0033890932798385,20.099609375,0.0106048583984375,0.3498690128326416,False,False,False,16,19570,24249,amherst_ma
z16/19570_24250.png,z16/19570_24250.png,0.0068645323316256,48.400390625,0.0123291015625,0.3469431102275848,False,False,False,16,19570,24250,amherst_ma
z16/19570_24251.png,z16/19570_24251.png,0.0148057957490285,64.900390625,0.0244598388671875,0.3461534082889557,False,False,False,16,19570,24251,amherst_ma
z16/19570_24252.png,z16/19570_24252.png,0.0133554448684056,118.7998046875,0.0054779052734375,0.3364917337894439,False,False,False,16,19570,24252,amherst_ma
z16/19570_24253.png,z16/19570_24253.png,0.0140144040187199,84.5,0.003082275390625,0.3354946970939636,False,False,False,16,19570,24253,amherst_ma
z16/19570_24254.png,z16/19570_24254.png,0.0121962974468866,90.5,0.0041046142578125,0.3355785608291626,False,False,False,16,19570,24254,amherst_ma
z16/19570_24255.png,z16/19570_24255.png,0.0104519168535868,76.8994140625,0.0184478759765625,0.3353317677974701,False,False,False,16,19570,24255,amherst_ma
z16/19570_24256.png,z16/19570_24256.png,0.0105174779891967,57.6005859375,0.0360260009765625,0.3452143967151642,False,False,False,16,19570,24256,amherst_ma
z16/19570_24257.png,z16/19570_24257.png,0.0108476589123408,59.7001953125,0.02728271484375,0.3485529124736786,False,False,False,16,19570,24257,amherst_ma
z16/19570_24258.png,z16/19570_24258.png,0.0087573826313018,40.3994140625,0.017791748046875,0.3538387715816498,False,False,False,16,19570,24258,amherst_ma
z16/19570_24259.png,z16/19570_24259.png,0.0030178502202033,12.599609375,0.0,0.3508480787277221,False,False,False,16,19570,24259,amherst_ma
z16/19570_24260.png,z16/19570_24260.png,0.0031525718669096,8.099609375,0.0,0.3484659194946289,False,False,False,16,19570,24260,amherst_ma
z16/19570_24261.png,z16/19570_24261.png,0.0020701271792252,4.900390625,0.0,0.3499108552932739,False,False,False,16,19570,24261,amherst_ma
z16/19570_24262.png,z16/19570_24262.png,0.0017634353290001,4.2001953125,0.0,0.346901535987854,False,False,False,16,19570,24262,amherst_ma
z16/19570_24263.png,z16/19570_24263.png,0.0016042546679576,3.5,0.0,0.3438767492771148,False,False,False,16,19570,24263,amherst_ma
z16/19570_24264.png,z16/19570_24264.png,0.0049725761016209,20.3994140625,0.0,0.3439504206180572,False,False,False,16,19570,24264,amherst_ma
z16/19570_24265.png,z16/19570_24265.png,0.0062376206119855,41.5,0.053985595703125,0.3403948545455932,False,False,False,16,19570,24265,amherst_ma
z16/19570_24266.png,z16/19570_24266.png,0.0069739376505215,37.900390625,0.0235137939453125,0.338839590549469,False,False,False,16,19570,24266,amherst_ma
z16/19570_24267.png,z16/19570_24267.png,0.0059640462199846,38.2001953125,0.032501220703125,0.3406557440757751,False,False,False,16,19570,24267,amherst_ma
z16/19570_24268.png,z16/19570_24268.png,0.0044728105266888,23.400390625,0.009185791015625,0.3363627195358276,False,False,False,16,19570,24268,amherst_ma
z16/19570_24269.png,z16/19570_24269.png,0.0027559156219164,19.5,0.035369873046875,0.3407295644283294,False,False,False,16,19570,24269,amherst_ma
z16/19570_24270.png,z16/19570_24270.png,0.0024456953008969,13.5,0.0,0.3448261320590973,False,False,False,16,19570,24270,amherst_ma
z16/19570_24271.png,z16/19570_24271.png,0.0026964105665683,14.8994140625,0.0,0.3440155982971191,False,False,False,16,19570,24271,amherst_ma
z16/19571_24200.png,z16/19571_24200.png,0.0067874411741892,55.2998046875,0.0157470703125,0.3418701291084289,False,False,False,16,19571,24200,amherst_ma
z16/19571_24201.png,z16/19571_24201.png,0.0065953031182289,61.099609375,0.0035552978515625,0.3444277644157409,False,False,False,16,19571,24201,amherst_ma
z16/19571_24202.png,z16/19571_24202.png,0.009496995806694,67.7001953125,0.0089263916015625,0.3455740809440613,False,False,False,16,19571,24202,amherst_ma
z16/19571_24203.png,z16/19571_24203.png,0.0074456378817558,46.599609375,0.0349884033203125,0.34315025806427,False,False,False,16,19571,24203,amherst_ma
z16/19571_24204.png,z16/19571_24204.png,0.0096982876459757,115.1005859375,0.0395660400390625,0.3411600589752197,False,False,False,16,19571,24204,amherst_ma
z16/19571_24205.png,z16/19571_24205.png,0.007432243724664,48.30078125,0.016387939453125,0.3432068228721618,False,False,False,16,19571,24205,amherst_ma
z16/19571_24206.png,z16/19571_24206.png,0.0044845089316368,32.400390625,0.0001068115234375,0.3465014398097992,False,False,False,16,19571,24206,amherst_ma
z16/19571_24207.png,z16/19571_24207.png,0.0047853151957194,41.400390625,0.003204345703125,0.3426205813884735,False,False,False,16,19571,24207,amherst_ma
z16/19571_24208.png,z16/19571_24208.png,0.006202212969462,57.5,0.0034027099609375,0.348024845123291,False,False,False,16,19571,24208,amherst_ma
z16/19571_24209.png,z16/19571_24209.png,0.0169112602869669,82.7998046875,0.0064849853515625,0.3472402393817901,False,False,False,16,19571,24209,amherst_ma
z16/19571_24210.png,z16/19571_24210.png,0.0080118710796038,124.7998046875,0.0430755615234375,0.3413995504379272,False,False,False,16,19571,24210,amherst_ma
z16/19571_24211.png,z16/19571_24211.png,0.0089328656593958,151.400390625,0.0271759033203125,0.3370124995708465,False,False,False,16,19571,24211,amherst_ma
z16/19571_24212.png,z16/19571_24212.png,0.0103579739729563,98.6005859375,0.0186004638671875,0.3416460454463959,False,False,False,16,19571,24212,amherst_ma
z16/19571_24213.png,z16/19571_24213.png,0.0112419486045837,76.2998046875,0.003875732421875,0.3411993980407715,False,False,False,16,19571,24213,amherst_ma
z16/19571_24214.png,z16/19571_24214.png,0.0096532116333643,96.7998046875,0.0277099609375,0.343435138463974,False,False,False,16,19571,24214,amherst_ma
z16/19571_24215.png,z16/19571_24215.png,0.0087195227543512,91.7001953125,0.0460968017578125,0.3425577282905578,False,False,False,16,19571,24215,amherst_ma
z16/19571_24216.png,z16/19571_24216.png,0.0067061409354209,74.7998046875,0.006378173828125,0.3420909941196441,False,False,False,16,19571,24216,amherst_ma
z16/19571_24217.png,z16/19571_24217.png,0.0058321893215179,39.5,0.0131988525390625,0.3443420827388763,False,False,False,16,19571,24217,amherst_ma
z16/19571_24218.png,z16/19571_24218.png,0.0063122992714246,24.7001953125,0.0,0.3484711647033691,False,False,False,16,19571,24218,amherst_ma
z16/19571_24219.png,z16/19571_24219.png,0.0018634241074323,6.599609375,0.0,0.3486562669277191,False,False,False,16,19571,24219,amherst_ma
z16/19571_24220.png,z16/19571_24220.png,0.0039117525021235,12.5,0.0,0.3425431847572326,False,False,False,16,19571,24220,amherst_ma
z16/19571_24221.png,z16/19571_24221.png,0.0076616729299227,19.5,0.0,0.3455041944980621,False,False,False,16,19571,24221,amherst_ma
z16/19571_24222.png,z16/19571_24222.png,0.0107608517011006,42.30078125,0.033538818359375,0.341895192861557,False,False,False,16,19571,24222,amherst_ma
z16/19571_24223.png,z16/19571_24223.png,0.0074094429612159,42.7998046875,0.0,0.3453951478004455,False,False,False,16,19571,24223,amherst_ma
z16/19571_24224.png,z16/19571_24224.png,0.0070277531941731,39.400390625,0.013916015625,0.3443443775177002,False,False,False,16,19571,24224,amherst_ma
z16/19571_24225.png,z16/19571_24225.png,0.0046365797519683,21.5,0.0,0.34033203125,False,False,False,16,19571,24225,amherst_ma
z16/19571_24226.png,z16/19571_24226.png,0.0028570738931496,22.2001953125,0.0045928955078125,0.3378280997276306,False,False,False,16,19571,24226,amherst_ma
z16/19571_24227.png,z16/19571_24227.png,0.0050500055154164,24.2998046875,0.0,0.3393617570400238,False,False,False,16,19571,24227,amherst_ma
z16/19571_24228.png,z16/19571_24228.png,0.0046552722652753,40.0,1.52587890625e-05,0.3387084603309631,False,False,False,16,19571,24228,amherst_ma
z16/19571_24229.png,z16/19571_24229.png,0.0053302243351936,59.7001953125,0.00762939453125,0.345671534538269,False,False,False,16,19571,24229,amherst_ma
z16/19571_24230.png,z16/19571_24230.png,0.006953577697277,44.0,0.0204620361328125,0.34397092461586,False,False,False,16,19571,24230,amherst_ma
z16/19571_24231.png,z16/19571_24231.png,0.0053270871440569,14.69921875,0.0,0.3503481447696686,False,False,False,16,19571,24231,amherst_ma
z16/19571_24232.png,z16/19571_24232.png,0.0038240604102611,12.8994140625,0.0,0.3527076244354248,False,False,False,16,19571,24232,amherst_ma
z16/19571_24233.png,z16/19571_24233.png,0.0035914840797583,13.5,0.0,0.3392176628112793,False,False,False,16,19571,24233,amherst_ma
z16/19571_24234.png,z16/19571_24234.png,0.0025249175727367,9.3994140625,0.0,0.3568512201309204,False,False,False,16,19571,24234,amherst_ma
z16/19571_24235.png,z16/19571_24235.png,0.0022756695747375,7.0,0.0,0.341641753911972,False,False,False,16,19571,24235,amherst_ma
z16/19571_24236.png,z16/19571_24236.png,0.0022089588145414,6.599609375,0.0,0.3467747271060943,False,False,False,16,19571,24236,amherst_ma
z16/19571_24237.png,z16/19571_24237.png,0.0013851919521888,2.6005859375,0.0,0.3429213464260101,False,False,False,16,19571,24237,amherst_ma
z16/19571_24238.png,z16/19571_24238.png,0.003407850364844,8.900390625,0.0,0.342858225107193,False,False,False,16,19571,24238,amherst_ma
z16/19571_24239.png,z16/19571_24239.png,0.0026425582667191,12.1005859375,0.0,0.3403833508491516,False,False,False,16,19571,24239,amherst_ma
z16/19571_24240.png,z16/19571_24240.png,0.0033139708141485,18.900390625,0.0,0.3445568382740021,False,False,False,16,19571,24240,amherst_ma
z16/19571_24241.png,z16/19571_24241.png,0.0039276219904422,24.400390625,0.0,0.3460848033428192,False,False,False,16,19571,24241,amherst_ma
z16/19571_24242.png,z16/19571_24242.png,0.0021972216665744,9.900390625,0.0,0.3441280424594879,False,False,False,16,19571,24242,amherst_ma
z16/19571_24243.png,z16/19571_24243.png,0.0018404589345057,5.0,0.0,0.3435472249984741,False,False,False,16,19571,24243,amherst_ma
z16/19571_24244.png,z16/19571_24244.png,0.0013614396254221,2.400390625,0.0,0.350814551115036,False,False,False,16,19571,24244,amherst_ma
z16/19571_24245.png,z16/19571_24245.png,0.0014069187144438,2.0,0.0,0.3501854240894317,False,False,False,16,19571,24245,amherst_ma
z16/19571_24246.png,z16/19571_24246.png,0.0012612542758385,1.7998046875,0.0,0.347239226102829,False,False,False,16,19571,24246,amherst_ma
z16/19571_24247.png,z16/19571_24247.png,0.0020417068153619,5.5,0.0,0.3431096076965332,False,False,False,16,19571,24247,amherst_ma
z16/19571_24248.png,z16/19571_24248.png,0.0019586293647686,7.5,0.0,0.3487006425857544,False,False,False,16,19571,24248,amherst_ma
z16/19571_24249.png,z16/19571_24249.png,0.002598171432813,20.5,0.01641845703125,0.3455628156661987,False,False,False,16,19571,24249,amherst_ma
z16/19571_24250.png,z16/19571_24250.png,0.0048876817027727,36.2998046875,0.00421142578125,0.3498784303665161,False,False,False,16,19571,24250,amherst_ma
z16/19571_24251.png,z16/19571_24251.png,0.0071696350971857,42.2998046875,0.0005950927734375,0.3512114286422729,False,False,False,16,19571,24251,amherst_ma
z16/19571_24252.png,z16/19571_24252.png,0.0112676580746968,101.8994140625,0.008453369140625,0.3354045748710632,False,False,False,16,19571,24252,amherst_ma
z16/19571_24253.png,z16/19571_24253.png,0.0117155373096466,89.2001953125,0.0299835205078125,0.3326438069343567,False,False,False,16,19571,24253,amherst_ma
z16/19571_24254.png,z16/19571_24254.png,0.0109082698822021,84.7001953125,0.015045166015625,0.3332842886447906,False,False,False,16,19571,24254,amherst_ma
z16/19571_24255.png,z16/19571_24255.png,0.0111816058556238,40.900390625,0.0118408203125,0.3367032408714294,False,False,False,16,19571,24255,amherst_ma
z16/19571_24256.png,z16/19571_24256.png,0.0086968044439951,31.0,0.02093505859375,0.3377469480037689,False,False,False,16,19571,24256,amherst_ma
z16/19571_24257.png,z16/19571_24257.png,0.0073155830303827,27.80078125,0.011474609375,0.3525857031345367,False,False,False,16,19571,24257,amherst_ma
z16/19571_24258.png,z16/19571_24258.png,0.0072807788848876,23.099609375,0.0266571044921875,0.351146399974823,False,False,False,16,19571,24258,amherst_ma
z16/19571_24259.png,z16/19571_24259.png,0.0068106224139531,10.2998046875,0.0,0.3447884023189544,False,False,False,16,19571,24259,amherst_ma
z16/19571_24260.png,z16/19571_24260.png,0.0023195738593737,8.0,0.0,0.3465397655963897,False,False,False,16,19571,24260,amherst_ma
z16/19571_24261.png,z16/19571_24261.png,0.003777536501487,13.900390625,0.0,0.3470792770385742,False,False,False,16,19571,24261,amherst_ma
z16/19571_24262.png,z16/19571_24262.png,0.0046697045365969,15.400390625,0.0,0.3453961014747619,False,False,False,16,19571,24262,amherst_ma
z16/19571_24263.png,z16/19571_24263.png,0.0024797357618808,6.7998046875,0.0,0.3401353061199188,False,False,False,16,19571,24263,amherst_ma
z16/19571_24264.png,z16/19571_24264.png,0.001815312107404,4.2998046875,0.0,0.3490666449069977,False,False,False,16,19571,24264,amherst_ma
z16/19571_24265.png,z16/19571_24265.png,0.0049723540743192,22.599609375,0.0,0.3467802405357361,False,False,False,16,19571,24265,amherst_ma
z16/19571_24266.png,z16/19571_24266.png,0.01095672249794,52.599609375,0.03955078125,0.3379104733467102,False,False,False,16,19571,24266,amherst_ma
z16/19571_24267.png,z16/19571_24267.png,0.0059845427672068,52.400390625,0.037322998046875,0.3370562791824341,False,False,False,16,19571,24267,amherst_ma
z16/19571_24268.png,z16/19571_24268.png,0.0036014137168725,35.7001953125,0.0470733642578125,0.3359968066215515,False,False,False,16,19571,24268,amherst_ma
z16/19571_24269.png,z16/19571_24269.png,0.0032067952056725,25.2001953125,0.009765625,0.3408655822277069,False,False,False,16,19571,24269,amherst_ma
z16/19571_24270.png,z16/19571_24270.png,0.0030763487021128,12.2998046875,0.0,0.3424258232116699,False,False,False,16,19571,24270,amherst_ma
z16/19571_24271.png,z16/19571_24271.png,0.0030476150413354,7.2998046875,0.0,0.3484507799148559,False,False,False,16,19571,24271,amherst_ma
z16/19572_24200.png,z16/19572_24200.png,0.0050760388374328,46.3994140625,0.006072998046875,0.3445415496826172,False,False,False,16,19572,24200,amherst_ma
z16/19572_24201.png,z16/19572_24201.png,0.0079377030332883,66.2998046875,0.0498046875,0.3440531194210052,False,False,False,16,19572,24201,amherst_ma
z16/19572_24202.png,z16/19572_24202.png,0.004588163892428,89.7001953125,0.02001953125,0.3454160690307617,False,False,False,16,19572,24202,amherst_ma
z16/19572_24203.png,z16/19572_24203.png,0.0063889508446057,102.2998046875,0.0410308837890625,0.3479419350624084,False,False,False,16,19572,24203,amherst_ma
z16/19572_24204.png,z16/19572_24204.png,0.0084478259086608,80.400390625,0.0393829345703125,0.3408206105232239,False,False,False,16,19572,24204,amherst_ma
z16/19572_24205.png,z16/19572_24205.png,0.0065926114718119,70.2001953125,0.018951416015625,0.3428303897380829,False,False,False,16,19572,24205,amherst_ma
z16/19572_24206.png,z16/19572_24206.png,0.0062554364403088,45.80078125,0.01593017578125,0.3487314581871032,False,False,False,16,19572,24206,amherst_ma
z16/19572_24207.png,z16/19572_24207.png,0.0158065060774485,63.6005859375,0.0044708251953125,0.3467568755149841,False,False,False,16,19572,24207,amherst_ma
z16/19572_24208.png,z16/19572_24208.png,0.0130216787258783,56.2998046875,0.01605224609375,0.3526987433433532,False,False,False,16,19572,24208,amherst_ma
z16/19572_24209.png,z16/19572_24209.png,0.0183231095472971,124.19921875,0.003936767578125,0.348925769329071,False,False,False,16,19572,24209,amherst_ma
z16/19572_24210.png,z16/19572_24210.png,0.0112879713376363,100.599609375,0.0008087158203125,0.3451482057571411,False,False,False,16,19572,24210,amherst_ma
z16/19572_24211.png,z16/19572_24211.png,0.0080017367998758,58.400390625,0.000762939453125,0.3463321924209595,False,False,False,16,19572,24211,amherst_ma
z16/19572_24212.png,z16/19572_24212.png,0.0053916692733764,76.900390625,0.0112152099609375,0.3395919501781463,False,False,False,16,19572,24212,amherst_ma
z16/19572_24213.png,z16/19572_24213.png,0.0080691104133923,80.2001953125,0.00360107421875,0.3401421904563904,False,False,False,16,19572,24213,amherst_ma
z16/19572_24214.png,z16/19572_24214.png,0.0079332113265991,84.5,0.0037994384765625,0.3407307267189026,False,False,False,16,19572,24214,amherst_ma
z16/19572_24215.png,z16/19572_24215.png,0.0069746802250544,97.5,0.0101165771484375,0.3384141325950622,False,False,False,16,19572,24215,amherst_ma
z16/19572_24216.png,z16/19572_24216.png,0.0063531766335169,82.0,0.0136260986328125,0.3404742479324341,False,False,False,16,19572,24216,amherst_ma
z16/19572_24217.png,z16/19572_24217.png,0.0051750923196474,41.099609375,0.0210723876953125,0.3466311991214752,False,False,False,16,19572,24217,amherst_ma
z16/19572_24218.png,z16/19572_24218.png,0.0067252134283383,51.5,0.043182373046875,0.3476528525352478,False,False,False,16,19572,24218,amherst_ma
z16/19572_24219.png,z16/19572_24219.png,0.0089544475078582,47.1005859375,0.0,0.3496417105197906,False,False,False,16,19572,24219,amherst_ma
z16/19572_24220.png,z16/19572_24220.png,0.005280960102876,24.8994140625,0.0,0.3457470536231994,False,False,False,16,19572,24220,amherst_ma
z16/19572_24221.png,z16/19572_24221.png,0.0065311123927434,36.2001953125,0.0182342529296875,0.3497528731822967,False,False,False,16,19572,24221,amherst_ma
z16/19572_24222.png,z16/19572_24222.png,0.010208045442899,36.7998046875,0.014556884765625,0.3489171266555786,False,False,False,16,19572,24222,amherst_ma
z16/19572_24223.png,z16/19572_24223.png,0.0058430423339207,17.7001953125,0.0,0.349020779132843,False,False,False,16,19572,24223,amherst_ma
z16/19572_24224.png,z16/19572_24224.png,0.0059296821554501,23.2001953125,0.0,0.3425553441047668,False,False,False,16,19572,24224,amherst_ma
z16/19572_24225.png,z16/19572_24225.png,0.0068729703625043,37.2001953125,0.0001678466796875,0.338685542345047,False,False,False,16,19572,24225,amherst_ma
z16/19572_24226.png,z16/19572_24226.png,0.0053486476341883,49.2998046875,0.0032196044921875,0.3408979177474975,False,False,False,16,19572,24226,amherst_ma
z16/19572_24227.png,z16/19572_24227.png,0.0052908291419347,41.0,0.0352020263671875,0.3409517705440521,False,False,False,16,19572,24227,amherst_ma
z16/19572_24228.png,z16/19572_24228.png,0.0052200292547543,41.1005859375,0.02880859375,0.3414500653743744,False,False,False,16,19572,24228,amherst_ma
z16/19572_24229.png,z16/19572_24229.png,0.0045175895094871,24.099609375,0.003509521484375,0.3464778661727905,False,False,False,16,19572,24229,amherst_ma
z16/19572_24230.png,z16/19572_24230.png,0.0050943911075592,40.400390625,0.01043701171875,0.344131737947464,False,False,False,16,19572,24230,amherst_ma
z16/19572_24231.png,z16/19572_24231.png,0.0105999906857808,25.400390625,0.00408935546875,0.3482542932033539,False,False,False,16,19572,24231,amherst_ma
z16/19572_24232.png,z16/19572_24232.png,0.0086524665355682,30.2998046875,0.0,0.3476011157035827,False,False,False,16,19572,24232,amherst_ma
z16/19572_24233.png,z16/19572_24233.png,0.0091835627953211,30.3994140625,0.0,0.3509899377822876,False,False,False,16,19572,24233,amherst_ma
z16/19572_24234.png,z16/19572_24234.png,0.0021070681512355,8.400390625,0.0,0.3637932240962982,False,False,False,16,19572,24234,amherst_ma
z16/19572_24235.png,z16/19572_24235.png,0.0024567792812983,14.599609375,0.0,0.3454588055610657,False,False,False,16,19572,24235,amherst_ma
z16/19572_24236.png,z16/19572_24236.png,0.0048111880819002,22.5,0.0,0.3484715223312378,False,False,False,16,19572,24236,amherst_ma
z16/19572_24237.png,z16/19572_24237.png,0.0036103253563245,20.2998046875,0.0,0.3454791307449341,False,False,False,16,19572,24237,amherst_ma
z16/19572_24238.png,z16/19572_24238.png,0.0045186430215835,32.099609375,0.0399932861328125,0.3466629981994629,False,False,False,16,19572,24238,amherst_ma
z16/19572_24239.png,z16/19572_24239.png,0.0047868981957435,29.5,0.0116424560546875,0.3458626866340637,False,False,False,16,19572,24239,amherst_ma
z16/19572_24240.png,z16/19572_24240.png,0.0051505054036776,32.2998046875,0.0054168701171875,0.3448645770549774,False,False,False,16,19572,24240,amherst_ma
z16/19572_24241.png,z16/19572_24241.png,0.0043559739987055,25.400390625,0.0,0.3484124541282654,False,False,False,16,19572,24241,amherst_ma
z16/19572_24242.png,z16/19572_24242.png,0.0053386136889457,31.0,0.0273284912109375,0.3450612723827362,False,False,False,16,19572,24242,amherst_ma
z16/19572_24243.png,z16/19572_24243.png,0.0054701854785283,32.30078125,0.0138397216796875,0.3457394540309906,False,False,False,16,19572,24243,amherst_ma
z16/19572_24244.png,z16/19572_24244.png,0.0065463905533154,35.1005859375,0.0,0.3505864143371582,False,False,False,16,19572,24244,amherst_ma
z16/19572_24245.png,z16/19572_24245.png,0.0016943210115035,2.7001953125,0.0,0.3473691642284393,False,False,False,16,19572,24245,amherst_ma
z16/19572_24246.png,z16/19572_24246.png,0.0012858014553785,1.5,0.0,0.350796639919281,False,False,False,16,19572,24246,amherst_ma
z16/19572_24247.png,z16/19572_24247.png,0.0013738514234622,2.3994140625,0.0,0.3464177846908569,False,False,False,16,19572,24247,amherst_ma
z16/19572_24248.png,z16/19572_24248.png,0.0017363843818505,4.7998046875,0.0,0.3419174551963806,False,False,False,16,19572,24248,amherst_ma
z16/19572_24249.png,z16/19572_24249.png,0.0021571946640809,11.30078125,0.0,0.3427050709724426,False,False,False,16,19572,24249,amherst_ma
z16/19572_24250.png,z16/19572_24250.png,0.0038896185656388,26.6005859375,0.021148681640625,0.3432687520980835,False,False,False,16,19572,24250,amherst_ma
z16/19572_24251.png,z16/19572_24251.png,0.0071628113587697,61.900390625,0.01580810546875,0.3397000432014465,False,False,False,16,19572,24251,amherst_ma
z16/19572_24252.png,z16/19572_24252.png,0.0157301634550094,147.5,0.006744384765625,0.336887389421463,False,False,False,16,19572,24252,amherst_ma
z16/19572_24253.png,z16/19572_24253.png,0.016131168603897,95.5,0.0167694091796875,0.3329642713069916,False,False,False,16,19572,24253,amherst_ma
z16/19572_24254.png,z16/19572_24254.png,0.0096778273582458,90.7998046875,0.0077972412109375,0.3338395357131958,False,False,False,16,19572,24254,amherst_ma
z16/19572_24255.png,z16/19572_24255.png,0.0104381779829661,54.7998046875,0.0328216552734375,0.3428524136543274,False,False,False,16,19572,24255,amherst_ma
z16/19572_24256.png,z16/19572_24256.png,0.0092696279287338,36.7001953125,0.0,0.3445088267326355,False,False,False,16,19572,24256,amherst_ma
z16/19572_24257.png,z16/19572_24257.png,0.0089031606912612,30.2001953125,0.0,0.3467345833778381,False,False,False,16,19572,24257,amherst_ma
z16/19572_24258.png,z16/19572_24258.png,0.0061387370030085,17.19921875,0.022613525390625,0.34595587849617,False,False,False,16,19572,24258,amherst_ma
z16/19572_24259.png,z16/19572_24259.png,0.0065800403555234,9.400390625,0.0,0.3427971601486206,False,False,False,16,19572,24259,amherst_ma
z16/19572_24260.png,z16/19572_24260.png,0.0030119684835275,6.900390625,0.0,0.3500964641571045,False,False,False,16,19572,24260,amherst_ma
z16/19572_24261.png,z16/19572_24261.png,0.0055535048246383,11.2001953125,0.0,0.3416995704174042,False,False,False,16,19572,24261,amherst_ma
z16/19572_24262.png,z16/19572_24262.png,0.0028409548103809,10.7998046875,0.0,0.3433475494384765,False,False,False,16,19572,24262,amherst_ma
z16/19572_24263.png,z16/19572_24263.png,0.0017085641622543,2.1005859375,0.0,0.3407264351844787,False,False,False,16,19572,24263,amherst_ma
z16/19572_24264.png,z16/19572_24264.png,0.0023407417039076,5.099609375,0.0,0.3478238582611084,False,False,False,16,19572,24264,amherst_ma
z16/19572_24265.png,z16/19572_24265.png,0.0023204651971658,4.900390625,0.0,0.3482166528701782,False,False,False,16,19572,24265,amherst_ma
z16/19572_24266.png,z16/19572_24266.png,0.00293753494819,10.2001953125,0.0,0.3391664326190948,False,False,False,16,19572,24266,amherst_ma
z16/19572_24267.png,z16/19572_24267.png,0.0043527543544769,9.7001953125,0.0,0.3396496772766113,False,False,False,16,19572,24267,amherst_ma
z16/19572_24268.png,z16/19572_24268.png,0.006319041053454,29.8994140625,0.033905029296875,0.3350650370121002,False,False,False,16,19572,24268,amherst_ma
z16/19572_24269.png,z16/19572_24269.png,0.0049079984426498,24.1005859375,0.0,0.3420647382736206,False,False,False,16,19572,24269,amherst_ma
z16/19572_24270.png,z16/19572_24270.png,0.0044031530618667,9.7001953125,0.0,0.345531553030014,False,False,False,16,19572,24270,amherst_ma
z16/19572_24271.png,z16/19572_24271.png,0.0018098017821709,2.900390625,0.0,0.3507474660873413,False,False,False,16,19572,24271,amherst_ma
z16/19573_24200.png,z16/19573_24200.png,0.0060275668899218,46.8994140625,0.00494384765625,0.3420617580413818,False,False,False,16,19573,24200,amherst_ma
z16/19573_24201.png,z16/19573_24201.png,0.0049584547678629,75.5,0.001708984375,0.3459592461585998,False,False,False,16,19573,24201,amherst_ma
z16/19573_24202.png,z16/19573_24202.png,0.0099530935287475,79.0,0.0074615478515625,0.3419750928878784,False,False,False,16,19573,24202,amherst_ma
z16/19573_24203.png,z16/19573_24203.png,0.0067016383012135,65.7998046875,0.0158538818359375,0.3447569608688354,False,False,False,16,19573,24203,amherst_ma
z16/19573_24204.png,z16/19573_24204.png,0.0082633917530377,57.6005859375,0.0437164306640625,0.343880295753479,False,False,False,16,19573,24204,amherst_ma
z16/19573_24205.png,z16/19573_24205.png,0.008249308168888,39.3994140625,0.0284423828125,0.3440002202987671,False,False,False,16,19573,24205,amherst_ma
z16/19573_24206.png,z16/19573_24206.png,0.0132382889588673,81.400390625,0.057861328125,0.3448466360569,False,False,False,16,19573,24206,amherst_ma
z16/19573_24207.png,z16/19573_24207.png,0.0222156822681427,96.2998046875,0.0143890380859375,0.3523290157318115,False,False,False,16,19573,24207,amherst_ma
z16/19573_24208.png,z16/19573_24208.png,0.0068926374117533,81.2001953125,0.000457763671875,0.3446181118488312,False,False,False,16,19573,24208,amherst_ma
z16/19573_24209.png,z16/19573_24209.png,0.0067786410450935,56.80078125,0.0024261474609375,0.3421388864517212,False,False,False,16,19573,24209,amherst_ma
z16/19573_24210.png,z16/19573_24210.png,0.0056599428256352,37.7001953125,0.00140380859375,0.3415760397911072,False,False,False,16,19573,24210,amherst_ma
z16/19573_24211.png,z16/19573_24211.png,0.007088916003704,50.80078125,0.012451171875,0.339254081249237,False,False,False,16,19573,24211,amherst_ma
z16/19573_24212.png,z16/19573_24212.png,0.0064833770195643,34.400390625,0.0032806396484375,0.3411977887153625,False,False,False,16,19573,24212,amherst_ma
z16/19573_24213.png,z16/19573_24213.png,0.0081970617175102,58.5,0.03070068359375,0.3439606130123138,False,False,False,16,19573,24213,amherst_ma
z16/19573_24214.png,z16/19573_24214.png,0.007063341140747,77.400390625,0.036468505859375,0.342730700969696,False,False,False,16,19573,24214,amherst_ma
z16/19573_24215.png,z16/19573_24215.png,0.0052504157026608,50.7998046875,0.0105133056640625,0.3431910276412964,False,False,False,16,19573,24215,amherst_ma
z16/19573_24216.png,z16/19573_24216.png,0.0056859195232391,71.6005859375,0.005889892578125,0.3404434323310852,False,False,False,16,19573,24216,amherst_ma
z16/19573_24217.png,z16/19573_24217.png,0.005222763121128,62.599609375,0.0067901611328125,0.3379892408847809,False,False,False,16,19573,24217,amherst_ma
z16/19573_24218.png,z16/19573_24218.png,0.005574345588684,48.2001953125,0.001678466796875,0.346412718296051,False,False,False,16,19573,24218,amherst_ma
z16/19573_24219.png,z16/19573_24219.png,0.0080877204736073,56.1005859375,0.0122222900390625,0.3501257002353668,False,False,False,16,19573,24219,amherst_ma
z16/19573_24220.png,z16/19573_24220.png,0.0068756580352783,58.2998046875,0.0041351318359375,0.3473922312259674,False,False,False,16,19573,24220,amherst_ma
z16/19573_24221.png,z16/19573_24221.png,0.0104391594727834,106.5,0.0145111083984375,0.3460497260093689,False,False,False,16,19573,24221,amherst_ma
z16/19573_24222.png,z16/19573_24222.png,0.0154997845490773,101.7998046875,0.023040771484375,0.3397067487239837,False,False,False,16,19573,24222,amherst_ma
z16/19573_24223.png,z16/19573_24223.png,0.0059733435511589,46.0,0.0281982421875,0.3473429977893829,False,False,False,16,19573,24223,amherst_ma
z16/19573_24224.png,z16/19573_24224.png,0.0048070092995961,22.900390625,0.0,0.353782594203949,False,False,False,16,19573,24224,amherst_ma
z16/19573_24225.png,z16/19573_24225.png,0.0086850106716156,47.900390625,0.0054931640625,0.3458390235900879,False,False,False,16,19573,24225,amherst_ma
z16/19573_24226.png,z16/19573_24226.png,0.0120288709799448,56.400390625,0.012115478515625,0.3472687304019928,False,False,False,16,19573,24226,amherst_ma
z16/19573_24227.png,z16/19573_24227.png,0.0121790081262588,65.5,0.0125579833984375,0.3432843685150146,False,False,False,16,19573,24227,amherst_ma
z16/19573_24228.png,z16/19573_24228.png,0.0139208714167277,84.5,0.0212554931640625,0.3440101742744446,False,False,False,16,19573,24228,amherst_ma
z16/19573_24229.png,z16/19573_24229.png,0.0104913105567296,87.2001953125,0.0262298583984375,0.3502282202243805,False,False,False,16,19573,24229,amherst_ma
z16/19573_24230.png,z16/19573_24230.png,0.0070996622244517,52.400390625,0.030670166015625,0.3418646454811096,False,False,False,16,19573,24230,amherst_ma
z16/19573_24231.png,z16/19573_24231.png,0.00657579600811,40.7998046875,0.0020294189453125,0.3421564400196075,False,False,False,16,19573,24231,amherst_ma
z16/19573_24232.png,z16/19573_24232.png,0.004267913599809,22.099609375,0.0088348388671875,0.3502588272094726,False,False,False,16,19573,24232,amherst_ma
z16/19573_24233.png,z16/19573_24233.png,0.0089848846197128,38.5,0.033355712890625,0.3551404178142547,False,False,False,16,19573,24233,amherst_ma
z16/19573_24234.png,z16/19573_24234.png,0.010633760690689,33.69921875,0.0,0.361482560634613,False,False,False,16,19573,24234,amherst_ma
z16/19573_24235.png,z16/19573_24235.png,0.0043195302287737,22.8994140625,0.0,0.3483630716800689,False,False,False,16,19573,24235,amherst_ma
z16/19573_24236.png,z16/19573_24236.png,0.004512134194374,28.7001953125,0.0,0.349497526884079,False,False,False,16,19573,24236,amherst_ma
z16/19573_24237.png,z16/19573_24237.png,0.0057830691337585,31.7998046875,0.0,0.3471809029579162,False,False,False,16,19573,24237,amherst_ma
z16/19573_24238.png,z16/19573_24238.png,0.0048635065555572,17.0,0.0,0.3523879051208496,False,False,False,16,19573,24238,amherst_ma
z16/19573_24239.png,z16/19573_24239.png,0.0098067184289296,23.5,0.0022430419921875,0.3572610020637512,False,False,False,16,19573,24239,amherst_ma
z16/19573_24240.png,z16/19573_24240.png,0.0073628897468249,16.2001953125,0.0,0.3489896953105926,False,False,False,16,19573,24240,amherst_ma
z16/19573_24241.png,z16/19573_24241.png,0.0039654694497585,13.2998046875,0.0,0.3448190093040466,False,False,False,16,19573,24241,amherst_ma
z16/19573_24242.png,z16/19573_24242.png,0.0069974308212598,27.7001953125,0.0099029541015625,0.350457489490509,False,False,False,16,19573,24242,amherst_ma
z16/19573_24243.png,z16/19573_24243.png,0.0059080297748247,29.099609375,0.0,0.3490532338619232,False,False,False,16,19573,24243,amherst_ma
z16/19573_24244.png,z16/19573_24244.png,0.0068093200524648,36.599609375,0.0054931640625,0.3485545814037323,False,False,False,16,19573,24244,amherst_ma
z16/19573_24245.png,z16/19573_24245.png,0.0017631591608126,5.0,0.0,0.3375309705734253,False,False,False,16,19573,24245,amherst_ma
z16/19573_24246.png,z16/19573_24246.png,0.0015388114998737,2.599609375,0.0,0.3434363603591919,False,False,False,16,19573,24246,amherst_ma
z16/19573_24247.png,z16/19573_24247.png,0.0017810386916001,3.30078125,0.0,0.3535806536674499,False,False,False,16,19573,24247,amherst_ma
z16/19573_24248.png,z16/19573_24248.png,0.0018820355335871,5.7998046875,0.0,0.3501703143119812,False,False,False,16,19573,24248,amherst_ma
z16/19573_24249.png,z16/19573_24249.png,0.0019748744865258,10.099609375,0.0,0.3484980463981628,False,False,False,16,19573,24249,amherst_ma
z16/19573_24250.png,z16/19573_24250.png,0.005780404806137,37.1005859375,0.01959228515625,0.3428206741809845,False,False,False,16,19573,24250,amherst_ma
z16/19573_24251.png,z16/19573_24251.png,0.0071547955274581,68.2998046875,0.0067901611328125,0.3373157680034637,False,False,False,16,19573,24251,amherst_ma
z16/19573_24252.png,z16/19573_24252.png,0.0250343898932139,135.8994140625,0.0333251953125,0.335729032754898,False,False,False,16,19573,24252,amherst_ma
z16/19573_24253.png,z16/19573_24253.png,0.0245036005973815,138.30078125,0.031494140625,0.3333653807640075,False,False,False,16,19573,24253,amherst_ma
z16/19573_24254.png,z16/19573_24254.png,0.0183851977189381,99.0,0.0197906494140625,0.3398322463035583,False,False,False,16,19573,24254,amherst_ma
z16/19573_24255.png,z16/19573_24255.png,0.0109266807635625,31.2001953125,0.019744873046875,0.3382126688957214,False,False,False,16,19573,24255,amherst_ma
z16/19573_24256.png,z16/19573_24256.png,0.0096676518519719,34.2998046875,0.0140380859375,0.3496060371398926,False,False,False,16,19573,24256,amherst_ma
z16/19573_24257.png,z16/19573_24257.png,0.0100808809200922,36.8994140625,0.0173187255859375,0.3498880267143249,False,False,False,16,19573,24257,amherst_ma
z16/19573_24258.png,z16/19573_24258.png,0.0072647174199422,27.3994140625,0.006439208984375,0.3496422171592712,False,False,False,16,19573,24258,amherst_ma
z16/19573_24259.png,z16/19573_24259.png,0.0069319213430086,15.099609375,0.0,0.3453482687473297,False,False,False,16,19573,24259,amherst_ma
z16/19573_24260.png,z16/19573_24260.png,0.0036615923047065,6.30078125,0.0,0.3474993705749511,False,False,False,16,19573,24260,amherst_ma
z16/19573_24261.png,z16/19573_24261.png,0.0019702237099409,6.7001953125,0.0,0.355323314666748,False,False,False,16,19573,24261,amherst_ma
z16/19573_24262.png,z16/19573_24262.png,0.0017615042626857,3.599609375,0.0,0.3461032509803772,False,False,False,16,19573,24262,amherst_ma
z16/19573_24263.png,z16/19573_24263.png,0.0012340808908144,1.2001953125,0.0,0.3489002883434295,False,False,False,16,19573,24263,amherst_ma
z16/19573_24264.png,z16/19573_24264.png,0.0032205353180567,14.5,0.0,0.3457960486412048,False,False,False,16,19573,24264,amherst_ma
z16/19573_24265.png,z16/19573_24265.png,0.0059287150700887,24.0,0.0,0.340742826461792,False,False,False,16,19573,24265,amherst_ma
z16/19573_24266.png,z16/19573_24266.png,0.0042653704682985,16.2998046875,0.0,0.3393781781196594,False,False,False,16,19573,24266,amherst_ma
z16/19573_24267.png,z16/19573_24267.png,0.0054315701127052,32.69921875,0.0,0.3412112891674042,False,False,False,16,19573,24267,amherst_ma
z16/19573_24268.png,z16/19573_24268.png,0.0088148037592569,39.6005859375,0.0,0.3409296870231628,False,False,False,16,19573,24268,amherst_ma
z16/19573_24269.png,z16/19573_24269.png,0.0059489925702412,24.0,0.0,0.342484712600708,False,False,False,16,19573,24269,amherst_ma
z16/19573_24270.png,z16/19573_24270.png,0.0062410175800323,20.099609375,0.0,0.3459852337837219,False,False,False,16,19573,24270,amherst_ma
z16/19573_24271.png,z16/19573_24271.png,0.0068636392553647,20.5,0.0,0.3506700694561004,False,False,False,16,19573,24271,amherst_ma
z16/19574_24200.png,z16/19574_24200.png,0.0037702687084674,26.7998046875,0.0048370361328125,0.3519058525562286,False,False,False,16,19574,24200,amherst_ma
z16/19574_24201.png,z16/19574_24201.png,0.0132496863603591,59.1005859375,0.0,0.3447957634925842,False,False,False,16,19574,24201,amherst_ma
z16/19574_24202.png,z16/19574_24202.png,0.0096950481335322,70.2001953125,0.008026123046875,0.3460991084575653,False,False,False,16,19574,24202,amherst_ma
z16/19574_24203.png,z16/19574_24203.png,0.0071571757396062,60.2001953125,0.0020599365234375,0.3443807363510132,False,False,False,16,19574,24203,amherst_ma
z16/19574_24204.png,z16/19574_24204.png,0.0070081447561581,89.69921875,0.001617431640625,0.3425675630569458,False,False,False,16,19574,24204,amherst_ma
z16/19574_24205.png,z16/19574_24205.png,0.0096195846796035,90.5,0.025177001953125,0.348213255405426,False,False,False,16,19574,24205,amherst_ma
z16/19574_24206.png,z16/19574_24206.png,0.0109373052914937,58.7998046875,0.0302276611328125,0.3456301093101501,False,False,False,16,19574,24206,amherst_ma
z16/19574_24207.png,z16/19574_24207.png,0.00742024431626,44.6005859375,0.0041656494140625,0.3458476662635803,False,False,False,16,19574,24207,amherst_ma
z16/19574_24208.png,z16/19574_24208.png,0.0059104397892951,83.400390625,0.049468994140625,0.345199704170227,False,False,False,16,19574,24208,amherst_ma
z16/19574_24209.png,z16/19574_24209.png,0.0045832698543866,79.2001953125,0.01141357421875,0.3406085669994354,False,False,False,16,19574,24209,amherst_ma
z16/19574_24210.png,z16/19574_24210.png,0.0067043135563532,84.0,0.009979248046875,0.3327924907207489,False,False,False,16,19574,24210,amherst_ma
z16/19574_24211.png,z16/19574_24211.png,0.008130362133185,63.2001953125,0.0175628662109375,0.3347975015640259,False,False,False,16,19574,24211,amherst_ma
z16/19574_24212.png,z16/19574_24212.png,0.004887240131696,53.599609375,0.0102081298828125,0.3333862423896789,False,False,False,16,19574,24212,amherst_ma
z16/19574_24213.png,z16/19574_24213.png,0.0059377958377202,68.0,0.0021514892578125,0.336034208536148,False,False,False,16,19574,24213,amherst_ma
z16/19574_24214.png,z16/19574_24214.png,0.0050946727395057,61.8994140625,0.0297393798828125,0.3401921093463897,False,False,False,16,19574,24214,amherst_ma
z16/19574_24215.png,z16/19574_24215.png,0.0036895677447319,59.2998046875,0.009368896484375,0.3395882248878479,False,False,False,16,19574,24215,amherst_ma
z16/19574_24216.png,z16/19574_24216.png,0.0038940419753392,63.5,0.043060302734375,0.339699774980545,False,False,False,16,19574,24216,amherst_ma
z16/19574_24217.png,z16/19574_24217.png,0.0061303834120432,45.0,0.01220703125,0.3433357179164886,False,False,False,16,19574,24217,amherst_ma
z16/19574_24218.png,z16/19574_24218.png,0.0080576991041501,54.0,0.0082244873046875,0.3511067032814026,False,False,False,16,19574,24218,amherst_ma
z16/19574_24219.png,z16/19574_24219.png,0.0075212121009826,51.0,0.019866943359375,0.3546885848045349,False,False,False,16,19574,24219,amherst_ma
z16/19574_24220.png,z16/19574_24220.png,0.0104108333587646,70.0,0.00616455078125,0.3499698042869568,False,False,False,16,19574,24220,amherst_ma
z16/19574_24221.png,z16/19574_24221.png,0.008708440264066,92.400390625,0.004425048828125,0.3455422818660736,False,False,False,16,19574,24221,amherst_ma
z16/19574_24222.png,z16/19574_24222.png,0.0082948853572209,80.0,0.0007476806640625,0.346448004245758,False,False,False,16,19574,24222,amherst_ma
z16/19574_24223.png,z16/19574_24223.png,0.0072377423445383,86.3994140625,0.0064544677734375,0.3447134494781494,False,False,False,16,19574,24223,amherst_ma
z16/19574_24224.png,z16/19574_24224.png,0.0053217122952143,44.599609375,0.0164642333984375,0.351835548877716,False,False,False,16,19574,24224,amherst_ma
z16/19574_24225.png,z16/19574_24225.png,0.0060015802582105,46.7001953125,0.01873779296875,0.3478659987449646,False,False,False,16,19574,24225,amherst_ma
z16/19574_24226.png,z16/19574_24226.png,0.0072523375352223,101.900390625,0.0269622802734375,0.344355970621109,False,False,False,16,19574,24226,amherst_ma
z16/19574_24227.png,z16/19574_24227.png,0.0090097814798355,111.8994140625,0.0214080810546875,0.3415240943431854,False,False,False,16,19574,24227,amherst_ma
z16/19574_24228.png,z16/19574_24228.png,0.0086969991525014,94.0,0.0229949951171875,0.3424823880195617,False,False,False,16,19574,24228,amherst_ma
z16/19574_24229.png,z16/19574_24229.png,0.0079712857802708,99.5,0.0407562255859375,0.3434626758098602,False,False,False,16,19574,24229,amherst_ma
z16/19574_24230.png,z16/19574_24230.png,0.0072532882293065,104.099609375,0.015960693359375,0.3352759778499603,False,False,False,16,19574,24230,amherst_ma
z16/19574_24231.png,z16/19574_24231.png,0.0082269430160522,114.80078125,0.0048828125,0.3357309997081756,False,False,False,16,19574,24231,amherst_ma
z16/19574_24232.png,z16/19574_24232.png,0.0096081962188084,80.5,0.0050048828125,0.3441622257232666,False,False,False,16,19574,24232,amherst_ma
z16/19574_24233.png,z16/19574_24233.png,0.0084119846423467,66.1005859375,0.00665283203125,0.3472067415714264,False,False,False,16,19574,24233,amherst_ma
z16/19574_24234.png,z16/19574_24234.png,0.0094823728005091,67.2001953125,0.0087127685546875,0.3497540652751922,False,False,False,16,19574,24234,amherst_ma
z16/19574_24235.png,z16/19574_24235.png,0.0073181564609209,38.2998046875,0.0030975341796875,0.3492811024188995,False,False,False,16,19574,24235,amherst_ma
z16/19574_24236.png,z16/19574_24236.png,0.0078016981482505,36.5,0.0,0.3550866842269897,False,False,False,16,19574,24236,amherst_ma
z16/19574_24237.png,z16/19574_24237.png,0.0062978714704513,29.400390625,0.0,0.3504202961921692,False,False,False,16,19574,24237,amherst_ma
z16/19574_24238.png,z16/19574_24238.png,0.0041199713945388,22.8994140625,0.0,0.3518419861793518,False,False,False,16,19574,24238,amherst_ma
z16/19574_24239.png,z16/19574_24239.png,0.0043285101652145,21.2998046875,0.0,0.3529273271560669,False,False,False,16,19574,24239,amherst_ma
z16/19574_24240.png,z16/19574_24240.png,0.0050057748953501,17.2998046875,0.0,0.3533870875835418,False,False,False,16,19574,24240,amherst_ma
z16/19574_24241.png,z16/19574_24241.png,0.0066124598185221,25.6005859375,0.0100250244140625,0.3483494222164154,False,False,False,16,19574,24241,amherst_ma
z16/19574_24242.png,z16/19574_24242.png,0.0098777552445729,28.5,0.0,0.3481543362140655,False,False,False,16,19574,24242,amherst_ma
z16/19574_24243.png,z16/19574_24243.png,0.0078858107328414,30.900390625,0.0,0.3502925038337707,False,False,False,16,19574,24243,amherst_ma
z16/19574_24244.png,z16/19574_24244.png,0.0036003371079762,54.2998046875,0.0004425048828125,0.3459897637367248,False,False,False,16,19574,24244,amherst_ma
z16/19574_24245.png,z16/19574_24245.png,0.0050283819437026,32.19921875,0.0,0.3365444839000702,False,False,False,16,19574,24245,amherst_ma
z16/19574_24246.png,z16/19574_24246.png,0.001762939368685,3.3994140625,0.0,0.3403173685073852,False,False,False,16,19574,24246,amherst_ma
z16/19574_24247.png,z16/19574_24247.png,0.0017846160878737,4.0,0.0,0.3541653752326965,False,False,False,16,19574,24247,amherst_ma
z16/19574_24248.png,z16/19574_24248.png,0.0013553620626529,2.5,0.0,0.350719541311264,False,False,False,16,19574,24248,amherst_ma
z16/19574_24249.png,z16/19574_24249.png,0.0037406474351882,8.7998046875,0.0,0.3398974537849426,False,False,False,16,19574,24249,amherst_ma
z16/19574_24250.png,z16/19574_24250.png,0.0035228572785854,27.80078125,0.004791259765625,0.3441051840782165,False,False,False,16,19574,24250,amherst_ma
z16/19574_24251.png,z16/19574_24251.png,0.0069222529729207,70.8994140625,0.0425872802734375,0.3432182371616363,False,False,False,16,19574,24251,amherst_ma
z16/19574_24252.png,z16/19574_24252.png,0.0161981989940007,90.2001953125,0.053741455078125,0.3408901989459991,False,False,False,16,19574,24252,amherst_ma
z16/19574_24253.png,z16/19574_24253.png,0.0159183988968531,68.7001953125,0.0534210205078125,0.3415236175060272,False,False,False,16,19574,24253,amherst_ma
z16/19574_24254.png,z16/19574_24254.png,0.0087890615065892,28.2998046875,0.0,0.3438790440559387,False,False,False,16,19574,24254,amherst_ma
z16/19574_24255.png,z16/19574_24255.png,0.0107464591662089,56.3994140625,0.00732421875,0.3371319472789764,False,False,False,16,19574,24255,amherst_ma
z16/19574_24256.png,z16/19574_24256.png,0.010399122039477,50.6005859375,0.0028533935546875,0.3354586958885193,False,False,False,16,19574,24256,amherst_ma
z16/19574_24257.png,z16/19574_24257.png,0.0096964329481124,54.5,0.005340576171875,0.3399539589881897,False,False,False,16,19574,24257,amherst_ma
z16/19574_24258.png,z16/19574_24258.png,0.0094236761331558,56.2001953125,0.019256591796875,0.3462661504745483,False,False,False,16,19574,24258,amherst_ma
z16/19574_24259.png,z16/19574_24259.png,0.0081405093272527,20.099609375,0.0,0.3474035263061523,False,False,False,16,19574,24259,amherst_ma
z16/19574_24260.png,z16/19574_24260.png,0.0047551522652308,19.0,0.0,0.3477543592453003,False,False,False,16,19574,24260,amherst_ma
z16/19574_24261.png,z16/19574_24261.png,0.0021165254215399,6.400390625,0.0,0.3420230150222778,False,False,False,16,19574,24261,amherst_ma
z16/19574_24262.png,z16/19574_24262.png,0.0016593565543492,3.0,0.0,0.344002366065979,False,False,False,16,19574,24262,amherst_ma
z16/19574_24263.png,z16/19574_24263.png,0.0020442285885413,4.0,0.0,0.3418677449226379,False,False,False,16,19574,24263,amherst_ma
z16/19574_24264.png,z16/19574_24264.png,0.0065047457814216,30.900390625,0.0,0.3486753702163696,False,False,False,16,19574,24264,amherst_ma
z16/19574_24265.png,z16/19574_24265.png,0.0079533730943997,40.7998046875,0.0226287841796875,0.3406336903572082,False,False,False,16,19574,24265,amherst_ma
z16/19574_24266.png,z16/19574_24266.png,0.0095100700855255,36.599609375,0.0161895751953125,0.3435498178005218,False,False,False,16,19574,24266,amherst_ma
z16/19574_24267.png,z16/19574_24267.png,0.0084304819504419,80.5,0.0641326904296875,0.337127685546875,False,False,False,16,19574,24267,amherst_ma
z16/19574_24268.png,z16/19574_24268.png,0.0104169348875681,67.5,0.02069091796875,0.3348637223243713,False,False,False,16,19574,24268,amherst_ma
z16/19574_24269.png,z16/19574_24269.png,0.0052109162012736,26.1005859375,0.0263824462890625,0.3398323357105255,False,False,False,16,19574,24269,amherst_ma
z16/19574_24270.png,z16/19574_24270.png,0.0064473738272984,38.7998046875,0.0027313232421875,0.3394203782081604,False,False,False,16,19574,24270,amherst_ma
z16/19574_24271.png,z16/19574_24271.png,0.0055213138461112,35.80078125,0.0045013427734375,0.3363120257854461,False,False,False,16,19574,24271,amherst_ma
z16/19575_24200.png,z16/19575_24200.png,0.0050842766960461,37.7001953125,0.0482635498046875,0.3487902283668518,False,False,False,16,19575,24200,amherst_ma
z16/19575_24201.png,z16/19575_24201.png,0.0054276163379351,49.7998046875,0.0233917236328125,0.3429819345474243,False,False,False,16,19575,24201,amherst_ma
z16/19575_24202.png,z16/19575_24202.png,0.0035523829360802,53.7001953125,0.0024871826171875,0.3449863195419311,False,False,False,16,19575,24202,amherst_ma
z16/19575_24203.png,z16/19575_24203.png,0.0053303430477778,42.6005859375,0.0023193359375,0.3474791049957275,False,False,False,16,19575,24203,amherst_ma
z16/19575_24204.png,z16/19575_24204.png,0.0081001525123914,67.2998046875,0.0037994384765625,0.3461890816688537,False,False,False,16,19575,24204,amherst_ma
z16/19575_24205.png,z16/19575_24205.png,0.00657875786225,78.0,0.01666259765625,0.3465234935283661,False,False,False,16,19575,24205,amherst_ma
z16/19575_24206.png,z16/19575_24206.png,0.0095997730890909,48.900390625,0.0526885986328125,0.3453138470649719,False,False,False,16,19575,24206,amherst_ma
z16/19575_24207.png,z16/19575_24207.png,0.0075657462080319,69.5,0.07366943359375,0.3526696562767029,False,False,False,16,19575,24207,amherst_ma
z16/19575_24208.png,z16/19575_24208.png,0.0055629715323448,100.099609375,0.0017547607421875,0.3480693101882934,False,False,False,16,19575,24208,amherst_ma
z16/19575_24209.png,z16/19575_24209.png,0.0044839953382809,104.900390625,0.002166748046875,0.3412947952747345,False,False,False,16,19575,24209,amherst_ma
z16/19575_24210.png,z16/19575_24210.png,0.0057623833417892,66.2001953125,0.0001678466796875,0.3380244374275207,False,False,False,16,19575,24210,amherst_ma
z16/19575_24211.png,z16/19575_24211.png,0.0071313311656316,42.0,0.0022430419921875,0.3408742845058441,False,False,False,16,19575,24211,amherst_ma
z16/19575_24212.png,z16/19575_24212.png,0.0069741214315096,55.7998046875,0.0054168701171875,0.33967125415802,False,False,False,16,19575,24212,amherst_ma
z16/19575_24213.png,z16/19575_24213.png,0.0068044756849606,73.80078125,0.0181884765625,0.338912159204483,False,False,False,16,19575,24213,amherst_ma
z16/19575_24214.png,z16/19575_24214.png,0.0076682090759277,64.900390625,0.0037078857421875,0.3434454798698425,False,False,False,16,19575,24214,amherst_ma
z16/19575_24215.png,z16/19575_24215.png,0.013080471754074,80.5,7.62939453125e-05,0.3463925719261169,False,False,False,16,19575,24215,amherst_ma
z16/19575_24216.png,z16/19575_24216.png,0.0143503407637278,93.30078125,0.0192413330078125,0.3449308276176452,False,False,False,16,19575,24216,amherst_ma
z16/19575_24217.png,z16/19575_24217.png,0.008406330148379,56.400390625,0.0379486083984375,0.3496473431587219,False,False,False,16,19575,24217,amherst_ma
z16/19575_24218.png,z16/19575_24218.png,0.007221653064092,29.0,0.006256103515625,0.3587477505207062,False,False,False,16,19575,24218,amherst_ma
z16/19575_24219.png,z16/19575_24219.png,0.0047676170865694,58.2001953125,0.0544281005859375,0.3470054864883423,False,False,False,16,19575,24219,amherst_ma
z16/19575_24220.png,z16/19575_24220.png,0.0048966233928998,80.5,0.0081329345703125,0.3467309474945068,False,False,False,16,19575,24220,amherst_ma
z16/19575_24221.png,z16/19575_24221.png,0.0075883338848749,55.3994140625,0.0069732666015625,0.352145254611969,False,False,False,16,19575,24221,amherst_ma
z16/19575_24222.png,z16/19575_24222.png,0.0047322859366734,43.2001953125,0.0029449462890625,0.3495148420333862,False,False,False,16,19575,24222,amherst_ma
z16/19575_24223.png,z16/19575_24223.png,0.0081309969226519,59.400390625,0.01385498046875,0.3453491628170013,False,False,False,16,19575,24223,amherst_ma
z16/19575_24224.png,z16/19575_24224.png,0.0054078380266825,54.2998046875,0.030853271484375,0.3440550565719604,False,False,False,16,19575,24224,amherst_ma
z16/19575_24225.png,z16/19575_24225.png,0.0080600197116533,42.3994140625,0.0055389404296875,0.3547986447811126,False,False,False,16,19575,24225,amherst_ma
z16/19575_24226.png,z16/19575_24226.png,0.0075585479537645,74.2998046875,0.02178955078125,0.3518121838569641,False,False,False,16,19575,24226,amherst_ma
z16/19575_24227.png,z16/19575_24227.png,0.0140520721673965,64.099609375,0.065032958984375,0.3483267724514007,False,False,False,16,19575,24227,amherst_ma
z16/19575_24228.png,z16/19575_24228.png,0.0110459297895431,59.7001953125,0.01849365234375,0.3449529111385345,False,False,False,16,19575,24228,amherst_ma
z16/19575_24229.png,z16/19575_24229.png,0.0086702247460683,59.5,0.0283203125,0.3474563062191009,False,False,False,16,19575,24229,amherst_ma
z16/19575_24230.png,z16/19575_24230.png,0.0099677056074142,72.7001953125,0.0237884521484375,0.3482461273670196,False,False,False,16,19575,24230,amherst_ma
z16/19575_24231.png,z16/19575_24231.png,0.009779072801272,84.400390625,0.0311431884765625,0.3458317816257477,False,False,False,16,19575,24231,amherst_ma
z16/19575_24232.png,z16/19575_24232.png,0.0098012775182724,83.7001953125,0.007354736328125,0.3437873721122741,False,False,False,16,19575,24232,amherst_ma
z16/19575_24233.png,z16/19575_24233.png,0.0090097099542617,85.2998046875,0.00885009765625,0.3456620573997497,False,False,False,16,19575,24233,amherst_ma
z16/19575_24234.png,z16/19575_24234.png,0.0137306888898213,80.7998046875,0.0253143310546875,0.3507435023784637,False,False,False,16,19575,24234,amherst_ma
z16/19575_24235.png,z16/19575_24235.png,0.0046850721041361,41.2998046875,0.00244140625,0.3505961894989013,False,False,False,16,19575,24235,amherst_ma
z16/19575_24236.png,z16/19575_24236.png,0.0061439434687296,21.5,0.0117645263671875,0.3501996994018554,False,False,False,16,19575,24236,amherst_ma
z16/19575_24237.png,z16/19575_24237.png,0.0051105837027231,44.5,0.0292816162109375,0.3454515933990478,False,False,False,16,19575,24237,amherst_ma
z16/19575_24238.png,z16/19575_24238.png,0.0062155187129974,53.0,0.00445556640625,0.3428370952606201,False,False,False,16,19575,24238,amherst_ma
z16/19575_24239.png,z16/19575_24239.png,0.007155451675256,60.5,0.006378173828125,0.3479438424110412,False,False,False,16,19575,24239,amherst_ma
z16/19575_24240.png,z16/19575_24240.png,0.0095327426989873,44.5,0.0071258544921875,0.3563197553157806,False,False,False,16,19575,24240,amherst_ma
z16/19575_24241.png,z16/19575_24241.png,0.0038700528442859,14.2001953125,0.0,0.3521091341972351,False,False,False,16,19575,24241,amherst_ma
z16/19575_24242.png,z16/19575_24242.png,0.0028441958129405,12.7998046875,0.0,0.3446580469608307,False,False,False,16,19575,24242,amherst_ma
z16/19575_24243.png,z16/19575_24243.png,0.0022374168038368,10.900390625,0.0,0.3467001914978027,False,False,False,16,19575,24243,amherst_ma
z16/19575_24244.png,z16/19575_24244.png,0.0032776700953642,31.599609375,0.0001373291015625,0.347184270620346,False,False,False,16,19575,24244,amherst_ma
z16/19575_24245.png,z16/19575_24245.png,0.0041715229550997,54.7998046875,0.0147247314453125,0.3415994048118591,False,False,False,16,19575,24245,amherst_ma
z16/19575_24246.png,z16/19575_24246.png,0.0036328576505184,30.400390625,0.0,0.3461975455284118,False,False,False,16,19575,24246,amherst_ma
z16/19575_24247.png,z16/19575_24247.png,0.0019516982138156,7.5,0.0,0.3463387489318847,False,False,False,16,19575,24247,amherst_ma
z16/19575_24248.png,z16/19575_24248.png,0.0026622667908668,6.5,0.0,0.34632208943367,False,False,False,16,19575,24248,amherst_ma
z16/19575_24249.png,z16/19575_24249.png,0.0025084880491097,6.599609375,0.0,0.3382187783718109,False,False,False,16,19575,24249,amherst_ma
z16/19575_24250.png,z16/19575_24250.png,0.0053161561489105,44.7998046875,0.0287017822265625,0.3446158766746521,False,False,False,16,19575,24250,amherst_ma
z16/19575_24251.png,z16/19575_24251.png,0.0089312970638275,58.2001953125,0.01776123046875,0.342808187007904,False,False,False,16,19575,24251,amherst_ma
z16/19575_24252.png,z16/19575_24252.png,0.0096262961626052,46.7998046875,0.0008087158203125,0.3522536158561706,False,False,False,16,19575,24252,amherst_ma
z16/19575_24253.png,z16/19575_24253.png,0.0093445599079132,37.2001953125,0.0261688232421875,0.3510901033878326,False,False,False,16,19575,24253,amherst_ma
z16/19575_24254.png,z16/19575_24254.png,0.0134954243898391,64.900390625,0.0118408203125,0.3447250723838806,False,False,False,16,19575,24254,amherst_ma
z16/19575_24255.png,z16/19575_24255.png,0.0109892547130584,44.099609375,0.020355224609375,0.3311811089515686,False,False,False,16,19575,24255,amherst_ma
z16/19575_24256.png,z16/19575_24256.png,0.0104306648174921,42.7998046875,0.0314788818359375,0.3321649134159088,False,False,False,16,19575,24256,amherst_ma
z16/19575_24257.png,z16/19575_24257.png,0.0115877916415532,49.0,0.00421142578125,0.3365938067436218,False,False,False,16,19575,24257,amherst_ma
z16/19575_24258.png,z16/19575_24258.png,0.0081037789583206,36.099609375,0.0096588134765625,0.3454845249652862,False,False,False,16,19575,24258,amherst_ma
z16/19575_24259.png,z16/19575_24259.png,0.004979753990968,14.5,0.0,0.3447555005550384,False,False,False,16,19575,24259,amherst_ma
z16/19575_24260.png,z16/19575_24260.png,0.0041897366444269,13.1005859375,0.0,0.3351209759712219,False,False,False,16,19575,24260,amherst_ma
z16/19575_24261.png,z16/19575_24261.png,0.0028755915661652,3.5,0.0,0.3371393084526062,False,False,False,16,19575,24261,amherst_ma
z16/19575_24262.png,z16/19575_24262.png,0.0025129581491152,2.80078125,0.0,0.3380874395370483,False,False,False,16,19575,24262,amherst_ma
z16/19575_24263.png,z16/19575_24263.png,0.0022689578433831,4.2998046875,0.0,0.3381591439247131,False,False,False,16,19575,24263,amherst_ma
z16/19575_24264.png,z16/19575_24264.png,0.005252335468928,6.2998046875,0.0,0.3409940898418426,False,False,False,16,19575,24264,amherst_ma
z16/19575_24265.png,z16/19575_24265.png,0.009474895397822,36.900390625,0.0,0.3408016562461853,False,False,False,16,19575,24265,amherst_ma
z16/19575_24266.png,z16/19575_24266.png,0.0094129105408986,37.5,0.00830078125,0.3364053070545196,False,False,False,16,19575,24266,amherst_ma
z16/19575_24267.png,z16/19575_24267.png,0.0060449903210004,27.2001953125,0.0285186767578125,0.338933527469635,False,False,False,16,19575,24267,amherst_ma
z16/19575_24268.png,z16/19575_24268.png,0.0062787140409151,37.5,0.0191802978515625,0.331678569316864,False,False,False,16,19575,24268,amherst_ma
z16/19575_24269.png,z16/19575_24269.png,0.0058335329095522,27.80078125,0.0169525146484375,0.3461955487728119,False,False,False,16,19575,24269,amherst_ma
z16/19575_24270.png,z16/19575_24270.png,0.0056314080953598,65.2998046875,0.0587005615234375,0.3367948830127716,False,False,False,16,19575,24270,amherst_ma
z16/19575_24271.png,z16/19575_24271.png,0.0082058295607566,65.2998046875,0.0122222900390625,0.331859827041626,False,False,False,16,19575,24271,amherst_ma
z16/19576_24200.png,z16/19576_24200.png,0.0064717868963877,47.400390625,0.008758544921875,0.351883202791214,False,False,False,16,19576,24200,amherst_ma
z16/19576_24201.png,z16/19576_24201.png,0.0049351349472999,69.400390625,0.001220703125,0.3393791317939758,False,False,False,16,19576,24201,amherst_ma
z16/19576_24202.png,z16/19576_24202.png,0.005601788063844,42.5,0.006866455078125,0.3365842700004577,False,False,False,16,19576,24202,amherst_ma
z16/19576_24203.png,z16/19576_24203.png,0.0067405328154563,42.6005859375,0.0001983642578125,0.3508592247962951,False,False,False,16,19576,24203,amherst_ma
z16/19576_24204.png,z16/19576_24204.png,0.0091726720333099,98.2998046875,0.0598602294921875,0.3507615923881531,False,False,False,16,19576,24204,amherst_ma
z16/19576_24205.png,z16/19576_24205.png,0.0091564993063608,90.2001953125,0.0466766357421875,0.3467866778373718,False,False,False,16,19576,24205,amherst_ma
z16/19576_24206.png,z16/19576_24206.png,0.0047671288251876,61.099609375,0.0509185791015625,0.3434211313724518,False,False,False,16,19576,24206,amherst_ma
z16/19576_24207.png,z16/19576_24207.png,0.0065441866715749,65.1005859375,0.0209503173828125,0.349327802658081,False,False,False,16,19576,24207,amherst_ma
z16/19576_24208.png,z16/19576_24208.png,0.003692028671503,65.2001953125,0.0023193359375,0.3516777157783508,False,False,False,16,19576,24208,amherst_ma
z16/19576_24209.png,z16/19576_24209.png,0.0062483802437782,86.5,0.05743408203125,0.3426116108894348,False,False,False,16,19576,24209,amherst_ma
z16/19576_24210.png,z16/19576_24210.png,0.0053067723910013,51.5,0.0009307861328125,0.341105580329895,False,False,False,16,19576,24210,amherst_ma
z16/19576_24211.png,z16/19576_24211.png,0.0059405773878097,35.7998046875,0.012908935546875,0.3404478132724762,False,False,False,16,19576,24211,amherst_ma
z16/19576_24212.png,z16/19576_24212.png,0.0073465834061304,52.69921875,0.006072998046875,0.3410168588161468,False,False,False,16,19576,24212,amherst_ma
z16/19576_24213.png,z16/19576_24213.png,0.0102393180131912,87.900390625,0.0015411376953125,0.3387261629104614,False,False,False,16,19576,24213,amherst_ma
z16/19576_24214.png,z16/19576_24214.png,0.0080773800611495,94.3994140625,0.00592041015625,0.3432933986186981,False,False,False,16,19576,24214,amherst_ma
z16/19576_24215.png,z16/19576_24215.png,0.0075157915552457,62.7998046875,0.0249176025390625,0.348936378955841,False,False,False,16,19576,24215,amherst_ma
z16/19576_24216.png,z16/19576_24216.png,0.0063713446259498,35.2998046875,0.00970458984375,0.3522087335586548,False,False,False,16,19576,24216,amherst_ma
z16/19576_24217.png,z16/19576_24217.png,0.007505540549755,29.8994140625,0.0088653564453125,0.3515028953552246,False,False,False,16,19576,24217,amherst_ma
z16/19576_24218.png,z16/19576_24218.png,0.0057823156317075,55.7998046875,0.0092315673828125,0.3509317338466644,False,False,False,16,19576,24218,amherst_ma
z16/19576_24219.png,z16/19576_24219.png,0.0050331726670265,68.7001953125,0.0021209716796875,0.3409803509712219,False,False,False,16,19576,24219,amherst_ma
z16/19576_24220.png,z16/19576_24220.png,0.0052453344066937,38.599609375,0.0005950927734375,0.3457617163658142,False,False,False,16,19576,24220,amherst_ma
z16/19576_24221.png,z16/19576_24221.png,0.0080561871329943,52.7998046875,0.0191497802734375,0.3492535650730133,False,False,False,16,19576,24221,amherst_ma
z16/19576_24222.png,z16/19576_24222.png,0.0065848355491956,44.2998046875,0.0085601806640625,0.3536452353000641,False,False,False,16,19576,24222,amherst_ma
z16/19576_24223.png,z16/19576_24223.png,0.0068873355786005,65.6005859375,0.00347900390625,0.341855525970459,False,False,False,16,19576,24223,amherst_ma
z16/19576_24224.png,z16/19576_24224.png,0.0073600813746452,80.099609375,0.0119171142578125,0.3408059477806091,False,False,False,16,19576,24224,amherst_ma
z16/19576_24225.png,z16/19576_24225.png,0.0101393183072408,59.5,0.005096435546875,0.3599570691585541,False,False,False,16,19576,24225,amherst_ma
z16/19576_24226.png,z16/19576_24226.png,0.0115208059549331,61.0,0.0025787353515625,0.3515249490737915,False,False,False,16,19576,24226,amherst_ma
z16/19576_24227.png,z16/19576_24227.png,0.0088140000899632,40.7001953125,0.019287109375,0.345717191696167,False,False,False,16,19576,24227,amherst_ma
z16/19576_24228.png,z16/19576_24228.png,0.0081010535359382,49.0,0.0237579345703125,0.3414455950260162,False,False,False,16,19576,24228,amherst_ma
z16/19576_24229.png,z16/19576_24229.png,0.0101705422004063,57.900390625,0.0008544921875,0.3444312214851379,False,False,False,16,19576,24229,amherst_ma
z16/19576_24230.png,z16/19576_24230.png,0.0094414840141932,64.0,0.005615234375,0.3440470397472381,False,False,False,16,19576,24230,amherst_ma
z16/19576_24231.png,z16/19576_24231.png,0.0100669195254643,59.80078125,0.0027923583984375,0.3448148071765899,False,False,False,16,19576,24231,amherst_ma
z16/19576_24232.png,z16/19576_24232.png,0.0162228196859359,90.900390625,0.0363616943359375,0.340888500213623,False,False,False,16,19576,24232,amherst_ma
z16/19576_24233.png,z16/19576_24233.png,0.0158386647701263,126.19921875,0.0069427490234375,0.3474214673042297,False,False,False,16,19576,24233,amherst_ma
z16/19576_24234.png,z16/19576_24234.png,0.0145151664813359,61.7998046875,0.0271453857421875,0.358805239200592,False,False,False,16,19576,24234,amherst_ma
z16/19576_24235.png,z16/19576_24235.png,0.0085398803154627,55.0,0.017181396484375,0.3494553864002228,False,False,False,16,19576,24235,amherst_ma
z16/19576_24236.png,z16/19576_24236.png,0.0053610245386759,62.599609375,0.010223388671875,0.3441673517227173,False,False,False,16,19576,24236,amherst_ma
z16/19576_24237.png,z16/19576_24237.png,0.0036640567084153,64.7998046875,0.00384521484375,0.3345761001110077,False,False,False,16,19576,24237,amherst_ma
z16/19576_24238.png,z16/19576_24238.png,0.0053350696961085,67.0,0.003662109375,0.3423349261283874,False,False,False,16,19576,24238,amherst_ma
z16/19576_24239.png,z16/19576_24239.png,0.0067315156261126,75.7001953125,0.0155792236328125,0.3423576951026916,False,False,False,16,19576,24239,amherst_ma
z16/19576_24240.png,z16/19576_24240.png,0.0069951916734377,43.599609375,0.03509521484375,0.3472355604171753,False,False,False,16,19576,24240,amherst_ma
z16/19576_24241.png,z16/19576_24241.png,0.0046801264087359,33.1005859375,0.01239013671875,0.3510679900646209,False,False,False,16,19576,24241,amherst_ma
z16/19576_24242.png,z16/19576_24242.png,0.0043809746702512,13.5,0.0,0.3481969833374023,False,False,False,16,19576,24242,amherst_ma
z16/19576_24243.png,z16/19576_24243.png,0.0036489335199197,17.6005859375,0.0,0.3463656604290008,False,False,False,16,19576,24243,amherst_ma
z16/19576_24244.png,z16/19576_24244.png,0.0042927359541257,20.6005859375,0.0,0.3403685688972473,False,False,False,16,19576,24244,amherst_ma
z16/19576_24245.png,z16/19576_24245.png,0.0073227991660435,29.599609375,0.0009307861328125,0.3485422730445862,False,False,False,16,19576,24245,amherst_ma
z16/19576_24246.png,z16/19576_24246.png,0.0108592063188552,43.7001953125,0.0191192626953125,0.3519006073474884,False,False,False,16,19576,24246,amherst_ma
z16/19576_24247.png,z16/19576_24247.png,0.0035646672050158,15.2001953125,0.0,0.3488181829452514,False,False,False,16,19576,24247,amherst_ma
z16/19576_24248.png,z16/19576_24248.png,0.0027814291417598,12.0,0.0,0.3473066687583923,False,False,False,16,19576,24248,amherst_ma
z16/19576_24249.png,z16/19576_24249.png,0.0041719247897466,12.2998046875,0.0,0.3365471065044403,False,False,False,16,19576,24249,amherst_ma
z16/19576_24250.png,z16/19576_24250.png,0.0066950167218844,45.7998046875,0.043914794921875,0.3423177003860473,False,False,False,16,19576,24250,amherst_ma
z16/19576_24251.png,z16/19576_24251.png,0.0081596429149309,38.5,0.0019989013671875,0.3427352905273437,False,False,False,16,19576,24251,amherst_ma
z16/19576_24252.png,z16/19576_24252.png,0.0074978207548459,53.19921875,0.0378570556640625,0.3355781435966491,False,False,False,16,19576,24252,amherst_ma
z16/19576_24253.png,z16/19576_24253.png,0.0083258767922719,35.2001953125,0.0,0.341697484254837,False,False,False,16,19576,24253,amherst_ma
z16/19576_24254.png,z16/19576_24254.png,0.015616171558698,67.0,0.0,0.3349189758300781,False,False,False,16,19576,24254,amherst_ma
z16/19576_24255.png,z16/19576_24255.png,0.0076594864328702,40.2998046875,0.0099334716796875,0.3328397870063782,False,False,False,16,19576,24255,amherst_ma
z16/19576_24256.png,z16/19576_24256.png,0.0122036466995875,63.5,0.0177001953125,0.3321362137794494,False,False,False,16,19576,24256,amherst_ma
z16/19576_24257.png,z16/19576_24257.png,0.0106886267662048,51.599609375,0.0,0.3403580784797668,False,False,False,16,19576,24257,amherst_ma
z16/19576_24258.png,z16/19576_24258.png,0.008771605292956,23.1005859375,0.02532958984375,0.3495951890945434,False,False,False,16,19576,24258,amherst_ma
z16/19576_24259.png,z16/19576_24259.png,0.0042206928133964,10.2998046875,0.0,0.345983624458313,False,False,False,16,19576,24259,amherst_ma
z16/19576_24260.png,z16/19576_24260.png,0.0050033579270044,14.099609375,0.0,0.3464089334011078,False,False,False,16,19576,24260,amherst_ma
z16/19576_24261.png,z16/19576_24261.png,0.00332879225413,3.0,0.0,0.346128761768341,False,False,False,16,19576,24261,amherst_ma
z16/19576_24262.png,z16/19576_24262.png,0.0027612512310345,5.2001953125,0.0,0.3376835286617279,False,False,False,16,19576,24262,amherst_ma
z16/19576_24263.png,z16/19576_24263.png,0.0042827879389127,7.0,0.0,0.3419047892093658,False,False,False,16,19576,24263,amherst_ma
z16/19576_24264.png,z16/19576_24264.png,0.0064460575580596,32.7001953125,0.0,0.3403320908546448,False,False,False,16,19576,24264,amherst_ma
z16/19576_24265.png,z16/19576_24265.png,0.0067047600944836,50.099609375,0.0190887451171875,0.3330443799495697,False,False,False,16,19576,24265,amherst_ma
z16/19576_24266.png,z16/19576_24266.png,0.0048202956716219,33.5,0.001556396484375,0.3306139707565307,False,False,False,16,19576,24266,amherst_ma
z16/19576_24267.png,z16/19576_24267.png,0.007505955795447,61.2998046875,0.0547027587890625,0.3287979662418365,False,False,False,16,19576,24267,amherst_ma
z16/19576_24268.png,z16/19576_24268.png,0.0043020943800608,64.900390625,0.014404296875,0.3275567591190338,False,False,False,16,19576,24268,amherst_ma
z16/19576_24269.png,z16/19576_24269.png,0.007264187435309,56.599609375,0.0135650634765625,0.3335469663143158,False,False,False,16,19576,24269,amherst_ma
z16/19576_24270.png,z16/19576_24270.png,0.0036555680135885,49.7998046875,0.0203399658203125,0.3321015536785126,False,False,False,16,19576,24270,amherst_ma
z16/19576_24271.png,z16/19576_24271.png,0.0068321744600931,42.19921875,0.00152587890625,0.3319219648838043,False,False,False,16,19576,24271,amherst_ma
z16/19577_24200.png,z16/19577_24200.png,0.0083774516979853,49.599609375,0.0017547607421875,0.3449908494949341,False,False,False,16,19577,24200,amherst_ma
z16/19577_24201.png,z16/19577_24201.png,0.0044168204069137,22.2001953125,0.0029296875,0.3380709588527679,False,False,False,16,19577,24201,amherst_ma
z16/19577_24202.png,z16/19577_24202.png,0.0057146141926447,47.400390625,0.0091705322265625,0.3435699343681335,False,False,False,16,19577,24202,amherst_ma
z16/19577_24203.png,z16/19577_24203.png,0.0052960177262624,57.599609375,0.021484375,0.3456480503082275,False,False,False,16,19577,24203,amherst_ma
z16/19577_24204.png,z16/19577_24204.png,0.0063517570495605,51.0,0.018768310546875,0.3494642674922943,False,False,False,16,19577,24204,amherst_ma
z16/19577_24205.png,z16/19577_24205.png,0.0047970195611317,66.1005859375,0.0160980224609375,0.3535552322864532,False,False,False,16,19577,24205,amherst_ma
z16/19577_24206.png,z16/19577_24206.png,0.0057912031809488,54.400390625,0.00225830078125,0.3485423326492309,False,False,False,16,19577,24206,amherst_ma
z16/19577_24207.png,z16/19577_24207.png,0.0084489007790883,51.7998046875,0.003570556640625,0.3493535220623016,False,False,False,16,19577,24207,amherst_ma
z16/19577_24208.png,z16/19577_24208.png,0.0082065959771474,77.599609375,0.0150299072265625,0.3458032310009002,False,False,False,16,19577,24208,amherst_ma
z16/19577_24209.png,z16/19577_24209.png,0.0076077759265899,71.2001953125,0.0327606201171875,0.3428274393081665,False,False,False,16,19577,24209,amherst_ma
z16/19577_24210.png,z16/19577_24210.png,0.0051995272437731,49.400390625,0.00262451171875,0.3430013656616211,False,False,False,16,19577,24210,amherst_ma
z16/19577_24211.png,z16/19577_24211.png,0.0055443142851193,22.7998046875,0.00421142578125,0.3514604270458221,False,False,False,16,19577,24211,amherst_ma
z16/19577_24212.png,z16/19577_24212.png,0.0072935168941815,70.0,0.009918212890625,0.3417234718799591,False,False,False,16,19577,24212,amherst_ma
z16/19577_24213.png,z16/19577_24213.png,0.0053372184435526,52.099609375,0.0334320068359375,0.3477371335029602,False,False,False,16,19577,24213,amherst_ma
z16/19577_24214.png,z16/19577_24214.png,0.0056700527667999,67.1005859375,0.002838134765625,0.3447214066982269,False,False,False,16,19577,24214,amherst_ma
z16/19577_24215.png,z16/19577_24215.png,0.0093949884176254,59.2998046875,0.0092926025390625,0.3468084931373596,False,False,False,16,19577,24215,amherst_ma
z16/19577_24216.png,z16/19577_24216.png,0.006797736386458,67.400390625,0.0283660888671875,0.3461894989013672,False,False,False,16,19577,24216,amherst_ma
z16/19577_24217.png,z16/19577_24217.png,0.0094322641690572,67.099609375,0.045745849609375,0.3508461415767669,False,False,False,16,19577,24217,amherst_ma
z16/19577_24218.png,z16/19577_24218.png,0.0055073549350102,64.19921875,0.01318359375,0.3458408415317535,False,False,False,16,19577,24218,amherst_ma
z16/19577_24219.png,z16/19577_24219.png,0.0051268701752026,46.2001953125,0.00054931640625,0.3461778461933136,False,False,False,16,19577,24219,amherst_ma
z16/19577_24220.png,z16/19577_24220.png,0.0058557654420534,32.900390625,0.0074920654296875,0.343838095664978,False,False,False,16,19577,24220,amherst_ma
z16/19577_24221.png,z16/19577_24221.png,0.0060800010959307,43.5,0.0072021484375,0.3488267660140991,False,False,False,16,19577,24221,amherst_ma
z16/19577_24222.png,z16/19577_24222.png,0.007259415090084,48.0,0.007537841796875,0.3440857529640198,False,False,False,16,19577,24222,amherst_ma
z16/19577_24223.png,z16/19577_24223.png,0.005803016324838,35.900390625,0.0002593994140625,0.3457297086715698,False,False,False,16,19577,24223,amherst_ma
z16/19577_24224.png,z16/19577_24224.png,0.0064224819342295,47.0,0.0124664306640625,0.3516895771026611,False,False,False,16,19577,24224,amherst_ma
z16/19577_24225.png,z16/19577_24225.png,0.0070233071843783,64.69921875,0.02642822265625,0.3519463241100311,False,False,False,16,19577,24225,amherst_ma
z16/19577_24226.png,z16/19577_24226.png,0.0074930946032206,66.7998046875,0.0045928955078125,0.3419387936592102,False,False,False,16,19577,24226,amherst_ma
z16/19577_24227.png,z16/19577_24227.png,0.0079859688878059,60.7998046875,0.0270843505859375,0.3370147943496704,False,False,False,16,19577,24227,amherst_ma
z16/19577_24228.png,z16/19577_24228.png,0.0049689690272013,51.5,0.005279541015625,0.3348832726478576,False,False,False,16,19577,24228,amherst_ma
z16/19577_24229.png,z16/19577_24229.png,0.0038317747414112,34.1005859375,0.0021514892578125,0.337617814540863,False,False,False,16,19577,24229,amherst_ma
z16/19577_24230.png,z16/19577_24230.png,0.0095097333192825,55.7001953125,0.0001068115234375,0.3407135009765625,False,False,False,16,19577,24230,amherst_ma
z16/19577_24231.png,z16/19577_24231.png,0.0102547864119211,79.7001953125,0.012420654296875,0.3468284606933594,False,False,False,16,19577,24231,amherst_ma
z16/19577_24232.png,z16/19577_24232.png,0.0059007654587427,71.099609375,0.0315399169921875,0.3499451279640198,False,False,False,16,19577,24232,amherst_ma
z16/19577_24233.png,z16/19577_24233.png,0.006883414586385,42.599609375,0.0035247802734375,0.3558686971664428,False,False,False,16,19577,24233,amherst_ma
z16/19577_24234.png,z16/19577_24234.png,0.0095740318298339,53.599609375,0.007659912109375,0.359881728887558,False,False,False,16,19577,24234,amherst_ma
z16/19577_24235.png,z16/19577_24235.png,0.002651809155941,46.400390625,0.005584716796875,0.3425830602645874,False,False,False,16,19577,24235,amherst_ma
z16/19577_24236.png,z16/19577_24236.png,0.0039383269846439,57.2001953125,0.0056304931640625,0.3423904478549957,False,False,False,16,19577,24236,amherst_ma
z16/19577_24237.png,z16/19577_24237.png,0.0053940375645955,59.599609375,0.00396728515625,0.3455598950386047,False,False,False,16,19577,24237,amherst_ma
z16/19577_24238.png,z16/19577_24238.png,0.0084164808193842,54.3994140625,0.0199737548828125,0.3420464098453522,False,False,False,16,19577,24238,amherst_ma
z16/19577_24239.png,z16/19577_24239.png,0.0083318670590718,95.099609375,0.0003509521484375,0.3351357877254486,False,False,False,16,19577,24239,amherst_ma
z16/19577_24240.png,z16/19577_24240.png,0.0074237967530886,90.7998046875,0.0035552978515625,0.3366199135780334,False,False,False,16,19577,24240,amherst_ma
z16/19577_24241.png,z16/19577_24241.png,0.0081233670314153,89.0,0.03302001953125,0.3438076376914978,False,False,False,16,19577,24241,amherst_ma
z16/19577_24242.png,z16/19577_24242.png,0.0071307137608528,60.6005859375,0.0189056396484375,0.3406679034233093,False,False,False,16,19577,24242,amherst_ma
z16/19577_24243.png,z16/19577_24243.png,0.0055504699548085,44.2998046875,0.008026123046875,0.3439140915870666,False,False,False,16,19577,24243,amherst_ma
z16/19577_24244.png,z16/19577_24244.png,0.0068871140480041,23.7998046875,0.0,0.3431084454059601,False,False,False,16,19577,24244,amherst_ma
z16/19577_24245.png,z16/19577_24245.png,0.0125317404667536,32.1005859375,0.00048828125,0.3474124670028686,False,False,False,16,19577,24245,amherst_ma
z16/19577_24246.png,z16/19577_24246.png,0.0104770908753077,39.2998046875,0.034698486328125,0.3397674262523651,False,False,False,16,19577,24246,amherst_ma
z16/19577_24247.png,z16/19577_24247.png,0.0063267350196838,22.7998046875,0.0,0.3539476096630096,False,False,False,16,19577,24247,amherst_ma
z16/19577_24248.png,z16/19577_24248.png,0.0038163440922896,17.69921875,0.018707275390625,0.3497193455696106,False,False,False,16,19577,24248,amherst_ma
z16/19577_24249.png,z16/19577_24249.png,0.0036246555546919,19.1005859375,0.0,0.339219868183136,False,False,False,16,19577,24249,amherst_ma
z16/19577_24250.png,z16/19577_24250.png,0.006645892560482,64.5,0.0278778076171875,0.3426084220409393,False,False,False,16,19577,24250,amherst_ma
z16/19577_24251.png,z16/19577_24251.png,0.0116002649068832,64.2998046875,0.0078582763671875,0.3442975878715515,False,False,False,16,19577,24251,amherst_ma
z16/19577_24252.png,z16/19577_24252.png,0.0109831800063451,35.0,0.023284912109375,0.3509390354156494,False,False,False,16,19577,24252,amherst_ma
z16/19577_24253.png,z16/19577_24253.png,0.008062154551347,31.6005859375,0.0099639892578125,0.3489497601985931,False,False,False,16,19577,24253,amherst_ma
z16/19577_24254.png,z16/19577_24254.png,0.0092893461386362,45.900390625,0.0125885009765625,0.3460984826087951,False,False,False,16,19577,24254,amherst_ma
z16/19577_24255.png,z16/19577_24255.png,0.0068082163731257,49.30078125,0.0039215087890625,0.3432919681072235,False,False,False,16,19577,24255,amherst_ma
z16/19577_24256.png,z16/19577_24256.png,0.0086856434742609,41.099609375,0.015869140625,0.3412673473358154,False,False,False,16,19577,24256,amherst_ma
z16/19577_24257.png,z16/19577_24257.png,0.0091719945271809,22.7998046875,0.0,0.3427603244781494,False,False,False,16,19577,24257,amherst_ma
z16/19577_24258.png,z16/19577_24258.png,0.0066741541028022,23.7001953125,0.0,0.3446599245071411,False,False,False,16,19577,24258,amherst_ma
z16/19577_24259.png,z16/19577_24259.png,0.002976752569278,6.0,0.0,0.3447939157485962,False,False,False,16,19577,24259,amherst_ma
z16/19577_24260.png,z16/19577_24260.png,0.0023965547482172,4.6005859375,0.0,0.3414054811000824,False,False,False,16,19577,24260,amherst_ma
z16/19577_24261.png,z16/19577_24261.png,0.0028540819883346,7.2998046875,0.0,0.335054486989975,False,False,False,16,19577,24261,amherst_ma
z16/19577_24262.png,z16/19577_24262.png,0.0027884585162003,7.1005859375,0.0,0.3361308872699737,False,False,False,16,19577,24262,amherst_ma
z16/19577_24263.png,z16/19577_24263.png,0.0062520037094751,25.0,0.0,0.3419983983039856,False,False,False,16,19577,24263,amherst_ma
z16/19577_24264.png,z16/19577_24264.png,0.0077497055133183,39.599609375,0.010894775390625,0.3391524255275726,False,False,False,16,19577,24264,amherst_ma
z16/19577_24265.png,z16/19577_24265.png,0.0073497354984283,46.1005859375,0.005523681640625,0.3301112949848175,False,False,False,16,19577,24265,amherst_ma
z16/19577_24266.png,z16/19577_24266.png,0.0069643194476763,54.7998046875,0.0438385009765625,0.3270152807235718,False,False,False,16,19577,24266,amherst_ma
z16/19577_24267.png,z16/19577_24267.png,0.0072028090556462,79.6005859375,0.0026702880859375,0.3264491856098175,False,False,False,16,19577,24267,amherst_ma
z16/19577_24268.png,z16/19577_24268.png,0.0061565284927686,84.400390625,0.007904052734375,0.3255837559700012,False,False,False,16,19577,24268,amherst_ma
z16/19577_24269.png,z16/19577_24269.png,0.0076208939154942,71.3994140625,0.0035400390625,0.3331335783004761,False,False,False,16,19577,24269,amherst_ma
z16/19577_24270.png,z16/19577_24270.png,0.0061600774526596,53.8994140625,0.034088134765625,0.3343819081783294,False,False,False,16,19577,24270,amherst_ma
z16/19577_24271.png,z16/19577_24271.png,0.0064829503496487,43.900390625,0.0197296142578125,0.3334828019142151,False,False,False,16,19577,24271,amherst_ma
z16/19578_24200.png,z16/19578_24200.png,0.0038625722130139,39.7001953125,0.003814697265625,0.3383060395717621,False,False,False,16,19578,24200,amherst_ma
z16/19578_24201.png,z16/19578_24201.png,0.0052667796611785,48.8994140625,0.0005035400390625,0.3425106406211853,False,False,False,16,19578,24201,amherst_ma
z16/19578_24202.png,z16/19578_24202.png,0.006882760922114,59.5,0.0007171630859375,0.3436045348644256,False,False,False,16,19578,24202,amherst_ma
z16/19578_24203.png,z16/19578_24203.png,0.0049889251589775,54.900390625,0.0069427490234375,0.3489786386489868,False,False,False,16,19578,24203,amherst_ma
z16/19578_24204.png,z16/19578_24204.png,0.0084646761417388,38.2998046875,0.01678466796875,0.3517361879348755,False,False,False,16,19578,24204,amherst_ma
z16/19578_24205.png,z16/19578_24205.png,0.0033329124252001,56.5,0.0041046142578125,0.3490044772624969,False,False,False,16,19578,24205,amherst_ma
z16/19578_24206.png,z16/19578_24206.png,0.0046541805068651,44.2001953125,0.0142669677734375,0.3474023640155792,False,False,False,16,19578,24206,amherst_ma
z16/19578_24207.png,z16/19578_24207.png,0.0040053151547908,61.599609375,0.011077880859375,0.3466696739196777,False,False,False,16,19578,24207,amherst_ma
z16/19578_24208.png,z16/19578_24208.png,0.0095321704943974,79.80078125,0.0236358642578125,0.3497867882251739,False,False,False,16,19578,24208,amherst_ma
z16/19578_24209.png,z16/19578_24209.png,0.0138045559326807,73.0,0.0088958740234375,0.3441220223903656,False,False,False,16,19578,24209,amherst_ma
z16/19578_24210.png,z16/19578_24210.png,0.0106656362613042,73.19921875,0.0,0.3451542854309082,False,False,False,16,19578,24210,amherst_ma
z16/19578_24211.png,z16/19578_24211.png,0.0080096508065859,57.5,0.0011749267578125,0.3437866866588592,False,False,False,16,19578,24211,amherst_ma
z16/19578_24212.png,z16/19578_24212.png,0.0042843371629714,38.2001953125,0.0049285888671875,0.3398869037628174,False,False,False,16,19578,24212,amherst_ma
z16/19578_24213.png,z16/19578_24213.png,0.0045953293641408,33.7998046875,0.000244140625,0.3404901921749115,False,False,False,16,19578,24213,amherst_ma
z16/19578_24214.png,z16/19578_24214.png,0.0119422624508539,59.900390625,0.0018310546875,0.3437054753303528,False,False,False,16,19578,24214,amherst_ma
z16/19578_24215.png,z16/19578_24215.png,0.0113543321688969,65.2998046875,0.002227783203125,0.3432797491550445,False,False,False,16,19578,24215,amherst_ma
z16/19578_24216.png,z16/19578_24216.png,0.0062962775429089,67.0,0.002044677734375,0.3430074155330658,False,False,False,16,19578,24216,amherst_ma
z16/19578_24217.png,z16/19578_24217.png,0.010548182328542,60.900390625,0.0285797119140625,0.3536134958267212,False,False,False,16,19578,24217,amherst_ma
z16/19578_24218.png,z16/19578_24218.png,0.0047396635015805,39.2998046875,0.007080078125,0.3455570340156555,False,False,False,16,19578,24218,amherst_ma
z16/19578_24219.png,z16/19578_24219.png,0.0056599527597427,37.7001953125,0.0053558349609375,0.347813069820404,False,False,False,16,19578,24219,amherst_ma
z16/19578_24220.png,z16/19578_24220.png,0.0057751407225926,35.0,0.0041351318359375,0.3480545878410339,False,False,False,16,19578,24220,amherst_ma
z16/19578_24221.png,z16/19578_24221.png,0.0060165584087371,38.19921875,0.0042266845703125,0.3507542908191681,False,False,False,16,19578,24221,amherst_ma
z16/19578_24222.png,z16/19578_24222.png,0.0046831826368967,28.099609375,0.012359619140625,0.3483280539512634,False,False,False,16,19578,24222,amherst_ma
z16/19578_24223.png,z16/19578_24223.png,0.0053680464625358,38.6005859375,0.0017547607421875,0.3503669500350952,False,False,False,16,19578,24223,amherst_ma
z16/19578_24224.png,z16/19578_24224.png,0.0071395014723141,44.5,0.007598876953125,0.3501766920089721,False,False,False,16,19578,24224,amherst_ma
z16/19578_24225.png,z16/19578_24225.png,0.0057831555604934,52.5,0.0004119873046875,0.3418959081172943,False,False,False,16,19578,24225,amherst_ma
z16/19578_24226.png,z16/19578_24226.png,0.0045564661423365,46.2001953125,0.0134124755859375,0.339260846376419,False,False,False,16,19578,24226,amherst_ma
z16/19578_24227.png,z16/19578_24227.png,0.0063128873705863,47.2001953125,0.0059661865234375,0.3389089107513428,False,False,False,16,19578,24227,amherst_ma
z16/19578_24228.png,z16/19578_24228.png,0.0050376534461975,38.80078125,0.0027008056640625,0.3357532024383545,False,False,False,16,19578,24228,amherst_ma
z16/19578_24229.png,z16/19578_24229.png,0.0040035776793956,33.0,0.0016326904296875,0.3408538103103637,False,False,False,16,19578,24229,amherst_ma
z16/19578_24230.png,z16/19578_24230.png,0.0078783849875132,71.400390625,0.00048828125,0.3404292464256286,False,False,False,16,19578,24230,amherst_ma
z16/19578_24231.png,z16/19578_24231.png,0.0062758311629295,69.099609375,0.0110626220703125,0.3416694402694702,False,False,False,16,19578,24231,amherst_ma
z16/19578_24232.png,z16/19578_24232.png,0.0041266024112701,46.7001953125,0.0118255615234375,0.3430384993553161,False,False,False,16,19578,24232,amherst_ma
z16/19578_24233.png,z16/19578_24233.png,0.0032846614718437,25.400390625,0.0016021728515625,0.3467803001403808,False,False,False,16,19578,24233,amherst_ma
z16/19578_24234.png,z16/19578_24234.png,0.0103595674037933,35.2998046875,0.013031005859375,0.3568440973758697,False,False,False,16,19578,24234,amherst_ma
z16/19578_24235.png,z16/19578_24235.png,0.0048056403795878,52.80078125,0.0053863525390625,0.3480742871761322,False,False,False,16,19578,24235,amherst_ma
z16/19578_24236.png,z16/19578_24236.png,0.0020461248854796,38.2001953125,0.01068115234375,0.3433505296707153,False,False,False,16,19578,24236,amherst_ma
z16/19578_24237.png,z16/19578_24237.png,0.0025686301290988,40.5,0.01239013671875,0.3428797423839569,False,False,False,16,19578,24237,amherst_ma
z16/19578_24238.png,z16/19578_24238.png,0.0051660031080245,29.2001953125,0.00115966796875,0.3413211405277252,False,False,False,16,19578,24238,amherst_ma
z16/19578_24239.png,z16/19578_24239.png,0.0064217095573743,59.5,0.001708984375,0.3412581384181976,False,False,False,16,19578,24239,amherst_ma
z16/19578_24240.png,z16/19578_24240.png,0.0070897753039995,85.900390625,0.0168914794921875,0.3368426561355591,False,False,False,16,19578,24240,amherst_ma
z16/19578_24241.png,z16/19578_24241.png,0.0102768997351328,85.7998046875,0.001861572265625,0.3353531956672668,False,False,False,16,19578,24241,amherst_ma
z16/19578_24242.png,z16/19578_24242.png,0.0107106308142344,115.099609375,0.009185791015625,0.3363461196422577,False,False,False,16,19578,24242,amherst_ma
z16/19578_24243.png,z16/19578_24243.png,0.0115952024857203,106.900390625,0.0225830078125,0.3407336175441742,False,False,False,16,19578,24243,amherst_ma
z16/19578_24244.png,z16/19578_24244.png,0.0118703176577885,74.7001953125,0.0,0.3398661911487579,False,False,False,16,19578,24244,amherst_ma
z16/19578_24245.png,z16/19578_24245.png,0.0050372719764709,24.900390625,0.0,0.3412458598613739,False,False,False,16,19578,24245,amherst_ma
z16/19578_24246.png,z16/19578_24246.png,0.0082809602220853,37.0,0.0138702392578125,0.3450683951377868,False,False,False,16,19578,24246,amherst_ma
z16/19578_24247.png,z16/19578_24247.png,0.0056085636218388,19.5,0.0,0.3492134809494018,False,False,False,16,19578,24247,amherst_ma
z16/19578_24248.png,z16/19578_24248.png,0.0044904505213101,16.900390625,0.0,0.3450077176094055,False,False,False,16,19578,24248,amherst_ma
z16/19578_24249.png,z16/19578_24249.png,0.0038884667058785,23.5,0.0,0.3404151499271393,False,False,False,16,19578,24249,amherst_ma
z16/19578_24250.png,z16/19578_24250.png,0.0073727165659268,72.6005859375,0.00946044921875,0.3429651856422424,False,False,False,16,19578,24250,amherst_ma
z16/19578_24251.png,z16/19578_24251.png,0.0086881895860036,47.400390625,0.0233306884765625,0.3475194871425628,False,False,False,16,19578,24251,amherst_ma
z16/19578_24252.png,z16/19578_24252.png,0.007638968527317,36.0,0.0,0.346096932888031,False,False,False,16,19578,24252,amherst_ma
z16/19578_24253.png,z16/19578_24253.png,0.0083863486846288,25.900390625,0.0,0.3439854383468628,False,False,False,16,19578,24253,amherst_ma
z16/19578_24254.png,z16/19578_24254.png,0.0082584301630655,25.8994140625,0.0,0.3431925475597381,False,False,False,16,19578,24254,amherst_ma
z16/19578_24255.png,z16/19578_24255.png,0.0045644342899322,13.3994140625,0.0,0.3534570038318634,False,False,False,16,19578,24255,amherst_ma
z16/19578_24256.png,z16/19578_24256.png,0.0080416947603225,21.2001953125,0.0,0.3492345213890075,False,False,False,16,19578,24256,amherst_ma
z16/19578_24257.png,z16/19578_24257.png,0.0076483344038327,19.19921875,0.0,0.3433901965618133,False,False,False,16,19578,24257,amherst_ma
z16/19578_24258.png,z16/19578_24258.png,0.0022468616565068,6.80078125,0.0,0.3417453467845917,False,False,False,16,19578,24258,amherst_ma
z16/19578_24259.png,z16/19578_24259.png,0.0020974424978097,6.19921875,0.0,0.3447540998458862,False,False,False,16,19578,24259,amherst_ma
z16/19578_24260.png,z16/19578_24260.png,0.002484954893589,6.7998046875,0.0,0.342501699924469,False,False,False,16,19578,24260,amherst_ma
z16/19578_24261.png,z16/19578_24261.png,0.0032624011238416,8.7998046875,0.0,0.3417332768440246,False,False,False,16,19578,24261,amherst_ma
z16/19578_24262.png,z16/19578_24262.png,0.0045691490173339,17.900390625,0.0079345703125,0.3410644829273224,False,False,False,16,19578,24262,amherst_ma
z16/19578_24263.png,z16/19578_24263.png,0.0064007873336474,22.599609375,0.0,0.3377096652984619,False,False,False,16,19578,24263,amherst_ma
z16/19578_24264.png,z16/19578_24264.png,0.0105184435844421,41.3994140625,0.002838134765625,0.3395839035511017,False,False,False,16,19578,24264,amherst_ma
z16/19578_24265.png,z16/19578_24265.png,0.0049807116389274,33.19921875,0.0028228759765625,0.3337840139865875,False,False,False,16,19578,24265,amherst_ma
z16/19578_24266.png,z16/19578_24266.png,0.007037807504336,66.3994140625,0.05865478515625,0.3260353803634643,False,False,False,16,19578,24266,amherst_ma
z16/19578_24267.png,z16/19578_24267.png,0.008327667415142,49.5,0.00189208984375,0.3262707591056824,False,False,False,16,19578,24267,amherst_ma
z16/19578_24268.png,z16/19578_24268.png,0.0087667445341746,57.400390625,7.62939453125e-05,0.3290224969387054,False,False,False,16,19578,24268,amherst_ma
z16/19578_24269.png,z16/19578_24269.png,0.0088225791851679,52.5,0.0357513427734375,0.3310343325138092,False,False,False,16,19578,24269,amherst_ma
z16/19578_24270.png,z16/19578_24270.png,0.006023055811723,43.599609375,0.023956298828125,0.3337256014347076,False,False,False,16,19578,24270,amherst_ma
z16/19578_24271.png,z16/19578_24271.png,0.0050757373372713,34.5,0.0276641845703125,0.3339689075946808,False,False,False,16,19578,24271,amherst_ma
z16/19579_24200.png,z16/19579_24200.png,0.0065158675114313,40.099609375,0.01812744140625,0.3490326702594757,False,False,False,16,19579,24200,amherst_ma
z16/19579_24201.png,z16/19579_24201.png,0.0049050688743591,44.7998046875,0.044708251953125,0.3472973108291626,False,False,False,16,19579,24201,amherst_ma
z16/19579_24202.png,z16/19579_24202.png,0.0046761910120646,36.400390625,0.013214111328125,0.3535131812095642,False,False,False,16,19579,24202,amherst_ma
z16/19579_24203.png,z16/19579_24203.png,0.003105109433333,21.400390625,0.0,0.3555189967155456,False,False,False,16,19579,24203,amherst_ma
z16/19579_24204.png,z16/19579_24204.png,0.005174712340037,32.2001953125,0.0,0.3517518639564514,False,False,False,16,19579,24204,amherst_ma
z16/19579_24205.png,z16/19579_24205.png,0.0053741122285525,76.900390625,0.0115814208984375,0.3470913767814636,False,False,False,16,19579,24205,amherst_ma
z16/19579_24206.png,z16/19579_24206.png,0.0072018787264823,56.7001953125,0.0362548828125,0.3436647355556488,False,False,False,16,19579,24206,amherst_ma
z16/19579_24207.png,z16/19579_24207.png,0.0066501716772715,65.0,0.043243408203125,0.3486983180046081,False,False,False,16,19579,24207,amherst_ma
z16/19579_24208.png,z16/19579_24208.png,0.0051054696242014,32.30078125,0.0054168701171875,0.3521328866481781,False,False,False,16,19579,24208,amherst_ma
z16/19579_24209.png,z16/19579_24209.png,0.0075962195793787,24.7001953125,0.0,0.352580577135086,False,False,False,16,19579,24209,amherst_ma
z16/19579_24210.png,z16/19579_24210.png,0.0046520898739496,28.7001953125,0.0623016357421875,0.348399817943573,False,False,False,16,19579,24210,amherst_ma
z16/19579_24211.png,z16/19579_24211.png,0.0042211547493934,30.2001953125,0.0006256103515625,0.343844473361969,False,False,False,16,19579,24211,amherst_ma
z16/19579_24212.png,z16/19579_24212.png,0.0064733137687047,25.3994140625,0.0010223388671875,0.3427936732769012,False,False,False,16,19579,24212,amherst_ma
z16/19579_24213.png,z16/19579_24213.png,0.0074256171782811,44.400390625,0.0073394775390625,0.3419015407562256,False,False,False,16,19579,24213,amherst_ma
z16/19579_24214.png,z16/19579_24214.png,0.0057046150167783,42.7998046875,0.0006561279296875,0.3390566706657409,False,False,False,16,19579,24214,amherst_ma
z16/19579_24215.png,z16/19579_24215.png,0.0033443289498488,29.1005859375,0.0010833740234375,0.3376307189464569,False,False,False,16,19579,24215,amherst_ma
z16/19579_24216.png,z16/19579_24216.png,0.005280382434527,50.7001953125,0.002349853515625,0.3368636071681976,False,False,False,16,19579,24216,amherst_ma
z16/19579_24217.png,z16/19579_24217.png,0.0091243187586466,49.7998046875,0.0135498046875,0.3501770496368408,False,False,False,16,19579,24217,amherst_ma
z16/19579_24218.png,z16/19579_24218.png,0.0036662876605987,35.7998046875,0.0050506591796875,0.3488664925098419,False,False,False,16,19579,24218,amherst_ma
z16/19579_24219.png,z16/19579_24219.png,0.00370770941178,41.7998046875,0.0097198486328125,0.3423792421817779,False,False,False,16,19579,24219,amherst_ma
z16/19579_24220.png,z16/19579_24220.png,0.0046557888388633,30.69921875,0.0193328857421875,0.3526974022388458,False,False,False,16,19579,24220,amherst_ma
z16/19579_24221.png,z16/19579_24221.png,0.0028907522559165,12.7001953125,0.0,0.3478327095508575,False,False,False,16,19579,24221,amherst_ma
z16/19579_24222.png,z16/19579_24222.png,0.0022871094445387,17.7001953125,0.002532958984375,0.3452461957931518,False,False,False,16,19579,24222,amherst_ma
z16/19579_24223.png,z16/19579_24223.png,0.0030716640253861,24.69921875,0.0006256103515625,0.3401151895523071,False,False,False,16,19579,24223,amherst_ma
z16/19579_24224.png,z16/19579_24224.png,0.0058529421687126,33.2998046875,0.003173828125,0.3496758341789245,False,False,False,16,19579,24224,amherst_ma
z16/19579_24225.png,z16/19579_24225.png,0.0022661586602528,33.5,0.015625,0.3390069305896759,False,False,False,16,19579,24225,amherst_ma
z16/19579_24226.png,z16/19579_24226.png,0.0030184440314769,29.7001953125,0.01690673828125,0.3391345739364624,False,False,False,16,19579,24226,amherst_ma
z16/19579_24227.png,z16/19579_24227.png,0.0070821051796277,42.6005859375,0.0142974853515625,0.3380496501922607,False,False,False,16,19579,24227,amherst_ma
z16/19579_24228.png,z16/19579_24228.png,0.008275955915451,55.099609375,0.0187225341796875,0.3399127423763275,False,False,False,16,19579,24228,amherst_ma
z16/19579_24229.png,z16/19579_24229.png,0.0055123363931973,44.599609375,0.0033416748046875,0.342987984418869,False,False,False,16,19579,24229,amherst_ma
z16/19579_24230.png,z16/19579_24230.png,0.006510812540849,40.6005859375,0.00390625,0.346425712108612,False,False,False,16,19579,24230,amherst_ma
z16/19579_24231.png,z16/19579_24231.png,0.0081924850742022,49.099609375,0.0110626220703125,0.3501009941101074,False,False,False,16,19579,24231,amherst_ma
z16/19579_24232.png,z16/19579_24232.png,0.0083387563625971,29.900390625,0.0045928955078125,0.3509935438632965,False,False,False,16,19579,24232,amherst_ma
z16/19579_24233.png,z16/19579_24233.png,0.006592280169328,34.2998046875,0.0300140380859375,0.348888635635376,False,False,False,16,19579,24233,amherst_ma
z16/19579_24234.png,z16/19579_24234.png,0.0082811723152796,47.6005859375,0.003753662109375,0.3606292605400085,False,False,False,16,19579,24234,amherst_ma
z16/19579_24235.png,z16/19579_24235.png,0.008173693716526,51.2001953125,0.004058837890625,0.3553864657878876,False,False,False,16,19579,24235,amherst_ma
z16/19579_24236.png,z16/19579_24236.png,0.0025642628471056,53.1005859375,0.008636474609375,0.3397165238857269,False,False,False,16,19579,24236,amherst_ma
z16/19579_24237.png,z16/19579_24237.png,0.0050666138529777,57.7998046875,0.0021514892578125,0.341100811958313,False,False,False,16,19579,24237,amherst_ma
z16/19579_24238.png,z16/19579_24238.png,0.0091056297222773,65.599609375,0.0133819580078125,0.3401965796947479,False,False,False,16,19579,24238,amherst_ma
z16/19579_24239.png,z16/19579_24239.png,0.0080542117357254,45.400390625,0.0013885498046875,0.3437278270721435,False,False,False,16,19579,24239,amherst_ma
z16/19579_24240.png,z16/19579_24240.png,0.0078981652855873,49.5,0.070068359375,0.3410431742668152,False,False,False,16,19579,24240,amherst_ma
z16/19579_24241.png,z16/19579_24241.png,0.0072540159026781,41.900390625,0.0327911376953125,0.3394356667995453,False,False,False,16,19579,24241,amherst_ma
z16/19579_24242.png,z16/19579_24242.png,0.0114879012107849,81.5,0.01239013671875,0.3372673392295837,False,False,False,16,19579,24242,amherst_ma
z16/19579_24243.png,z16/19579_24243.png,0.0060865680376688,72.0,0.0034027099609375,0.3345709443092346,False,False,False,16,19579,24243,amherst_ma
z16/19579_24244.png,z16/19579_24244.png,0.0053594743212064,62.3994140625,0.0260009765625,0.3387102782726288,False,False,False,16,19579,24244,amherst_ma
z16/19579_24245.png,z16/19579_24245.png,0.0066495925188064,32.3994140625,0.000579833984375,0.3421486914157867,False,False,False,16,19579,24245,amherst_ma
z16/19579_24246.png,z16/19579_24246.png,0.0109409809112548,32.0,0.0038604736328125,0.3442107737064361,False,False,False,16,19579,24246,amherst_ma
z16/19579_24247.png,z16/19579_24247.png,0.0085429966449737,37.8994140625,0.0,0.3423008620738983,False,False,False,16,19579,24247,amherst_ma
z16/19579_24248.png,z16/19579_24248.png,0.0025107386211554,17.400390625,0.0,0.3424710929393768,False,False,False,16,19579,24248,amherst_ma
z16/19579_24249.png,z16/19579_24249.png,0.0038230116168657,43.5,0.034698486328125,0.3569309115409851,False,False,False,16,19579,24249,amherst_ma
z16/19579_24250.png,z16/19579_24250.png,0.0056115239858627,51.5,0.0042877197265625,0.3506732583045959,False,False,False,16,19579,24250,amherst_ma
z16/19579_24251.png,z16/19579_24251.png,0.0064596320192019,25.7001953125,0.0318756103515625,0.3570458889007568,False,False,False,16,19579,24251,amherst_ma
z16/19579_24252.png,z16/19579_24252.png,0.0075643733143806,22.2998046875,0.0,0.3480231165885925,False,False,False,16,19579,24252,amherst_ma
z16/19579_24253.png,z16/19579_24253.png,0.0060567816098531,18.400390625,0.0,0.3421576917171478,False,False,False,16,19579,24253,amherst_ma
z16/19579_24254.png,z16/19579_24254.png,0.0076765884955724,30.5,0.0335845947265625,0.3483504951000213,False,False,False,16,19579,24254,amherst_ma
z16/19579_24255.png,z16/19579_24255.png,0.0055682947238286,27.5,0.0,0.3514578938484192,False,False,False,16,19579,24255,amherst_ma
z16/19579_24256.png,z16/19579_24256.png,0.0037126230696837,13.2001953125,0.0,0.3427626490592956,False,False,False,16,19579,24256,amherst_ma
z16/19579_24257.png,z16/19579_24257.png,0.0039686838785807,8.900390625,0.0,0.3435518741607666,False,False,False,16,19579,24257,amherst_ma
z16/19579_24258.png,z16/19579_24258.png,0.004878215988477,18.69921875,0.0,0.3427191078662872,False,False,False,16,19579,24258,amherst_ma
z16/19579_24259.png,z16/19579_24259.png,0.0049936100840568,18.80078125,0.0149688720703125,0.3439402878284454,False,False,False,16,19579,24259,amherst_ma
z16/19579_24260.png,z16/19579_24260.png,0.0032724757989247,16.2998046875,0.0,0.3389925360679626,False,False,False,16,19579,24260,amherst_ma
z16/19579_24261.png,z16/19579_24261.png,0.0033655156691869,11.2998046875,0.0,0.3386109173297882,False,False,False,16,19579,24261,amherst_ma
z16/19579_24262.png,z16/19579_24262.png,0.0075751562913258,29.0,0.0,0.3382229804992676,False,False,False,16,19579,24262,amherst_ma
z16/19579_24263.png,z16/19579_24263.png,0.008061841626962,29.7998046875,0.0028839111328125,0.336772620677948,False,False,False,16,19579,24263,amherst_ma
z16/19579_24264.png,z16/19579_24264.png,0.0085373391707738,55.099609375,0.037445068359375,0.3362733423709869,False,False,False,16,19579,24264,amherst_ma
z16/19579_24265.png,z16/19579_24265.png,0.0063047632575035,65.0,0.0185394287109375,0.3345578908920288,False,False,False,16,19579,24265,amherst_ma
z16/19579_24266.png,z16/19579_24266.png,0.0090041081110636,66.0,0.00164794921875,0.3326249420642853,False,False,False,16,19579,24266,amherst_ma
z16/19579_24267.png,z16/19579_24267.png,0.0048180674513181,27.3994140625,0.0079803466796875,0.3316335380077362,False,False,False,16,19579,24267,amherst_ma
z16/19579_24268.png,z16/19579_24268.png,0.0034075359503428,23.0,0.0246429443359375,0.3315474987030029,False,False,False,16,19579,24268,amherst_ma
z16/19579_24269.png,z16/19579_24269.png,0.0045161897937456,42.8994140625,0.0317230224609375,0.3332714438438415,False,False,False,16,19579,24269,amherst_ma
z16/19579_24270.png,z16/19579_24270.png,0.0045586387316385,40.5,0.0030059814453125,0.3318434655666351,False,False,False,16,19579,24270,amherst_ma
z16/19579_24271.png,z16/19579_24271.png,0.0035786002874374,32.5,0.000762939453125,0.3390259146690368,False,False,False,16,19579,24271,amherst_ma
z16/19580_24200.png,z16/19580_24200.png,0.0037362001836299,18.5,0.0059051513671875,0.3529832363128662,False,False,False,16,19580,24200,amherst_ma
z16/19580_24201.png,z16/19580_24201.png,0.0040869166453679,20.5,0.0,0.3490133285522461,False,False,False,16,19580,24201,amherst_ma
z16/19580_24202.png,z16/19580_24202.png,0.0035317808389663,34.099609375,0.0002288818359375,0.3478321731090545,False,False,False,16,19580,24202,amherst_ma
z16/19580_24203.png,z16/19580_24203.png,0.0044621840119361,26.0,0.0,0.3501457273960113,False,False,False,16,19580,24203,amherst_ma
z16/19580_24204.png,z16/19580_24204.png,0.0067663460969924,27.69921875,0.007080078125,0.349869966506958,False,False,False,16,19580,24204,amherst_ma
z16/19580_24205.png,z16/19580_24205.png,0.0075143794218699,85.80078125,0.0449371337890625,0.3471122086048126,False,False,False,16,19580,24205,amherst_ma
z16/19580_24206.png,z16/19580_24206.png,0.006472057600816,57.599609375,0.010833740234375,0.3517298102378845,False,False,False,16,19580,24206,amherst_ma
z16/19580_24207.png,z16/19580_24207.png,0.0059989675879478,47.30078125,0.00567626953125,0.3465842604637146,False,False,False,16,19580,24207,amherst_ma
z16/19580_24208.png,z16/19580_24208.png,0.0066588913400967,21.7998046875,0.0,0.3533968031406402,False,False,False,16,19580,24208,amherst_ma
z16/19580_24209.png,z16/19580_24209.png,0.0039855775733788,21.19921875,0.0,0.3559816479682922,False,False,False,16,19580,24209,amherst_ma
z16/19580_24210.png,z16/19580_24210.png,0.0055234293142954,38.7001953125,0.03515625,0.3516052365303039,False,False,False,16,19580,24210,amherst_ma
z16/19580_24211.png,z16/19580_24211.png,0.0051542734106381,39.2001953125,0.0026397705078125,0.3462350368499756,False,False,False,16,19580,24211,amherst_ma
z16/19580_24212.png,z16/19580_24212.png,0.004097660879294,18.900390625,0.00225830078125,0.3454653620719909,False,False,False,16,19580,24212,amherst_ma
z16/19580_24213.png,z16/19580_24213.png,0.0033866850038369,31.5,0.01361083984375,0.3414346575736999,False,False,False,16,19580,24213,amherst_ma
z16/19580_24214.png,z16/19580_24214.png,0.0052368253469467,31.2998046875,0.0001373291015625,0.3417609333992004,False,False,False,16,19580,24214,amherst_ma
z16/19580_24215.png,z16/19580_24215.png,0.0068822885553042,44.099609375,0.006622314453125,0.341776967048645,False,False,False,16,19580,24215,amherst_ma
z16/19580_24216.png,z16/19580_24216.png,0.0057236755887667,37.7998046875,0.0165863037109375,0.3454381823539734,False,False,False,16,19580,24216,amherst_ma
z16/19580_24217.png,z16/19580_24217.png,0.0067414715886116,36.400390625,0.0037689208984375,0.3508758544921875,False,False,False,16,19580,24217,amherst_ma
z16/19580_24218.png,z16/19580_24218.png,0.0030807313819726,26.7998046875,0.0004425048828125,0.3518036901950836,False,False,False,16,19580,24218,amherst_ma
z16/19580_24219.png,z16/19580_24219.png,0.0040854317446549,26.2998046875,0.0022125244140625,0.3458810150623321,False,False,False,16,19580,24219,amherst_ma
z16/19580_24220.png,z16/19580_24220.png,0.0037367885311444,22.599609375,0.00726318359375,0.3431268334388733,False,False,False,16,19580,24220,amherst_ma
z16/19580_24221.png,z16/19580_24221.png,0.0025649632016817,16.1005859375,0.0,0.3475772142410278,False,False,False,16,19580,24221,amherst_ma
z16/19580_24222.png,z16/19580_24222.png,0.0033974081277847,13.900390625,0.0,0.3467386960983276,False,False,False,16,19580,24222,amherst_ma
z16/19580_24223.png,z16/19580_24223.png,0.0040732247134049,18.5,0.0,0.347843736410141,False,False,False,16,19580,24223,amherst_ma
z16/19580_24224.png,z16/19580_24224.png,0.0055008396506309,18.7001953125,0.0,0.3463741540908813,False,False,False,16,19580,24224,amherst_ma
z16/19580_24225.png,z16/19580_24225.png,0.0034847095608711,23.5,0.0,0.3459257185459137,False,False,False,16,19580,24225,amherst_ma
z16/19580_24226.png,z16/19580_24226.png,0.0036698728799819,17.0,0.0,0.3432843685150146,False,False,False,16,19580,24226,amherst_ma
z16/19580_24227.png,z16/19580_24227.png,0.00376591583093,25.1005859375,0.0,0.3422749042510986,False,False,False,16,19580,24227,amherst_ma
z16/19580_24228.png,z16/19580_24228.png,0.003058586269617,26.1005859375,0.0100555419921875,0.339087575674057,False,False,False,16,19580,24228,amherst_ma
z16/19580_24229.png,z16/19580_24229.png,0.0033485027650992,44.5,0.02923583984375,0.3403598070144653,False,False,False,16,19580,24229,amherst_ma
z16/19580_24230.png,z16/19580_24230.png,0.0040038312474886,66.3994140625,0.0102691650390625,0.3553773760795593,False,False,False,16,19580,24230,amherst_ma
z16/19580_24231.png,z16/19580_24231.png,0.0069809307654698,82.5,0.0090484619140625,0.3504654765129089,False,False,False,16,19580,24231,amherst_ma
z16/19580_24232.png,z16/19580_24232.png,0.005016840994358,47.2001953125,0.00848388671875,0.3534945845603943,False,False,False,16,19580,24232,amherst_ma
z16/19580_24233.png,z16/19580_24233.png,0.0049726739525794,38.69921875,0.021026611328125,0.3563179969787597,False,False,False,16,19580,24233,amherst_ma
z16/19580_24234.png,z16/19580_24234.png,0.0096679121255874,42.0,0.00421142578125,0.3564920425415039,False,False,False,16,19580,24234,amherst_ma
z16/19580_24235.png,z16/19580_24235.png,0.0053248127301534,26.6005859375,0.0256805419921875,0.3602901995182037,False,False,False,16,19580,24235,amherst_ma
z16/19580_24236.png,z16/19580_24236.png,0.004472966492176,30.0,0.03326416015625,0.3474527895450592,False,False,False,16,19580,24236,amherst_ma
z16/19580_24237.png,z16/19580_24237.png,0.006346546113491,52.0,0.055694580078125,0.3402207791805267,False,False,False,16,19580,24237,amherst_ma
z16/19580_24238.png,z16/19580_24238.png,0.0069833363095919,59.0,0.0021514892578125,0.3421055376529693,False,False,False,16,19580,24238,amherst_ma
z16/19580_24239.png,z16/19580_24239.png,0.004631836215655,25.7998046875,0.0092315673828125,0.3410013914108276,False,False,False,16,19580,24239,amherst_ma
z16/19580_24240.png,z16/19580_24240.png,0.0047711128989855,26.400390625,0.0033416748046875,0.3398854732513428,False,False,False,16,19580,24240,amherst_ma
z16/19580_24241.png,z16/19580_24241.png,0.0075408399105072,40.6005859375,0.000335693359375,0.3466835021972656,False,False,False,16,19580,24241,amherst_ma
z16/19580_24242.png,z16/19580_24242.png,0.0097797979911168,77.7001953125,0.0190887451171875,0.3401441872119903,False,False,False,16,19580,24242,amherst_ma
z16/19580_24243.png,z16/19580_24243.png,0.0100786507129669,64.6005859375,0.031829833984375,0.3407873809337616,False,False,False,16,19580,24243,amherst_ma
z16/19580_24244.png,z16/19580_24244.png,0.0090851575136184,62.2998046875,0.0434417724609375,0.3423510193824768,False,False,False,16,19580,24244,amherst_ma
z16/19580_24245.png,z16/19580_24245.png,0.0048823381463686,73.400390625,0.0384063720703125,0.336509108543396,False,False,False,16,19580,24245,amherst_ma
z16/19580_24246.png,z16/19580_24246.png,0.0049071162939071,59.7001953125,0.0051116943359375,0.337877094745636,False,False,False,16,19580,24246,amherst_ma
z16/19580_24247.png,z16/19580_24247.png,0.0127705732981363,81.7998046875,0.0147857666015625,0.3393184542655945,False,False,False,16,19580,24247,amherst_ma
z16/19580_24248.png,z16/19580_24248.png,0.0085794389247894,38.0,0.0446624755859375,0.3415327966213226,False,False,False,16,19580,24248,amherst_ma
z16/19580_24249.png,z16/19580_24249.png,0.0073122829198837,60.7998046875,0.0220184326171875,0.3515421152114868,False,False,False,16,19580,24249,amherst_ma
z16/19580_24250.png,z16/19580_24250.png,0.0074345563848813,53.599609375,0.0074615478515625,0.3447026312351227,False,False,False,16,19580,24250,amherst_ma
z16/19580_24251.png,z16/19580_24251.png,0.005656823515892,48.1005859375,0.0099945068359375,0.3401418924331665,False,False,False,16,19580,24251,amherst_ma
z16/19580_24252.png,z16/19580_24252.png,0.007269412279129,36.400390625,0.0206451416015625,0.3436583280563354,False,False,False,16,19580,24252,amherst_ma
z16/19580_24253.png,z16/19580_24253.png,0.0090293288230896,28.19921875,0.0,0.3430146276950836,False,False,False,16,19580,24253,amherst_ma
z16/19580_24254.png,z16/19580_24254.png,0.0048514386018117,21.2998046875,0.0,0.3466682434082031,False,False,False,16,19580,24254,amherst_ma
z16/19580_24255.png,z16/19580_24255.png,0.0062340309222539,27.599609375,0.0,0.3477864861488342,False,False,False,16,19580,24255,amherst_ma
z16/19580_24256.png,z16/19580_24256.png,0.0050454164544741,25.19921875,0.0,0.3443937301635742,False,False,False,16,19580,24256,amherst_ma
z16/19580_24257.png,z16/19580_24257.png,0.0040467138091723,26.2998046875,0.0040283203125,0.3399145305156708,False,False,False,16,19580,24257,amherst_ma
z16/19580_24258.png,z16/19580_24258.png,0.0071193834145863,36.099609375,0.004119873046875,0.341275691986084,False,False,False,16,19580,24258,amherst_ma
z16/19580_24259.png,z16/19580_24259.png,0.0038177957137425,14.30078125,0.0,0.3403840661048889,False,False,False,16,19580,24259,amherst_ma
z16/19580_24260.png,z16/19580_24260.png,0.0045072520772616,16.0,0.0,0.3387203812599182,False,False,False,16,19580,24260,amherst_ma
z16/19580_24261.png,z16/19580_24261.png,0.0066724389791488,27.5,0.036529541015625,0.3390840888023376,False,False,False,16,19580,24261,amherst_ma
z16/19580_24262.png,z16/19580_24262.png,0.005710582435131,28.2001953125,0.0126190185546875,0.3406130075454712,False,False,False,16,19580,24262,amherst_ma
z16/19580_24263.png,z16/19580_24263.png,0.0057005365689595,38.19921875,0.00146484375,0.336300253868103,False,False,False,16,19580,24263,amherst_ma
z16/19580_24264.png,z16/19580_24264.png,0.0059891447424888,68.900390625,0.00384521484375,0.3277276456356048,False,False,False,16,19580,24264,amherst_ma
z16/19580_24265.png,z16/19580_24265.png,0.005122002462546,50.5,0.017303466796875,0.3311400711536407,False,False,False,16,19580,24265,amherst_ma
z16/19580_24266.png,z16/19580_24266.png,0.0052669644355773,44.5,0.000396728515625,0.3309033513069153,False,False,False,16,19580,24266,amherst_ma
z16/19580_24267.png,z16/19580_24267.png,0.0046649023890495,17.8994140625,0.0142059326171875,0.3343392014503479,False,False,False,16,19580,24267,amherst_ma
z16/19580_24268.png,z16/19580_24268.png,0.0032473435004552,20.599609375,0.0041351318359375,0.3322383463382721,False,False,False,16,19580,24268,amherst_ma
z16/19580_24269.png,z16/19580_24269.png,0.0084292491277058,41.5,0.001220703125,0.3394386172294616,False,False,False,16,19580,24269,amherst_ma
z16/19580_24270.png,z16/19580_24270.png,0.0040405010183652,28.5,0.0004119873046875,0.3349196314811706,False,False,False,16,19580,24270,amherst_ma
z16/19580_24271.png,z16/19580_24271.png,0.0037613113721211,34.2998046875,0.00335693359375,0.3398458659648895,False,False,False,16,19580,24271,amherst_ma
z16/19581_24200.png,z16/19581_24200.png,0.0023116628328959,18.7001953125,0.0077362060546875,0.3568759560585022,False,False,False,16,19581,24200,amherst_ma
z16/19581_24201.png,z16/19581_24201.png,0.0027946097155412,17.400390625,0.0,0.3626784384250641,False,False,False,16,19581,24201,amherst_ma
z16/19581_24202.png,z16/19581_24202.png,0.0028508253395557,18.2998046875,0.0,0.3591165244579315,False,False,False,16,19581,24202,amherst_ma
z16/19581_24203.png,z16/19581_24203.png,0.0029625706374645,18.0,0.0,0.3545750081539154,False,False,False,16,19581,24203,amherst_ma
z16/19581_24204.png,z16/19581_24204.png,0.007166705528895,19.80078125,0.0,0.3373898267745971,False,False,False,16,19581,24204,amherst_ma
z16/19581_24205.png,z16/19581_24205.png,0.0044288426637649,62.5,0.061309814453125,0.3433168530464172,False,False,False,16,19581,24205,amherst_ma
z16/19581_24206.png,z16/19581_24206.png,0.0057175556818644,44.30078125,0.0014190673828125,0.3502535820007324,False,False,False,16,19581,24206,amherst_ma
z16/19581_24207.png,z16/19581_24207.png,0.0043182983994483,24.7998046875,0.0,0.3505926430225372,False,False,False,16,19581,24207,amherst_ma
z16/19581_24208.png,z16/19581_24208.png,0.0039334927995999,26.2001953125,0.0129547119140625,0.350576102733612,False,False,False,16,19581,24208,amherst_ma
z16/19581_24209.png,z16/19581_24209.png,0.003440539787213,20.7998046875,0.0053253173828125,0.3486982583999634,False,False,False,16,19581,24209,amherst_ma
z16/19581_24210.png,z16/19581_24210.png,0.0041438795626163,24.900390625,0.0016632080078125,0.3470276594161987,False,False,False,16,19581,24210,amherst_ma
z16/19581_24211.png,z16/19581_24211.png,0.0033212492863337,22.30078125,0.0151519775390625,0.347108244895935,False,False,False,16,19581,24211,amherst_ma
z16/19581_24212.png,z16/19581_24212.png,0.0027785641451676,15.400390625,0.0,0.3489938974380493,False,False,False,16,19581,24212,amherst_ma
z16/19581_24213.png,z16/19581_24213.png,0.0032107919454574,26.0,0.019287109375,0.3402485847473144,False,False,False,16,19581,24213,amherst_ma
z16/19581_24214.png,z16/19581_24214.png,0.0034703525404135,21.7001953125,0.0010833740234375,0.3420308232307434,False,False,False,16,19581,24214,amherst_ma
z16/19581_24215.png,z16/19581_24215.png,0.0038378998637199,23.2998046875,0.002532958984375,0.3537209033966064,False,False,False,16,19581,24215,amherst_ma
z16/19581_24216.png,z16/19581_24216.png,0.0058065364758173,17.30078125,0.0084991455078125,0.3553245663642883,False,False,False,16,19581,24216,amherst_ma
z16/19581_24217.png,z16/19581_24217.png,0.0059257139762242,43.900390625,0.0042724609375,0.3465980291366577,False,False,False,16,19581,24217,amherst_ma
z16/19581_24218.png,z16/19581_24218.png,0.0040118704239527,52.400390625,0.0519866943359375,0.3376600742340088,False,False,False,16,19581,24218,amherst_ma
z16/19581_24219.png,z16/19581_24219.png,0.0037212381760279,42.2998046875,0.001129150390625,0.3353548943996429,False,False,False,16,19581,24219,amherst_ma
z16/19581_24220.png,z16/19581_24220.png,0.0033738183478514,33.2001953125,0.0067291259765625,0.3396890163421631,False,False,False,16,19581,24220,amherst_ma
z16/19581_24221.png,z16/19581_24221.png,0.0039073886970678,28.5,0.0020904541015625,0.3434732854366302,False,False,False,16,19581,24221,amherst_ma
z16/19581_24222.png,z16/19581_24222.png,0.0041042221089204,34.1005859375,0.0027313232421875,0.3463687598705292,False,False,False,16,19581,24222,amherst_ma
z16/19581_24223.png,z16/19581_24223.png,0.0024462558329105,17.8994140625,0.016204833984375,0.3548824191093445,False,False,False,16,19581,24223,amherst_ma
z16/19581_24224.png,z16/19581_24224.png,0.0048709208766619,29.5,0.0364532470703125,0.347495287656784,False,False,False,16,19581,24224,amherst_ma
z16/19581_24225.png,z16/19581_24225.png,0.0058714603384335,38.2001953125,0.028411865234375,0.3523761630058288,False,False,False,16,19581,24225,amherst_ma
z16/19581_24226.png,z16/19581_24226.png,0.0067616870005925,42.5,0.019622802734375,0.3461712896823883,False,False,False,16,19581,24226,amherst_ma
z16/19581_24227.png,z16/19581_24227.png,0.0058845644195874,44.2001953125,0.006072998046875,0.3376242518424988,False,False,False,16,19581,24227,amherst_ma
z16/19581_24228.png,z16/19581_24228.png,0.0028590453167756,19.80078125,0.000518798828125,0.3430115580558777,False,False,False,16,19581,24228,amherst_ma
z16/19581_24229.png,z16/19581_24229.png,0.0026565683384736,19.0,0.0,0.3485646545886993,False,False,False,16,19581,24229,amherst_ma
z16/19581_24230.png,z16/19581_24230.png,0.0039377249777317,22.7001953125,0.001312255859375,0.3421921133995056,False,False,False,16,19581,24230,amherst_ma
z16/19581_24231.png,z16/19581_24231.png,0.0052814250191052,66.2001953125,0.00146484375,0.3441038131713867,False,False,False,16,19581,24231,amherst_ma
z16/19581_24232.png,z16/19581_24232.png,0.0088956773281097,36.8994140625,0.0111083984375,0.3564060032367706,False,False,False,16,19581,24232,amherst_ma
z16/19581_24233.png,z16/19581_24233.png,0.0074357862273852,40.5,0.00775146484375,0.3552961945533752,False,False,False,16,19581,24233,amherst_ma
z16/19581_24234.png,z16/19581_24234.png,0.0090327709913253,47.7998046875,0.002960205078125,0.3467780947685241,False,False,False,16,19581,24234,amherst_ma
z16/19581_24235.png,z16/19581_24235.png,0.0061265369256337,59.400390625,0.0076751708984375,0.3473631143569946,False,False,False,16,19581,24235,amherst_ma
z16/19581_24236.png,z16/19581_24236.png,0.0056603476405143,77.2998046875,0.0471038818359375,0.3407855331897735,False,False,False,16,19581,24236,amherst_ma
z16/19581_24237.png,z16/19581_24237.png,0.0083585222562154,98.2998046875,0.0009002685546875,0.339472234249115,False,False,False,16,19581,24237,amherst_ma
z16/19581_24238.png,z16/19581_24238.png,0.0084200789531071,64.0,0.0011749267578125,0.3432438671588897,False,False,False,16,19581,24238,amherst_ma
z16/19581_24239.png,z16/19581_24239.png,0.0054286668697992,33.1005859375,0.0012664794921875,0.3451258838176727,False,False,False,16,19581,24239,amherst_ma
z16/19581_24240.png,z16/19581_24240.png,0.0108735680580139,46.400390625,0.020050048828125,0.3459820747375488,False,False,False,16,19581,24240,amherst_ma
z16/19581_24241.png,z16/19581_24241.png,0.0088709632555643,44.5,0.021942138671875,0.3430120944976806,False,False,False,16,19581,24241,amherst_ma
z16/19581_24242.png,z16/19581_24242.png,0.0173503140608469,67.2998046875,0.0067291259765625,0.3437789678573608,False,False,False,16,19581,24242,amherst_ma
z16/19581_24243.png,z16/19581_24243.png,0.0071334640185038,64.400390625,0.000701904296875,0.336891770362854,False,False,False,16,19581,24243,amherst_ma
z16/19581_24244.png,z16/19581_24244.png,0.0087227910757064,69.400390625,0.002777099609375,0.3341582715511322,False,False,False,16,19581,24244,amherst_ma
z16/19581_24245.png,z16/19581_24245.png,0.0108100155989329,88.400390625,0.0029296875,0.334887832403183,False,False,False,16,19581,24245,amherst_ma
z16/19581_24246.png,z16/19581_24246.png,0.0113735159238179,87.7001953125,0.040985107421875,0.3356527388095855,False,False,False,16,19581,24246,amherst_ma
z16/19581_24247.png,z16/19581_24247.png,0.0108164687951405,72.1005859375,0.0078887939453125,0.3376108109951019,False,False,False,16,19581,24247,amherst_ma
z16/19581_24248.png,z16/19581_24248.png,0.010487155119578,49.900390625,0.006866455078125,0.3374017477035522,False,False,False,16,19581,24248,amherst_ma
z16/19581_24249.png,z16/19581_24249.png,0.0097902943690617,61.2001953125,0.030242919921875,0.3433952331542969,False,False,False,16,19581,24249,amherst_ma
z16/19581_24250.png,z16/19581_24250.png,0.0151948610941569,80.1005859375,0.0703277587890625,0.3401600420475006,False,False,False,16,19581,24250,amherst_ma
z16/19581_24251.png,z16/19581_24251.png,0.0180646975835164,66.19921875,0.030792236328125,0.3420772552490234,False,False,False,16,19581,24251,amherst_ma
z16/19581_24252.png,z16/19581_24252.png,0.0129071116447448,54.7001953125,0.0,0.3430173099040985,False,False,False,16,19581,24252,amherst_ma
z16/19581_24253.png,z16/19581_24253.png,0.0036134079098701,5.400390625,0.0,0.3307965993881225,False,False,False,16,19581,24253,amherst_ma
z16/19581_24254.png,z16/19581_24254.png,0.0019985092182954,6.3994140625,0.0,0.3482759892940521,False,False,False,16,19581,24254,amherst_ma
z16/19581_24255.png,z16/19581_24255.png,0.0043262715140978,11.7998046875,0.0,0.346362292766571,False,False,False,16,19581,24255,amherst_ma
z16/19581_24256.png,z16/19581_24256.png,0.0054478834072748,23.5,0.0505218505859375,0.3414742350578308,False,False,False,16,19581,24256,amherst_ma
z16/19581_24257.png,z16/19581_24257.png,0.0038738260666529,11.5,0.0,0.3454774916172027,False,False,False,16,19581,24257,amherst_ma
z16/19581_24258.png,z16/19581_24258.png,0.004524090886116,16.0,0.0,0.3456529378890991,False,False,False,16,19581,24258,amherst_ma
z16/19581_24259.png,z16/19581_24259.png,0.0032318005959192,10.7998046875,0.0,0.3443034589290619,False,False,False,16,19581,24259,amherst_ma
z16/19581_24260.png,z16/19581_24260.png,0.0040809248884518,11.6005859375,0.0,0.3511963486671448,False,False,False,16,19581,24260,amherst_ma
z16/19581_24261.png,z16/19581_24261.png,0.0056106666723887,26.7001953125,0.0,0.3415834903717041,False,False,False,16,19581,24261,amherst_ma
z16/19581_24262.png,z16/19581_24262.png,0.0074263274669647,49.0,0.0234222412109375,0.3362323343753814,False,False,False,16,19581,24262,amherst_ma
z16/19581_24263.png,z16/19581_24263.png,0.0049629777669906,60.7998046875,0.0045166015625,0.3316050767898559,False,False,False,16,19581,24263,amherst_ma
z16/19581_24264.png,z16/19581_24264.png,0.0060882473985354,53.2998046875,0.0044403076171875,0.3315284550189972,False,False,False,16,19581,24264,amherst_ma
z16/19581_24265.png,z16/19581_24265.png,0.0058326924840609,51.0,0.0115814208984375,0.331531286239624,False,False,False,16,19581,24265,amherst_ma
z16/19581_24266.png,z16/19581_24266.png,0.005824172993501,35.2998046875,0.0123748779296875,0.337524265050888,False,False,False,16,19581,24266,amherst_ma
z16/19581_24267.png,z16/19581_24267.png,0.0053800245126088,30.7998046875,0.0139312744140625,0.3282118439674377,False,False,False,16,19581,24267,amherst_ma
z16/19581_24268.png,z16/19581_24268.png,0.003082879881064,14.2998046875,0.0,0.3352827429771423,False,False,False,16,19581,24268,amherst_ma
z16/19581_24269.png,z16/19581_24269.png,0.0048601523041725,26.400390625,0.0048370361328125,0.3337560892105102,False,False,False,16,19581,24269,amherst_ma
z16/19581_24270.png,z16/19581_24270.png,0.0041202125449975,28.2998046875,0.0048065185546875,0.3310658931732178,False,False,False,16,19581,24270,amherst_ma
z16/19581_24271.png,z16/19581_24271.png,0.0029151918987433,21.69921875,0.0,0.3335593938827514,False,False,False,16,19581,24271,amherst_ma
z16/19582_24200.png,z16/19582_24200.png,0.0051031132539113,40.6005859375,0.04046630859375,0.3513388335704803,False,False,False,16,19582,24200,amherst_ma
z16/19582_24201.png,z16/19582_24201.png,0.0046660537521044,26.599609375,0.0,0.3494713306427002,False,False,False,16,19582,24201,amherst_ma
z16/19582_24202.png,z16/19582_24202.png,0.0033172895510991,10.2001953125,0.0,0.3561023771762848,False,False,False,16,19582,24202,amherst_ma
z16/19582_24203.png,z16/19582_24203.png,0.0035354882478713,11.8994140625,0.0,0.3467695713043213,False,False,False,16,19582,24203,amherst_ma
z16/19582_24204.png,z16/19582_24204.png,0.0023666222890218,6.2001953125,0.0,0.3253934383392334,False,False,False,16,19582,24204,amherst_ma
z16/19582_24205.png,z16/19582_24205.png,0.0068451076745986,29.3994140625,0.0,0.3324174880981445,False,False,False,16,19582,24205,amherst_ma
z16/19582_24206.png,z16/19582_24206.png,0.0038196377456188,56.2998046875,0.03009033203125,0.3490887880325317,False,False,False,16,19582,24206,amherst_ma
z16/19582_24207.png,z16/19582_24207.png,0.0043336123228073,36.2998046875,0.003753662109375,0.3502774834632873,False,False,False,16,19582,24207,amherst_ma
z16/19582_24208.png,z16/19582_24208.png,0.0032719182471434,19.2001953125,0.0,0.3519793450832367,False,False,False,16,19582,24208,amherst_ma
z16/19582_24209.png,z16/19582_24209.png,0.003795026987791,35.2998046875,0.0087127685546875,0.3423016667366028,False,False,False,16,19582,24209,amherst_ma
z16/19582_24210.png,z16/19582_24210.png,0.0026888400316238,36.400390625,0.0012054443359375,0.3490771055221557,False,False,False,16,19582,24210,amherst_ma
z16/19582_24211.png,z16/19582_24211.png,0.0038809031248092,36.7001953125,0.001007080078125,0.3540511131286621,False,False,False,16,19582,24211,amherst_ma
z16/19582_24212.png,z16/19582_24212.png,0.0039680478473504,26.5,0.0,0.3473263084888458,False,False,False,16,19582,24212,amherst_ma
z16/19582_24213.png,z16/19582_24213.png,0.0033015727996826,18.099609375,0.0,0.3441801369190216,False,False,False,16,19582,24213,amherst_ma
z16/19582_24214.png,z16/19582_24214.png,0.0034365683794021,27.7001953125,0.0061798095703125,0.3413614630699157,False,False,False,16,19582,24214,amherst_ma
z16/19582_24215.png,z16/19582_24215.png,0.0036363542079925,37.7998046875,0.0131378173828125,0.3527324795722961,False,False,False,16,19582,24215,amherst_ma
z16/19582_24216.png,z16/19582_24216.png,0.0040151096880435,24.0,0.0193023681640625,0.3505243062973022,False,False,False,16,19582,24216,amherst_ma
z16/19582_24217.png,z16/19582_24217.png,0.0031032428145408,33.69921875,0.0012054443359375,0.348751425743103,False,False,False,16,19582,24217,amherst_ma
z16/19582_24218.png,z16/19582_24218.png,0.0026645963390668,47.400390625,0.0025634765625,0.3451787829399109,False,False,False,16,19582,24218,amherst_ma
z16/19582_24219.png,z16/19582_24219.png,0.0030477494001388,27.6005859375,0.002044677734375,0.3458842635154724,False,False,False,16,19582,24219,amherst_ma
z16/19582_24220.png,z16/19582_24220.png,0.0039742618799209,43.2001953125,0.0019073486328125,0.3495044410228729,False,False,False,16,19582,24220,amherst_ma
z16/19582_24221.png,z16/19582_24221.png,0.0039689714709917,56.6005859375,0.0019073486328125,0.3457515835762024,False,False,False,16,19582,24221,amherst_ma
z16/19582_24222.png,z16/19582_24222.png,0.0036875036855538,35.0,0.0096588134765625,0.3482374846935272,False,False,False,16,19582,24222,amherst_ma
z16/19582_24223.png,z16/19582_24223.png,0.003610020627578,30.7998046875,0.018218994140625,0.354210615158081,False,False,False,16,19582,24223,amherst_ma
z16/19582_24224.png,z16/19582_24224.png,0.0029389043649037,43.400390625,0.013702392578125,0.3480437994003296,False,False,False,16,19582,24224,amherst_ma
z16/19582_24225.png,z16/19582_24225.png,0.0032880738377571,32.400390625,0.003265380859375,0.3436532318592071,False,False,False,16,19582,24225,amherst_ma
z16/19582_24226.png,z16/19582_24226.png,0.0035464776058991,41.5,0.011566162109375,0.3446202576160431,False,False,False,16,19582,24226,amherst_ma
z16/19582_24227.png,z16/19582_24227.png,0.0054149960478146,64.400390625,0.0438079833984375,0.3363591134548187,False,False,False,16,19582,24227,amherst_ma
z16/19582_24228.png,z16/19582_24228.png,0.0043818692366282,21.1005859375,0.0,0.3478525876998901,False,False,False,16,19582,24228,amherst_ma
z16/19582_24229.png,z16/19582_24229.png,0.0032290498415629,10.099609375,0.0,0.3506221771240234,False,False,False,16,19582,24229,amherst_ma
z16/19582_24230.png,z16/19582_24230.png,0.0059383288025856,27.19921875,0.0003662109375,0.3562651574611664,False,False,False,16,19582,24230,amherst_ma
z16/19582_24231.png,z16/19582_24231.png,0.0090862254301706,51.8994140625,0.007781982421875,0.3566892743110657,False,False,False,16,19582,24231,amherst_ma
z16/19582_24232.png,z16/19582_24232.png,0.0063194811344146,55.7001953125,0.0055694580078125,0.3627675175666809,False,False,False,16,19582,24232,amherst_ma
z16/19582_24233.png,z16/19582_24233.png,0.0065532222390174,66.599609375,0.007568359375,0.3507685661315918,False,False,False,16,19582,24233,amherst_ma
z16/19582_24234.png,z16/19582_24234.png,0.0049365922808647,85.7001953125,0.06439208984375,0.3447780013084411,False,False,False,16,19582,24234,amherst_ma
z16/19582_24235.png,z16/19582_24235.png,0.0058473815520604,66.900390625,0.000732421875,0.3482118546962738,False,False,False,16,19582,24235,amherst_ma
z16/19582_24236.png,z16/19582_24236.png,0.0043806473414103,55.2998046875,0.0013885498046875,0.3393783569335937,False,False,False,16,19582,24236,amherst_ma
z16/19582_24237.png,z16/19582_24237.png,0.0042401641607284,55.19921875,0.001861572265625,0.3382687270641327,False,False,False,16,19582,24237,amherst_ma
z16/19582_24238.png,z16/19582_24238.png,0.0057390734553337,45.3994140625,0.0167236328125,0.3466011583805084,False,False,False,16,19582,24238,amherst_ma
z16/19582_24239.png,z16/19582_24239.png,0.0032431930303573,49.2001953125,0.003173828125,0.3410755097866058,False,False,False,16,19582,24239,amherst_ma
z16/19582_24240.png,z16/19582_24240.png,0.0061314662297566,42.3994140625,0.00152587890625,0.3397414982318878,False,False,False,16,19582,24240,amherst_ma
z16/19582_24241.png,z16/19582_24241.png,0.0114942461252212,73.1005859375,0.00177001953125,0.3392525017261505,False,False,False,16,19582,24241,amherst_ma
z16/19582_24242.png,z16/19582_24242.png,0.0101979782183965,65.3994140625,0.00799560546875,0.3381735682487488,False,False,False,16,19582,24242,amherst_ma
z16/19582_24243.png,z16/19582_24243.png,0.0061805735031763,58.8994140625,0.0034332275390625,0.3354977965354919,False,False,False,16,19582,24243,amherst_ma
z16/19582_24244.png,z16/19582_24244.png,0.0076062217354774,58.0,0.0145416259765625,0.3350105881690979,False,False,False,16,19582,24244,amherst_ma
z16/19582_24245.png,z16/19582_24245.png,0.0054744288325309,57.2001953125,0.0265045166015625,0.3335279822349548,False,False,False,16,19582,24245,amherst_ma
z16/19582_24246.png,z16/19582_24246.png,0.0087062170108159,60.400390625,0.0014495849609375,0.3379075825214386,False,False,False,16,19582,24246,amherst_ma
z16/19582_24247.png,z16/19582_24247.png,0.00908771554629,85.6005859375,0.0525360107421875,0.3439391553401947,False,False,False,16,19582,24247,amherst_ma
z16/19582_24248.png,z16/19582_24248.png,0.0084924389918645,52.900390625,0.0048675537109375,0.3421604931354522,False,False,False,16,19582,24248,amherst_ma
z16/19582_24249.png,z16/19582_24249.png,0.0064192309975624,20.0,0.0,0.3413259088993072,False,False,False,16,19582,24249,amherst_ma
z16/19582_24250.png,z16/19582_24250.png,0.0091896742582321,37.2001953125,0.0,0.3323760032653808,False,False,False,16,19582,24250,amherst_ma
z16/19582_24251.png,z16/19582_24251.png,0.0139704296986262,54.7001953125,0.0,0.3342032432556152,False,False,False,16,19582,24251,amherst_ma
z16/19582_24252.png,z16/19582_24252.png,0.0047538305322329,11.2001953125,0.0,0.3289614915847778,False,False,False,16,19582,24252,amherst_ma
z16/19582_24253.png,z16/19582_24253.png,0.0027256451547145,5.099609375,0.0,0.335827887058258,False,False,False,16,19582,24253,amherst_ma
z16/19582_24254.png,z16/19582_24254.png,0.0018446072936058,4.69921875,0.0,0.3437627255916595,False,False,False,16,19582,24254,amherst_ma
z16/19582_24255.png,z16/19582_24255.png,0.0078904703259468,19.5,0.0,0.3434761762619018,False,False,False,16,19582,24255,amherst_ma
z16/19582_24256.png,z16/19582_24256.png,0.007279123365879,17.2001953125,0.0,0.3381447494029999,False,False,False,16,19582,24256,amherst_ma
z16/19582_24257.png,z16/19582_24257.png,0.0069874137639999,12.2001953125,0.0,0.3449074625968933,False,False,False,16,19582,24257,amherst_ma
z16/19582_24258.png,z16/19582_24258.png,0.0033800636728604,5.5,0.0,0.333530068397522,False,False,False,16,19582,24258,amherst_ma
z16/19582_24259.png,z16/19582_24259.png,0.0077132667104403,53.0,0.060577392578125,0.3313104808330536,False,False,False,16,19582,24259,amherst_ma
z16/19582_24260.png,z16/19582_24260.png,0.0077732354402542,55.5,0.0077667236328125,0.3418508172035217,False,False,False,16,19582,24260,amherst_ma
z16/19582_24261.png,z16/19582_24261.png,0.005204405883948,37.5,0.02081298828125,0.3401980698108673,False,False,False,16,19582,24261,amherst_ma
z16/19582_24262.png,z16/19582_24262.png,0.0042364453275998,30.2998046875,0.00244140625,0.3378612995147705,False,False,False,16,19582,24262,amherst_ma
z16/19582_24263.png,z16/19582_24263.png,0.0039124615490436,33.0,0.0027923583984375,0.3346556723117828,False,False,False,16,19582,24263,amherst_ma
z16/19582_24264.png,z16/19582_24264.png,0.0072034110625584,36.7998046875,0.0409088134765625,0.3338049352169037,False,False,False,16,19582,24264,amherst_ma
z16/19582_24265.png,z16/19582_24265.png,0.0073644419511159,35.099609375,0.0,0.3331462144851684,False,False,False,16,19582,24265,amherst_ma
z16/19582_24266.png,z16/19582_24266.png,0.0053059617678324,43.7998046875,0.0103607177734375,0.3334434330463409,False,False,False,16,19582,24266,amherst_ma
z16/19582_24267.png,z16/19582_24267.png,0.0053057849407196,32.900390625,0.002655029296875,0.3352637588977813,False,False,False,16,19582,24267,amherst_ma
z16/19582_24268.png,z16/19582_24268.png,0.005358704427878,32.0,0.0057373046875,0.3377666473388672,False,False,False,16,19582,24268,amherst_ma
z16/19582_24269.png,z16/19582_24269.png,0.0050981973608334,41.6005859375,0.0030364990234375,0.3392012417316437,False,False,False,16,19582,24269,amherst_ma
z16/19582_24270.png,z16/19582_24270.png,0.0055568739771842,45.2001953125,0.000213623046875,0.3366330564022064,False,False,False,16,19582,24270,amherst_ma
z16/19582_24271.png,z16/19582_24271.png,0.005397555232048,48.099609375,0.0019378662109375,0.3361795246601105,False,False,False,16,19582,24271,amherst_ma
z16/19583_24200.png,z16/19583_24200.png,0.0055816262960433,45.19921875,0.0714111328125,0.3438770771026611,False,False,False,16,19583,24200,amherst_ma
z16/19583_24201.png,z16/19583_24201.png,0.0045627921819686,26.099609375,0.0,0.3402901589870453,False,False,False,16,19583,24201,amherst_ma
z16/19583_24202.png,z16/19583_24202.png,0.0058176567157109,22.69921875,0.0,0.356551319360733,False,False,False,16,19583,24202,amherst_ma
z16/19583_24203.png,z16/19583_24203.png,0.006665252149105,68.900390625,0.017974853515625,0.3407705128192901,False,False,False,16,19583,24203,amherst_ma
z16/19583_24204.png,z16/19583_24204.png,0.007145936290423,78.0,0.0730438232421875,0.337619423866272,False,False,False,16,19583,24204,amherst_ma
z16/19583_24205.png,z16/19583_24205.png,0.0078194042046864,40.0,0.0,0.3372507393360138,False,False,False,16,19583,24205,amherst_ma
z16/19583_24206.png,z16/19583_24206.png,0.0069634333252906,36.7998046875,0.036041259765625,0.3584703803062439,False,False,False,16,19583,24206,amherst_ma
z16/19583_24207.png,z16/19583_24207.png,0.0061858465274175,59.2998046875,0.0065155029296875,0.3471852242946625,False,False,False,16,19583,24207,amherst_ma
z16/19583_24208.png,z16/19583_24208.png,0.0071272403001785,52.900390625,0.0012359619140625,0.3438838124275207,False,False,False,16,19583,24208,amherst_ma
z16/19583_24209.png,z16/19583_24209.png,0.004150099804004,38.2998046875,0.003570556640625,0.3471480011940002,False,False,False,16,19583,24209,amherst_ma
z16/19583_24210.png,z16/19583_24210.png,0.0044819171229998,29.0,0.0055389404296875,0.3506092131137848,False,False,False,16,19583,24210,amherst_ma
z16/19583_24211.png,z16/19583_24211.png,0.0029979050159454,19.8994140625,0.0033111572265625,0.3596736192703247,False,False,False,16,19583,24211,amherst_ma
z16/19583_24212.png,z16/19583_24212.png,0.0056999867161115,22.3994140625,0.0,0.3548992276191711,False,False,False,16,19583,24212,amherst_ma
z16/19583_24213.png,z16/19583_24213.png,0.0032884528239568,14.2001953125,0.0,0.3524986505508423,False,False,False,16,19583,24213,amherst_ma
z16/19583_24214.png,z16/19583_24214.png,0.0028078019618988,20.1005859375,0.0,0.3530352711677551,False,False,False,16,19583,24214,amherst_ma
z16/19583_24215.png,z16/19583_24215.png,0.0036454615493615,21.2998046875,0.0,0.3545450568199157,False,False,False,16,19583,24215,amherst_ma
z16/19583_24216.png,z16/19583_24216.png,0.0028306973477204,18.0,0.0,0.3501206338405609,False,False,False,16,19583,24216,amherst_ma
z16/19583_24217.png,z16/19583_24217.png,0.0038439157108465,24.5,0.0150909423828125,0.3489507436752319,False,False,False,16,19583,24217,amherst_ma
z16/19583_24218.png,z16/19583_24218.png,0.0036982749899228,39.099609375,0.010040283203125,0.3515982925891876,False,False,False,16,19583,24218,amherst_ma
z16/19583_24219.png,z16/19583_24219.png,0.0031258754432201,15.599609375,0.0,0.3497293591499328,False,False,False,16,19583,24219,amherst_ma
z16/19583_24220.png,z16/19583_24220.png,0.004367209970951,19.0,0.0,0.352147489786148,False,False,False,16,19583,24220,amherst_ma
z16/19583_24221.png,z16/19583_24221.png,0.0047971079746882,31.3994140625,0.00244140625,0.3435253202915191,False,False,False,16,19583,24221,amherst_ma
z16/19583_24222.png,z16/19583_24222.png,0.005848686893781,46.2998046875,0.014404296875,0.3452450335025787,False,False,False,16,19583,24222,amherst_ma
z16/19583_24223.png,z16/19583_24223.png,0.0027109486361344,21.8994140625,0.0,0.3526250123977661,False,False,False,16,19583,24223,amherst_ma
z16/19583_24224.png,z16/19583_24224.png,0.003228052953879,38.400390625,0.0361480712890625,0.3501315414905548,False,False,False,16,19583,24224,amherst_ma
z16/19583_24225.png,z16/19583_24225.png,0.0040712801118691,29.80078125,0.0094451904296875,0.3474844992160797,False,False,False,16,19583,24225,amherst_ma
z16/19583_24226.png,z16/19583_24226.png,0.0063683375716209,34.0,0.0208892822265625,0.3379203379154205,False,False,False,16,19583,24226,amherst_ma
z16/19583_24227.png,z16/19583_24227.png,0.0064547648032506,55.8994140625,0.005615234375,0.3382343351840973,False,False,False,16,19583,24227,amherst_ma
z16/19583_24228.png,z16/19583_24228.png,0.003524195899566,30.400390625,0.04095458984375,0.3427716791629791,False,False,False,16,19583,24228,amherst_ma
z16/19583_24229.png,z16/19583_24229.png,0.0049039185047149,27.2998046875,0.0319366455078125,0.3481492698192596,False,False,False,16,19583,24229,amherst_ma
z16/19583_24230.png,z16/19583_24230.png,0.0038956888020038,43.0,0.008819580078125,0.3399943113327026,False,False,False,16,19583,24230,amherst_ma
z16/19583_24231.png,z16/19583_24231.png,0.0048360223571459,38.30078125,0.0115814208984375,0.3578027784824371,False,False,False,16,19583,24231,amherst_ma
z16/19583_24232.png,z16/19583_24232.png,0.0063292975227038,42.3994140625,0.0047607421875,0.352128267288208,False,False,False,16,19583,24232,amherst_ma
z16/19583_24233.png,z16/19583_24233.png,0.0089835246404012,48.7998046875,0.016571044921875,0.3558343648910522,False,False,False,16,19583,24233,amherst_ma
z16/19583_24234.png,z16/19583_24234.png,0.0052969897786776,51.2001953125,0.0010833740234375,0.3496850430965423,False,False,False,16,19583,24234,amherst_ma
z16/19583_24235.png,z16/19583_24235.png,0.0040481974681218,31.099609375,0.009063720703125,0.3422744572162628,False,False,False,16,19583,24235,amherst_ma
z16/19583_24236.png,z16/19583_24236.png,0.0033367156982421,29.3994140625,0.0099334716796875,0.3382205069065094,False,False,False,16,19583,24236,amherst_ma
z16/19583_24237.png,z16/19583_24237.png,0.0031558863818645,50.8994140625,0.0019683837890625,0.3425879180431366,False,False,False,16,19583,24237,amherst_ma
z16/19583_24238.png,z16/19583_24238.png,0.0063698306679725,48.5,0.020050048828125,0.3336122035980224,False,False,False,16,19583,24238,amherst_ma
z16/19583_24239.png,z16/19583_24239.png,0.0051561782757441,52.7998046875,0.0015106201171875,0.3368369340896606,False,False,False,16,19583,24239,amherst_ma
z16/19583_24240.png,z16/19583_24240.png,0.0036747661729653,37.7998046875,0.013916015625,0.3413006663322449,False,False,False,16,19583,24240,amherst_ma
z16/19583_24241.png,z16/19583_24241.png,0.0054089233279228,24.2998046875,0.0009765625,0.3475842177867889,False,False,False,16,19583,24241,amherst_ma
z16/19583_24242.png,z16/19583_24242.png,0.0079139997561772,28.400390625,0.00189208984375,0.341650515794754,False,False,False,16,19583,24242,amherst_ma
z16/19583_24243.png,z16/19583_24243.png,0.0037055219213167,45.400390625,0.033843994140625,0.3399115204811096,False,False,False,16,19583,24243,amherst_ma
z16/19583_24244.png,z16/19583_24244.png,0.0090022335449854,58.7998046875,0.0013885498046875,0.3353817760944366,False,False,False,16,19583,24244,amherst_ma
z16/19583_24245.png,z16/19583_24245.png,0.0053018713990847,62.5,0.0004730224609375,0.3331281244754791,False,False,False,16,19583,24245,amherst_ma
z16/19583_24246.png,z16/19583_24246.png,0.0066390762726465,94.2001953125,0.0014801025390625,0.3323104977607727,False,False,False,16,19583,24246,amherst_ma
z16/19583_24247.png,z16/19583_24247.png,0.0070713246862093,130.0,0.022796630859375,0.331907719373703,False,False,False,16,19583,24247,amherst_ma
z16/19583_24248.png,z16/19583_24248.png,0.0100331981976826,146.5,0.0377655029296875,0.3357824981212616,False,False,False,16,19583,24248,amherst_ma
z16/19583_24249.png,z16/19583_24249.png,0.0086687187353769,102.6005859375,0.0494232177734375,0.3359223902225494,False,False,False,16,19583,24249,amherst_ma
z16/19583_24250.png,z16/19583_24250.png,0.0100575735171635,74.599609375,0.0,0.332706481218338,False,False,False,16,19583,24250,amherst_ma
z16/19583_24251.png,z16/19583_24251.png,0.0073822811245918,33.2001953125,0.0,0.3314259350299835,False,False,False,16,19583,24251,amherst_ma
z16/19583_24252.png,z16/19583_24252.png,0.0059788470466931,18.099609375,0.0,0.334301620721817,False,False,False,16,19583,24252,amherst_ma
z16/19583_24253.png,z16/19583_24253.png,0.0071857492129007,23.400390625,0.0,0.3392392694950104,False,False,False,16,19583,24253,amherst_ma
z16/19583_24254.png,z16/19583_24254.png,0.0055897648135821,26.599609375,0.0,0.3350101709365845,False,False,False,16,19583,24254,amherst_ma
z16/19583_24255.png,z16/19583_24255.png,0.0074677124619483,53.2998046875,0.041748046875,0.3349353373050689,False,False,False,16,19583,24255,amherst_ma
z16/19583_24256.png,z16/19583_24256.png,0.0079860508441925,54.7001953125,0.008392333984375,0.3338907063007355,False,False,False,16,19583,24256,amherst_ma
z16/19583_24257.png,z16/19583_24257.png,0.0050191124280293,47.7001953125,0.009674072265625,0.3418249487876892,False,False,False,16,19583,24257,amherst_ma
z16/19583_24258.png,z16/19583_24258.png,0.0049404581387837,25.2001953125,0.0073699951171875,0.3452518284320831,False,False,False,16,19583,24258,amherst_ma
z16/19583_24259.png,z16/19583_24259.png,0.006403441230456,49.7001953125,0.039459228515625,0.328186571598053,False,False,False,16,19583,24259,amherst_ma
z16/19583_24260.png,z16/19583_24260.png,0.0050548349817593,34.69921875,0.0081939697265625,0.3285224735736847,False,False,False,16,19583,24260,amherst_ma
z16/19583_24261.png,z16/19583_24261.png,0.0047918876012166,19.3994140625,0.004638671875,0.3365216851234436,False,False,False,16,19583,24261,amherst_ma
z16/19583_24262.png,z16/19583_24262.png,0.0051155890027681,22.5,0.0138702392578125,0.3377678990364074,False,False,False,16,19583,24262,amherst_ma
z16/19583_24263.png,z16/19583_24263.png,0.0037485917409261,16.099609375,0.0,0.3343800902366638,False,False,False,16,19583,24263,amherst_ma
z16/19583_24264.png,z16/19583_24264.png,0.0037154021362463,13.8994140625,0.0,0.3336413502693176,False,False,False,16,19583,24264,amherst_ma
z16/19583_24265.png,z16/19583_24265.png,0.0024978270133336,9.7998046875,0.0,0.3438846468925476,False,False,False,16,19583,24265,amherst_ma
z16/19583_24266.png,z16/19583_24266.png,0.0032193623483181,16.6005859375,0.0,0.3389302492141723,False,False,False,16,19583,24266,amherst_ma
z16/19583_24267.png,z16/19583_24267.png,0.0044904291629791,24.7001953125,0.0,0.3358942866325378,False,False,False,16,19583,24267,amherst_ma
z16/19583_24268.png,z16/19583_24268.png,0.003350906074047,26.2998046875,0.006622314453125,0.3324499726295471,False,False,False,16,19583,24268,amherst_ma
z16/19583_24269.png,z16/19583_24269.png,0.005042345325152,22.1005859375,0.00323486328125,0.340808629989624,False,False,False,16,19583,24269,amherst_ma
z16/19583_24270.png,z16/19583_24270.png,0.006934302051862,40.2998046875,0.05224609375,0.3371279835700989,False,False,False,16,19583,24270,amherst_ma
z16/19583_24271.png,z16/19583_24271.png,0.0042990972598393,43.7001953125,0.00701904296875,0.339175134897232,False,False,False,16,19583,24271,amherst_ma
z16/19584_24200.png,z16/19584_24200.png,0.0090663800636927,58.7001953125,0.04644775390625,0.3480142056941986,False,False,False,16,19584,24200,amherst_ma
z16/19584_24201.png,z16/19584_24201.png,0.0094571481148401,84.400390625,0.051483154296875,0.3468447923660278,False,False,False,16,19584,24201,amherst_ma
z16/19584_24202.png,z16/19584_24202.png,0.0065502390265464,69.2001953125,0.0037384033203125,0.3451963067054748,False,False,False,16,19584,24202,amherst_ma
z16/19584_24203.png,z16/19584_24203.png,0.0085284640391667,65.900390625,0.05377197265625,0.3415898084640503,False,False,False,16,19584,24203,amherst_ma
z16/19584_24204.png,z16/19584_24204.png,0.0051205346981684,60.0,0.0139312744140625,0.3426297903060913,False,False,False,16,19584,24204,amherst_ma
z16/19584_24205.png,z16/19584_24205.png,0.0069610019524892,28.2001953125,0.0,0.3398060500621795,False,False,False,16,19584,24205,amherst_ma
z16/19584_24206.png,z16/19584_24206.png,0.0055339639385541,34.6005859375,0.008544921875,0.3543599545955658,False,False,False,16,19584,24206,amherst_ma
z16/19584_24207.png,z16/19584_24207.png,0.0074949567516644,37.7998046875,0.0034332275390625,0.3539724349975586,False,False,False,16,19584,24207,amherst_ma
z16/19584_24208.png,z16/19584_24208.png,0.0058558359742164,77.7998046875,0.0279083251953125,0.3440715372562408,False,False,False,16,19584,24208,amherst_ma
z16/19584_24209.png,z16/19584_24209.png,0.0047655637065569,42.400390625,7.62939453125e-05,0.3451309204101562,False,False,False,16,19584,24209,amherst_ma
z16/19584_24210.png,z16/19584_24210.png,0.0046918114026387,29.099609375,0.0039520263671875,0.3458888828754425,False,False,False,16,19584,24210,amherst_ma
z16/19584_24211.png,z16/19584_24211.png,0.005191129942735,39.6005859375,0.0133209228515625,0.3489648103713989,False,False,False,16,19584,24211,amherst_ma
z16/19584_24212.png,z16/19584_24212.png,0.0030549148718516,19.6005859375,0.0,0.3533973097801208,False,False,False,16,19584,24212,amherst_ma
z16/19584_24213.png,z16/19584_24213.png,0.0036874917646249,20.6005859375,0.0,0.3522479832172394,False,False,False,16,19584,24213,amherst_ma
z16/19584_24214.png,z16/19584_24214.png,0.003131079673767,29.599609375,0.0117645263671875,0.3554437756538391,False,False,False,16,19584,24214,amherst_ma
z16/19584_24215.png,z16/19584_24215.png,0.0019883723308642,18.2001953125,0.021820068359375,0.3541839122772217,False,False,False,16,19584,24215,amherst_ma
z16/19584_24216.png,z16/19584_24216.png,0.0021912490328152,26.0,0.0014190673828125,0.3456901013851166,False,False,False,16,19584,24216,amherst_ma
z16/19584_24217.png,z16/19584_24217.png,0.0029059561590353,24.7001953125,0.0001068115234375,0.3453268408775329,False,False,False,16,19584,24217,amherst_ma
z16/19584_24218.png,z16/19584_24218.png,0.0028661464651425,16.2998046875,0.0,0.3490530550479889,False,False,False,16,19584,24218,amherst_ma
z16/19584_24219.png,z16/19584_24219.png,0.0036019404729207,20.19921875,0.0087738037109375,0.3487644791603088,False,False,False,16,19584,24219,amherst_ma
z16/19584_24220.png,z16/19584_24220.png,0.0024107612669467,25.3994140625,0.001373291015625,0.3390763998031616,False,False,False,16,19584,24220,amherst_ma
z16/19584_24221.png,z16/19584_24221.png,0.0055830637613932,31.599609375,0.0045318603515625,0.3405110239982605,False,False,False,16,19584,24221,amherst_ma
z16/19584_24222.png,z16/19584_24222.png,0.0040610544383525,28.7998046875,0.0068359375,0.3386216163635254,False,False,False,16,19584,24222,amherst_ma
z16/19584_24223.png,z16/19584_24223.png,0.004989206790924,28.3994140625,0.0055389404296875,0.3442345261573791,False,False,False,16,19584,24223,amherst_ma
z16/19584_24224.png,z16/19584_24224.png,0.0047978083292643,27.7001953125,0.00201416015625,0.3416913449764251,False,False,False,16,19584,24224,amherst_ma
z16/19584_24225.png,z16/19584_24225.png,0.0048795903722445,29.7998046875,0.014739990234375,0.3427220582962036,False,False,False,16,19584,24225,amherst_ma
z16/19584_24226.png,z16/19584_24226.png,0.0050746937592824,20.599609375,0.0,0.3434242606163025,False,False,False,16,19584,24226,amherst_ma
z16/19584_24227.png,z16/19584_24227.png,0.0021729623277982,9.7001953125,0.0,0.3457581698894501,False,False,False,16,19584,24227,amherst_ma
z16/19584_24228.png,z16/19584_24228.png,0.0043125773469607,15.80078125,0.0,0.344132512807846,False,False,False,16,19584,24228,amherst_ma
z16/19584_24229.png,z16/19584_24229.png,0.004584397872289,18.7001953125,0.0,0.345287948846817,False,False,False,16,19584,24229,amherst_ma
z16/19584_24230.png,z16/19584_24230.png,0.0035250067710876,24.2001953125,0.0,0.3459196090698242,False,False,False,16,19584,24230,amherst_ma
z16/19584_24231.png,z16/19584_24231.png,0.004127908249696,21.7001953125,0.0022125244140625,0.3450605869293213,False,False,False,16,19584,24231,amherst_ma
z16/19584_24232.png,z16/19584_24232.png,0.0027225442230701,23.7998046875,0.001556396484375,0.346013993024826,False,False,False,16,19584,24232,amherst_ma
z16/19584_24233.png,z16/19584_24233.png,0.0059000477194786,41.400390625,0.001861572265625,0.3520747721195221,False,False,False,16,19584,24233,amherst_ma
z16/19584_24234.png,z16/19584_24234.png,0.0041352664430936,43.19921875,0.0043182373046875,0.3494448363780975,False,False,False,16,19584,24234,amherst_ma
z16/19584_24235.png,z16/19584_24235.png,0.0048297261198361,36.599609375,0.0179901123046875,0.3410190343856811,False,False,False,16,19584,24235,amherst_ma
z16/19584_24236.png,z16/19584_24236.png,0.0075200999776522,48.1005859375,0.0260009765625,0.3361754119396209,False,False,False,16,19584,24236,amherst_ma
z16/19584_24237.png,z16/19584_24237.png,0.0049697627623875,35.3994140625,0.06170654296875,0.3399740755558014,False,False,False,16,19584,24237,amherst_ma
z16/19584_24238.png,z16/19584_24238.png,0.0056626876195271,49.7998046875,0.01959228515625,0.3336678147315979,False,False,False,16,19584,24238,amherst_ma
z16/19584_24239.png,z16/19584_24239.png,0.0075827543934186,65.7001953125,0.0602264404296875,0.3347501158714294,False,False,False,16,19584,24239,amherst_ma
z16/19584_24240.png,z16/19584_24240.png,0.0060850878556569,40.7001953125,0.0,0.338740736246109,False,False,False,16,19584,24240,amherst_ma
z16/19584_24241.png,z16/19584_24241.png,0.0027174721161524,11.8994140625,0.0,0.3459164500236511,False,False,False,16,19584,24241,amherst_ma
z16/19584_24242.png,z16/19584_24242.png,0.0031453448037306,13.0,0.0,0.3495543301105499,False,False,False,16,19584,24242,amherst_ma
z16/19584_24243.png,z16/19584_24243.png,0.0051206221183141,25.0,0.0,0.3388945162296295,False,False,False,16,19584,24243,amherst_ma
z16/19584_24244.png,z16/19584_24244.png,0.0068146323164304,32.0,0.0112762451171875,0.3402655720710754,False,False,False,16,19584,24244,amherst_ma
z16/19584_24245.png,z16/19584_24245.png,0.0053787688414255,45.2001953125,0.00311279296875,0.335222989320755,False,False,False,16,19584,24245,amherst_ma
z16/19584_24246.png,z16/19584_24246.png,0.005629709859689,53.2998046875,0.014984130859375,0.3317994475364685,False,False,False,16,19584,24246,amherst_ma
z16/19584_24247.png,z16/19584_24247.png,0.0077945803602536,57.900390625,0.002593994140625,0.331211507320404,False,False,False,16,19584,24247,amherst_ma
z16/19584_24248.png,z16/19584_24248.png,0.0126164962848027,90.3994140625,0.003265380859375,0.3316399753093719,False,False,False,16,19584,24248,amherst_ma
z16/19584_24249.png,z16/19584_24249.png,0.0086612482865651,64.900390625,0.004547119140625,0.3321421146392822,False,False,False,16,19584,24249,amherst_ma
z16/19584_24250.png,z16/19584_24250.png,0.0096560359001159,67.5,1.52587890625e-05,0.3374050259590149,False,False,False,16,19584,24250,amherst_ma
z16/19584_24251.png,z16/19584_24251.png,0.0078042229016621,107.599609375,0.0139923095703125,0.3331357836723327,False,False,False,16,19584,24251,amherst_ma
z16/19584_24252.png,z16/19584_24252.png,0.0079700589179992,76.7998046875,0.0102996826171875,0.3331295847892761,False,False,False,16,19584,24252,amherst_ma
z16/19584_24253.png,z16/19584_24253.png,0.0053914715846379,45.900390625,0.02044677734375,0.3407391607761383,False,False,False,16,19584,24253,amherst_ma
z16/19584_24254.png,z16/19584_24254.png,0.0070888961354891,49.0,0.012420654296875,0.3388125300407409,False,False,False,16,19584,24254,amherst_ma
z16/19584_24255.png,z16/19584_24255.png,0.0063951611518859,49.7001953125,0.0030670166015625,0.3326062560081482,False,False,False,16,19584,24255,amherst_ma
z16/19584_24256.png,z16/19584_24256.png,0.0044396971662839,27.900390625,0.00299072265625,0.3341774940490722,False,False,False,16,19584,24256,amherst_ma
z16/19584_24257.png,z16/19584_24257.png,0.005049742758274,35.5,0.003326416015625,0.3390468955039978,False,False,False,16,19584,24257,amherst_ma
z16/19584_24258.png,z16/19584_24258.png,0.0067678456505139,46.19921875,0.0216064453125,0.3377636075019836,False,False,False,16,19584,24258,amherst_ma
z16/19584_24259.png,z16/19584_24259.png,0.0056921208898226,34.5,0.007232666015625,0.3400667011737823,False,False,False,16,19584,24259,amherst_ma
z16/19584_24260.png,z16/19584_24260.png,0.0052739515900611,30.7001953125,0.0005950927734375,0.3324373960494995,False,False,False,16,19584,24260,amherst_ma
z16/19584_24261.png,z16/19584_24261.png,0.0032457277178764,7.8994140625,0.0,0.3327803313732147,False,False,False,16,19584,24261,amherst_ma
z16/19584_24262.png,z16/19584_24262.png,0.0049526368578275,16.0,0.0,0.336510956287384,False,False,False,16,19584,24262,amherst_ma
z16/19584_24263.png,z16/19584_24263.png,0.0049867282311121,36.69921875,0.00848388671875,0.3327955305576324,False,False,False,16,19584,24263,amherst_ma
z16/19584_24264.png,z16/19584_24264.png,0.0055607562263806,25.900390625,0.0088958740234375,0.3346720933914184,False,False,False,16,19584,24264,amherst_ma
z16/19584_24265.png,z16/19584_24265.png,0.0053012097875277,19.099609375,0.0,0.3352089822292328,False,False,False,16,19584,24265,amherst_ma
z16/19584_24266.png,z16/19584_24266.png,0.0032443198064963,23.5,0.0040130615234375,0.3422336280345917,False,False,False,16,19584,24266,amherst_ma
z16/19584_24267.png,z16/19584_24267.png,0.0052280152837435,31.19921875,0.001190185546875,0.3369196057319641,False,False,False,16,19584,24267,amherst_ma
z16/19584_24268.png,z16/19584_24268.png,0.0073141435782114,48.400390625,0.0011444091796875,0.3388255536556244,False,False,False,16,19584,24268,amherst_ma
z16/19584_24269.png,z16/19584_24269.png,0.0078115647037823,48.7998046875,0.0010833740234375,0.3457266986370086,False,False,False,16,19584,24269,amherst_ma
z16/19584_24270.png,z16/19584_24270.png,0.0099192917346954,65.5,0.041229248046875,0.3458939492702484,False,False,False,16,19584,24270,amherst_ma
z16/19584_24271.png,z16/19584_24271.png,0.0038404799997806,23.2001953125,0.0,0.3466353416442871,False,False,False,16,19584,24271,amherst_ma
z16/19585_24200.png,z16/19585_24200.png,0.0085201849540074,41.7001953125,0.0,0.3447128534317016,False,False,False,16,19585,24200,amherst_ma
z16/19585_24201.png,z16/19585_24201.png,0.0061355556050936,44.2998046875,0.00079345703125,0.3399989306926727,False,False,False,16,19585,24201,amherst_ma
z16/19585_24202.png,z16/19585_24202.png,0.0046598762273788,66.5,0.048553466796875,0.3415535092353821,False,False,False,16,19585,24202,amherst_ma
z16/19585_24203.png,z16/19585_24203.png,0.0040255780021349,23.2998046875,0.0461883544921875,0.3563580811023712,False,False,False,16,19585,24203,amherst_ma
z16/19585_24204.png,z16/19585_24204.png,0.0069983154535293,24.69921875,0.0303802490234375,0.3510472774505615,False,False,False,16,19585,24204,amherst_ma
z16/19585_24205.png,z16/19585_24205.png,0.012900827328364,37.2998046875,0.0,0.3502677679061889,False,False,False,16,19585,24205,amherst_ma
z16/19585_24206.png,z16/19585_24206.png,0.0106134275595347,32.2998046875,0.00567626953125,0.3628600835800171,False,False,False,16,19585,24206,amherst_ma
z16/19585_24207.png,z16/19585_24207.png,0.0063707828521728,17.2001953125,0.0,0.3558643162250519,False,False,False,16,19585,24207,amherst_ma
z16/19585_24208.png,z16/19585_24208.png,0.0053397506475448,59.7001953125,0.0286407470703125,0.3482941687107086,False,False,False,16,19585,24208,amherst_ma
z16/19585_24209.png,z16/19585_24209.png,0.0058896491924921,53.0,0.0242919921875,0.3402760028839111,False,False,False,16,19585,24209,amherst_ma
z16/19585_24210.png,z16/19585_24210.png,0.006495489180088,65.0,0.0522308349609375,0.3364229798316955,False,False,False,16,19585,24210,amherst_ma
z16/19585_24211.png,z16/19585_24211.png,0.0050733427206675,49.2001953125,0.020660400390625,0.3374190628528595,False,False,False,16,19585,24211,amherst_ma
z16/19585_24212.png,z16/19585_24212.png,0.0041573899487654,21.900390625,0.004547119140625,0.3432057797908783,False,False,False,16,19585,24212,amherst_ma
z16/19585_24213.png,z16/19585_24213.png,0.0041211202740669,24.7998046875,0.005462646484375,0.3425064980983734,False,False,False,16,19585,24213,amherst_ma
z16/19585_24214.png,z16/19585_24214.png,0.003100448846817,30.2998046875,4.57763671875e-05,0.3394747376441955,False,False,False,16,19585,24214,amherst_ma
z16/19585_24215.png,z16/19585_24215.png,0.002909771601359,30.599609375,0.002166748046875,0.3449168503284454,False,False,False,16,19585,24215,amherst_ma
z16/19585_24216.png,z16/19585_24216.png,0.0025131781895955,22.7998046875,0.003997802734375,0.3402217030525207,False,False,False,16,19585,24216,amherst_ma
z16/19585_24217.png,z16/19585_24217.png,0.0028249499698479,18.8994140625,0.0,0.342721551656723,False,False,False,16,19585,24217,amherst_ma
z16/19585_24218.png,z16/19585_24218.png,0.0053321674466133,26.7998046875,0.002044677734375,0.3468413352966308,False,False,False,16,19585,24218,amherst_ma
z16/19585_24219.png,z16/19585_24219.png,0.0049394398927688,34.3994140625,0.0028533935546875,0.3453901410102844,False,False,False,16,19585,24219,amherst_ma
z16/19585_24220.png,z16/19585_24220.png,0.0044578313827514,22.400390625,0.0054779052734375,0.34532231092453,False,False,False,16,19585,24220,amherst_ma
z16/19585_24221.png,z16/19585_24221.png,0.0086003730694452,34.0,0.0002593994140625,0.3405214250087738,False,False,False,16,19585,24221,amherst_ma
z16/19585_24222.png,z16/19585_24222.png,0.0059311598539352,32.599609375,0.00030517578125,0.3399994969367981,False,False,False,16,19585,24222,amherst_ma
z16/19585_24223.png,z16/19585_24223.png,0.0058819671471913,33.5,0.0426483154296875,0.3356700539588928,False,False,False,16,19585,24223,amherst_ma
z16/19585_24224.png,z16/19585_24224.png,0.0073648229241371,28.900390625,0.010467529296875,0.3446217179298401,False,False,False,16,19585,24224,amherst_ma
z16/19585_24225.png,z16/19585_24225.png,0.0073456451296806,23.099609375,0.0153961181640625,0.3450132310390472,False,False,False,16,19585,24225,amherst_ma
z16/19585_24226.png,z16/19585_24226.png,0.0051348323623339,28.0,0.004852294921875,0.3438273072242737,False,False,False,16,19585,24226,amherst_ma
z16/19585_24227.png,z16/19585_24227.png,0.0043638338645299,34.400390625,0.0,0.3362403810024261,False,False,False,16,19585,24227,amherst_ma
z16/19585_24228.png,z16/19585_24228.png,0.0026658825576305,33.7998046875,0.0065155029296875,0.3326677680015564,False,False,False,16,19585,24228,amherst_ma
z16/19585_24229.png,z16/19585_24229.png,0.0023872884611288,25.1005859375,0.0248870849609375,0.3346733152866363,False,False,False,16,19585,24229,amherst_ma
z16/19585_24230.png,z16/19585_24230.png,0.0018307390312353,10.5,0.0,0.3380430936813354,False,False,False,16,19585,24230,amherst_ma
z16/19585_24231.png,z16/19585_24231.png,0.0019805130859216,7.8994140625,0.0,0.3430598378181457,False,False,False,16,19585,24231,amherst_ma
z16/19585_24232.png,z16/19585_24232.png,0.0024332801500956,11.7001953125,0.0,0.340783417224884,False,False,False,16,19585,24232,amherst_ma
z16/19585_24233.png,z16/19585_24233.png,0.0031789275507132,16.2001953125,0.0071563720703125,0.3453611433506012,False,False,False,16,19585,24233,amherst_ma
z16/19585_24234.png,z16/19585_24234.png,0.0045020600159962,26.7001953125,0.00543212890625,0.3468542695045471,False,False,False,16,19585,24234,amherst_ma
z16/19585_24235.png,z16/19585_24235.png,0.0033963419497013,35.2998046875,0.015045166015625,0.3395266234874725,False,False,False,16,19585,24235,amherst_ma
z16/19585_24236.png,z16/19585_24236.png,0.0068791106343269,48.8994140625,0.04150390625,0.3364409208297729,False,False,False,16,19585,24236,amherst_ma
z16/19585_24237.png,z16/19585_24237.png,0.0063951517144838,38.2001953125,0.0,0.3386417627334595,False,False,False,16,19585,24237,amherst_ma
z16/19585_24238.png,z16/19585_24238.png,0.0036763230959574,21.2998046875,0.02081298828125,0.3417872786521911,False,False,False,16,19585,24238,amherst_ma
z16/19585_24239.png,z16/19585_24239.png,0.0071298445264498,27.19921875,0.005889892578125,0.3356391191482544,False,False,False,16,19585,24239,amherst_ma
z16/19585_24240.png,z16/19585_24240.png,0.0071960960825284,35.69921875,0.0431671142578125,0.3383252620697021,False,False,False,16,19585,24240,amherst_ma
z16/19585_24241.png,z16/19585_24241.png,0.004946773747603,14.099609375,0.0,0.3304367661476135,False,False,False,16,19585,24241,amherst_ma
z16/19585_24242.png,z16/19585_24242.png,0.0034497186541557,11.1005859375,0.0,0.3413290083408355,False,False,False,16,19585,24242,amherst_ma
z16/19585_24243.png,z16/19585_24243.png,0.0042859002947807,18.2998046875,0.0047760009765625,0.3419345021247864,False,False,False,16,19585,24243,amherst_ma
z16/19585_24244.png,z16/19585_24244.png,0.0039899801214536,12.69921875,0.0,0.346122533082962,False,False,False,16,19585,24244,amherst_ma
z16/19585_24245.png,z16/19585_24245.png,0.007331637541453,31.80078125,0.0018157958984375,0.3402476906776428,False,False,False,16,19585,24245,amherst_ma
z16/19585_24246.png,z16/19585_24246.png,0.0072867954770723,53.2998046875,0.00238037109375,0.3323459327220917,False,False,False,16,19585,24246,amherst_ma
z16/19585_24247.png,z16/19585_24247.png,0.004876796901226,53.7998046875,0.003448486328125,0.330563336610794,False,False,False,16,19585,24247,amherst_ma
z16/19585_24248.png,z16/19585_24248.png,0.0045381590723991,56.2001953125,0.00555419921875,0.3321598768234253,False,False,False,16,19585,24248,amherst_ma
z16/19585_24249.png,z16/19585_24249.png,0.0052838459610939,54.0,0.0412139892578125,0.3314352035522461,False,False,False,16,19585,24249,amherst_ma
z16/19585_24250.png,z16/19585_24250.png,0.0061305622259775,40.900390625,0.046295166015625,0.3362195491790771,False,False,False,16,19585,24250,amherst_ma
z16/19585_24251.png,z16/19585_24251.png,0.0079709549744923,31.0,0.0282135009765625,0.3384784162044525,False,False,False,16,19585,24251,amherst_ma
z16/19585_24252.png,z16/19585_24252.png,0.0078252464532852,60.7001953125,0.00152587890625,0.3348826766014099,False,False,False,16,19585,24252,amherst_ma
z16/19585_24253.png,z16/19585_24253.png,0.0064062257607777,63.7998046875,0.002166748046875,0.3362335562705993,False,False,False,16,19585,24253,amherst_ma
z16/19585_24254.png,z16/19585_24254.png,0.0058600773413976,24.099609375,0.0201873779296875,0.3399021625518799,False,False,False,16,19585,24254,amherst_ma
z16/19585_24255.png,z16/19585_24255.png,0.0049298211932182,21.69921875,0.0,0.3356178104877472,False,False,False,16,19585,24255,amherst_ma
z16/19585_24256.png,z16/19585_24256.png,0.0032244322200616,10.099609375,0.0,0.3374401926994324,False,False,False,16,19585,24256,amherst_ma
z16/19585_24257.png,z16/19585_24257.png,0.0040310926735401,19.0,0.0,0.3345689475536346,False,False,False,16,19585,24257,amherst_ma
z16/19585_24258.png,z16/19585_24258.png,0.0040678426623344,28.1005859375,0.00360107421875,0.336779236793518,False,False,False,16,19585,24258,amherst_ma
z16/19585_24259.png,z16/19585_24259.png,0.0052715559800465,44.2001953125,0.0001373291015625,0.3339910209178924,False,False,False,16,19585,24259,amherst_ma
z16/19585_24260.png,z16/19585_24260.png,0.0042667989929517,14.5,0.0,0.3399384617805481,False,False,False,16,19585,24260,amherst_ma
z16/19585_24261.png,z16/19585_24261.png,0.0032860527435938,13.69921875,0.0,0.3521688580513,False,False,False,16,19585,24261,amherst_ma
z16/19585_24262.png,z16/19585_24262.png,0.0038685398797194,18.400390625,0.0,0.3454603850841522,False,False,False,16,19585,24262,amherst_ma
z16/19585_24263.png,z16/19585_24263.png,0.0064704169829686,31.1005859375,0.0,0.3306781351566314,False,False,False,16,19585,24263,amherst_ma
z16/19585_24264.png,z16/19585_24264.png,0.0051298469305038,43.400390625,0.0167083740234375,0.3325271904468536,False,False,False,16,19585,24264,amherst_ma
z16/19585_24265.png,z16/19585_24265.png,0.0050800075133641,33.1005859375,0.0029754638671875,0.3377789855003357,False,False,False,16,19585,24265,amherst_ma
z16/19585_24266.png,z16/19585_24266.png,0.0035860116283098,30.599609375,0.006622314453125,0.3376202881336212,False,False,False,16,19585,24266,amherst_ma
z16/19585_24267.png,z16/19585_24267.png,0.0099532673756281,49.400390625,0.0,0.3370420634746551,False,False,False,16,19585,24267,amherst_ma
z16/19585_24268.png,z16/19585_24268.png,0.0074743658304214,67.2998046875,0.0701446533203125,0.3397829234600067,False,False,False,16,19585,24268,amherst_ma
z16/19585_24269.png,z16/19585_24269.png,0.0049971312284469,31.400390625,0.0278778076171875,0.344133973121643,False,False,False,16,19585,24269,amherst_ma
z16/19585_24270.png,z16/19585_24270.png,0.0065895949800809,32.7998046875,0.0,0.3438270092010498,False,False,False,16,19585,24270,amherst_ma
z16/19585_24271.png,z16/19585_24271.png,0.003456075489521,13.400390625,0.0,0.3383964896202087,False,False,False,16,19585,24271,amherst_ma
z16/19586_24200.png,z16/19586_24200.png,0.0062208652496337,33.30078125,0.0,0.3387279510498047,False,False,False,16,19586,24200,amherst_ma
z16/19586_24201.png,z16/19586_24201.png,0.0059902295470237,53.2001953125,0.0011444091796875,0.3395311236381531,False,False,False,16,19586,24201,amherst_ma
z16/19586_24202.png,z16/19586_24202.png,0.0074895034233729,57.099609375,0.045013427734375,0.3392618596553802,False,False,False,16,19586,24202,amherst_ma
z16/19586_24203.png,z16/19586_24203.png,0.0036149648328622,20.3994140625,0.0,0.3526602983474731,False,False,False,16,19586,24203,amherst_ma
z16/19586_24204.png,z16/19586_24204.png,0.0086968779563903,64.599609375,0.0261077880859375,0.3464263677597046,False,False,False,16,19586,24204,amherst_ma
z16/19586_24205.png,z16/19586_24205.png,0.0099526673555374,54.1005859375,0.0025787353515625,0.3449186682701111,False,False,False,16,19586,24205,amherst_ma
z16/19586_24206.png,z16/19586_24206.png,0.0130659848451614,71.8994140625,0.0693206787109375,0.3488539457321167,False,False,False,16,19586,24206,amherst_ma
z16/19586_24207.png,z16/19586_24207.png,0.0115646630525589,51.599609375,0.0256195068359375,0.3527480661869049,False,False,False,16,19586,24207,amherst_ma
z16/19586_24208.png,z16/19586_24208.png,0.0068819716572761,52.6005859375,0.0142059326171875,0.3439944386482239,False,False,False,16,19586,24208,amherst_ma
z16/19586_24209.png,z16/19586_24209.png,0.0104072044293085,74.7001953125,0.0008697509765625,0.3387086689472198,False,False,False,16,19586,24209,amherst_ma
z16/19586_24210.png,z16/19586_24210.png,0.0102251052856445,66.7001953125,0.0026092529296875,0.3405284583568573,False,False,False,16,19586,24210,amherst_ma
z16/19586_24211.png,z16/19586_24211.png,0.0095164606968561,78.5,0.00030517578125,0.3380846977233886,False,False,False,16,19586,24211,amherst_ma
z16/19586_24212.png,z16/19586_24212.png,0.0068247680862744,42.599609375,0.0018463134765625,0.3381687998771667,False,False,False,16,19586,24212,amherst_ma
z16/19586_24213.png,z16/19586_24213.png,0.0066340565681457,43.400390625,0.0101318359375,0.3375118970870971,False,False,False,16,19586,24213,amherst_ma
z16/19586_24214.png,z16/19586_24214.png,0.0051210403442382,45.7998046875,0.0013275146484375,0.3364123702049255,False,False,False,16,19586,24214,amherst_ma
z16/19586_24215.png,z16/19586_24215.png,0.002940971404314,28.8994140625,0.0002899169921875,0.340714693069458,False,False,False,16,19586,24215,amherst_ma
z16/19586_24216.png,z16/19586_24216.png,0.0043689896663029,34.400390625,0.0010833740234375,0.3411849737167358,False,False,False,16,19586,24216,amherst_ma
z16/19586_24217.png,z16/19586_24217.png,0.0036410306890805,43.400390625,0.00335693359375,0.3412582576274872,False,False,False,16,19586,24217,amherst_ma
z16/19586_24218.png,z16/19586_24218.png,0.0061803877353668,44.2998046875,0.0068206787109375,0.3440604209899902,False,False,False,16,19586,24218,amherst_ma
z16/19586_24219.png,z16/19586_24219.png,0.0086845328410466,50.7001953125,0.0146636962890625,0.3422728180885315,False,False,False,16,19586,24219,amherst_ma
z16/19586_24220.png,z16/19586_24220.png,0.0092231214046478,63.599609375,0.0106201171875,0.3397254347801208,False,False,False,16,19586,24220,amherst_ma
z16/19586_24221.png,z16/19586_24221.png,0.0076941028237342,66.2001953125,0.0164031982421875,0.3415003418922424,False,False,False,16,19586,24221,amherst_ma
z16/19586_24222.png,z16/19586_24222.png,0.0072813977797826,52.3994140625,0.0014495849609375,0.3393832147121429,False,False,False,16,19586,24222,amherst_ma
z16/19586_24223.png,z16/19586_24223.png,0.005912305911382,59.8994140625,0.0080108642578125,0.3479359447956085,False,False,False,16,19586,24223,amherst_ma
z16/19586_24224.png,z16/19586_24224.png,0.0063336556156476,72.2001953125,0.0106658935546875,0.3413550555706024,False,False,False,16,19586,24224,amherst_ma
z16/19586_24225.png,z16/19586_24225.png,0.0048025136192639,57.0,0.0034637451171875,0.3450068235397339,False,False,False,16,19586,24225,amherst_ma
z16/19586_24226.png,z16/19586_24226.png,0.0053795342644055,30.3994140625,0.0059661865234375,0.3417626023292541,False,False,False,16,19586,24226,amherst_ma
z16/19586_24227.png,z16/19586_24227.png,0.0063562323649724,40.400390625,0.0045318603515625,0.3344440460205078,False,False,False,16,19586,24227,amherst_ma
z16/19586_24228.png,z16/19586_24228.png,0.0053695400555928,35.2998046875,0.001953125,0.3348596692085266,False,False,False,16,19586,24228,amherst_ma
z16/19586_24229.png,z16/19586_24229.png,0.0029186055064201,29.099609375,0.0187530517578125,0.3365369737148285,False,False,False,16,19586,24229,amherst_ma
z16/19586_24230.png,z16/19586_24230.png,0.0027104921638965,17.7998046875,0.0,0.3393547832965851,False,False,False,16,19586,24230,amherst_ma
z16/19586_24231.png,z16/19586_24231.png,0.0033037421603997,17.599609375,0.0,0.3418658375740051,False,False,False,16,19586,24231,amherst_ma
z16/19586_24232.png,z16/19586_24232.png,0.002635733783245,21.099609375,0.0158233642578125,0.3350647985935211,False,False,False,16,19586,24232,amherst_ma
z16/19586_24233.png,z16/19586_24233.png,0.0026814917723337,25.7001953125,0.00286865234375,0.3368212282657623,False,False,False,16,19586,24233,amherst_ma
z16/19586_24234.png,z16/19586_24234.png,0.0047109057505925,26.400390625,0.0,0.3411559462547302,False,False,False,16,19586,24234,amherst_ma
z16/19586_24235.png,z16/19586_24235.png,0.0064010168115297,29.19921875,0.0,0.344764769077301,False,False,False,16,19586,24235,amherst_ma
z16/19586_24236.png,z16/19586_24236.png,0.0089813103278477,44.2998046875,0.0032958984375,0.3361999094486236,False,False,False,16,19586,24236,amherst_ma
z16/19586_24237.png,z16/19586_24237.png,0.0070298636953035,48.099609375,0.018096923828125,0.332511305809021,False,False,False,16,19586,24237,amherst_ma
z16/19586_24238.png,z16/19586_24238.png,0.0027157376209894,19.400390625,0.0,0.3400622010231018,False,False,False,16,19586,24238,amherst_ma
z16/19586_24239.png,z16/19586_24239.png,0.0035111556450525,15.400390625,0.0,0.3368006348609924,False,False,False,16,19586,24239,amherst_ma
z16/19586_24240.png,z16/19586_24240.png,0.0056643495957056,40.2001953125,0.0233306884765625,0.3362769186496734,False,False,False,16,19586,24240,amherst_ma
z16/19586_24241.png,z16/19586_24241.png,0.0042731846372286,16.599609375,0.0,0.343486875295639,False,False,False,16,19586,24241,amherst_ma
z16/19586_24242.png,z16/19586_24242.png,0.0030381614963213,9.1005859375,0.0,0.3482746481895447,False,False,False,16,19586,24242,amherst_ma
z16/19586_24243.png,z16/19586_24243.png,0.0054115985830624,33.400390625,0.0238494873046875,0.3421598672866821,False,False,False,16,19586,24243,amherst_ma
z16/19586_24244.png,z16/19586_24244.png,0.0028353850046793,13.2998046875,0.0107421875,0.3435651063919067,False,False,False,16,19586,24244,amherst_ma
z16/19586_24245.png,z16/19586_24245.png,0.0025759187837441,23.599609375,0.002532958984375,0.3430747985839844,False,False,False,16,19586,24245,amherst_ma
z16/19586_24246.png,z16/19586_24246.png,0.0044170543551445,32.099609375,0.0034942626953125,0.336984783411026,False,False,False,16,19586,24246,amherst_ma
z16/19586_24247.png,z16/19586_24247.png,0.005091359714667,32.599609375,0.0059356689453125,0.3383540511131286,False,False,False,16,19586,24247,amherst_ma
z16/19586_24248.png,z16/19586_24248.png,0.0048331941167513,46.7001953125,0.01263427734375,0.336449384689331,False,False,False,16,19586,24248,amherst_ma
z16/19586_24249.png,z16/19586_24249.png,0.0050622165203094,52.2998046875,0.0037841796875,0.3360507488250732,False,False,False,16,19586,24249,amherst_ma
z16/19586_24250.png,z16/19586_24250.png,0.00444957613945,41.5,0.0034027099609375,0.3376277089118957,False,False,False,16,19586,24250,amherst_ma
z16/19586_24251.png,z16/19586_24251.png,0.0073367883761723,32.8994140625,0.0108489990234375,0.3483006954193115,False,False,False,16,19586,24251,amherst_ma
z16/19586_24252.png,z16/19586_24252.png,0.0078413248062133,48.6005859375,0.0285491943359375,0.3395111262798309,False,False,False,16,19586,24252,amherst_ma
z16/19586_24253.png,z16/19586_24253.png,0.0098936994870503,53.2998046875,0.06573486328125,0.3359504640102386,False,False,False,16,19586,24253,amherst_ma
z16/19586_24254.png,z16/19586_24254.png,0.0098599672317504,47.099609375,0.0240936279296875,0.3400080800056457,False,False,False,16,19586,24254,amherst_ma
z16/19586_24255.png,z16/19586_24255.png,0.0055496623118718,27.7998046875,0.0117950439453125,0.3373669683933258,False,False,False,16,19586,24255,amherst_ma
z16/19586_24256.png,z16/19586_24256.png,0.0033681201438109,10.599609375,0.0,0.3335927426815033,False,False,False,16,19586,24256,amherst_ma
z16/19586_24257.png,z16/19586_24257.png,0.0043416485190391,19.0,0.0,0.3386317193508148,False,False,False,16,19586,24257,amherst_ma
z16/19586_24258.png,z16/19586_24258.png,0.002869373311599,17.7001953125,0.0,0.333080917596817,False,False,False,16,19586,24258,amherst_ma
z16/19586_24259.png,z16/19586_24259.png,0.0054873446623484,33.2998046875,0.0301666259765625,0.3361066579818725,False,False,False,16,19586,24259,amherst_ma
z16/19586_24260.png,z16/19586_24260.png,0.0059208850065867,27.7998046875,0.0,0.3323588669300079,False,False,False,16,19586,24260,amherst_ma
z16/19586_24261.png,z16/19586_24261.png,0.0046424334247907,13.099609375,0.0,0.3361226320266723,False,False,False,16,19586,24261,amherst_ma
z16/19586_24262.png,z16/19586_24262.png,0.0042642692724863,18.400390625,0.0,0.3394972383975982,False,False,False,16,19586,24262,amherst_ma
z16/19586_24263.png,z16/19586_24263.png,0.0026268492142359,15.2001953125,0.01190185546875,0.3478310704231262,False,False,False,16,19586,24263,amherst_ma
z16/19586_24264.png,z16/19586_24264.png,0.0039026732246081,14.5,0.0,0.3313321471214294,False,False,False,16,19586,24264,amherst_ma
z16/19586_24265.png,z16/19586_24265.png,0.0045181145270665,31.8994140625,0.0407867431640625,0.3352428078651428,False,False,False,16,19586,24265,amherst_ma
z16/19586_24266.png,z16/19586_24266.png,0.005834457774957,39.099609375,0.0133209228515625,0.3418607115745544,False,False,False,16,19586,24266,amherst_ma
z16/19586_24267.png,z16/19586_24267.png,0.0036743688086668,25.599609375,0.0273895263671875,0.3480607867240906,False,False,False,16,19586,24267,amherst_ma
z16/19586_24268.png,z16/19586_24268.png,0.0042727351188659,25.2001953125,0.00848388671875,0.3485871255397796,False,False,False,16,19586,24268,amherst_ma
z16/19586_24269.png,z16/19586_24269.png,0.0023364019890626,7.3994140625,0.0,0.3408140242099762,False,False,False,16,19586,24269,amherst_ma
z16/19586_24270.png,z16/19586_24270.png,0.0024500293036301,9.099609375,0.0,0.3448026180267334,False,False,False,16,19586,24270,amherst_ma
z16/19586_24271.png,z16/19586_24271.png,0.0053413410981496,19.2001953125,0.0,0.3446840345859527,False,False,False,16,19586,24271,amherst_ma
z16/19587_24200.png,z16/19587_24200.png,0.005497521162033,33.2998046875,0.002410888671875,0.3378394842147827,False,False,False,16,19587,24200,amherst_ma
z16/19587_24201.png,z16/19587_24201.png,0.007740794122219,60.400390625,0.0001373291015625,0.3363208174705505,False,False,False,16,19587,24201,amherst_ma
z16/19587_24202.png,z16/19587_24202.png,0.0054109796881675,54.80078125,0.0130462646484375,0.3403306007385254,False,False,False,16,19587,24202,amherst_ma
z16/19587_24203.png,z16/19587_24203.png,0.0075993979970614,51.900390625,0.0087738037109375,0.3525951206684112,False,False,False,16,19587,24203,amherst_ma
z16/19587_24204.png,z16/19587_24204.png,0.0113811026016871,60.3994140625,0.0197601318359375,0.3485985994338989,False,False,False,16,19587,24204,amherst_ma
z16/19587_24205.png,z16/19587_24205.png,0.0084055890639623,66.7001953125,0.0626068115234375,0.3453810214996338,False,False,False,16,19587,24205,amherst_ma
z16/19587_24206.png,z16/19587_24206.png,0.0080115218957265,64.7001953125,0.0091094970703125,0.3440368771553039,False,False,False,16,19587,24206,amherst_ma
z16/19587_24207.png,z16/19587_24207.png,0.0072570120294888,40.2001953125,0.0088043212890625,0.3474354743957519,False,False,False,16,19587,24207,amherst_ma
z16/19587_24208.png,z16/19587_24208.png,0.0143414825201034,61.7998046875,0.001800537109375,0.3499864041805267,False,False,False,16,19587,24208,amherst_ma
z16/19587_24209.png,z16/19587_24209.png,0.0109155923128128,64.7001953125,0.0544586181640625,0.3455471396446228,False,False,False,16,19587,24209,amherst_ma
z16/19587_24210.png,z16/19587_24210.png,0.0067501743634541,48.7998046875,0.0262603759765625,0.3446294367313385,False,False,False,16,19587,24210,amherst_ma
z16/19587_24211.png,z16/19587_24211.png,0.0070905630787213,94.400390625,0.0113677978515625,0.3399949073791504,False,False,False,16,19587,24211,amherst_ma
z16/19587_24212.png,z16/19587_24212.png,0.009265794356664,46.400390625,0.0056915283203125,0.3433012962341308,False,False,False,16,19587,24212,amherst_ma
z16/19587_24213.png,z16/19587_24213.png,0.0077851017316182,65.099609375,0.0067138671875,0.341578722000122,False,False,False,16,19587,24213,amherst_ma
z16/19587_24214.png,z16/19587_24214.png,0.0058905273675918,62.2001953125,0.003753662109375,0.3370117545127868,False,False,False,16,19587,24214,amherst_ma
z16/19587_24215.png,z16/19587_24215.png,0.008561486005783,44.5,0.001556396484375,0.3442886471748352,False,False,False,16,19587,24215,amherst_ma
z16/19587_24216.png,z16/19587_24216.png,0.0081184188524882,60.30078125,0.018280029296875,0.3412773907184601,False,False,False,16,19587,24216,amherst_ma
z16/19587_24217.png,z16/19587_24217.png,0.0068415542443593,47.599609375,0.00970458984375,0.3381081223487854,False,False,False,16,19587,24217,amherst_ma
z16/19587_24218.png,z16/19587_24218.png,0.0063438008228937,54.0,0.0056610107421875,0.3493507504463196,False,False,False,16,19587,24218,amherst_ma
z16/19587_24219.png,z16/19587_24219.png,0.0055695484081904,64.8994140625,0.013916015625,0.3469048738479614,False,False,False,16,19587,24219,amherst_ma
z16/19587_24220.png,z16/19587_24220.png,0.0058643281459808,70.5,0.01007080078125,0.3469585180282593,False,False,False,16,19587,24220,amherst_ma
z16/19587_24221.png,z16/19587_24221.png,0.0066134686271349,61.400390625,0.03277587890625,0.3445661067962646,False,False,False,16,19587,24221,amherst_ma
z16/19587_24222.png,z16/19587_24222.png,0.0060376490155855,69.2001953125,0.01080322265625,0.337058961391449,False,False,False,16,19587,24222,amherst_ma
z16/19587_24223.png,z16/19587_24223.png,0.0074667856097221,40.5,0.00177001953125,0.3472884595394134,False,False,False,16,19587,24223,amherst_ma
z16/19587_24224.png,z16/19587_24224.png,0.0077814107139905,42.19921875,0.0348663330078125,0.3439512252807617,False,False,False,16,19587,24224,amherst_ma
z16/19587_24225.png,z16/19587_24225.png,0.005823403596878,44.8994140625,0.0040283203125,0.3362032771110534,False,False,False,16,19587,24225,amherst_ma
z16/19587_24226.png,z16/19587_24226.png,0.0048825586835543,27.400390625,0.00384521484375,0.3396127820014953,False,False,False,16,19587,24226,amherst_ma
z16/19587_24227.png,z16/19587_24227.png,0.0048087830344835,36.599609375,0.0151519775390625,0.3337218463420868,False,False,False,16,19587,24227,amherst_ma
z16/19587_24228.png,z16/19587_24228.png,0.0059184397260348,57.099609375,0.017822265625,0.3368186354637146,False,False,False,16,19587,24228,amherst_ma
z16/19587_24229.png,z16/19587_24229.png,0.0070582807064056,65.2998046875,0.0196533203125,0.3379042744636535,False,False,False,16,19587,24229,amherst_ma
z16/19587_24230.png,z16/19587_24230.png,0.0055618301033973,53.2998046875,0.0023193359375,0.335328996181488,False,False,False,16,19587,24230,amherst_ma
z16/19587_24231.png,z16/19587_24231.png,0.0060491849978764,51.400390625,0.0008392333984375,0.3397136330604553,False,False,False,16,19587,24231,amherst_ma
z16/19587_24232.png,z16/19587_24232.png,0.0050500229001045,48.7001953125,0.001373291015625,0.340508371591568,False,False,False,16,19587,24232,amherst_ma
z16/19587_24233.png,z16/19587_24233.png,0.0036362412075201,27.8994140625,0.0007476806640625,0.3384721875190735,False,False,False,16,19587,24233,amherst_ma
z16/19587_24234.png,z16/19587_24234.png,0.0021263524889945,6.7001953125,0.0,0.3401419520378113,False,False,False,16,19587,24234,amherst_ma
z16/19587_24235.png,z16/19587_24235.png,0.002196214099725,10.0,0.0,0.3400394022464752,False,False,False,16,19587,24235,amherst_ma
z16/19587_24236.png,z16/19587_24236.png,0.0032684378325939,18.8994140625,0.00506591796875,0.3366996645927429,False,False,False,16,19587,24236,amherst_ma
z16/19587_24237.png,z16/19587_24237.png,0.0034354301790396,18.2001953125,0.0,0.3348641395568847,False,False,False,16,19587,24237,amherst_ma
z16/19587_24238.png,z16/19587_24238.png,0.002711238960425,14.2998046875,0.0,0.3356065154075622,False,False,False,16,19587,24238,amherst_ma
z16/19587_24239.png,z16/19587_24239.png,0.005695566534996,21.599609375,0.0028839111328125,0.3377920389175415,False,False,False,16,19587,24239,amherst_ma
z16/19587_24240.png,z16/19587_24240.png,0.0057659457127253,51.19921875,0.033416748046875,0.3392632007598877,False,False,False,16,19587,24240,amherst_ma
z16/19587_24241.png,z16/19587_24241.png,0.004635751247406,20.0,0.005523681640625,0.3474273681640625,False,False,False,16,19587,24241,amherst_ma
z16/19587_24242.png,z16/19587_24242.png,0.0039802911380926,15.0,0.0,0.3461915850639343,False,False,False,16,19587,24242,amherst_ma
z16/19587_24243.png,z16/19587_24243.png,0.0071055635809898,28.5,0.0,0.3415622115135193,False,False,False,16,19587,24243,amherst_ma
z16/19587_24244.png,z16/19587_24244.png,0.0051351740956306,35.6005859375,0.0564727783203125,0.3380171954631805,False,False,False,16,19587,24244,amherst_ma
z16/19587_24245.png,z16/19587_24245.png,0.0040115155279636,34.7998046875,0.0144500732421875,0.3454454243183136,False,False,False,16,19587,24245,amherst_ma
z16/19587_24246.png,z16/19587_24246.png,0.0040395441154638,32.5,0.0076904296875,0.3450582921504974,False,False,False,16,19587,24246,amherst_ma
z16/19587_24247.png,z16/19587_24247.png,0.0131969352563222,49.0,0.0011138916015625,0.3394323587417602,False,False,False,16,19587,24247,amherst_ma
z16/19587_24248.png,z16/19587_24248.png,0.0099298477172851,50.400390625,0.006378173828125,0.3335177600383758,False,False,False,16,19587,24248,amherst_ma
z16/19587_24249.png,z16/19587_24249.png,0.0046875849366188,55.7998046875,0.015106201171875,0.3297092318534851,False,False,False,16,19587,24249,amherst_ma
z16/19587_24250.png,z16/19587_24250.png,0.0058012430866559,52.7001953125,0.049468994140625,0.3369212448596954,False,False,False,16,19587,24250,amherst_ma
z16/19587_24251.png,z16/19587_24251.png,0.0057663043340047,42.2998046875,0.0113983154296875,0.3398464918136596,False,False,False,16,19587,24251,amherst_ma
z16/19587_24252.png,z16/19587_24252.png,0.005942682425181,32.400390625,0.0119476318359375,0.3416497409343719,False,False,False,16,19587,24252,amherst_ma
z16/19587_24253.png,z16/19587_24253.png,0.008134739100933,37.099609375,0.011871337890625,0.341193825006485,False,False,False,16,19587,24253,amherst_ma
z16/19587_24254.png,z16/19587_24254.png,0.0108367413282394,56.6005859375,0.0160675048828125,0.3369531631469726,False,False,False,16,19587,24254,amherst_ma
z16/19587_24255.png,z16/19587_24255.png,0.0099458068609237,56.2998046875,0.05029296875,0.3391318321228027,False,False,False,16,19587,24255,amherst_ma
z16/19587_24256.png,z16/19587_24256.png,0.0065818126002947,33.7001953125,0.0196380615234375,0.3421278893947601,False,False,False,16,19587,24256,amherst_ma
z16/19587_24257.png,z16/19587_24257.png,0.0065186500549316,28.900390625,0.00799560546875,0.3380574584007263,False,False,False,16,19587,24257,amherst_ma
z16/19587_24258.png,z16/19587_24258.png,0.005117858449618,38.5,0.0001983642578125,0.3411793708801269,False,False,False,16,19587,24258,amherst_ma
z16/19587_24259.png,z16/19587_24259.png,0.0043730487426122,17.0,0.0007781982421875,0.3408550322055816,False,False,False,16,19587,24259,amherst_ma
z16/19587_24260.png,z16/19587_24260.png,0.0038064206639925,31.400390625,0.0005645751953125,0.3366426527500152,False,False,False,16,19587,24260,amherst_ma
z16/19587_24261.png,z16/19587_24261.png,0.0041151044269402,34.69921875,0.0145416259765625,0.3395164608955383,False,False,False,16,19587,24261,amherst_ma
z16/19587_24262.png,z16/19587_24262.png,0.0041559301316738,28.7001953125,0.0,0.3338874876499176,False,False,False,16,19587,24262,amherst_ma
z16/19587_24263.png,z16/19587_24263.png,0.0032326792677243,20.2998046875,0.0,0.3310990333557129,False,False,False,16,19587,24263,amherst_ma
z16/19587_24264.png,z16/19587_24264.png,0.0035546131432056,11.599609375,0.0,0.3377238512039184,False,False,False,16,19587,24264,amherst_ma
z16/19587_24265.png,z16/19587_24265.png,0.0081094329555829,22.900390625,0.0059661865234375,0.3399942517280578,False,False,False,16,19587,24265,amherst_ma
z16/19587_24266.png,z16/19587_24266.png,0.0048866058389345,24.2998046875,0.03546142578125,0.3443251252174377,False,False,False,16,19587,24266,amherst_ma
z16/19587_24267.png,z16/19587_24267.png,0.0045076966285705,17.7001953125,0.0122833251953125,0.346181720495224,False,False,False,16,19587,24267,amherst_ma
z16/19587_24268.png,z16/19587_24268.png,0.0046962484717369,17.599609375,0.007080078125,0.349552720785141,False,False,False,16,19587,24268,amherst_ma
z16/19587_24269.png,z16/19587_24269.png,0.003649062414964,11.0,0.0,0.3427835702896118,False,False,False,16,19587,24269,amherst_ma
z16/19587_24270.png,z16/19587_24270.png,0.0032261880735556,13.0,0.0,0.3467096388339996,False,False,False,16,19587,24270,amherst_ma
z16/19587_24271.png,z16/19587_24271.png,0.003851297746102,16.5,0.0260162353515625,0.3448584675788879,False,False,False,16,19587,24271,amherst_ma
z16/19588_24200.png,z16/19588_24200.png,0.0048132225871086,73.6005859375,0.0367279052734375,0.337826520204544,False,False,False,16,19588,24200,amherst_ma
z16/19588_24201.png,z16/19588_24201.png,0.0054763053854306,70.900390625,0.0552978515625,0.3391712307929992,False,False,False,16,19588,24201,amherst_ma
z16/19588_24202.png,z16/19588_24202.png,0.0037035726010799,46.0,0.0395050048828125,0.3413266837596893,False,False,False,16,19588,24202,amherst_ma
z16/19588_24203.png,z16/19588_24203.png,0.0076488321026166,57.7001953125,0.0303955078125,0.352088063955307,False,False,False,16,19588,24203,amherst_ma
z16/19588_24204.png,z16/19588_24204.png,0.0103599866231282,63.3994140625,0.0376434326171875,0.3542288243770599,False,False,False,16,19588,24204,amherst_ma
z16/19588_24205.png,z16/19588_24205.png,0.0043765604496002,23.400390625,0.0,0.3519156575202942,False,False,False,16,19588,24205,amherst_ma
z16/19588_24206.png,z16/19588_24206.png,0.0063091655572255,65.599609375,0.018096923828125,0.350791722536087,False,False,False,16,19588,24206,amherst_ma
z16/19588_24207.png,z16/19588_24207.png,0.0077649866541226,97.400390625,0.059295654296875,0.3464910686016083,False,False,False,16,19588,24207,amherst_ma
z16/19588_24208.png,z16/19588_24208.png,0.0099776754776636,106.80078125,0.0096588134765625,0.3479259312152862,False,False,False,16,19588,24208,amherst_ma
z16/19588_24209.png,z16/19588_24209.png,0.0080484360456466,80.7998046875,0.003631591796875,0.3430043756961822,False,False,False,16,19588,24209,amherst_ma
z16/19588_24210.png,z16/19588_24210.png,0.007948924601078,40.7001953125,0.0128173828125,0.3425744473934173,False,False,False,16,19588,24210,amherst_ma
z16/19588_24211.png,z16/19588_24211.png,0.0105351855357488,100.2001953125,0.0262451171875,0.3407003283500671,False,False,False,16,19588,24211,amherst_ma
z16/19588_24212.png,z16/19588_24212.png,0.0096846938133239,96.2001953125,0.0003662109375,0.3396210968494415,False,False,False,16,19588,24212,amherst_ma
z16/19588_24213.png,z16/19588_24213.png,0.0111311088005701,80.2001953125,0.02227783203125,0.3420363366603851,False,False,False,16,19588,24213,amherst_ma
z16/19588_24214.png,z16/19588_24214.png,0.0072393169005711,99.2998046875,0.0367431640625,0.3407934308052063,False,False,False,16,19588,24214,amherst_ma
z16/19588_24215.png,z16/19588_24215.png,0.0106411337852478,91.19921875,0.019775390625,0.3379117250442505,False,False,False,16,19588,24215,amherst_ma
z16/19588_24216.png,z16/19588_24216.png,0.0071118732293446,66.3994140625,0.0271148681640625,0.3384109139442444,False,False,False,16,19588,24216,amherst_ma
z16/19588_24217.png,z16/19588_24217.png,0.0052082697550455,38.900390625,0.0002899169921875,0.3419066965579986,False,False,False,16,19588,24217,amherst_ma
z16/19588_24218.png,z16/19588_24218.png,0.0073201984167099,77.3994140625,0.0484161376953125,0.3397732377052307,False,False,False,16,19588,24218,amherst_ma
z16/19588_24219.png,z16/19588_24219.png,0.006934521595637,73.2998046875,0.009552001953125,0.3361857235431671,False,False,False,16,19588,24219,amherst_ma
z16/19588_24220.png,z16/19588_24220.png,0.0053214783469835,55.5,0.0128173828125,0.3370622396469116,False,False,False,16,19588,24220,amherst_ma
z16/19588_24221.png,z16/19588_24221.png,0.0045948073267936,59.6005859375,0.02142333984375,0.3422557711601257,False,False,False,16,19588,24221,amherst_ma
z16/19588_24222.png,z16/19588_24222.png,0.0075053612391153,40.099609375,0.021575927734375,0.351770281791687,False,False,False,16,19588,24222,amherst_ma
z16/19588_24223.png,z16/19588_24223.png,0.0083050186435381,78.400390625,0.00299072265625,0.347756028175354,False,False,False,16,19588,24223,amherst_ma
z16/19588_24224.png,z16/19588_24224.png,0.0072224254409472,42.7998046875,0.0043182373046875,0.3474648892879486,False,False,False,16,19588,24224,amherst_ma
z16/19588_24225.png,z16/19588_24225.png,0.0084296693404515,79.099609375,0.002838134765625,0.33957239985466,False,False,False,16,19588,24225,amherst_ma
z16/19588_24226.png,z16/19588_24226.png,0.0087047576904296,61.3994140625,0.002655029296875,0.3395314812660217,False,False,False,16,19588,24226,amherst_ma
z16/19588_24227.png,z16/19588_24227.png,0.0077288116017977,34.0,0.0175628662109375,0.3444204926490783,False,False,False,16,19588,24227,amherst_ma
z16/19588_24228.png,z16/19588_24228.png,0.006560069322586,31.5,0.0016937255859375,0.3413496911525726,False,False,False,16,19588,24228,amherst_ma
z16/19588_24229.png,z16/19588_24229.png,0.0052806278069814,40.0,0.0437774658203125,0.3394032120704651,False,False,False,16,19588,24229,amherst_ma
z16/19588_24230.png,z16/19588_24230.png,0.0074757342537244,48.900390625,0.0065460205078125,0.3339940011501312,False,False,False,16,19588,24230,amherst_ma
z16/19588_24231.png,z16/19588_24231.png,0.0033526164789994,43.3994140625,0.017852783203125,0.3329606652259826,False,False,False,16,19588,24231,amherst_ma
z16/19588_24232.png,z16/19588_24232.png,0.004192537566026,45.2001953125,0.0506134033203125,0.3340989947319031,False,False,False,16,19588,24232,amherst_ma
z16/19588_24233.png,z16/19588_24233.png,0.0045905749003092,50.7001953125,0.00067138671875,0.3324034810066223,False,False,False,16,19588,24233,amherst_ma
z16/19588_24234.png,z16/19588_24234.png,0.0035034696261088,27.7998046875,0.01605224609375,0.3363081514835357,False,False,False,16,19588,24234,amherst_ma
z16/19588_24235.png,z16/19588_24235.png,0.0022217584153016,20.2001953125,0.0,0.3319199383258819,False,False,False,16,19588,24235,amherst_ma
z16/19588_24236.png,z16/19588_24236.png,0.0019751331458489,13.6005859375,0.0,0.3368052244186401,False,False,False,16,19588,24236,amherst_ma
z16/19588_24237.png,z16/19588_24237.png,0.0040343607465426,23.400390625,0.00146484375,0.3411609232425689,False,False,False,16,19588,24237,amherst_ma
z16/19588_24238.png,z16/19588_24238.png,0.0053806324799855,31.19921875,0.0004730224609375,0.3394277095794678,False,False,False,16,19588,24238,amherst_ma
z16/19588_24239.png,z16/19588_24239.png,0.0045330966512362,24.7998046875,0.0009918212890625,0.3423671126365661,False,False,False,16,19588,24239,amherst_ma
z16/19588_24240.png,z16/19588_24240.png,0.0062940686941146,45.400390625,0.0021209716796875,0.3367122411727905,False,False,False,16,19588,24240,amherst_ma
z16/19588_24241.png,z16/19588_24241.png,0.0077860290805498,40.900390625,0.00640869140625,0.3407047688961029,False,False,False,16,19588,24241,amherst_ma
z16/19588_24242.png,z16/19588_24242.png,0.0049847235282262,18.6005859375,0.0,0.3463713228702545,False,False,False,16,19588,24242,amherst_ma
z16/19588_24243.png,z16/19588_24243.png,0.0040686438481012,24.3994140625,0.0,0.343368649482727,False,False,False,16,19588,24243,amherst_ma
z16/19588_24244.png,z16/19588_24244.png,0.0106609761714935,62.2998046875,0.0,0.3319856226444244,False,False,False,16,19588,24244,amherst_ma
z16/19588_24245.png,z16/19588_24245.png,0.0075943395495414,67.5,0.0351409912109375,0.3345038890838623,False,False,False,16,19588,24245,amherst_ma
z16/19588_24246.png,z16/19588_24246.png,0.0064570213357607,62.2998046875,0.0403289794921875,0.3379133641719818,False,False,False,16,19588,24246,amherst_ma
z16/19588_24247.png,z16/19588_24247.png,0.0069533278544743,61.5,0.008880615234375,0.3324011564254761,False,False,False,16,19588,24247,amherst_ma
z16/19588_24248.png,z16/19588_24248.png,0.0060540050268173,66.2998046875,0.0018310546875,0.3271872699260711,False,False,False,16,19588,24248,amherst_ma
z16/19588_24249.png,z16/19588_24249.png,0.0045024345318476,72.19921875,0.0027313232421875,0.3270367383956909,False,False,False,16,19588,24249,amherst_ma
z16/19588_24250.png,z16/19588_24250.png,0.0070038184523582,83.2998046875,0.0159454345703125,0.3292505741119385,False,False,False,16,19588,24250,amherst_ma
z16/19588_24251.png,z16/19588_24251.png,0.0044971754153569,82.80078125,0.0411376953125,0.3328036069869995,False,False,False,16,19588,24251,amherst_ma
z16/19588_24252.png,z16/19588_24252.png,0.0054840018351872,41.400390625,0.0,0.3380784392356872,False,False,False,16,19588,24252,amherst_ma
z16/19588_24253.png,z16/19588_24253.png,0.0024330558876196,12.1005859375,0.0,0.3428542912006378,False,False,False,16,19588,24253,amherst_ma
z16/19588_24254.png,z16/19588_24254.png,0.005991111199061,37.0,0.0003662109375,0.3405558466911316,False,False,False,16,19588,24254,amherst_ma
z16/19588_24255.png,z16/19588_24255.png,0.00617349644502,41.7001953125,0.03411865234375,0.3387799263000488,False,False,False,16,19588,24255,amherst_ma
z16/19588_24256.png,z16/19588_24256.png,0.0051048889756202,34.8994140625,0.0295867919921875,0.3414506316184997,False,False,False,16,19588,24256,amherst_ma
z16/19588_24257.png,z16/19588_24257.png,0.0075551951924959,28.1005859375,0.0057220458984375,0.3413898944854736,False,False,False,16,19588,24257,amherst_ma
z16/19588_24258.png,z16/19588_24258.png,0.0073359241088231,39.7998046875,0.0430145263671875,0.3393396437168121,False,False,False,16,19588,24258,amherst_ma
z16/19588_24259.png,z16/19588_24259.png,0.0053204670548439,45.2998046875,0.0158538818359375,0.3393574655056,False,False,False,16,19588,24259,amherst_ma
z16/19588_24260.png,z16/19588_24260.png,0.0046408091982205,33.2001953125,0.0014190673828125,0.3420523107051849,False,False,False,16,19588,24260,amherst_ma
z16/19588_24261.png,z16/19588_24261.png,0.0020179934799671,18.2001953125,0.006683349609375,0.3481038808822632,False,False,False,16,19588,24261,amherst_ma
z16/19588_24262.png,z16/19588_24262.png,0.001782743136088,14.3994140625,0.01336669921875,0.3413155376911163,False,False,False,16,19588,24262,amherst_ma
z16/19588_24263.png,z16/19588_24263.png,0.0023389349381128,18.7001953125,0.0027008056640625,0.33835169672966,False,False,False,16,19588,24263,amherst_ma
z16/19588_24264.png,z16/19588_24264.png,0.0038817646602789,18.599609375,0.0,0.3478555679321289,False,False,False,16,19588,24264,amherst_ma
z16/19588_24265.png,z16/19588_24265.png,0.0051692540446917,18.900390625,0.011810302734375,0.3463906943798065,False,False,False,16,19588,24265,amherst_ma
z16/19588_24266.png,z16/19588_24266.png,0.0060514350732167,15.7001953125,0.0,0.3395326733589172,False,False,False,16,19588,24266,amherst_ma
z16/19588_24267.png,z16/19588_24267.png,0.0043692092100779,9.400390625,0.0,0.3347059190273285,False,False,False,16,19588,24267,amherst_ma
z16/19588_24268.png,z16/19588_24268.png,0.0080642407139142,13.2998046875,0.0,0.3409930169582367,False,False,False,16,19588,24268,amherst_ma
z16/19588_24269.png,z16/19588_24269.png,0.0059712832172711,16.7001953125,0.0412750244140625,0.3466686308383941,False,False,False,16,19588,24269,amherst_ma
z16/19588_24270.png,z16/19588_24270.png,0.0062488188346227,14.8994140625,0.0,0.3448158502578735,False,False,False,16,19588,24270,amherst_ma
z16/19588_24271.png,z16/19588_24271.png,0.0051226407289505,16.5,0.0,0.3485879600048065,False,False,False,16,19588,24271,amherst_ma
z16/19589_24200.png,z16/19589_24200.png,0.004201133052508,25.099609375,0.0,0.3545895516872406,False,False,False,16,19589,24200,amherst_ma
z16/19589_24201.png,z16/19589_24201.png,0.0045852944254875,35.7001953125,0.0165557861328125,0.3473168313503265,False,False,False,16,19589,24201,amherst_ma
z16/19589_24202.png,z16/19589_24202.png,0.0051851292451222,46.400390625,0.021484375,0.3481843471527099,False,False,False,16,19589,24202,amherst_ma
z16/19589_24203.png,z16/19589_24203.png,0.0056492164731025,50.8994140625,0.003082275390625,0.3466475903987884,False,False,False,16,19589,24203,amherst_ma
z16/19589_24204.png,z16/19589_24204.png,0.0052187949419021,46.2001953125,0.0292510986328125,0.3533502221107483,False,False,False,16,19589,24204,amherst_ma
z16/19589_24205.png,z16/19589_24205.png,0.0064354608456293,45.69921875,0.0065155029296875,0.3532859981060028,False,False,False,16,19589,24205,amherst_ma
z16/19589_24206.png,z16/19589_24206.png,0.0082312261064847,60.6005859375,0.0372467041015625,0.3470250070095062,False,False,False,16,19589,24206,amherst_ma
z16/19589_24207.png,z16/19589_24207.png,0.0073452850182851,67.900390625,0.0041656494140625,0.3502134680747986,False,False,False,16,19589,24207,amherst_ma
z16/19589_24208.png,z16/19589_24208.png,0.0083145494262377,55.400390625,0.046966552734375,0.3485354781150818,False,False,False,16,19589,24208,amherst_ma
z16/19589_24209.png,z16/19589_24209.png,0.0107420514027277,45.5,0.0070648193359375,0.3472467958927154,False,False,False,16,19589,24209,amherst_ma
z16/19589_24210.png,z16/19589_24210.png,0.0100605100393295,62.0,0.033355712890625,0.3486166298389435,False,False,False,16,19589,24210,amherst_ma
z16/19589_24211.png,z16/19589_24211.png,0.0122638165950775,72.30078125,0.0201873779296875,0.3535206615924835,False,False,False,16,19589,24211,amherst_ma
z16/19589_24212.png,z16/19589_24212.png,0.0131455093622207,94.7001953125,0.0093231201171875,0.3477661311626434,False,False,False,16,19589,24212,amherst_ma
z16/19589_24213.png,z16/19589_24213.png,0.0086412092049916,96.599609375,0.0347900390625,0.3440599143505096,False,False,False,16,19589,24213,amherst_ma
z16/19589_24214.png,z16/19589_24214.png,0.0112959782282511,85.1005859375,0.0119476318359375,0.3462026417255401,False,False,False,16,19589,24214,amherst_ma
z16/19589_24215.png,z16/19589_24215.png,0.006959743797779,81.1005859375,0.022003173828125,0.3445816040039062,False,False,False,16,19589,24215,amherst_ma
z16/19589_24216.png,z16/19589_24216.png,0.0092942913373311,67.6005859375,0.002166748046875,0.3411079347133636,False,False,False,16,19589,24216,amherst_ma
z16/19589_24217.png,z16/19589_24217.png,0.0062998250126838,74.0,0.0079498291015625,0.3391379117965698,False,False,False,16,19589,24217,amherst_ma
z16/19589_24218.png,z16/19589_24218.png,0.0064427410562833,63.599609375,0.0011444091796875,0.3374431133270263,False,False,False,16,19589,24218,amherst_ma
z16/19589_24219.png,z16/19589_24219.png,0.0068147912621498,40.2998046875,0.0067596435546875,0.3377754092216491,False,False,False,16,19589,24219,amherst_ma
z16/19589_24220.png,z16/19589_24220.png,0.0077492892742156,52.2998046875,0.005645751953125,0.3369616866111755,False,False,False,16,19589,24220,amherst_ma
z16/19589_24221.png,z16/19589_24221.png,0.0069287896156311,51.7998046875,0.000732421875,0.3383482098579407,False,False,False,16,19589,24221,amherst_ma
z16/19589_24222.png,z16/19589_24222.png,0.0103828271230061,65.099609375,0.0013275146484375,0.3435121178627014,False,False,False,16,19589,24222,amherst_ma
z16/19589_24223.png,z16/19589_24223.png,0.0091194003820419,61.599609375,0.0301971435546875,0.3550514280796051,False,False,False,16,19589,24223,amherst_ma
z16/19589_24224.png,z16/19589_24224.png,0.0065881460905075,80.7001953125,0.0062103271484375,0.347290962934494,False,False,False,16,19589,24224,amherst_ma
z16/19589_24225.png,z16/19589_24225.png,0.0081441015005111,67.3994140625,0.0133056640625,0.3505643606185913,False,False,False,16,19589,24225,amherst_ma
z16/19589_24226.png,z16/19589_24226.png,0.006328202287356,84.599609375,0.0074462890625,0.3409621119499206,False,False,False,16,19589,24226,amherst_ma
z16/19589_24227.png,z16/19589_24227.png,0.0053001354138056,81.5,0.0006866455078125,0.3340675830841064,False,False,False,16,19589,24227,amherst_ma
z16/19589_24228.png,z16/19589_24228.png,0.0053239325682322,31.900390625,0.000335693359375,0.3377461731433868,False,False,False,16,19589,24228,amherst_ma
z16/19589_24229.png,z16/19589_24229.png,0.0090773284435272,43.8994140625,0.000274658203125,0.3444552421569824,False,False,False,16,19589,24229,amherst_ma
z16/19589_24230.png,z16/19589_24230.png,0.0076287060976028,74.0,0.0047760009765625,0.3446126282215118,False,False,False,16,19589,24230,amherst_ma
z16/19589_24231.png,z16/19589_24231.png,0.00984794596831,82.599609375,0.0108489990234375,0.3437948226928711,False,False,False,16,19589,24231,amherst_ma
z16/19589_24232.png,z16/19589_24232.png,0.0045823415120442,49.5,0.00225830078125,0.342048317193985,False,False,False,16,19589,24232,amherst_ma
z16/19589_24233.png,z16/19589_24233.png,0.0036962755024433,42.7001953125,0.000701904296875,0.3406220078468323,False,False,False,16,19589,24233,amherst_ma
z16/19589_24234.png,z16/19589_24234.png,0.0039333475132783,24.0,0.0,0.3466054201126098,False,False,False,16,19589,24234,amherst_ma
z16/19589_24235.png,z16/19589_24235.png,0.0071398427089055,42.400390625,0.000762939453125,0.3390131890773773,False,False,False,16,19589,24235,amherst_ma
z16/19589_24236.png,z16/19589_24236.png,0.0057423964142799,39.599609375,0.003387451171875,0.3387098312377929,False,False,False,16,19589,24236,amherst_ma
z16/19589_24237.png,z16/19589_24237.png,0.0050123353799184,27.900390625,0.0045318603515625,0.3443518280982971,False,False,False,16,19589,24237,amherst_ma
z16/19589_24238.png,z16/19589_24238.png,0.0045320545633633,36.7001953125,0.03790283203125,0.3451321125030517,False,False,False,16,19589,24238,amherst_ma
z16/19589_24239.png,z16/19589_24239.png,0.0061068107684453,55.599609375,0.0213623046875,0.3386578261852264,False,False,False,16,19589,24239,amherst_ma
z16/19589_24240.png,z16/19589_24240.png,0.0109485407670338,67.2001953125,0.0155487060546875,0.336777001619339,False,False,False,16,19589,24240,amherst_ma
z16/19589_24241.png,z16/19589_24241.png,0.0051461736361185,45.099609375,0.00579833984375,0.3379665017127991,False,False,False,16,19589,24241,amherst_ma
z16/19589_24242.png,z16/19589_24242.png,0.003888543198506,41.599609375,0.0028228759765625,0.3403464257717132,False,False,False,16,19589,24242,amherst_ma
z16/19589_24243.png,z16/19589_24243.png,0.0053182115157445,40.2998046875,0.0008392333984375,0.3467990458011627,False,False,False,16,19589,24243,amherst_ma
z16/19589_24244.png,z16/19589_24244.png,0.0038894342879454,51.1005859375,0.0045166015625,0.3315493464469909,False,False,False,16,19589,24244,amherst_ma
z16/19589_24245.png,z16/19589_24245.png,0.0031598021586736,24.2001953125,0.0002899169921875,0.3380668759346008,False,False,False,16,19589,24245,amherst_ma
z16/19589_24246.png,z16/19589_24246.png,0.0044498925407727,23.2998046875,4.57763671875e-05,0.3415369987487793,False,False,False,16,19589,24246,amherst_ma
z16/19589_24247.png,z16/19589_24247.png,0.0038847441474596,26.5,0.0013580322265625,0.3368150889873504,False,False,False,16,19589,24247,amherst_ma
z16/19589_24248.png,z16/19589_24248.png,0.0028151077528794,21.2998046875,0.002410888671875,0.3282598853111267,False,False,False,16,19589,24248,amherst_ma
z16/19589_24249.png,z16/19589_24249.png,0.0050093804796536,25.5,0.0,0.3333288729190826,False,False,False,16,19589,24249,amherst_ma
z16/19589_24250.png,z16/19589_24250.png,0.006683854262034,42.900390625,0.0,0.3328694999217987,False,False,False,16,19589,24250,amherst_ma
z16/19589_24251.png,z16/19589_24251.png,0.0052267670631408,80.7001953125,0.0012969970703125,0.328409343957901,False,False,False,16,19589,24251,amherst_ma
z16/19589_24252.png,z16/19589_24252.png,0.0073523824413617,77.7998046875,0.03936767578125,0.332992672920227,False,False,False,16,19589,24252,amherst_ma
z16/19589_24253.png,z16/19589_24253.png,0.0047619074583053,34.7001953125,0.0,0.3364470899105072,False,False,False,16,19589,24253,amherst_ma
z16/19589_24254.png,z16/19589_24254.png,0.0037238779167334,19.5,0.0,0.3415352404117584,False,False,False,16,19589,24254,amherst_ma
z16/19589_24255.png,z16/19589_24255.png,0.0046576231718063,30.2001953125,0.0134735107421875,0.3435915410518646,False,False,False,16,19589,24255,amherst_ma
z16/19589_24256.png,z16/19589_24256.png,0.0048043966293334,27.7998046875,0.016265869140625,0.3444109857082367,False,False,False,16,19589,24256,amherst_ma
z16/19589_24257.png,z16/19589_24257.png,0.0042365451653798,32.80078125,0.0044097900390625,0.3427499830722809,False,False,False,16,19589,24257,amherst_ma
z16/19589_24258.png,z16/19589_24258.png,0.0050187369187672,22.599609375,0.0,0.3372401893138885,False,False,False,16,19589,24258,amherst_ma
z16/19589_24259.png,z16/19589_24259.png,0.0054282888770103,24.0,0.0331573486328125,0.3335449695587158,False,False,False,16,19589,24259,amherst_ma
z16/19589_24260.png,z16/19589_24260.png,0.0044471437732378,34.6005859375,0.0327301025390625,0.33782559633255,False,False,False,16,19589,24260,amherst_ma
z16/19589_24261.png,z16/19589_24261.png,0.0042936876416206,31.7001953125,0.001739501953125,0.3413620889186859,False,False,False,16,19589,24261,amherst_ma
z16/19589_24262.png,z16/19589_24262.png,0.0069950992862383,26.1005859375,0.0,0.3414784073829651,False,False,False,16,19589,24262,amherst_ma
z16/19589_24263.png,z16/19589_24263.png,0.0078075816233952,32.19921875,0.0618743896484375,0.3366057574748993,False,False,False,16,19589,24263,amherst_ma
z16/19589_24264.png,z16/19589_24264.png,0.0027745065589745,11.099609375,0.0,0.3433452248573303,False,False,False,16,19589,24264,amherst_ma
z16/19589_24265.png,z16/19589_24265.png,0.0039583216110865,13.0,0.0,0.341026246547699,False,False,False,16,19589,24265,amherst_ma
z16/19589_24266.png,z16/19589_24266.png,0.0032077354689439,13.1005859375,0.0,0.3434793651103973,False,False,False,16,19589,24266,amherst_ma
z16/19589_24267.png,z16/19589_24267.png,0.0050414596994717,15.599609375,0.0,0.3491446375846863,False,False,False,16,19589,24267,amherst_ma
z16/19589_24268.png,z16/19589_24268.png,0.004649310807387,14.0,0.0,0.3462433218955993,False,False,False,16,19589,24268,amherst_ma
z16/19589_24269.png,z16/19589_24269.png,0.0041509474317232,13.6005859375,0.0,0.3473206758499145,False,False,False,16,19589,24269,amherst_ma
z16/19589_24270.png,z16/19589_24270.png,0.0022836816807587,11.3994140625,0.0,0.3442240059375763,False,False,False,16,19589,24270,amherst_ma
z16/19589_24271.png,z16/19589_24271.png,0.0021404579281806,10.30078125,0.0,0.3462856411933899,False,False,False,16,19589,24271,amherst_ma
z16/19590_24200.png,z16/19590_24200.png,0.0033677724500497,21.30078125,0.006256103515625,0.3477805852890014,False,False,False,16,19590,24200,amherst_ma
z16/19590_24201.png,z16/19590_24201.png,0.0039937309920787,31.5,0.004638671875,0.3470101952552795,False,False,False,16,19590,24201,amherst_ma
z16/19590_24202.png,z16/19590_24202.png,0.0045247952143351,30.6005859375,0.0067138671875,0.3387823104858398,False,False,False,16,19590,24202,amherst_ma
z16/19590_24203.png,z16/19590_24203.png,0.0071210155884424,43.900390625,0.0047454833984375,0.3411717414855957,False,False,False,16,19590,24203,amherst_ma
z16/19590_24204.png,z16/19590_24204.png,0.0106787055730819,69.6005859375,0.0137481689453125,0.3442252278327942,False,False,False,16,19590,24204,amherst_ma
z16/19590_24205.png,z16/19590_24205.png,0.0073999091982841,55.599609375,0.00634765625,0.343716025352478,False,False,False,16,19590,24205,amherst_ma
z16/19590_24206.png,z16/19590_24206.png,0.0114903410275777,54.5,0.0023345947265625,0.3443126976490021,False,False,False,16,19590,24206,amherst_ma
z16/19590_24207.png,z16/19590_24207.png,0.0129279007514317,70.8994140625,0.013031005859375,0.3425287008285522,False,False,False,16,19590,24207,amherst_ma
z16/19590_24208.png,z16/19590_24208.png,0.0058734794457753,26.7998046875,0.0128173828125,0.3494116067886352,False,False,False,16,19590,24208,amherst_ma
z16/19590_24209.png,z16/19590_24209.png,0.0112672388553619,68.5,0.0017852783203125,0.3477248847484588,False,False,False,16,19590,24209,amherst_ma
z16/19590_24210.png,z16/19590_24210.png,0.0108642508586247,84.0,0.0044403076171875,0.3439414203166961,False,False,False,16,19590,24210,amherst_ma
z16/19590_24211.png,z16/19590_24211.png,0.0071611712376276,52.7001953125,0.025299072265625,0.3580501079559326,False,False,False,16,19590,24211,amherst_ma
z16/19590_24212.png,z16/19590_24212.png,0.0054751669367154,27.5,0.024383544921875,0.3600832521915436,False,False,False,16,19590,24212,amherst_ma
z16/19590_24213.png,z16/19590_24213.png,0.006409295896689,32.1005859375,0.0185546875,0.3609959483146667,False,False,False,16,19590,24213,amherst_ma
z16/19590_24214.png,z16/19590_24214.png,0.0105889558792114,45.599609375,0.0009918212890625,0.3558748364448547,False,False,False,16,19590,24214,amherst_ma
z16/19590_24215.png,z16/19590_24215.png,0.0079419732093811,48.19921875,0.0360870361328125,0.3570732474327087,False,False,False,16,19590,24215,amherst_ma
z16/19590_24216.png,z16/19590_24216.png,0.0050507287184397,62.099609375,0.0424652099609375,0.3478803932666778,False,False,False,16,19590,24216,amherst_ma
z16/19590_24217.png,z16/19590_24217.png,0.006762620806694,59.5,0.0097503662109375,0.3423285782337188,False,False,False,16,19590,24217,amherst_ma
z16/19590_24218.png,z16/19590_24218.png,0.0087900211413701,85.7001953125,0.046966552734375,0.3376586437225342,False,False,False,16,19590,24218,amherst_ma
z16/19590_24219.png,z16/19590_24219.png,0.0087236692508061,84.7001953125,0.00360107421875,0.3345656991004944,False,False,False,16,19590,24219,amherst_ma
z16/19590_24220.png,z16/19590_24220.png,0.0102244406938552,73.5,0.000244140625,0.3423509299755096,False,False,False,16,19590,24220,amherst_ma
z16/19590_24221.png,z16/19590_24221.png,0.0064196248849232,97.0,0.0233306884765625,0.341108500957489,False,False,False,16,19590,24221,amherst_ma
z16/19590_24222.png,z16/19590_24222.png,0.0069167549411455,116.7998046875,0.046478271484375,0.335720032453537,False,False,False,16,19590,24222,amherst_ma
z16/19590_24223.png,z16/19590_24223.png,0.010849110285441,84.6005859375,0.006317138671875,0.3460363745689392,False,False,False,16,19590,24223,amherst_ma
z16/19590_24224.png,z16/19590_24224.png,0.0095988700787226,56.099609375,0.0373687744140625,0.3508433401584625,False,False,False,16,19590,24224,amherst_ma
z16/19590_24225.png,z16/19590_24225.png,0.0124360064665476,77.599609375,0.053314208984375,0.3501292169094085,False,False,False,16,19590,24225,amherst_ma
z16/19590_24226.png,z16/19590_24226.png,0.0093965649604797,56.2001953125,0.017364501953125,0.3442859649658203,False,False,False,16,19590,24226,amherst_ma
z16/19590_24227.png,z16/19590_24227.png,0.0059357533852259,98.19921875,0.0094146728515625,0.3313168585300445,False,False,False,16,19590,24227,amherst_ma
z16/19590_24228.png,z16/19590_24228.png,0.0049513628085454,79.19921875,0.008575439453125,0.3320136964321136,False,False,False,16,19590,24228,amherst_ma
z16/19590_24229.png,z16/19590_24229.png,0.0082994977633158,90.7998046875,0.010650634765625,0.3449537456035614,False,False,False,16,19590,24229,amherst_ma
z16/19590_24230.png,z16/19590_24230.png,0.0086429933706919,70.900390625,0.02099609375,0.3435676991939544,False,False,False,16,19590,24230,amherst_ma
z16/19590_24231.png,z16/19590_24231.png,0.0084701041380564,67.400390625,0.01953125,0.3446393013000488,False,False,False,16,19590,24231,amherst_ma
z16/19590_24232.png,z16/19590_24232.png,0.0079492345452308,94.599609375,0.0006866455078125,0.3344239592552185,False,False,False,16,19590,24232,amherst_ma
z16/19590_24233.png,z16/19590_24233.png,0.0048216874400774,80.8994140625,0.0003509521484375,0.3443031907081604,False,False,False,16,19590,24233,amherst_ma
z16/19590_24234.png,z16/19590_24234.png,0.0060037573178609,39.0,0.0001983642578125,0.3503049612045288,False,False,False,16,19590,24234,amherst_ma
z16/19590_24235.png,z16/19590_24235.png,0.0045778935154279,45.2001953125,0.0025177001953125,0.3403082191944122,False,False,False,16,19590,24235,amherst_ma
z16/19590_24236.png,z16/19590_24236.png,0.0052588075399398,44.3994140625,0.0058441162109375,0.3418717384338379,False,False,False,16,19590,24236,amherst_ma
z16/19590_24237.png,z16/19590_24237.png,0.0043418919046719,30.900390625,0.0139617919921875,0.3409547209739685,False,False,False,16,19590,24237,amherst_ma
z16/19590_24238.png,z16/19590_24238.png,0.005777537326018,29.099609375,0.007171630859375,0.3368622660636902,False,False,False,16,19590,24238,amherst_ma
z16/19590_24239.png,z16/19590_24239.png,0.0094827572504679,49.5,0.0064697265625,0.3399050831794739,False,False,False,16,19590,24239,amherst_ma
z16/19590_24240.png,z16/19590_24240.png,0.0126007864872614,59.7998046875,0.0080718994140625,0.3400248289108276,False,False,False,16,19590,24240,amherst_ma
z16/19590_24241.png,z16/19590_24241.png,0.0053812161087989,38.0,0.0367279052734375,0.3344120681285858,False,False,False,16,19590,24241,amherst_ma
z16/19590_24242.png,z16/19590_24242.png,0.0047674293319384,25.099609375,0.0069427490234375,0.3394114971160888,False,False,False,16,19590,24242,amherst_ma
z16/19590_24243.png,z16/19590_24243.png,0.0038969328006108,45.0,0.015472412109375,0.3398447036743164,False,False,False,16,19590,24243,amherst_ma
z16/19590_24244.png,z16/19590_24244.png,0.0035110709567864,54.099609375,0.0037078857421875,0.3338201642036438,False,False,False,16,19590,24244,amherst_ma
z16/19590_24245.png,z16/19590_24245.png,0.0038883204261461,32.599609375,0.0027618408203125,0.3432497978210449,False,False,False,16,19590,24245,amherst_ma
z16/19590_24246.png,z16/19590_24246.png,0.0045474911729494,16.099609375,0.004119873046875,0.3477457165718078,False,False,False,16,19590,24246,amherst_ma
z16/19590_24247.png,z16/19590_24247.png,0.0036096369226773,18.400390625,0.0146331787109375,0.3468836843967438,False,False,False,16,19590,24247,amherst_ma
z16/19590_24248.png,z16/19590_24248.png,0.0033042835692564,23.0,0.0020751953125,0.3471921980381012,False,False,False,16,19590,24248,amherst_ma
z16/19590_24249.png,z16/19590_24249.png,0.0059590612848599,42.2998046875,0.0008392333984375,0.3359916806221008,False,False,False,16,19590,24249,amherst_ma
z16/19590_24250.png,z16/19590_24250.png,0.0068860863645871,51.0,0.0003204345703125,0.3344003558158874,False,False,False,16,19590,24250,amherst_ma
z16/19590_24251.png,z16/19590_24251.png,0.0051694671312967,35.5,0.0002899169921875,0.331340491771698,False,False,False,16,19590,24251,amherst_ma
z16/19590_24252.png,z16/19590_24252.png,0.0054947321613629,64.5,0.0161895751953125,0.3315774798393249,False,False,False,16,19590,24252,amherst_ma
z16/19590_24253.png,z16/19590_24253.png,0.0050490677356719,52.7001953125,0.0070037841796875,0.3331211507320404,False,False,False,16,19590,24253,amherst_ma
z16/19590_24254.png,z16/19590_24254.png,0.0030751124024391,30.6005859375,0.0126953125,0.3356218934059143,False,False,False,16,19590,24254,amherst_ma
z16/19590_24255.png,z16/19590_24255.png,0.003948953996102,35.6005859375,0.0013885498046875,0.338783860206604,False,False,False,16,19590,24255,amherst_ma
z16/19590_24256.png,z16/19590_24256.png,0.0043454711635907,40.0,0.0150299072265625,0.3373498618602752,False,False,False,16,19590,24256,amherst_ma
z16/19590_24257.png,z16/19590_24257.png,0.0032954898973306,26.7998046875,0.0308380126953125,0.3383451998233795,False,False,False,16,19590,24257,amherst_ma
z16/19590_24258.png,z16/19590_24258.png,0.0065793151656786,23.30078125,0.0,0.3392594158649444,False,False,False,16,19590,24258,amherst_ma
z16/19590_24259.png,z16/19590_24259.png,0.010186693072319,21.3994140625,0.0,0.3303897678852081,False,False,False,16,19590,24259,amherst_ma
z16/19590_24260.png,z16/19590_24260.png,0.0068634142478307,14.400390625,0.0,0.3357926607131958,False,False,False,16,19590,24260,amherst_ma
z16/19590_24261.png,z16/19590_24261.png,0.0073121418555577,14.599609375,0.0,0.3441536426544189,False,False,False,16,19590,24261,amherst_ma
z16/19590_24262.png,z16/19590_24262.png,0.0040634011228879,10.2998046875,0.0,0.341991126537323,False,False,False,16,19590,24262,amherst_ma
z16/19590_24263.png,z16/19590_24263.png,0.0022098178664843,7.8994140625,0.0,0.3373367190361023,False,False,False,16,19590,24263,amherst_ma
z16/19590_24264.png,z16/19590_24264.png,0.002361461520195,8.7001953125,0.0,0.3313125371932983,False,False,False,16,19590,24264,amherst_ma
z16/19590_24265.png,z16/19590_24265.png,0.0037906457980473,18.7998046875,0.0,0.3461837470531463,False,False,False,16,19590,24265,amherst_ma
z16/19590_24266.png,z16/19590_24266.png,0.0045177176594734,17.400390625,0.0,0.3471485376358032,False,False,False,16,19590,24266,amherst_ma
z16/19590_24267.png,z16/19590_24267.png,0.0035281745096047,13.7998046875,0.0,0.3439686894416809,False,False,False,16,19590,24267,amherst_ma
z16/19590_24268.png,z16/19590_24268.png,0.0026337876915931,10.2998046875,0.0,0.342328280210495,False,False,False,16,19590,24268,amherst_ma
z16/19590_24269.png,z16/19590_24269.png,0.0027475900948047,10.400390625,0.0,0.3394489586353302,False,False,False,16,19590,24269,amherst_ma
z16/19590_24270.png,z16/19590_24270.png,0.0019691382845242,3.400390625,0.0,0.342221587896347,False,False,False,16,19590,24270,amherst_ma
z16/19590_24271.png,z16/19590_24271.png,0.0004085842209557,0.6005859375,0.0,0.337416261434555,False,False,False,16,19590,24271,amherst_ma
z16/19591_24200.png,z16/19591_24200.png,0.0122176816066106,75.0,0.0467681884765625,0.3459318280220032,False,False,False,16,19591,24200,amherst_ma
z16/19591_24201.png,z16/19591_24201.png,0.0115712662537892,67.6005859375,0.0082855224609375,0.3480674028396606,False,False,False,16,19591,24201,amherst_ma
z16/19591_24202.png,z16/19591_24202.png,0.0060500224431355,46.599609375,0.0768280029296875,0.3411969840526581,False,False,False,16,19591,24202,amherst_ma
z16/19591_24203.png,z16/19591_24203.png,0.0080283443133036,49.400390625,0.0039825439453125,0.3442170321941376,False,False,False,16,19591,24203,amherst_ma
z16/19591_24204.png,z16/19591_24204.png,0.0066482866803805,56.7001953125,0.02496337890625,0.3466074764728546,False,False,False,16,19591,24204,amherst_ma
z16/19591_24205.png,z16/19591_24205.png,0.0084444999694824,53.19921875,0.041290283203125,0.3456161320209503,False,False,False,16,19591,24205,amherst_ma
z16/19591_24206.png,z16/19591_24206.png,0.0069088866313298,47.900390625,0.022552490234375,0.3423185348510742,False,False,False,16,19591,24206,amherst_ma
z16/19591_24207.png,z16/19591_24207.png,0.0061615268389383,35.2998046875,0.010986328125,0.3489547967910766,False,False,False,16,19591,24207,amherst_ma
z16/19591_24208.png,z16/19591_24208.png,0.0048083126544952,41.2001953125,0.01751708984375,0.3476668000221252,False,False,False,16,19591,24208,amherst_ma
z16/19591_24209.png,z16/19591_24209.png,0.0079558953642845,48.0,0.036041259765625,0.3485658168792724,False,False,False,16,19591,24209,amherst_ma
z16/19591_24210.png,z16/19591_24210.png,0.0081800346573193,49.0,0.02716064453125,0.3496536016464233,False,False,False,16,19591,24210,amherst_ma
z16/19591_24211.png,z16/19591_24211.png,0.0050715669989585,40.400390625,0.0091705322265625,0.3582329154014587,False,False,False,16,19591,24211,amherst_ma
z16/19591_24212.png,z16/19591_24212.png,0.0042604997754096,27.0,0.0155792236328125,0.3644930124282837,False,False,False,16,19591,24212,amherst_ma
z16/19591_24213.png,z16/19591_24213.png,0.0053154413898785,19.7998046875,0.0,0.3602966368198395,False,False,False,16,19591,24213,amherst_ma
z16/19591_24214.png,z16/19591_24214.png,0.0076750814914703,28.7998046875,0.018585205078125,0.3590278923511505,False,False,False,16,19591,24214,amherst_ma
z16/19591_24215.png,z16/19591_24215.png,0.0072201093037923,31.7001953125,0.0246429443359375,0.3563345670700073,False,False,False,16,19591,24215,amherst_ma
z16/19591_24216.png,z16/19591_24216.png,0.0082012802362442,43.0,0.0294189453125,0.35450080037117,False,False,False,16,19591,24216,amherst_ma
z16/19591_24217.png,z16/19591_24217.png,0.0095246980587641,31.099609375,0.0,0.3560064435005188,False,False,False,16,19591,24217,amherst_ma
z16/19591_24218.png,z16/19591_24218.png,0.0079399401942888,22.2001953125,0.0,0.350452184677124,False,False,False,16,19591,24218,amherst_ma
z16/19591_24219.png,z16/19591_24219.png,0.0091877142588297,32.7001953125,0.0,0.3448935151100158,False,False,False,16,19591,24219,amherst_ma
z16/19591_24220.png,z16/19591_24220.png,0.0146226813395818,66.80078125,0.0,0.3448399007320404,False,False,False,16,19591,24220,amherst_ma
z16/19591_24221.png,z16/19591_24221.png,0.0155676384766896,67.400390625,0.0,0.3471072316169739,False,False,False,16,19591,24221,amherst_ma
z16/19591_24222.png,z16/19591_24222.png,0.0098836918671925,32.0,0.0,0.3455402255058288,False,False,False,16,19591,24222,amherst_ma
z16/19591_24223.png,z16/19591_24223.png,0.0069848254323005,34.0,0.0,0.3485849499702453,False,False,False,16,19591,24223,amherst_ma
z16/19591_24224.png,z16/19591_24224.png,0.0106421967347462,53.7998046875,0.033905029296875,0.3517315983772278,False,False,False,16,19591,24224,amherst_ma
z16/19591_24225.png,z16/19591_24225.png,0.0091468820969263,51.30078125,0.04876708984375,0.3517603874206543,False,False,False,16,19591,24225,amherst_ma
z16/19591_24226.png,z16/19591_24226.png,0.0059898724158604,25.3994140625,0.0,0.3525606095790863,False,False,False,16,19591,24226,amherst_ma
z16/19591_24227.png,z16/19591_24227.png,0.0108410348494847,63.8994140625,0.0,0.3456050753593445,False,False,False,16,19591,24227,amherst_ma
z16/19591_24228.png,z16/19591_24228.png,0.0082214325666427,90.19921875,0.0241546630859375,0.3359220027923584,False,False,False,16,19591,24228,amherst_ma
z16/19591_24229.png,z16/19591_24229.png,0.0072549606362978,46.900390625,0.0190277099609375,0.3350740373134613,False,False,False,16,19591,24229,amherst_ma
z16/19591_24230.png,z16/19591_24230.png,0.0116360257069269,62.7001953125,0.0216217041015625,0.344841331243515,False,False,False,16,19591,24230,amherst_ma
z16/19591_24231.png,z16/19591_24231.png,0.0135436703761418,67.7001953125,0.018402099609375,0.3484697043895721,False,False,False,16,19591,24231,amherst_ma
z16/19591_24232.png,z16/19591_24232.png,0.0057077591617902,65.0,0.02532958984375,0.3405143022537231,False,False,False,16,19591,24232,amherst_ma
z16/19591_24233.png,z16/19591_24233.png,0.0040278869370619,78.2998046875,0.0100250244140625,0.3374210298061371,False,False,False,16,19591,24233,amherst_ma
z16/19591_24234.png,z16/19591_24234.png,0.0054206843177477,56.6005859375,0.024627685546875,0.3524454236030578,False,False,False,16,19591,24234,amherst_ma
z16/19591_24235.png,z16/19591_24235.png,0.005418453613917,50.80078125,0.0050201416015625,0.3496028780937195,False,False,False,16,19591,24235,amherst_ma
z16/19591_24236.png,z16/19591_24236.png,0.0066019222140312,55.2998046875,0.0077362060546875,0.3394035696983337,False,False,False,16,19591,24236,amherst_ma
z16/19591_24237.png,z16/19591_24237.png,0.0089054524898529,66.5,0.003143310546875,0.3452383875846863,False,False,False,16,19591,24237,amherst_ma
z16/19591_24238.png,z16/19591_24238.png,0.0062279904882113,54.7998046875,0.004669189453125,0.3408853411674499,False,False,False,16,19591,24238,amherst_ma
z16/19591_24239.png,z16/19591_24239.png,0.0052418688933054,37.8994140625,0.03228759765625,0.3412192463874817,False,False,False,16,19591,24239,amherst_ma
z16/19591_24240.png,z16/19591_24240.png,0.0092291911443074,46.30078125,0.0119171142578125,0.3474877178668976,False,False,False,16,19591,24240,amherst_ma
z16/19591_24241.png,z16/19591_24241.png,0.008338455359141,46.7001953125,0.008056640625,0.3427614569664001,False,False,False,16,19591,24241,amherst_ma
z16/19591_24242.png,z16/19591_24242.png,0.0049041335781415,32.6005859375,0.0265655517578125,0.342892587184906,False,False,False,16,19591,24242,amherst_ma
z16/19591_24243.png,z16/19591_24243.png,0.0068392132719357,56.2001953125,0.006317138671875,0.3440282344818115,False,False,False,16,19591,24243,amherst_ma
z16/19591_24244.png,z16/19591_24244.png,0.004172163705031,51.7001953125,0.0041351318359375,0.3383300304412842,False,False,False,16,19591,24244,amherst_ma
z16/19591_24245.png,z16/19591_24245.png,0.0040468516449133,30.0,0.00537109375,0.3430999517440796,False,False,False,16,19591,24245,amherst_ma
z16/19591_24246.png,z16/19591_24246.png,0.0084875613451004,63.5,0.0002899169921875,0.3428890705108642,False,False,False,16,19591,24246,amherst_ma
z16/19591_24247.png,z16/19591_24247.png,0.0050130267937978,49.400390625,0.00018310546875,0.3456022143363952,False,False,False,16,19591,24247,amherst_ma
z16/19591_24248.png,z16/19591_24248.png,0.0037010294695695,22.6005859375,0.0016021728515625,0.3417534530162811,False,False,False,16,19591,24248,amherst_ma
z16/19591_24249.png,z16/19591_24249.png,0.0049452021718025,65.30078125,0.0036468505859375,0.3363898396492004,False,False,False,16,19591,24249,amherst_ma
z16/19591_24250.png,z16/19591_24250.png,0.0076517552137374,75.2998046875,0.003662109375,0.3330333232879638,False,False,False,16,19591,24250,amherst_ma
z16/19591_24251.png,z16/19591_24251.png,0.0073296467463175,85.7001953125,0.0010833740234375,0.3333819508552551,False,False,False,16,19591,24251,amherst_ma
z16/19591_24252.png,z16/19591_24252.png,0.0078145166238149,92.0,0.015045166015625,0.3380846083164215,False,False,False,16,19591,24252,amherst_ma
z16/19591_24253.png,z16/19591_24253.png,0.0068727180361747,57.5,0.0059356689453125,0.3355936706066131,False,False,False,16,19591,24253,amherst_ma
z16/19591_24254.png,z16/19591_24254.png,0.0052890926599502,22.0,0.0021820068359375,0.346364676952362,False,False,False,16,19591,24254,amherst_ma
z16/19591_24255.png,z16/19591_24255.png,0.005659199754397,35.1005859375,0.001434326171875,0.3406859934329986,False,False,False,16,19591,24255,amherst_ma
z16/19591_24256.png,z16/19591_24256.png,0.0043425485491752,31.19921875,0.006591796875,0.3427238166332245,False,False,False,16,19591,24256,amherst_ma
z16/19591_24257.png,z16/19591_24257.png,0.0032017695407072,28.30078125,0.004791259765625,0.3310517072677612,False,False,False,16,19591,24257,amherst_ma
z16/19591_24258.png,z16/19591_24258.png,0.003684934725364,25.2001953125,0.0030670166015625,0.3359111547470093,False,False,False,16,19591,24258,amherst_ma
z16/19591_24259.png,z16/19591_24259.png,0.0042281677325566,25.7001953125,0.0015869140625,0.3331768214702606,False,False,False,16,19591,24259,amherst_ma
z16/19591_24260.png,z16/19591_24260.png,0.0053884545962015,23.2001953125,0.032958984375,0.3455105125904083,False,False,False,16,19591,24260,amherst_ma
z16/19591_24261.png,z16/19591_24261.png,0.0082729245225588,17.599609375,0.0,0.3381484150886535,False,False,False,16,19591,24261,amherst_ma
z16/19591_24262.png,z16/19591_24262.png,0.0051765839258829,11.7998046875,0.0,0.3379237055778503,False,False,False,16,19591,24262,amherst_ma
z16/19591_24263.png,z16/19591_24263.png,0.0034709711869557,6.8994140625,0.0,0.3363140225410461,False,False,False,16,19591,24263,amherst_ma
z16/19591_24264.png,z16/19591_24264.png,0.0048401077588399,18.599609375,0.0,0.33519247174263,False,False,False,16,19591,24264,amherst_ma
z16/19591_24265.png,z16/19591_24265.png,0.0059631516536076,20.599609375,0.0,0.3482584953308105,False,False,False,16,19591,24265,amherst_ma
z16/19591_24266.png,z16/19591_24266.png,0.0060176114241282,16.8994140625,0.0,0.3479733467102051,False,False,False,16,19591,24266,amherst_ma
z16/19591_24267.png,z16/19591_24267.png,0.0063606053590774,22.1005859375,0.0,0.34994637966156,False,False,False,16,19591,24267,amherst_ma
z16/19591_24268.png,z16/19591_24268.png,0.0035395416120688,17.5,0.0,0.3448943197727203,False,False,False,16,19591,24268,amherst_ma
z16/19591_24269.png,z16/19591_24269.png,0.0034072073797384,16.3994140625,0.0,0.3436580598354339,False,False,False,16,19591,24269,amherst_ma
z16/19591_24270.png,z16/19591_24270.png,0.003061107546091,16.1005859375,0.0,0.3404923677444458,False,False,False,16,19591,24270,amherst_ma
z16/19591_24271.png,z16/19591_24271.png,0.0030921565989653,12.099609375,0.0,0.3406394720077514,False,False,False,16,19591,24271,amherst_ma
z16/19592_24200.png,z16/19592_24200.png,0.0119102984666824,77.2998046875,0.0465545654296875,0.3489196300506592,False,False,False,16,19592,24200,amherst_ma
z16/19592_24201.png,z16/19592_24201.png,0.0083821554978688,64.0,0.033538818359375,0.3484853506088257,False,False,False,16,19592,24201,amherst_ma
z16/19592_24202.png,z16/19592_24202.png,0.0043918624520301,21.80078125,0.0,0.3483158349990845,False,False,False,16,19592,24202,amherst_ma
z16/19592_24203.png,z16/19592_24203.png,0.0066597719987233,30.5,0.0,0.339439332485199,False,False,False,16,19592,24203,amherst_ma
z16/19592_24204.png,z16/19592_24204.png,0.0088401039441426,76.900390625,0.0150146484375,0.3388378918170929,False,False,False,16,19592,24204,amherst_ma
z16/19592_24205.png,z16/19592_24205.png,0.005259284377098,65.8994140625,0.0132598876953125,0.3394047617912292,False,False,False,16,19592,24205,amherst_ma
z16/19592_24206.png,z16/19592_24206.png,0.0052105988065401,72.6005859375,0.0113067626953125,0.3360413610935211,False,False,False,16,19592,24206,amherst_ma
z16/19592_24207.png,z16/19592_24207.png,0.005375866095225,47.2998046875,0.0053253173828125,0.3419685065746307,False,False,False,16,19592,24207,amherst_ma
z16/19592_24208.png,z16/19592_24208.png,0.0064841677745183,50.400390625,0.002716064453125,0.3469573259353637,False,False,False,16,19592,24208,amherst_ma
z16/19592_24209.png,z16/19592_24209.png,0.0069517880678176,62.3994140625,0.0010223388671875,0.3417089581489563,False,False,False,16,19592,24209,amherst_ma
z16/19592_24210.png,z16/19592_24210.png,0.0067004928986231,66.900390625,0.00689697265625,0.344935804605484,False,False,False,16,19592,24210,amherst_ma
z16/19592_24211.png,z16/19592_24211.png,0.0110734899838765,104.5,0.01708984375,0.345336765050888,False,False,False,16,19592,24211,amherst_ma
z16/19592_24212.png,z16/19592_24212.png,0.0178690234820048,116.6005859375,0.050323486328125,0.3457788228988647,False,False,False,16,19592,24212,amherst_ma
z16/19592_24213.png,z16/19592_24213.png,0.0131028831005096,97.2998046875,0.0073699951171875,0.3526347279548645,False,False,False,16,19592,24213,amherst_ma
z16/19592_24214.png,z16/19592_24214.png,0.0139984766642252,72.2001953125,0.0013580322265625,0.3476652801036834,False,False,False,16,19592,24214,amherst_ma
z16/19592_24215.png,z16/19592_24215.png,0.0137664506832758,62.7001953125,0.0,0.3528236150741577,False,False,False,16,19592,24215,amherst_ma
z16/19592_24216.png,z16/19592_24216.png,0.0039565761884053,17.900390625,0.0,0.3600768744945526,False,False,False,16,19592,24216,amherst_ma
z16/19592_24217.png,z16/19592_24217.png,0.0047644192973772,26.599609375,0.0013275146484375,0.357346624135971,False,False,False,16,19592,24217,amherst_ma
z16/19592_24218.png,z16/19592_24218.png,0.0077354460954666,26.7998046875,0.03167724609375,0.3643342852592468,False,False,False,16,19592,24218,amherst_ma
z16/19592_24219.png,z16/19592_24219.png,0.0100340962409973,20.2001953125,0.0,0.3566223084926605,False,False,False,16,19592,24219,amherst_ma
z16/19592_24220.png,z16/19592_24220.png,0.0081266219417254,21.1005859375,0.0,0.3590254485607147,False,False,False,16,19592,24220,amherst_ma
z16/19592_24221.png,z16/19592_24221.png,0.0048769071698188,13.5,0.0,0.3448463678359985,False,False,False,16,19592,24221,amherst_ma
z16/19592_24222.png,z16/19592_24222.png,0.0036377335588137,6.7998046875,0.0,0.3360224962234497,False,False,False,16,19592,24222,amherst_ma
z16/19592_24223.png,z16/19592_24223.png,0.0,0.0,0.0,0.3355399966239929,False,False,False,16,19592,24223,amherst_ma
z16/19592_24224.png,z16/19592_24224.png,0.003639951099952,8.1005859375,0.0,0.3405520319938659,False,False,False,16,19592,24224,amherst_ma
z16/19592_24225.png,z16/19592_24225.png,0.0083274528384208,23.6005859375,0.0,0.3461501598358154,False,False,False,16,19592,24225,amherst_ma
z16/19592_24226.png,z16/19592_24226.png,0.0031869560480117,7.7998046875,0.0,0.341962069272995,False,False,False,16,19592,24226,amherst_ma
z16/19592_24227.png,z16/19592_24227.png,0.0022161272664864,3.099609375,0.0,0.3432498574256897,False,False,False,16,19592,24227,amherst_ma
z16/19592_24228.png,z16/19592_24228.png,0.0118146220842997,50.5,0.0,0.3437968492507934,False,False,False,16,19592,24228,amherst_ma
z16/19592_24229.png,z16/19592_24229.png,0.0125075588623682,61.0,0.059967041015625,0.3427808582782745,False,False,False,16,19592,24229,amherst_ma
z16/19592_24230.png,z16/19592_24230.png,0.0069568956891695,91.6005859375,0.0386505126953125,0.3355159163475036,False,False,False,16,19592,24230,amherst_ma
z16/19592_24231.png,z16/19592_24231.png,0.0134862462679545,60.7998046875,0.013427734375,0.3420990109443664,False,False,False,16,19592,24231,amherst_ma
z16/19592_24232.png,z16/19592_24232.png,0.0131095012029012,78.6005859375,0.016357421875,0.3551031351089477,False,False,False,16,19592,24232,amherst_ma
z16/19592_24233.png,z16/19592_24233.png,0.009370403488477,98.900390625,0.0184173583984375,0.3448522388935089,False,False,False,16,19592,24233,amherst_ma
z16/19592_24234.png,z16/19592_24234.png,0.0101930747429529,81.099609375,0.0107269287109375,0.3444615006446838,False,False,False,16,19592,24234,amherst_ma
z16/19592_24235.png,z16/19592_24235.png,0.0049098988374074,51.7001953125,0.00201416015625,0.3476274311542511,False,False,False,16,19592,24235,amherst_ma
z16/19592_24236.png,z16/19592_24236.png,0.0061049888531366,41.6005859375,0.033111572265625,0.3481566905975342,False,False,False,16,19592,24236,amherst_ma
z16/19592_24237.png,z16/19592_24237.png,0.0050992210706075,44.8994140625,0.004913330078125,0.3456372022628784,False,False,False,16,19592,24237,amherst_ma
z16/19592_24238.png,z16/19592_24238.png,0.0056268195311228,57.6005859375,0.0030670166015625,0.3388697803020477,False,False,False,16,19592,24238,amherst_ma
z16/19592_24239.png,z16/19592_24239.png,0.0041662419835726,55.80078125,0.009796142578125,0.3346793353557586,False,False,False,16,19592,24239,amherst_ma
z16/19592_24240.png,z16/19592_24240.png,0.0035438405970732,20.7998046875,0.0012969970703125,0.3419380187988281,False,False,False,16,19592,24240,amherst_ma
z16/19592_24241.png,z16/19592_24241.png,0.0064568484822909,36.3994140625,0.0007171630859375,0.3460967540740967,False,False,False,16,19592,24241,amherst_ma
z16/19592_24242.png,z16/19592_24242.png,0.0068389197190602,56.7998046875,0.007904052734375,0.3450432419776916,False,False,False,16,19592,24242,amherst_ma
z16/19592_24243.png,z16/19592_24243.png,0.0088833371798197,79.099609375,0.0146026611328125,0.3492488861083984,False,False,False,16,19592,24243,amherst_ma
z16/19592_24244.png,z16/19592_24244.png,0.014772414167722,120.69921875,0.002685546875,0.3481834828853607,False,False,False,16,19592,24244,amherst_ma
z16/19592_24245.png,z16/19592_24245.png,0.0138279616832733,111.19921875,0.018951416015625,0.3504218757152557,False,False,False,16,19592,24245,amherst_ma
z16/19592_24246.png,z16/19592_24246.png,0.007874325911204,89.7001953125,0.0112457275390625,0.3452930152416229,False,False,False,16,19592,24246,amherst_ma
z16/19592_24247.png,z16/19592_24247.png,0.0048272187511126,71.2001953125,0.004119873046875,0.3408214747905731,False,False,False,16,19592,24247,amherst_ma
z16/19592_24248.png,z16/19592_24248.png,0.0107950349648793,88.5,0.0021514892578125,0.3334886729717254,False,False,False,16,19592,24248,amherst_ma
z16/19592_24249.png,z16/19592_24249.png,0.0087144891421,101.0,0.0037994384765625,0.331625759601593,False,False,False,16,19592,24249,amherst_ma
z16/19592_24250.png,z16/19592_24250.png,0.0079156726598739,73.80078125,0.0214996337890625,0.3339548110961914,False,False,False,16,19592,24250,amherst_ma
z16/19592_24251.png,z16/19592_24251.png,0.0086980511744817,87.2001953125,0.0101776123046875,0.3339303731918335,False,False,False,16,19592,24251,amherst_ma
z16/19592_24252.png,z16/19592_24252.png,0.0063973357280095,56.599609375,0.0199127197265625,0.34375,False,False,False,16,19592,24252,amherst_ma
z16/19592_24253.png,z16/19592_24253.png,0.0040403765936692,24.400390625,0.0027618408203125,0.3360725045204162,False,False,False,16,19592,24253,amherst_ma
z16/19592_24254.png,z16/19592_24254.png,0.0019405463089545,13.5,0.0,0.3413420021533966,False,False,False,16,19592,24254,amherst_ma
z16/19592_24255.png,z16/19592_24255.png,0.002744040886561,25.0,0.0016632080078125,0.3300428688526153,False,False,False,16,19592,24255,amherst_ma
z16/19592_24256.png,z16/19592_24256.png,0.0029762409627437,31.900390625,0.02032470703125,0.3323680460453033,False,False,False,16,19592,24256,amherst_ma
z16/19592_24257.png,z16/19592_24257.png,0.005507410566012,35.80078125,0.0009307861328125,0.3421464562416076,False,False,False,16,19592,24257,amherst_ma
z16/19592_24258.png,z16/19592_24258.png,0.0066902975241343,58.5,0.0453033447265625,0.3463289439678192,False,False,False,16,19592,24258,amherst_ma
z16/19592_24259.png,z16/19592_24259.png,0.0062549486756324,43.8994140625,0.0077667236328125,0.3410126566886902,False,False,False,16,19592,24259,amherst_ma
z16/19592_24260.png,z16/19592_24260.png,0.0037067100405693,33.19921875,0.004913330078125,0.3430591821670532,False,False,False,16,19592,24260,amherst_ma
z16/19592_24261.png,z16/19592_24261.png,0.0050449589888254,26.7001953125,0.0,0.3467031419277191,False,False,False,16,19592,24261,amherst_ma
z16/19592_24262.png,z16/19592_24262.png,0.0042838697632153,26.5,0.0182342529296875,0.3486180901527405,False,False,False,16,19592,24262,amherst_ma
z16/19592_24263.png,z16/19592_24263.png,0.003914334376653,15.1005859375,0.0,0.3381909430027008,False,False,False,16,19592,24263,amherst_ma
z16/19592_24264.png,z16/19592_24264.png,0.0046958262721697,11.5,0.0,0.3430738449096679,False,False,False,16,19592,24264,amherst_ma
z16/19592_24265.png,z16/19592_24265.png,0.0044483328859011,17.7001953125,0.0,0.3438018262386322,False,False,False,16,19592,24265,amherst_ma
z16/19592_24266.png,z16/19592_24266.png,0.0059474820892016,35.2001953125,0.021240234375,0.3524535000324249,False,False,False,16,19592,24266,amherst_ma
z16/19592_24267.png,z16/19592_24267.png,0.008865138888359,41.7998046875,0.0402069091796875,0.347261369228363,False,False,False,16,19592,24267,amherst_ma
z16/19592_24268.png,z16/19592_24268.png,0.005982656776905,31.900390625,0.0,0.3478896021842956,False,False,False,16,19592,24268,amherst_ma
z16/19592_24269.png,z16/19592_24269.png,0.0059343432386716,18.7998046875,0.020050048828125,0.3457497954368591,False,False,False,16,19592,24269,amherst_ma
z16/19592_24270.png,z16/19592_24270.png,0.0057674641410509,13.5,0.0,0.3436859846115112,False,False,False,16,19592,24270,amherst_ma
z16/19592_24271.png,z16/19592_24271.png,0.005040160814921,13.0,0.0,0.3445050418376922,False,False,False,16,19592,24271,amherst_ma
z16/19593_24200.png,z16/19593_24200.png,0.0068805252512296,62.5,0.047332763671875,0.3491638302803039,False,False,False,16,19593,24200,amherst_ma
z16/19593_24201.png,z16/19593_24201.png,0.0053916548689206,66.2998046875,0.023651123046875,0.3383285701274872,False,False,False,16,19593,24201,amherst_ma
z16/19593_24202.png,z16/19593_24202.png,0.0059620817502339,65.80078125,0.0346221923828125,0.345656007528305,False,False,False,16,19593,24202,amherst_ma
z16/19593_24203.png,z16/19593_24203.png,0.0065577258666356,70.900390625,0.02117919921875,0.3368499875068664,False,False,False,16,19593,24203,amherst_ma
z16/19593_24204.png,z16/19593_24204.png,0.0048794647057851,72.2998046875,0.0006561279296875,0.3318201899528503,False,False,False,16,19593,24204,amherst_ma
z16/19593_24205.png,z16/19593_24205.png,0.0035044329861799,39.3994140625,0.004119873046875,0.3328623175621032,False,False,False,16,19593,24205,amherst_ma
z16/19593_24206.png,z16/19593_24206.png,0.008284026881059,61.0,0.0006561279296875,0.3350303471088409,False,False,False,16,19593,24206,amherst_ma
z16/19593_24207.png,z16/19593_24207.png,0.0079121425747871,61.5,0.030181884765625,0.3355913162231445,False,False,False,16,19593,24207,amherst_ma
z16/19593_24208.png,z16/19593_24208.png,0.008635922273,52.2998046875,0.0140228271484375,0.3423650562763214,False,False,False,16,19593,24208,amherst_ma
z16/19593_24209.png,z16/19593_24209.png,0.0068694586555163,52.2998046875,0.0012969970703125,0.3411056697368622,False,False,False,16,19593,24209,amherst_ma
z16/19593_24210.png,z16/19593_24210.png,0.0096360554297765,42.5,0.0005035400390625,0.3444976508617401,False,False,False,16,19593,24210,amherst_ma
z16/19593_24211.png,z16/19593_24211.png,0.0098869115114212,76.8994140625,0.002899169921875,0.3396692276000976,False,False,False,16,19593,24211,amherst_ma
z16/19593_24212.png,z16/19593_24212.png,0.0095635672410329,94.599609375,0.020721435546875,0.3426782786846161,False,False,False,16,19593,24212,amherst_ma
z16/19593_24213.png,z16/19593_24213.png,0.0089424113432566,79.5,0.0369415283203125,0.348223865032196,False,False,False,16,19593,24213,amherst_ma
z16/19593_24214.png,z16/19593_24214.png,0.0103194465239842,54.099609375,0.0053253173828125,0.3494302332401275,False,False,False,16,19593,24214,amherst_ma
z16/19593_24215.png,z16/19593_24215.png,0.0109561920166015,60.099609375,0.0243988037109375,0.3485179245471954,False,False,False,16,19593,24215,amherst_ma
z16/19593_24216.png,z16/19593_24216.png,0.0113210846980412,48.30078125,0.041656494140625,0.3459646105766296,False,False,False,16,19593,24216,amherst_ma
z16/19593_24217.png,z16/19593_24217.png,0.0103306680917739,48.30078125,0.05230712890625,0.3480754494667053,False,False,False,16,19593,24217,amherst_ma
z16/19593_24218.png,z16/19593_24218.png,0.0073391060034434,43.6005859375,0.0110015869140625,0.3514814078807831,False,False,False,16,19593,24218,amherst_ma
z16/19593_24219.png,z16/19593_24219.png,0.0056772659222284,36.0,0.0120697021484375,0.3598431944847107,False,False,False,16,19593,24219,amherst_ma
z16/19593_24220.png,z16/19593_24220.png,0.0061156744758288,38.599609375,0.01483154296875,0.3512255251407623,False,False,False,16,19593,24220,amherst_ma
z16/19593_24221.png,z16/19593_24221.png,0.0111543814341227,74.2001953125,0.0,0.3455872535705566,False,False,False,16,19593,24221,amherst_ma
z16/19593_24222.png,z16/19593_24222.png,0.0173305471738179,93.7001953125,0.08404541015625,0.3471398949623108,False,False,False,16,19593,24222,amherst_ma
z16/19593_24223.png,z16/19593_24223.png,0.011102948586146,59.7998046875,0.0,0.3527783751487732,False,False,False,16,19593,24223,amherst_ma
z16/19593_24224.png,z16/19593_24224.png,0.0065193956096967,18.7001953125,0.0,0.3538640141487121,False,False,False,16,19593,24224,amherst_ma
z16/19593_24225.png,z16/19593_24225.png,0.0038182514409224,13.099609375,0.0,0.3422494828701019,False,False,False,16,19593,24225,amherst_ma
z16/19593_24226.png,z16/19593_24226.png,0.0,0.0,0.0,0.3350352644920349,False,False,False,16,19593,24226,amherst_ma
z16/19593_24227.png,z16/19593_24227.png,0.0,0.0,0.0,0.3319153785705566,False,False,False,16,19593,24227,amherst_ma
z16/19593_24228.png,z16/19593_24228.png,0.0,0.0,0.0,0.3315846621990204,False,False,False,16,19593,24228,amherst_ma
z16/19593_24229.png,z16/19593_24229.png,0.001033819032212,1.900390625,0.0,0.3363089263439178,False,False,False,16,19593,24229,amherst_ma
z16/19593_24230.png,z16/19593_24230.png,0.0081145559748013,29.400390625,0.0,0.3392008543014526,False,False,False,16,19593,24230,amherst_ma
z16/19593_24231.png,z16/19593_24231.png,0.0271102448304494,78.1005859375,0.0,0.3422606587409973,False,False,False,16,19593,24231,amherst_ma
z16/19593_24232.png,z16/19593_24232.png,0.0220052361488342,76.6005859375,0.0,0.3401805758476257,False,False,False,16,19593,24232,amherst_ma
z16/19593_24233.png,z16/19593_24233.png,0.0060667743285497,23.099609375,0.0,0.342869222164154,False,False,False,16,19593,24233,amherst_ma
z16/19593_24234.png,z16/19593_24234.png,0.0135479738314946,63.400390625,0.0,0.3504406809806824,False,False,False,16,19593,24234,amherst_ma
z16/19593_24235.png,z16/19593_24235.png,0.0157678335905075,84.599609375,0.075714111328125,0.3417315781116485,False,False,False,16,19593,24235,amherst_ma
z16/19593_24236.png,z16/19593_24236.png,0.0202271660168965,94.5,0.0006103515625,0.341390311717987,False,False,False,16,19593,24236,amherst_ma
z16/19593_24237.png,z16/19593_24237.png,0.0128057340780893,74.7998046875,0.0003662109375,0.3488876223564148,False,False,False,16,19593,24237,amherst_ma
z16/19593_24238.png,z16/19593_24238.png,0.0172058562437693,94.80078125,0.0186920166015625,0.3426505327224731,False,False,False,16,19593,24238,amherst_ma
z16/19593_24239.png,z16/19593_24239.png,0.0072570671637852,53.5,0.00103759765625,0.3372349739074707,False,False,False,16,19593,24239,amherst_ma
z16/19593_24240.png,z16/19593_24240.png,0.0057903259992599,27.099609375,0.0011749267578125,0.3434641361236572,False,False,False,16,19593,24240,amherst_ma
z16/19593_24241.png,z16/19593_24241.png,0.0078216920296351,42.2998046875,0.01361083984375,0.344251424074173,False,False,False,16,19593,24241,amherst_ma
z16/19593_24242.png,z16/19593_24242.png,0.0097441146771113,42.1005859375,0.00054931640625,0.3445270657539367,False,False,False,16,19593,24242,amherst_ma
z16/19593_24243.png,z16/19593_24243.png,0.010873857140541,56.599609375,0.012939453125,0.3431122004985809,False,False,False,16,19593,24243,amherst_ma
z16/19593_24244.png,z16/19593_24244.png,0.0086775024731953,59.099609375,0.0301513671875,0.3466931283473968,False,False,False,16,19593,24244,amherst_ma
z16/19593_24245.png,z16/19593_24245.png,0.0108950018882751,57.19921875,0.013580322265625,0.3493494391441345,False,False,False,16,19593,24245,amherst_ma
z16/19593_24246.png,z16/19593_24246.png,0.0133406668901443,87.5,0.0,0.3420779109001159,False,False,False,16,19593,24246,amherst_ma
z16/19593_24247.png,z16/19593_24247.png,0.0195246855417887,111.7998046875,0.0,0.3452026844024658,False,False,False,16,19593,24247,amherst_ma
z16/19593_24248.png,z16/19593_24248.png,0.0180050671100616,102.400390625,0.0,0.3406619727611542,False,False,False,16,19593,24248,amherst_ma
z16/19593_24249.png,z16/19593_24249.png,0.015212403734525,79.2998046875,0.0,0.3405428230762481,False,False,False,16,19593,24249,amherst_ma
z16/19593_24250.png,z16/19593_24250.png,0.0159897079070409,67.7998046875,0.0,0.3392112851142883,False,False,False,16,19593,24250,amherst_ma
z16/19593_24251.png,z16/19593_24251.png,0.0086045354604721,25.6005859375,0.0,0.3435363471508026,False,False,False,16,19593,24251,amherst_ma
z16/19593_24252.png,z16/19593_24252.png,0.0063274850447972,18.3994140625,0.0,0.3464732766151428,False,False,False,16,19593,24252,amherst_ma
z16/19593_24253.png,z16/19593_24253.png,0.0059530158837636,38.2998046875,0.0,0.3444578051567077,False,False,False,16,19593,24253,amherst_ma
z16/19593_24254.png,z16/19593_24254.png,0.0040020470817883,39.30078125,0.0019073486328125,0.3372357785701751,False,False,False,16,19593,24254,amherst_ma
z16/19593_24255.png,z16/19593_24255.png,0.0024160097042719,19.30078125,0.0,0.3366121351718902,False,False,False,16,19593,24255,amherst_ma
z16/19593_24256.png,z16/19593_24256.png,0.0026866863171259,15.7001953125,0.0,0.3418300449848175,False,False,False,16,19593,24256,amherst_ma
z16/19593_24257.png,z16/19593_24257.png,0.0047487045327822,20.900390625,0.0,0.3465930223464966,False,False,False,16,19593,24257,amherst_ma
z16/19593_24258.png,z16/19593_24258.png,0.006324631969134,38.599609375,0.0054473876953125,0.3442226946353912,False,False,False,16,19593,24258,amherst_ma
z16/19593_24259.png,z16/19593_24259.png,0.0050741290052731,26.5,0.017120361328125,0.3394887745380401,False,False,False,16,19593,24259,amherst_ma
z16/19593_24260.png,z16/19593_24260.png,0.0036537684500217,22.1005859375,0.0,0.3404450416564941,False,False,False,16,19593,24260,amherst_ma
z16/19593_24261.png,z16/19593_24261.png,0.0030657601853211,17.400390625,0.0123748779296875,0.3428063988685608,False,False,False,16,19593,24261,amherst_ma
z16/19593_24262.png,z16/19593_24262.png,0.0061272258559862,25.5,0.001800537109375,0.3441848456859588,False,False,False,16,19593,24262,amherst_ma
z16/19593_24263.png,z16/19593_24263.png,0.006081023812294,36.5,0.01220703125,0.3363639116287231,False,False,False,16,19593,24263,amherst_ma
z16/19593_24264.png,z16/19593_24264.png,0.0058952043453852,37.3994140625,0.0097503662109375,0.3429309129714966,False,False,False,16,19593,24264,amherst_ma
z16/19593_24265.png,z16/19593_24265.png,0.0057817225654919,32.5,0.0022430419921875,0.3404769897460937,False,False,False,16,19593,24265,amherst_ma
z16/19593_24266.png,z16/19593_24266.png,0.0055618201692899,25.80078125,0.0010528564453125,0.3489266633987427,False,False,False,16,19593,24266,amherst_ma
z16/19593_24267.png,z16/19593_24267.png,0.0062917456030845,27.8994140625,0.008453369140625,0.3479471504688263,False,False,False,16,19593,24267,amherst_ma
z16/19593_24268.png,z16/19593_24268.png,0.0042553370197614,31.1005859375,0.00213623046875,0.3478085100650787,False,False,False,16,19593,24268,amherst_ma
z16/19593_24269.png,z16/19593_24269.png,0.0065187767148017,27.7001953125,0.0026092529296875,0.3490989804267883,False,False,False,16,19593,24269,amherst_ma
z16/19593_24270.png,z16/19593_24270.png,0.007904414832592,22.400390625,0.024017333984375,0.3497658967971802,False,False,False,16,19593,24270,amherst_ma
z16/19593_24271.png,z16/19593_24271.png,0.0083642840385437,18.2998046875,0.0,0.3487496674060821,False,False,False,16,19593,24271,amherst_ma
z16/19594_24200.png,z16/19594_24200.png,0.0058868557214736,45.2001953125,1.52587890625e-05,0.3410705327987671,False,False,False,16,19594,24200,amherst_ma
z16/19594_24201.png,z16/19594_24201.png,0.0076959828535715,29.2001953125,0.0,0.3373425006866455,False,False,False,16,19594,24201,amherst_ma
z16/19594_24202.png,z16/19594_24202.png,0.0088689108689626,37.6005859375,0.001708984375,0.3394681215286255,False,False,False,16,19594,24202,amherst_ma
z16/19594_24203.png,z16/19594_24203.png,0.0056163256367047,34.2998046875,0.0,0.3392405807971954,False,False,False,16,19594,24203,amherst_ma
z16/19594_24204.png,z16/19594_24204.png,0.0041240108509858,21.69921875,0.0,0.3395030498504638,False,False,False,16,19594,24204,amherst_ma
z16/19594_24205.png,z16/19594_24205.png,0.0027470057209332,21.400390625,0.002288818359375,0.3363414406776428,False,False,False,16,19594,24205,amherst_ma
z16/19594_24206.png,z16/19594_24206.png,0.0031940845151742,17.599609375,0.0013427734375,0.337622582912445,False,False,False,16,19594,24206,amherst_ma
z16/19594_24207.png,z16/19594_24207.png,0.0034565885861714,20.5,0.001220703125,0.3357752561569214,False,False,False,16,19594,24207,amherst_ma
z16/19594_24208.png,z16/19594_24208.png,0.0056304141879081,40.5,0.0010223388671875,0.3366404771804809,False,False,False,16,19594,24208,amherst_ma
z16/19594_24209.png,z16/19594_24209.png,0.0074539904793103,78.099609375,0.0030517578125,0.3385930359363556,False,False,False,16,19594,24209,amherst_ma
z16/19594_24210.png,z16/19594_24210.png,0.0092499504486719,102.7998046875,0.001617431640625,0.3359764516353607,False,False,False,16,19594,24210,amherst_ma
z16/19594_24211.png,z16/19594_24211.png,0.0078169082601865,80.7998046875,0.003570556640625,0.3405404388904571,False,False,False,16,19594,24211,amherst_ma
z16/19594_24212.png,z16/19594_24212.png,0.0061313693722089,63.400390625,0.01123046875,0.3462553024291992,False,False,False,16,19594,24212,amherst_ma
z16/19594_24213.png,z16/19594_24213.png,0.0083099454641342,79.900390625,0.021026611328125,0.3428191244602203,False,False,False,16,19594,24213,amherst_ma
z16/19594_24214.png,z16/19594_24214.png,0.007443090279897,65.7998046875,0.017974853515625,0.3420150578022003,False,False,False,16,19594,24214,amherst_ma
z16/19594_24215.png,z16/19594_24215.png,0.0093657284975051,70.7001953125,0.0019073486328125,0.336688756942749,False,False,False,16,19594,24215,amherst_ma
z16/19594_24216.png,z16/19594_24216.png,0.0112312704324722,96.099609375,0.032928466796875,0.3423989117145538,False,False,False,16,19594,24216,amherst_ma
z16/19594_24217.png,z16/19594_24217.png,0.0069783732295036,92.2998046875,0.037353515625,0.3445195853710174,False,False,False,16,19594,24217,amherst_ma
z16/19594_24218.png,z16/19594_24218.png,0.0107564677794774,98.7998046875,0.028076171875,0.3485201001167297,False,False,False,16,19594,24218,amherst_ma
z16/19594_24219.png,z16/19594_24219.png,0.0084952265024185,69.6005859375,0.0038909912109375,0.3512481153011322,False,False,False,16,19594,24219,amherst_ma
z16/19594_24220.png,z16/19594_24220.png,0.0092588633298873,66.30078125,0.0025634765625,0.3498304486274719,False,False,False,16,19594,24220,amherst_ma
z16/19594_24221.png,z16/19594_24221.png,0.0071082731088002,44.1005859375,0.031768798828125,0.3489282131195068,False,False,False,16,19594,24221,amherst_ma
z16/19594_24222.png,z16/19594_24222.png,0.0075626333554585,49.6005859375,0.060272216796875,0.3438002467155456,False,False,False,16,19594,24222,amherst_ma
z16/19594_24223.png,z16/19594_24223.png,0.0126731673876444,77.7998046875,0.0032501220703125,0.343552827835083,False,False,False,16,19594,24223,amherst_ma
z16/19594_24224.png,z16/19594_24224.png,0.0125508934259414,117.900390625,0.0203399658203125,0.3424355983734131,False,False,False,16,19594,24224,amherst_ma
z16/19594_24225.png,z16/19594_24225.png,0.0210048993428548,128.7998046875,0.0528411865234375,0.3391940593719482,False,False,False,16,19594,24225,amherst_ma
z16/19594_24226.png,z16/19594_24226.png,0.01604984998703,93.5,0.0,0.3406166136264801,False,False,False,16,19594,24226,amherst_ma
z16/19594_24227.png,z16/19594_24227.png,0.0365386446317036,94.8994140625,0.0,0.3413403630256653,False,False,False,16,19594,24227,amherst_ma
z16/19594_24228.png,z16/19594_24228.png,0.0195219178994496,65.0,0.0,0.3417056202888489,False,False,False,16,19594,24228,amherst_ma
z16/19594_24229.png,z16/19594_24229.png,0.0015776748458544,2.7998046875,0.0,0.3367596268653869,False,False,False,16,19594,24229,amherst_ma
z16/19594_24230.png,z16/19594_24230.png,0.0,0.0,0.0,0.3354871273040771,False,False,False,16,19594,24230,amherst_ma
z16/19594_24231.png,z16/19594_24231.png,0.0,0.0,0.0,0.3357070088386535,False,False,False,16,19594,24231,amherst_ma
z16/19594_24232.png,z16/19594_24232.png,0.0,0.0,0.0,0.3365797996520996,False,False,False,16,19594,24232,amherst_ma
z16/19594_24233.png,z16/19594_24233.png,0.0,0.0,0.0,0.3348137736320495,False,False,False,16,19594,24233,amherst_ma
z16/19594_24234.png,z16/19594_24234.png,0.0,0.0,0.0,0.3369307816028595,False,False,False,16,19594,24234,amherst_ma
z16/19594_24235.png,z16/19594_24235.png,0.000885224652787,2.69921875,0.0,0.3377124667167663,False,False,False,16,19594,24235,amherst_ma
z16/19594_24236.png,z16/19594_24236.png,0.0173811753590901,50.80078125,0.0,0.33879554271698,False,False,False,16,19594,24236,amherst_ma
z16/19594_24237.png,z16/19594_24237.png,0.0212005674839019,56.8994140625,0.0,0.346038281917572,False,False,False,16,19594,24237,amherst_ma
z16/19594_24238.png,z16/19594_24238.png,0.0195345520973205,84.900390625,0.0,0.3423299789428711,False,False,False,16,19594,24238,amherst_ma
z16/19594_24239.png,z16/19594_24239.png,0.0253255784511566,117.7001953125,0.0,0.3368943333625793,False,False,False,16,19594,24239,amherst_ma
z16/19594_24240.png,z16/19594_24240.png,0.041008452574412,110.599609375,0.0,0.3426164984703064,False,False,False,16,19594,24240,amherst_ma
z16/19594_24241.png,z16/19594_24241.png,0.0323551774024963,100.0,0.0,0.34593266248703,False,False,False,16,19594,24241,amherst_ma
z16/19594_24242.png,z16/19594_24242.png,0.0186561902364095,87.0,0.0,0.340793251991272,False,False,False,16,19594,24242,amherst_ma
z16/19594_24243.png,z16/19594_24243.png,0.0186862051486969,90.5,0.0646209716796875,0.3405441045761108,False,False,False,16,19594,24243,amherst_ma
z16/19594_24244.png,z16/19594_24244.png,0.0141219615936279,76.6005859375,0.0093536376953125,0.340187132358551,False,False,False,16,19594,24244,amherst_ma
z16/19594_24245.png,z16/19594_24245.png,0.0113893836736679,55.1005859375,0.0023193359375,0.3447305560111999,False,False,False,16,19594,24245,amherst_ma
z16/19594_24246.png,z16/19594_24246.png,0.0126448949178059,42.2998046875,0.0,0.343685895204544,False,False,False,16,19594,24246,amherst_ma
z16/19594_24247.png,z16/19594_24247.png,0.0,0.0,0.0,0.3383265435695648,False,False,False,16,19594,24247,amherst_ma
z16/19594_24248.png,z16/19594_24248.png,0.0,0.0,0.0,0.3364555835723877,False,False,False,16,19594,24248,amherst_ma
z16/19594_24249.png,z16/19594_24249.png,0.0,0.0,0.0,0.3344690501689911,False,False,False,16,19594,24249,amherst_ma
z16/19594_24250.png,z16/19594_24250.png,0.0,0.0,0.0,0.3303234875202179,False,False,False,16,19594,24250,amherst_ma
z16/19594_24251.png,z16/19594_24251.png,0.0,0.0,0.0,0.329030841588974,False,False,False,16,19594,24251,amherst_ma
z16/19594_24252.png,z16/19594_24252.png,0.0,0.0,0.0,0.3251788020133972,False,False,False,16,19594,24252,amherst_ma
z16/19594_24253.png,z16/19594_24253.png,0.0019034213076035,8.2998046875,0.0,0.3358545303344726,False,False,False,16,19594,24253,amherst_ma
z16/19594_24254.png,z16/19594_24254.png,0.0063426246245702,31.599609375,0.0,0.3400644063949585,False,False,False,16,19594,24254,amherst_ma
z16/19594_24255.png,z16/19594_24255.png,0.0037895560264587,44.3994140625,0.0012054443359375,0.3374637961387634,False,False,False,16,19594,24255,amherst_ma
z16/19594_24256.png,z16/19594_24256.png,0.0041470192372798,22.2998046875,0.0,0.3415781855583191,False,False,False,16,19594,24256,amherst_ma
z16/19594_24257.png,z16/19594_24257.png,0.0033154393235842,22.1005859375,0.0,0.3441616296768188,False,False,False,16,19594,24257,amherst_ma
z16/19594_24258.png,z16/19594_24258.png,0.0031319613258043,21.2998046875,0.0030059814453125,0.3452854454517364,False,False,False,16,19594,24258,amherst_ma
z16/19594_24259.png,z16/19594_24259.png,0.0033758116265137,31.19921875,0.0124969482421875,0.3461225628852844,False,False,False,16,19594,24259,amherst_ma
z16/19594_24260.png,z16/19594_24260.png,0.0037689909338951,23.7001953125,0.022216796875,0.3428600132465362,False,False,False,16,19594,24260,amherst_ma
z16/19594_24261.png,z16/19594_24261.png,0.0031693033874034,13.0,0.0,0.3384947180747986,False,False,False,16,19594,24261,amherst_ma
z16/19594_24262.png,z16/19594_24262.png,0.0061689888437589,40.30078125,0.0,0.3373108804225921,False,False,False,16,19594,24262,amherst_ma
z16/19594_24263.png,z16/19594_24263.png,0.0055623446901639,45.3994140625,0.0560302734375,0.3374536335468292,False,False,False,16,19594,24263,amherst_ma
z16/19594_24264.png,z16/19594_24264.png,0.0038587786257267,46.2998046875,0.004150390625,0.3421075046062469,False,False,False,16,19594,24264,amherst_ma
z16/19594_24265.png,z16/19594_24265.png,0.005056848625342,40.5,0.01531982421875,0.3442999422550201,False,False,False,16,19594,24265,amherst_ma
z16/19594_24266.png,z16/19594_24266.png,0.0065529232223828,36.5,0.002899169921875,0.344849169254303,False,False,False,16,19594,24266,amherst_ma
z16/19594_24267.png,z16/19594_24267.png,0.0046135221918423,31.6005859375,0.009307861328125,0.3439738750457763,False,False,False,16,19594,24267,amherst_ma
z16/19594_24268.png,z16/19594_24268.png,0.0052669500311215,31.2001953125,0.010772705078125,0.342915266752243,False,False,False,16,19594,24268,amherst_ma
z16/19594_24269.png,z16/19594_24269.png,0.0053051809469858,32.5,0.007080078125,0.3459596037864685,False,False,False,16,19594,24269,amherst_ma
z16/19594_24270.png,z16/19594_24270.png,0.004126726090908,22.2001953125,0.0068206787109375,0.3482898473739624,False,False,False,16,19594,24270,amherst_ma
z16/19594_24271.png,z16/19594_24271.png,0.0051386281847953,19.0,0.0,0.3525367975234985,False,False,False,16,19594,24271,amherst_ma
z16/19595_24200.png,z16/19595_24200.png,0.0042488291859626,35.900390625,0.0013580322265625,0.3458644151687622,False,False,False,16,19595,24200,amherst_ma
z16/19595_24201.png,z16/19595_24201.png,0.0060071021318435,48.80078125,0.019500732421875,0.3473418354988098,False,False,False,16,19595,24201,amherst_ma
z16/19595_24202.png,z16/19595_24202.png,0.0047920932372411,28.7001953125,0.016693115234375,0.3459654152393341,False,False,False,16,19595,24202,amherst_ma
z16/19595_24203.png,z16/19595_24203.png,0.0031762522955735,23.7998046875,0.0042724609375,0.3425157368183136,False,False,False,16,19595,24203,amherst_ma
z16/19595_24204.png,z16/19595_24204.png,0.0055184582869211,48.0,0.004852294921875,0.3353729546070099,False,False,False,16,19595,24204,amherst_ma
z16/19595_24205.png,z16/19595_24205.png,0.0041496011118094,40.5,0.0392913818359375,0.3295457363128662,False,False,False,16,19595,24205,amherst_ma
z16/19595_24206.png,z16/19595_24206.png,0.005530102054278,52.099609375,0.02764892578125,0.3353683054447174,False,False,False,16,19595,24206,amherst_ma
z16/19595_24207.png,z16/19595_24207.png,0.0056505511204401,61.8994140625,0.0248260498046875,0.3355337381362915,False,False,False,16,19595,24207,amherst_ma
z16/19595_24208.png,z16/19595_24208.png,0.0060508012771606,56.7998046875,0.0099029541015625,0.3389135003089905,False,False,False,16,19595,24208,amherst_ma
z16/19595_24209.png,z16/19595_24209.png,0.0059385140736897,65.30078125,0.0128631591796875,0.3372281789779663,False,False,False,16,19595,24209,amherst_ma
z16/19595_24210.png,z16/19595_24210.png,0.0067145173748334,64.7001953125,0.004730224609375,0.3370147347450256,False,False,False,16,19595,24210,amherst_ma
z16/19595_24211.png,z16/19595_24211.png,0.0070849513014157,83.099609375,0.0178680419921875,0.3395806550979614,False,False,False,16,19595,24211,amherst_ma
z16/19595_24212.png,z16/19595_24212.png,0.0069220895568529,48.400390625,0.015045166015625,0.3371267318725586,False,False,False,16,19595,24212,amherst_ma
z16/19595_24213.png,z16/19595_24213.png,0.0055641318360964,86.0,0.0126953125,0.3335995674133301,False,False,False,16,19595,24213,amherst_ma
z16/19595_24214.png,z16/19595_24214.png,0.0065257370471954,63.900390625,0.0035552978515625,0.3368770480155945,False,False,False,16,19595,24214,amherst_ma
z16/19595_24215.png,z16/19595_24215.png,0.0085933814446131,48.1005859375,0.0283203125,0.3394924700260162,False,False,False,16,19595,24215,amherst_ma
z16/19595_24216.png,z16/19595_24216.png,0.009423475464185,46.2998046875,0.035064697265625,0.3483168184757232,False,False,False,16,19595,24216,amherst_ma
z16/19595_24217.png,z16/19595_24217.png,0.0053565561771392,90.099609375,0.0214996337890625,0.3448873460292816,False,False,False,16,19595,24217,amherst_ma
z16/19595_24218.png,z16/19595_24218.png,0.0101716230312983,86.099609375,0.013824462890625,0.3492440283298492,False,False,False,16,19595,24218,amherst_ma
z16/19595_24219.png,z16/19595_24219.png,0.0058094600836435,68.099609375,0.0276641845703125,0.3454333245754242,False,False,False,16,19595,24219,amherst_ma
z16/19595_24220.png,z16/19595_24220.png,0.0115452239910761,109.3994140625,0.05023193359375,0.3459877073764801,False,False,False,16,19595,24220,amherst_ma
z16/19595_24221.png,z16/19595_24221.png,0.0115070541699727,64.5,0.0057373046875,0.34792560338974,False,False,False,16,19595,24221,amherst_ma
z16/19595_24222.png,z16/19595_24222.png,0.0058017129699389,31.7001953125,0.00091552734375,0.351314902305603,False,False,False,16,19595,24222,amherst_ma
z16/19595_24223.png,z16/19595_24223.png,0.0052129685878753,34.0,0.011199951171875,0.3447277545928955,False,False,False,16,19595,24223,amherst_ma
z16/19595_24224.png,z16/19595_24224.png,0.0053941662112871,50.69921875,0.0135955810546875,0.3433643877506256,False,False,False,16,19595,24224,amherst_ma
z16/19595_24225.png,z16/19595_24225.png,0.0076403195659319,61.900390625,0.005767822265625,0.3455744981765747,False,False,False,16,19595,24225,amherst_ma
z16/19595_24226.png,z16/19595_24226.png,0.0161523163318634,93.7998046875,0.0013580322265625,0.3435819149017334,False,False,False,16,19595,24226,amherst_ma
z16/19595_24227.png,z16/19595_24227.png,0.0147167861461639,120.599609375,0.027130126953125,0.3385408222675323,False,False,False,16,19595,24227,amherst_ma
z16/19595_24228.png,z16/19595_24228.png,0.0108722209930419,128.900390625,0.010650634765625,0.3417959213256836,False,False,False,16,19595,24228,amherst_ma
z16/19595_24229.png,z16/19595_24229.png,0.0092565238475799,91.6005859375,0.0268402099609375,0.3422179222106933,False,False,False,16,19595,24229,amherst_ma
z16/19595_24230.png,z16/19595_24230.png,0.0221420466899871,88.5,0.0,0.3398999571800232,False,False,False,16,19595,24230,amherst_ma
z16/19595_24231.png,z16/19595_24231.png,0.0234900077184041,58.2998046875,0.0,0.3376975357532501,False,False,False,16,19595,24231,amherst_ma
z16/19595_24232.png,z16/19595_24232.png,0.0119141866763432,33.7998046875,0.0,0.336193323135376,False,False,False,16,19595,24232,amherst_ma
z16/19595_24233.png,z16/19595_24233.png,0.0034177569051583,8.400390625,0.0,0.3418936133384704,False,False,False,16,19595,24233,amherst_ma
z16/19595_24234.png,z16/19595_24234.png,0.0051903789242108,9.599609375,0.0,0.339313268661499,False,False,False,16,19595,24234,amherst_ma
z16/19595_24235.png,z16/19595_24235.png,0.0010212193553646,1.5,0.0,0.3358739614486694,False,False,False,16,19595,24235,amherst_ma
z16/19595_24236.png,z16/19595_24236.png,0.000140245212242,0.2001953125,0.0,0.3307732939720154,False,False,False,16,19595,24236,amherst_ma
z16/19595_24237.png,z16/19595_24237.png,0.0,0.0,0.0,0.332588642835617,False,False,False,16,19595,24237,amherst_ma
z16/19595_24238.png,z16/19595_24238.png,0.0,0.0,0.0,0.3329605162143707,False,False,False,16,19595,24238,amherst_ma
z16/19595_24239.png,z16/19595_24239.png,0.0,0.0,0.0,0.3417741656303406,False,False,False,16,19595,24239,amherst_ma
z16/19595_24240.png,z16/19595_24240.png,0.0,0.0,0.0,0.3329142034053802,False,False,False,16,19595,24240,amherst_ma
z16/19595_24241.png,z16/19595_24241.png,0.0,0.0,0.0,0.3393704891204834,False,False,False,16,19595,24241,amherst_ma
z16/19595_24242.png,z16/19595_24242.png,0.0,0.0,0.0,0.3378997445106506,False,False,False,16,19595,24242,amherst_ma
z16/19595_24243.png,z16/19595_24243.png,0.0001300210598856,0.2998046875,0.0,0.3367305397987366,False,False,False,16,19595,24243,amherst_ma
z16/19595_24244.png,z16/19595_24244.png,0.0118872394164403,36.3994140625,0.0,0.335902065038681,False,False,False,16,19595,24244,amherst_ma
z16/19595_24245.png,z16/19595_24245.png,0.0246388971805572,53.400390625,0.0,0.3341724574565887,False,False,False,16,19595,24245,amherst_ma
z16/19595_24246.png,z16/19595_24246.png,0.0086098909378051,27.7001953125,0.0,0.3348724246025085,False,False,False,16,19595,24246,amherst_ma
z16/19595_24247.png,z16/19595_24247.png,0.0019289741913477,3.2001953125,0.0,0.3372544348239898,False,False,False,16,19595,24247,amherst_ma
z16/19595_24248.png,z16/19595_24248.png,0.0002813145828743,0.6005859375,0.0,0.3338401615619659,False,False,False,16,19595,24248,amherst_ma
z16/19595_24249.png,z16/19595_24249.png,0.0,0.0,0.0,0.338800847530365,False,False,False,16,19595,24249,amherst_ma
z16/19595_24250.png,z16/19595_24250.png,0.0,0.0,0.0,0.3433265388011932,False,False,False,16,19595,24250,amherst_ma
z16/19595_24251.png,z16/19595_24251.png,0.0,0.0,0.0,0.3434620797634125,False,False,False,16,19595,24251,amherst_ma
z16/19595_24252.png,z16/19595_24252.png,0.0,0.0,0.0,0.3318007588386535,False,False,False,16,19595,24252,amherst_ma
z16/19595_24253.png,z16/19595_24253.png,0.0,0.0,0.0,0.3308042883872986,False,False,False,16,19595,24253,amherst_ma
z16/19595_24254.png,z16/19595_24254.png,8.200846302012603e-05,0.099609375,0.0,0.3278158605098724,False,False,False,16,19595,24254,amherst_ma
z16/19595_24255.png,z16/19595_24255.png,0.0062454616030057,23.2998046875,0.0,0.3349733054637909,False,False,False,16,19595,24255,amherst_ma
z16/19595_24256.png,z16/19595_24256.png,0.0069060713052749,31.1005859375,0.0,0.3449606299400329,False,False,False,16,19595,24256,amherst_ma
z16/19595_24257.png,z16/19595_24257.png,0.0056663776437441,32.099609375,0.0,0.3477994799613952,False,False,False,16,19595,24257,amherst_ma
z16/19595_24258.png,z16/19595_24258.png,0.0038754006226857,24.400390625,0.0083160400390625,0.3449513018131256,False,False,False,16,19595,24258,amherst_ma
z16/19595_24259.png,z16/19595_24259.png,0.0049388413627942,22.5,0.0,0.3455453813076019,False,False,False,16,19595,24259,amherst_ma
z16/19595_24260.png,z16/19595_24260.png,0.0045997187495231,30.3994140625,0.0222625732421875,0.3395944833755493,False,False,False,16,19595,24260,amherst_ma
z16/19595_24261.png,z16/19595_24261.png,0.0030914242068926,37.7998046875,0.0179443359375,0.3456738889217376,False,False,False,16,19595,24261,amherst_ma
z16/19595_24262.png,z16/19595_24262.png,0.0046191265185674,43.599609375,0.0016326904296875,0.3431771099567413,False,False,False,16,19595,24262,amherst_ma
z16/19595_24263.png,z16/19595_24263.png,0.0030062404771645,36.1005859375,0.00152587890625,0.3389657139778137,False,False,False,16,19595,24263,amherst_ma
z16/19595_24264.png,z16/19595_24264.png,0.0043461640675862,39.7001953125,0.00103759765625,0.3429419994354248,False,False,False,16,19595,24264,amherst_ma
z16/19595_24265.png,z16/19595_24265.png,0.0064728582898775,52.3994140625,0.020782470703125,0.3468822836875915,False,False,False,16,19595,24265,amherst_ma
z16/19595_24266.png,z16/19595_24266.png,0.0099661221106847,58.599609375,0.0179901123046875,0.3435607552528381,False,False,False,16,19595,24266,amherst_ma
z16/19595_24267.png,z16/19595_24267.png,0.0034418498476346,11.5,0.0,0.3402836322784424,False,False,False,16,19595,24267,amherst_ma
z16/19595_24268.png,z16/19595_24268.png,0.0052308499813079,22.400390625,0.0,0.3404652774333954,False,False,False,16,19595,24268,amherst_ma
z16/19595_24269.png,z16/19595_24269.png,0.0035623078544934,43.400390625,0.0018157958984375,0.3452235162258148,False,False,False,16,19595,24269,amherst_ma
z16/19595_24270.png,z16/19595_24270.png,0.0022995851933956,27.8994140625,0.00390625,0.3478806614875793,False,False,False,16,19595,24270,amherst_ma
z16/19595_24271.png,z16/19595_24271.png,0.0032184441884358,18.5,0.001861572265625,0.3517382740974426,False,False,False,16,19595,24271,amherst_ma
z16/19596_24200.png,z16/19596_24200.png,0.0055473466714223,45.8994140625,0.005157470703125,0.3423076868057251,False,False,False,16,19596,24200,amherst_ma
z16/19596_24201.png,z16/19596_24201.png,0.0059605186184247,54.2001953125,0.0021820068359375,0.3445063829421997,False,False,False,16,19596,24201,amherst_ma
z16/19596_24202.png,z16/19596_24202.png,0.006491249303023,39.099609375,0.000640869140625,0.3454243540763855,False,False,False,16,19596,24202,amherst_ma
z16/19596_24203.png,z16/19596_24203.png,0.0041499011218547,45.0,0.001007080078125,0.3362357020378113,False,False,False,16,19596,24203,amherst_ma
z16/19596_24204.png,z16/19596_24204.png,0.0039905962844689,46.2001953125,0.001800537109375,0.3359876871109009,False,False,False,16,19596,24204,amherst_ma
z16/19596_24205.png,z16/19596_24205.png,0.0058945015072822,29.1005859375,0.000946044921875,0.3353590667247772,False,False,False,16,19596,24205,amherst_ma
z16/19596_24206.png,z16/19596_24206.png,0.0053486476341883,38.5,0.002288818359375,0.3392519652843475,False,False,False,16,19596,24206,amherst_ma
z16/19596_24207.png,z16/19596_24207.png,0.0060766473412513,56.0,0.0058441162109375,0.3438667058944702,False,False,False,16,19596,24207,amherst_ma
z16/19596_24208.png,z16/19596_24208.png,0.0108982990185419,87.5,0.005706787109375,0.3375764489173889,False,False,False,16,19596,24208,amherst_ma
z16/19596_24209.png,z16/19596_24209.png,0.0087815850973129,60.30078125,0.0226593017578125,0.3366278409957886,False,False,False,16,19596,24209,amherst_ma
z16/19596_24210.png,z16/19596_24210.png,0.0067589138944943,65.099609375,0.021392822265625,0.3371059000492096,False,False,False,16,19596,24210,amherst_ma
z16/19596_24211.png,z16/19596_24211.png,0.0081165785590807,60.30078125,0.017852783203125,0.3372192084789276,False,False,False,16,19596,24211,amherst_ma
z16/19596_24212.png,z16/19596_24212.png,0.0082421958446502,62.7001953125,0.052154541015625,0.3352444171905517,False,False,False,16,19596,24212,amherst_ma
z16/19596_24213.png,z16/19596_24213.png,0.0075927625099817,84.7998046875,0.0090789794921875,0.335143506526947,False,False,False,16,19596,24213,amherst_ma
z16/19596_24214.png,z16/19596_24214.png,0.0144116093715031,99.599609375,0.0132293701171875,0.3363457024097442,False,False,False,16,19596,24214,amherst_ma
z16/19596_24215.png,z16/19596_24215.png,0.0132217526435852,95.599609375,0.0132293701171875,0.3328852355480194,False,False,False,16,19596,24215,amherst_ma
z16/19596_24216.png,z16/19596_24216.png,0.0048687974611918,60.0,0.0159912109375,0.334382951259613,False,False,False,16,19596,24216,amherst_ma
z16/19596_24217.png,z16/19596_24217.png,0.0088115652402242,54.400390625,0.001007080078125,0.3372981250286102,False,False,False,16,19596,24217,amherst_ma
z16/19596_24218.png,z16/19596_24218.png,0.0132231702407201,69.6005859375,0.0142364501953125,0.3419447839260101,False,False,False,16,19596,24218,amherst_ma
z16/19596_24219.png,z16/19596_24219.png,0.0038821344574292,64.099609375,0.0037078857421875,0.342217743396759,False,False,False,16,19596,24219,amherst_ma
z16/19596_24220.png,z16/19596_24220.png,0.0109765728314717,79.400390625,0.0023193359375,0.3420411348342895,False,False,False,16,19596,24220,amherst_ma
z16/19596_24221.png,z16/19596_24221.png,0.0064826721946398,61.099609375,0.00640869140625,0.339166522026062,False,False,False,16,19596,24221,amherst_ma
z16/19596_24222.png,z16/19596_24222.png,0.0072467029094696,60.5,0.012420654296875,0.339798092842102,False,False,False,16,19596,24222,amherst_ma
z16/19596_24223.png,z16/19596_24223.png,0.0108414103587468,90.1005859375,0.0282135009765625,0.3437049388885498,False,False,False,16,19596,24223,amherst_ma
z16/19596_24224.png,z16/19596_24224.png,0.0120673775672912,79.8994140625,0.020111083984375,0.3431203365325928,False,False,False,16,19596,24224,amherst_ma
z16/19596_24225.png,z16/19596_24225.png,0.0069752246141433,46.400390625,0.0132598876953125,0.3444138169288635,False,False,False,16,19596,24225,amherst_ma
z16/19596_24226.png,z16/19596_24226.png,0.0060896714528401,26.099609375,0.0104522705078125,0.3420385718345642,False,False,False,16,19596,24226,amherst_ma
z16/19596_24227.png,z16/19596_24227.png,0.006954202055931,36.2998046875,0.0004730224609375,0.344614028930664,False,False,False,16,19596,24227,amherst_ma
z16/19596_24228.png,z16/19596_24228.png,0.0157381027936935,93.7998046875,0.0001678466796875,0.3387190699577331,False,False,False,16,19596,24228,amherst_ma
z16/19596_24229.png,z16/19596_24229.png,0.0150311807791392,89.2998046875,0.0026092529296875,0.3405926525592804,False,False,False,16,19596,24229,amherst_ma
z16/19596_24230.png,z16/19596_24230.png,0.0122964938481648,118.099609375,0.002410888671875,0.3354677557945251,False,False,False,16,19596,24230,amherst_ma
z16/19596_24231.png,z16/19596_24231.png,0.0127430588006973,129.0,0.003143310546875,0.3437503278255462,False,False,False,16,19596,24231,amherst_ma
z16/19596_24232.png,z16/19596_24232.png,0.0103491256634394,107.2998046875,0.0103912353515625,0.3409613668918609,False,False,False,16,19596,24232,amherst_ma
z16/19596_24233.png,z16/19596_24233.png,0.0075473616520563,112.5,0.025421142578125,0.3405058681964874,False,False,False,16,19596,24233,amherst_ma
z16/19596_24234.png,z16/19596_24234.png,0.0072286799550056,84.7001953125,0.0236968994140625,0.3432218432426452,False,False,False,16,19596,24234,amherst_ma
z16/19596_24235.png,z16/19596_24235.png,0.0074505304296811,54.599609375,0.03009033203125,0.3415797054767608,False,False,False,16,19596,24235,amherst_ma
z16/19596_24236.png,z16/19596_24236.png,0.010356002052625,28.0,0.0,0.3427770733833313,False,False,False,16,19596,24236,amherst_ma
z16/19596_24237.png,z16/19596_24237.png,0.0066620290279388,15.80078125,0.0,0.3405840694904327,False,False,False,16,19596,24237,amherst_ma
z16/19596_24238.png,z16/19596_24238.png,0.012657011548678,24.900390625,0.0,0.3411110937595367,False,False,False,16,19596,24238,amherst_ma
z16/19596_24239.png,z16/19596_24239.png,0.0079641282558441,21.2998046875,0.0,0.3436934351921081,False,False,False,16,19596,24239,amherst_ma
z16/19596_24240.png,z16/19596_24240.png,0.0,0.0,0.0,0.3347650468349457,False,False,False,16,19596,24240,amherst_ma
z16/19596_24241.png,z16/19596_24241.png,0.0,0.0,0.0,0.3365142047405243,False,False,False,16,19596,24241,amherst_ma
z16/19596_24242.png,z16/19596_24242.png,0.0,0.0,0.0,0.3348261713981628,False,False,False,16,19596,24242,amherst_ma
z16/19596_24243.png,z16/19596_24243.png,0.0,0.0,0.0,0.3379464149475097,False,False,False,16,19596,24243,amherst_ma
z16/19596_24244.png,z16/19596_24244.png,0.0,0.0,0.0,0.3340522050857544,False,False,False,16,19596,24244,amherst_ma
z16/19596_24245.png,z16/19596_24245.png,0.0,0.0,0.0,0.3305191993713379,False,False,False,16,19596,24245,amherst_ma
z16/19596_24246.png,z16/19596_24246.png,0.0,0.0,0.0,0.3344606459140777,False,False,False,16,19596,24246,amherst_ma
z16/19596_24247.png,z16/19596_24247.png,0.0,0.0,0.0,0.3438438177108764,False,False,False,16,19596,24247,amherst_ma
z16/19596_24248.png,z16/19596_24248.png,5.799513698245088e-05,0.099609375,0.0,0.3434250056743622,False,False,False,16,19596,24248,amherst_ma
z16/19596_24249.png,z16/19596_24249.png,0.0205972015857696,62.0,0.0,0.3421713411808014,False,False,False,16,19596,24249,amherst_ma
z16/19596_24250.png,z16/19596_24250.png,0.0249933799107869,62.0,0.0,0.344546765089035,False,False,False,16,19596,24250,amherst_ma
z16/19596_24251.png,z16/19596_24251.png,0.0,0.0,0.0,0.3435017466545105,False,False,False,16,19596,24251,amherst_ma
z16/19596_24252.png,z16/19596_24252.png,0.0,0.0,0.0,0.3347889482975006,False,False,False,16,19596,24252,amherst_ma
z16/19596_24253.png,z16/19596_24253.png,0.0,0.0,0.0,0.3312000632286072,False,False,False,16,19596,24253,amherst_ma
z16/19596_24254.png,z16/19596_24254.png,0.0,0.0,0.0,0.3270783424377441,False,False,False,16,19596,24254,amherst_ma
z16/19596_24255.png,z16/19596_24255.png,0.0,0.0,0.0,0.3348433077335357,False,False,False,16,19596,24255,amherst_ma
z16/19596_24256.png,z16/19596_24256.png,0.0,0.0,0.0,0.3351463079452514,False,False,False,16,19596,24256,amherst_ma
z16/19596_24257.png,z16/19596_24257.png,0.0,0.0,0.0,0.3370160162448883,False,False,False,16,19596,24257,amherst_ma
z16/19596_24258.png,z16/19596_24258.png,0.0010669521987438,3.2998046875,0.0,0.3336678147315979,False,False,False,16,19596,24258,amherst_ma
z16/19596_24259.png,z16/19596_24259.png,0.0035206288099288,13.7001953125,0.0,0.3467321991920471,False,False,False,16,19596,24259,amherst_ma
z16/19596_24260.png,z16/19596_24260.png,0.0045322229464848,40.7998046875,0.0048980712890625,0.3379842042922973,False,False,False,16,19596,24260,amherst_ma
z16/19596_24261.png,z16/19596_24261.png,0.0033849438031514,20.599609375,0.0015869140625,0.33835569024086,False,False,False,16,19596,24261,amherst_ma
z16/19596_24262.png,z16/19596_24262.png,0.002998815725247,19.599609375,0.0060577392578125,0.3370985388755798,False,False,False,16,19596,24262,amherst_ma
z16/19596_24263.png,z16/19596_24263.png,0.0029587147136529,24.8994140625,0.0049896240234375,0.3332259654998779,False,False,False,16,19596,24263,amherst_ma
z16/19596_24264.png,z16/19596_24264.png,0.0102449178695678,62.2998046875,0.0004119873046875,0.3346208333969116,False,False,False,16,19596,24264,amherst_ma
z16/19596_24265.png,z16/19596_24265.png,0.0150577882925669,72.5,0.00946044921875,0.3358626961708069,False,False,False,16,19596,24265,amherst_ma
z16/19596_24266.png,z16/19596_24266.png,0.0137036899725596,88.0,0.0441436767578125,0.3420025706291199,False,False,False,16,19596,24266,amherst_ma
z16/19596_24267.png,z16/19596_24267.png,0.0054250637690226,38.900390625,0.0040740966796875,0.3435358107089996,False,False,False,16,19596,24267,amherst_ma
z16/19596_24268.png,z16/19596_24268.png,0.0074943636854489,44.1005859375,0.00555419921875,0.3432855010032654,False,False,False,16,19596,24268,amherst_ma
z16/19596_24269.png,z16/19596_24269.png,0.0080609396100044,50.400390625,0.03155517578125,0.3402813673019409,False,False,False,16,19596,24269,amherst_ma
z16/19596_24270.png,z16/19596_24270.png,0.0055886402726173,23.5,0.0283660888671875,0.3467600047588348,False,False,False,16,19596,24270,amherst_ma
z16/19596_24271.png,z16/19596_24271.png,0.0030035806198914,12.7998046875,0.0,0.3505224883556366,False,False,False,16,19596,24271,amherst_ma
z16/19597_24200.png,z16/19597_24200.png,0.0049935027956962,40.2001953125,0.01824951171875,0.3400997519493103,False,False,False,16,19597,24200,amherst_ma
z16/19597_24201.png,z16/19597_24201.png,0.0102838526169459,55.7998046875,0.0103759765625,0.3385049700736999,False,False,False,16,19597,24201,amherst_ma
z16/19597_24202.png,z16/19597_24202.png,0.0066513329744338,43.69921875,0.001190185546875,0.3430686295032501,False,False,False,16,19597,24202,amherst_ma
z16/19597_24203.png,z16/19597_24203.png,0.0090944012006123,59.80078125,0.0018157958984375,0.3403420448303222,False,False,False,16,19597,24203,amherst_ma
z16/19597_24204.png,z16/19597_24204.png,0.007083286345005,77.7998046875,0.03289794921875,0.3365287482738495,False,False,False,16,19597,24204,amherst_ma
z16/19597_24205.png,z16/19597_24205.png,0.0056739533940951,52.400390625,0.0136871337890625,0.3357239663600921,False,False,False,16,19597,24205,amherst_ma
z16/19597_24206.png,z16/19597_24206.png,0.0086947242418924,73.900390625,0.0116424560546875,0.3369039595127105,False,False,False,16,19597,24206,amherst_ma
z16/19597_24207.png,z16/19597_24207.png,0.0078053628404935,54.599609375,0.0047760009765625,0.3385186791419983,False,False,False,16,19597,24207,amherst_ma
z16/19597_24208.png,z16/19597_24208.png,0.0065903787811597,54.599609375,0.02606201171875,0.3388632237911224,False,False,False,16,19597,24208,amherst_ma
z16/19597_24209.png,z16/19597_24209.png,0.0125956336657206,95.5,0.0556488037109375,0.3372538685798645,False,False,False,16,19597,24209,amherst_ma
z16/19597_24210.png,z16/19597_24210.png,0.0074773266911506,81.400390625,0.039947509765625,0.3404127955436706,False,False,False,16,19597,24210,amherst_ma
z16/19597_24211.png,z16/19597_24211.png,0.004899709423383,55.7001953125,0.019256591796875,0.3404781222343445,False,False,False,16,19597,24211,amherst_ma
z16/19597_24212.png,z16/19597_24212.png,0.0071677073836326,89.900390625,0.0419464111328125,0.3345844447612762,False,False,False,16,19597,24212,amherst_ma
z16/19597_24213.png,z16/19597_24213.png,0.0133327265580495,123.1005859375,0.0296173095703125,0.3357444703578949,False,False,False,16,19597,24213,amherst_ma
z16/19597_24214.png,z16/19597_24214.png,0.0081296314795811,90.099609375,0.0372467041015625,0.3380705416202545,False,False,False,16,19597,24214,amherst_ma
z16/19597_24215.png,z16/19597_24215.png,0.0061542799075444,59.099609375,0.051361083984375,0.3387416303157806,False,False,False,16,19597,24215,amherst_ma
z16/19597_24216.png,z16/19597_24216.png,0.0080710853139559,60.5,0.0,0.3366564214229584,False,False,False,16,19597,24216,amherst_ma
z16/19597_24217.png,z16/19597_24217.png,0.0096819837888081,44.599609375,0.0,0.3372363448143005,False,False,False,16,19597,24217,amherst_ma
z16/19597_24218.png,z16/19597_24218.png,0.0038832113146781,38.7998046875,0.0402679443359375,0.3427873253822326,False,False,False,16,19597,24218,amherst_ma
z16/19597_24219.png,z16/19597_24219.png,0.0070838183164596,55.099609375,0.00286865234375,0.3418218493461609,False,False,False,16,19597,24219,amherst_ma
z16/19597_24220.png,z16/19597_24220.png,0.0067713027199109,52.0,0.00762939453125,0.3445575833320617,False,False,False,16,19597,24220,amherst_ma
z16/19597_24221.png,z16/19597_24221.png,0.0059121126929918,28.599609375,0.014068603515625,0.346417486667633,False,False,False,16,19597,24221,amherst_ma
z16/19597_24222.png,z16/19597_24222.png,0.0068455080191294,28.7998046875,0.0,0.3429044485092163,False,False,False,16,19597,24222,amherst_ma
z16/19597_24223.png,z16/19597_24223.png,0.0060040742158889,53.2001953125,0.0764923095703125,0.3417825698852539,False,False,False,16,19597,24223,amherst_ma
z16/19597_24224.png,z16/19597_24224.png,0.0043960645794868,37.099609375,0.002593994140625,0.3519603610038757,False,False,False,16,19597,24224,amherst_ma
z16/19597_24225.png,z16/19597_24225.png,0.0052239919702212,17.0,0.0,0.3411252796649933,False,False,False,16,19597,24225,amherst_ma
z16/19597_24226.png,z16/19597_24226.png,0.0052666728695233,17.0,0.0,0.3474868834018707,False,False,False,16,19597,24226,amherst_ma
z16/19597_24227.png,z16/19597_24227.png,0.0073788637916247,31.400390625,0.0039215087890625,0.3458408117294311,False,False,False,16,19597,24227,amherst_ma
z16/19597_24228.png,z16/19597_24228.png,0.0079955627520879,49.6005859375,0.0085906982421875,0.3394444286823272,False,False,False,16,19597,24228,amherst_ma
z16/19597_24229.png,z16/19597_24229.png,0.0046605616807937,31.19921875,0.0,0.3385312557220459,False,False,False,16,19597,24229,amherst_ma
z16/19597_24230.png,z16/19597_24230.png,0.0028726619978745,17.400390625,0.0,0.3396195471286773,False,False,False,16,19597,24230,amherst_ma
z16/19597_24231.png,z16/19597_24231.png,0.0075748602549235,65.099609375,0.00054931640625,0.3438207805156708,False,False,False,16,19597,24231,amherst_ma
z16/19597_24232.png,z16/19597_24232.png,0.0073746750752131,54.5,0.0008087158203125,0.3413547873497009,False,False,False,16,19597,24232,amherst_ma
z16/19597_24233.png,z16/19597_24233.png,0.0111316859722137,60.0,0.0010986328125,0.3519930243492126,False,False,False,16,19597,24233,amherst_ma
z16/19597_24234.png,z16/19597_24234.png,0.0075118412574132,70.2998046875,0.0078582763671875,0.3449668288230896,False,False,False,16,19597,24234,amherst_ma
z16/19597_24235.png,z16/19597_24235.png,0.0064623470107714,100.7001953125,0.010101318359375,0.3421752452850342,False,False,False,16,19597,24235,amherst_ma
z16/19597_24236.png,z16/19597_24236.png,0.006692299246788,109.7998046875,0.0260162353515625,0.3400247097015381,False,False,False,16,19597,24236,amherst_ma
z16/19597_24237.png,z16/19597_24237.png,0.0083356231451034,87.2998046875,0.003875732421875,0.3401736617088318,False,False,False,16,19597,24237,amherst_ma
z16/19597_24238.png,z16/19597_24238.png,0.0105978627999623,74.5,0.001983642578125,0.3471019864082336,False,False,False,16,19597,24238,amherst_ma
z16/19597_24239.png,z16/19597_24239.png,0.0116116136312484,77.7001953125,0.0517425537109375,0.3412821888923645,False,False,False,16,19597,24239,amherst_ma
z16/19597_24240.png,z16/19597_24240.png,0.015715025862058,75.099609375,0.0,0.3483215272426605,False,False,False,16,19597,24240,amherst_ma
z16/19597_24241.png,z16/19597_24241.png,0.0192837019761403,63.900390625,0.0,0.3458070456981659,False,False,False,16,19597,24241,amherst_ma
z16/19597_24242.png,z16/19597_24242.png,0.0084684342145919,23.599609375,0.0,0.3491914570331573,False,False,False,16,19597,24242,amherst_ma
z16/19597_24243.png,z16/19597_24243.png,0.0037318776051203,9.7998046875,0.0,0.3460126221179962,False,False,False,16,19597,24243,amherst_ma
z16/19597_24244.png,z16/19597_24244.png,0.0002694292925298,0.2001953125,0.0,0.347804993391037,False,False,False,16,19597,24244,amherst_ma
z16/19597_24245.png,z16/19597_24245.png,0.0007439630106091,1.0,0.0,0.34108367562294,False,False,False,16,19597,24245,amherst_ma
z16/19597_24246.png,z16/19597_24246.png,0.0023257933557033,4.19921875,0.0,0.3464007377624511,False,False,False,16,19597,24246,amherst_ma
z16/19597_24247.png,z16/19597_24247.png,0.0042322839299837,13.80078125,0.0,0.349703699350357,False,False,False,16,19597,24247,amherst_ma
z16/19597_24248.png,z16/19597_24248.png,0.0091864456733067,38.5,0.0,0.3464515209197998,False,False,False,16,19597,24248,amherst_ma
z16/19597_24249.png,z16/19597_24249.png,0.0130611568689346,64.5,0.006439208984375,0.3395435214042663,False,False,False,16,19597,24249,amherst_ma
z16/19597_24250.png,z16/19597_24250.png,0.020467076698939,62.2998046875,0.0,0.3430002331733703,False,False,False,16,19597,24250,amherst_ma
z16/19597_24251.png,z16/19597_24251.png,0.0043120433886845,11.900390625,0.0,0.3318964838981628,False,False,False,16,19597,24251,amherst_ma
z16/19597_24252.png,z16/19597_24252.png,0.0159029523531595,80.8994140625,0.0,0.3382926881313324,False,False,False,16,19597,24252,amherst_ma
z16/19597_24253.png,z16/19597_24253.png,0.0258804639180501,101.2998046875,0.0,0.3329225778579712,False,False,False,16,19597,24253,amherst_ma
z16/19597_24254.png,z16/19597_24254.png,0.0013501701255639,5.80078125,0.0,0.3440916538238525,False,False,False,16,19597,24254,amherst_ma
z16/19597_24255.png,z16/19597_24255.png,0.0,0.0,0.0,0.3431331515312195,False,False,False,16,19597,24255,amherst_ma
z16/19597_24256.png,z16/19597_24256.png,0.0,0.0,0.0,0.3412889838218689,False,False,False,16,19597,24256,amherst_ma
z16/19597_24257.png,z16/19597_24257.png,0.0,0.0,0.0,0.3424652814865112,False,False,False,16,19597,24257,amherst_ma
z16/19597_24258.png,z16/19597_24258.png,0.0043424348036448,13.900390625,0.0,0.3402972817420959,False,False,False,16,19597,24258,amherst_ma
z16/19597_24259.png,z16/19597_24259.png,0.0109448492527008,52.3994140625,0.00286865234375,0.3485258817672729,False,False,False,16,19597,24259,amherst_ma
z16/19597_24260.png,z16/19597_24260.png,0.0067469085256258,41.1005859375,0.0220947265625,0.3400080502033233,False,False,False,16,19597,24260,amherst_ma
z16/19597_24261.png,z16/19597_24261.png,0.0106463879346847,55.6005859375,0.001220703125,0.3362986743450165,False,False,False,16,19597,24261,amherst_ma
z16/19597_24262.png,z16/19597_24262.png,0.0140314271052678,74.0,0.0003204345703125,0.3373638689517975,False,False,False,16,19597,24262,amherst_ma
z16/19597_24263.png,z16/19597_24263.png,0.014247640967369,65.599609375,0.005584716796875,0.3344958126544952,False,False,False,16,19597,24263,amherst_ma
z16/19597_24264.png,z16/19597_24264.png,0.0154929608106613,77.8994140625,0.0262298583984375,0.3375982046127319,False,False,False,16,19597,24264,amherst_ma
z16/19597_24265.png,z16/19597_24265.png,0.0062273199359575,38.1005859375,0.0515594482421875,0.3392849564552307,False,False,False,16,19597,24265,amherst_ma
z16/19597_24266.png,z16/19597_24266.png,0.005701241393884,30.2998046875,0.0,0.3425374925136566,False,False,False,16,19597,24266,amherst_ma
z16/19597_24267.png,z16/19597_24267.png,0.0084456890821456,38.7998046875,0.0115509033203125,0.3500114679336548,False,False,False,16,19597,24267,amherst_ma
z16/19597_24268.png,z16/19597_24268.png,0.0034715267519156,22.0,0.0,0.3484231531620025,False,False,False,16,19597,24268,amherst_ma
z16/19597_24269.png,z16/19597_24269.png,0.0026541014512379,18.7998046875,0.0,0.347797155380249,False,False,False,16,19597,24269,amherst_ma
z16/19597_24270.png,z16/19597_24270.png,0.0030373794337113,32.0,0.0046234130859375,0.3476366400718689,False,False,False,16,19597,24270,amherst_ma
z16/19597_24271.png,z16/19597_24271.png,0.0047607933481534,35.2998046875,0.004302978515625,0.3534070551395416,False,False,False,16,19597,24271,amherst_ma
z16/19598_24200.png,z16/19598_24200.png,0.0059765050808588,28.1005859375,0.008453369140625,0.3458690643310547,False,False,False,16,19598,24200,amherst_ma
z16/19598_24201.png,z16/19598_24201.png,0.0061144193013509,42.7001953125,0.000213623046875,0.3351551294326782,False,False,False,16,19598,24201,amherst_ma
z16/19598_24202.png,z16/19598_24202.png,0.0074271351099014,53.900390625,0.0546112060546875,0.3375529944896698,False,False,False,16,19598,24202,amherst_ma
z16/19598_24203.png,z16/19598_24203.png,0.008911328514417,75.80078125,0.0017242431640625,0.3359302282333374,False,False,False,16,19598,24203,amherst_ma
z16/19598_24204.png,z16/19598_24204.png,0.007022517422835,93.900390625,0.0288238525390625,0.3393385410308838,False,False,False,16,19598,24204,amherst_ma
z16/19598_24205.png,z16/19598_24205.png,0.0068107609947522,68.900390625,0.0204620361328125,0.3371102213859558,False,False,False,16,19598,24205,amherst_ma
z16/19598_24206.png,z16/19598_24206.png,0.0061043580373128,39.400390625,0.02325439453125,0.3417097330093384,False,False,False,16,19598,24206,amherst_ma
z16/19598_24207.png,z16/19598_24207.png,0.0080306023359298,52.6005859375,0.001617431640625,0.3386789262294769,False,False,False,16,19598,24207,amherst_ma
z16/19598_24208.png,z16/19598_24208.png,0.0054032469789187,45.2001953125,0.00543212890625,0.3392983078956604,False,False,False,16,19598,24208,amherst_ma
z16/19598_24209.png,z16/19598_24209.png,0.0058459311723709,25.900390625,0.0,0.3437312543392181,False,False,False,16,19598,24209,amherst_ma
z16/19598_24210.png,z16/19598_24210.png,0.0050604715943336,38.599609375,0.0062255859375,0.3455724716186523,False,False,False,16,19598,24210,amherst_ma
z16/19598_24211.png,z16/19598_24211.png,0.0054576759537061,33.400390625,0.0039825439453125,0.343079000711441,False,False,False,16,19598,24211,amherst_ma
z16/19598_24212.png,z16/19598_24212.png,0.005097754796346,39.7998046875,0.0,0.3425896763801574,False,False,False,16,19598,24212,amherst_ma
z16/19598_24213.png,z16/19598_24213.png,0.0064411520957946,61.599609375,0.0049591064453125,0.3434253931045532,False,False,False,16,19598,24213,amherst_ma
z16/19598_24214.png,z16/19598_24214.png,0.006385185321172,42.7001953125,0.006988525390625,0.3400328457355499,False,False,False,16,19598,24214,amherst_ma
z16/19598_24215.png,z16/19598_24215.png,0.0029944948852062,22.80078125,0.0061187744140625,0.3406016826629638,False,False,False,16,19598,24215,amherst_ma
z16/19598_24216.png,z16/19598_24216.png,0.0049295778075853,19.400390625,0.0,0.3478729128837585,False,False,False,16,19598,24216,amherst_ma
z16/19598_24217.png,z16/19598_24217.png,0.0060861870646476,29.599609375,0.0187530517578125,0.3414791524410248,False,False,False,16,19598,24217,amherst_ma
z16/19598_24218.png,z16/19598_24218.png,0.0032959354420502,26.7998046875,0.0047607421875,0.3418749570846557,False,False,False,16,19598,24218,amherst_ma
z16/19598_24219.png,z16/19598_24219.png,0.0040253159900506,33.2998046875,0.007720947265625,0.339268147945404,False,False,False,16,19598,24219,amherst_ma
z16/19598_24220.png,z16/19598_24220.png,0.0044829482833544,35.3994140625,0.0002288818359375,0.3475435674190521,False,False,False,16,19598,24220,amherst_ma
z16/19598_24221.png,z16/19598_24221.png,0.0049412255485852,15.8994140625,0.013641357421875,0.3422669768333435,False,False,False,16,19598,24221,amherst_ma
z16/19598_24222.png,z16/19598_24222.png,0.004914005100727,33.0,0.0215911865234375,0.3474302887916565,False,False,False,16,19598,24222,amherst_ma
z16/19598_24223.png,z16/19598_24223.png,0.008196772634983,29.7001953125,0.0,0.3506537973880768,False,False,False,16,19598,24223,amherst_ma
z16/19598_24224.png,z16/19598_24224.png,0.0046542058388392,31.7998046875,0.0217437744140625,0.3435389995574951,False,False,False,16,19598,24224,amherst_ma
z16/19598_24225.png,z16/19598_24225.png,0.0031073396404584,26.0,0.010528564453125,0.3356608748435974,False,False,False,16,19598,24225,amherst_ma
z16/19598_24226.png,z16/19598_24226.png,0.0027613468468189,24.400390625,0.0003204345703125,0.3385660350322723,False,False,False,16,19598,24226,amherst_ma
z16/19598_24227.png,z16/19598_24227.png,0.0037887585659821,35.2998046875,0.0002593994140625,0.3440969586372375,False,False,False,16,19598,24227,amherst_ma
z16/19598_24228.png,z16/19598_24228.png,0.0060871332883834,41.8994140625,0.0458831787109375,0.339294970035553,False,False,False,16,19598,24228,amherst_ma
z16/19598_24229.png,z16/19598_24229.png,0.0059599310159683,58.7001953125,0.0036468505859375,0.3334978222846985,False,False,False,16,19598,24229,amherst_ma
z16/19598_24230.png,z16/19598_24230.png,0.0052221809824307,64.0,0.0195465087890625,0.3318432569503784,False,False,False,16,19598,24230,amherst_ma
z16/19598_24231.png,z16/19598_24231.png,0.0052713384230931,57.599609375,0.0010833740234375,0.3369483053684234,False,False,False,16,19598,24231,amherst_ma
z16/19598_24232.png,z16/19598_24232.png,0.0061834002534548,29.1005859375,0.0,0.3357378542423248,False,False,False,16,19598,24232,amherst_ma
z16/19598_24233.png,z16/19598_24233.png,0.00452874203523,31.2998046875,0.0016937255859375,0.3368579745292663,False,False,False,16,19598,24233,amherst_ma
z16/19598_24234.png,z16/19598_24234.png,0.0030789795021216,24.0,0.000946044921875,0.337675392627716,False,False,False,16,19598,24234,amherst_ma
z16/19598_24235.png,z16/19598_24235.png,0.0061242843667666,35.7998046875,0.00738525390625,0.3463317155838012,False,False,False,16,19598,24235,amherst_ma
z16/19598_24236.png,z16/19598_24236.png,0.0053323119878768,36.2001953125,0.0003509521484375,0.3422311544418335,False,False,False,16,19598,24236,amherst_ma
z16/19598_24237.png,z16/19598_24237.png,0.0082171236475308,46.0,0.0,0.3452256619930267,False,False,False,16,19598,24237,amherst_ma
z16/19598_24238.png,z16/19598_24238.png,0.006587861975034,45.5,0.003326416015625,0.3416403532028198,False,False,False,16,19598,24238,amherst_ma
z16/19598_24239.png,z16/19598_24239.png,0.0080897102753321,52.5,0.0054473876953125,0.3475211858749389,False,False,False,16,19598,24239,amherst_ma
z16/19598_24240.png,z16/19598_24240.png,0.01176464955012,79.69921875,0.0033111572265625,0.3521892428398132,False,False,False,16,19598,24240,amherst_ma
z16/19598_24241.png,z16/19598_24241.png,0.0158658524354298,89.5,0.004638671875,0.3459466397762298,False,False,False,16,19598,24241,amherst_ma
z16/19598_24242.png,z16/19598_24242.png,0.0083073576291402,67.0,0.02264404296875,0.3501961827278137,False,False,False,16,19598,24242,amherst_ma
z16/19598_24243.png,z16/19598_24243.png,0.0071575030684471,74.2998046875,0.0341644287109375,0.3400640189647674,False,False,False,16,19598,24243,amherst_ma
z16/19598_24244.png,z16/19598_24244.png,0.0067565311988194,71.900390625,0.0831298828125,0.340298980474472,False,False,False,16,19598,24244,amherst_ma
z16/19598_24245.png,z16/19598_24245.png,0.0081309631466865,72.599609375,0.0048828125,0.3500613868236542,False,False,False,16,19598,24245,amherst_ma
z16/19598_24246.png,z16/19598_24246.png,0.0063797523578008,52.30078125,0.0048980712890625,0.3513732552528381,False,False,False,16,19598,24246,amherst_ma
z16/19598_24247.png,z16/19598_24247.png,0.0028935501972834,20.2998046875,0.0032196044921875,0.3534489572048187,False,False,False,16,19598,24247,amherst_ma
z16/19598_24248.png,z16/19598_24248.png,0.0057191823919614,35.099609375,0.0,0.346864253282547,False,False,False,16,19598,24248,amherst_ma
z16/19598_24249.png,z16/19598_24249.png,0.0123069047927856,41.2001953125,0.0,0.3463349342346191,False,False,False,16,19598,24249,amherst_ma
z16/19598_24250.png,z16/19598_24250.png,0.0004546179436147,1.900390625,0.0,0.33773273229599,False,False,False,16,19598,24250,amherst_ma
z16/19598_24251.png,z16/19598_24251.png,0.0097346832354863,33.2001953125,0.0,0.3269083201885223,False,False,False,16,19598,24251,amherst_ma
z16/19598_24252.png,z16/19598_24252.png,0.0103359133005142,91.1005859375,0.0445556640625,0.3313535451889038,False,False,False,16,19598,24252,amherst_ma
z16/19598_24253.png,z16/19598_24253.png,0.0166793127854665,124.599609375,4.57763671875e-05,0.3300319015979767,False,False,False,16,19598,24253,amherst_ma
z16/19598_24254.png,z16/19598_24254.png,0.0135120123624801,74.099609375,0.0872650146484375,0.3341834843158722,False,False,False,16,19598,24254,amherst_ma
z16/19598_24255.png,z16/19598_24255.png,0.0149736752112706,97.69921875,0.0,0.3368624448776245,False,False,False,16,19598,24255,amherst_ma
z16/19598_24256.png,z16/19598_24256.png,0.0159016340970993,78.69921875,0.0,0.3395017385482788,False,False,False,16,19598,24256,amherst_ma
z16/19598_24257.png,z16/19598_24257.png,0.0136931429306666,42.599609375,0.0,0.3453401923179626,False,False,False,16,19598,24257,amherst_ma
z16/19598_24258.png,z16/19598_24258.png,0.0167667706807454,48.900390625,0.0,0.3526535928249359,False,False,False,16,19598,24258,amherst_ma
z16/19598_24259.png,z16/19598_24259.png,0.0216931025187174,81.0,0.02569580078125,0.3473751842975616,False,False,False,16,19598,24259,amherst_ma
z16/19598_24260.png,z16/19598_24260.png,0.0115743905305862,69.099609375,0.03411865234375,0.3598093390464782,False,False,False,16,19598,24260,amherst_ma
z16/19598_24261.png,z16/19598_24261.png,0.0212068319320678,82.5,0.025360107421875,0.3359809517860412,False,False,False,16,19598,24261,amherst_ma
z16/19598_24262.png,z16/19598_24262.png,0.0073952813943227,37.599609375,0.011810302734375,0.3367905914783478,False,False,False,16,19598,24262,amherst_ma
z16/19598_24263.png,z16/19598_24263.png,0.0064596980810165,40.3994140625,0.0113525390625,0.3411945700645447,False,False,False,16,19598,24263,amherst_ma
z16/19598_24264.png,z16/19598_24264.png,0.0064821054538091,35.5,0.0082855224609375,0.3518489301204681,False,False,False,16,19598,24264,amherst_ma
z16/19598_24265.png,z16/19598_24265.png,0.0072841957211494,21.2001953125,0.0,0.3489370942115783,False,False,False,16,19598,24265,amherst_ma
z16/19598_24266.png,z16/19598_24266.png,0.0069807161887486,22.19921875,0.011505126953125,0.3474869132041931,False,False,False,16,19598,24266,amherst_ma
z16/19598_24267.png,z16/19598_24267.png,0.0048026328285535,18.3994140625,0.0635223388671875,0.3526409268379211,False,False,False,16,19598,24267,amherst_ma
z16/19598_24268.png,z16/19598_24268.png,0.0037666911880175,21.2001953125,0.0012664794921875,0.3534024059772491,False,False,False,16,19598,24268,amherst_ma
z16/19598_24269.png,z16/19598_24269.png,0.0026839348177115,18.0,0.0,0.3396824896335602,False,False,False,16,19598,24269,amherst_ma
z16/19598_24270.png,z16/19598_24270.png,0.0032416122655073,22.900390625,0.026123046875,0.3434737920761108,False,False,False,16,19598,24270,amherst_ma
z16/19598_24271.png,z16/19598_24271.png,0.0038688796261946,22.0,0.0173492431640625,0.3421337306499481,False,False,False,16,19598,24271,amherst_ma
z16/19599_24200.png,z16/19599_24200.png,0.0119701772928237,67.5,0.0041046142578125,0.3409971296787262,False,False,False,16,19599,24200,amherst_ma
z16/19599_24201.png,z16/19599_24201.png,0.0080651347835858,55.6005859375,0.004364013671875,0.3423013687133789,False,False,False,16,19599,24201,amherst_ma
z16/19599_24202.png,z16/19599_24202.png,0.0051335563262303,36.7998046875,0.0076141357421875,0.3444170653820038,False,False,False,16,19599,24202,amherst_ma
z16/19599_24203.png,z16/19599_24203.png,0.00647511134545,28.599609375,0.0183563232421875,0.3421560525894165,False,False,False,16,19599,24203,amherst_ma
z16/19599_24204.png,z16/19599_24204.png,0.0059341356158256,54.400390625,0.0130767822265625,0.3367620408535003,False,False,False,16,19599,24204,amherst_ma
z16/19599_24205.png,z16/19599_24205.png,0.0087152262528737,76.0,0.0029296875,0.3359003663063049,False,False,False,16,19599,24205,amherst_ma
z16/19599_24206.png,z16/19599_24206.png,0.0086123794317245,66.5,0.07489013671875,0.3333692550659179,False,False,False,16,19599,24206,amherst_ma
z16/19599_24207.png,z16/19599_24207.png,0.0102872828642527,70.3994140625,0.01483154296875,0.3363839089870453,False,False,False,16,19599,24207,amherst_ma
z16/19599_24208.png,z16/19599_24208.png,0.0064831510186195,48.8994140625,0.0070037841796875,0.3457265496253967,False,False,False,16,19599,24208,amherst_ma
z16/19599_24209.png,z16/19599_24209.png,0.0061888193090756,29.2001953125,0.0218048095703125,0.3457798659801483,False,False,False,16,19599,24209,amherst_ma
z16/19599_24210.png,z16/19599_24210.png,0.0046191811561584,27.7998046875,0.005523681640625,0.346079409122467,False,False,False,16,19599,24210,amherst_ma
z16/19599_24211.png,z16/19599_24211.png,0.005766146381696,33.900390625,0.0047454833984375,0.3438912630081177,False,False,False,16,19599,24211,amherst_ma
z16/19599_24212.png,z16/19599_24212.png,0.0037181474268436,44.7001953125,0.006134033203125,0.3392391502857208,False,False,False,16,19599,24212,amherst_ma
z16/19599_24213.png,z16/19599_24213.png,0.0085762411355972,50.2998046875,0.0175323486328125,0.3359616994857788,False,False,False,16,19599,24213,amherst_ma
z16/19599_24214.png,z16/19599_24214.png,0.0081765512625376,47.0,0.0467987060546875,0.3377949297428131,False,False,False,16,19599,24214,amherst_ma
z16/19599_24215.png,z16/19599_24215.png,0.007142162322998,32.0,0.009063720703125,0.3387836515903473,False,False,False,16,19599,24215,amherst_ma
z16/19599_24216.png,z16/19599_24216.png,0.0100197106599807,60.0,0.0052337646484375,0.3435194492340088,False,False,False,16,19599,24216,amherst_ma
z16/19599_24217.png,z16/19599_24217.png,0.0075739766160647,48.6005859375,0.011199951171875,0.3460542857646942,False,False,False,16,19599,24217,amherst_ma
z16/19599_24218.png,z16/19599_24218.png,0.010103083650271,59.80078125,0.0037689208984375,0.3424117267131805,False,False,False,16,19599,24218,amherst_ma
z16/19599_24219.png,z16/19599_24219.png,0.0061426788568496,40.1005859375,0.0029144287109375,0.3441081941127777,False,False,False,16,19599,24219,amherst_ma
z16/19599_24220.png,z16/19599_24220.png,0.0031883999705314,57.0,0.0074005126953125,0.3395706415176391,False,False,False,16,19599,24220,amherst_ma
z16/19599_24221.png,z16/19599_24221.png,0.006123000383377,43.099609375,0.0054931640625,0.3472439646720886,False,False,False,16,19599,24221,amherst_ma
z16/19599_24222.png,z16/19599_24222.png,0.0052479147911071,38.2001953125,0.003448486328125,0.3404425382614136,False,False,False,16,19599,24222,amherst_ma
z16/19599_24223.png,z16/19599_24223.png,0.0079306920369466,52.0,0.00555419921875,0.3441760241985321,False,False,False,16,19599,24223,amherst_ma
z16/19599_24224.png,z16/19599_24224.png,0.0049930890401204,21.8994140625,0.004364013671875,0.3434808254241943,False,False,False,16,19599,24224,amherst_ma
z16/19599_24225.png,z16/19599_24225.png,0.0040315312643845,22.5,0.0,0.3370952606201172,False,False,False,16,19599,24225,amherst_ma
z16/19599_24226.png,z16/19599_24226.png,0.0041543148458003,46.7001953125,0.0020599365234375,0.3329747319221496,False,False,False,16,19599,24226,amherst_ma
z16/19599_24227.png,z16/19599_24227.png,0.0039515927433967,53.2001953125,0.0018310546875,0.3410583734512329,False,False,False,16,19599,24227,amherst_ma
z16/19599_24228.png,z16/19599_24228.png,0.0051448479294776,46.900390625,0.029754638671875,0.3425063788890838,False,False,False,16,19599,24228,amherst_ma
z16/19599_24229.png,z16/19599_24229.png,0.0061294019222259,53.3994140625,0.003204345703125,0.3429018557071686,False,False,False,16,19599,24229,amherst_ma
z16/19599_24230.png,z16/19599_24230.png,0.0083005820711453,47.7998046875,0.0243377685546875,0.337372362613678,False,False,False,16,19599,24230,amherst_ma
z16/19599_24231.png,z16/19599_24231.png,0.0071792448560396,66.7001953125,0.029754638671875,0.3397682309150696,False,False,False,16,19599,24231,amherst_ma
z16/19599_24232.png,z16/19599_24232.png,0.0060381695628166,70.0,0.0746612548828125,0.3423849940299988,False,False,False,16,19599,24232,amherst_ma
z16/19599_24233.png,z16/19599_24233.png,0.0047097866733868,69.400390625,0.035675048828125,0.3379721045494079,False,False,False,16,19599,24233,amherst_ma
z16/19599_24234.png,z16/19599_24234.png,0.005634061495463,64.2001953125,0.0019989013671875,0.3373923301696777,False,False,False,16,19599,24234,amherst_ma
z16/19599_24235.png,z16/19599_24235.png,0.0043420245250066,43.599609375,0.002593994140625,0.3399542272090912,False,False,False,16,19599,24235,amherst_ma
z16/19599_24236.png,z16/19599_24236.png,0.0069250628352165,44.2001953125,0.0013580322265625,0.3439107835292816,False,False,False,16,19599,24236,amherst_ma
z16/19599_24237.png,z16/19599_24237.png,0.0041235814491907,19.900390625,0.0006103515625,0.3464876115322113,False,False,False,16,19599,24237,amherst_ma
z16/19599_24238.png,z16/19599_24238.png,0.0041403949260711,39.400390625,0.0120391845703125,0.3429684937000274,False,False,False,16,19599,24238,amherst_ma
z16/19599_24239.png,z16/19599_24239.png,0.0044259299834569,51.099609375,0.0095977783203125,0.3420183360576629,False,False,False,16,19599,24239,amherst_ma
z16/19599_24240.png,z16/19599_24240.png,0.0055103873213132,53.69921875,0.0008697509765625,0.3432167470455169,False,False,False,16,19599,24240,amherst_ma
z16/19599_24241.png,z16/19599_24241.png,0.0156865497430165,53.2998046875,0.00250244140625,0.3447510004043579,False,False,False,16,19599,24241,amherst_ma
z16/19599_24242.png,z16/19599_24242.png,0.0157279958327611,55.900390625,0.003814697265625,0.3392922580242157,False,False,False,16,19599,24242,amherst_ma
z16/19599_24243.png,z16/19599_24243.png,0.0107143193483352,61.0,0.00390625,0.3458456397056579,False,False,False,16,19599,24243,amherst_ma
z16/19599_24244.png,z16/19599_24244.png,0.0094749252001444,55.400390625,0.00390625,0.3457477390766144,False,False,False,16,19599,24244,amherst_ma
z16/19599_24245.png,z16/19599_24245.png,0.0084555000066757,64.7998046875,0.0066375732421875,0.3468685448169708,False,False,False,16,19599,24245,amherst_ma
z16/19599_24246.png,z16/19599_24246.png,0.0077060873309771,80.2998046875,0.038482666015625,0.3446262776851654,False,False,False,16,19599,24246,amherst_ma
z16/19599_24247.png,z16/19599_24247.png,0.0091243336598078,83.5,0.02423095703125,0.342544674873352,False,False,False,16,19599,24247,amherst_ma
z16/19599_24248.png,z16/19599_24248.png,0.0179777860641479,93.2001953125,0.057373046875,0.3469506502151489,False,False,False,16,19599,24248,amherst_ma
z16/19599_24249.png,z16/19599_24249.png,0.0195660988489786,65.3994140625,0.0,0.3410182595252991,False,False,False,16,19599,24249,amherst_ma
z16/19599_24250.png,z16/19599_24250.png,0.0,0.0,0.0,0.3455883860588074,False,False,False,16,19599,24250,amherst_ma
z16/19599_24251.png,z16/19599_24251.png,0.0163943191369374,80.1005859375,0.0,0.3385396897792816,False,False,False,16,19599,24251,amherst_ma
z16/19599_24252.png,z16/19599_24252.png,0.0061340774099032,85.099609375,0.00018310546875,0.3343353271484375,False,False,False,16,19599,24252,amherst_ma
z16/19599_24253.png,z16/19599_24253.png,0.0066789264480272,60.0,0.00079345703125,0.3342540562152862,False,False,False,16,19599,24253,amherst_ma
z16/19599_24254.png,z16/19599_24254.png,0.0097306728363037,98.7001953125,0.0023651123046875,0.3319345116615295,False,False,False,16,19599,24254,amherst_ma
z16/19599_24255.png,z16/19599_24255.png,0.0099122822284698,80.5,0.010833740234375,0.3321419656276703,False,False,False,16,19599,24255,amherst_ma
z16/19599_24256.png,z16/19599_24256.png,0.0186258574326833,107.2001953125,0.0,0.3411381840705871,False,False,False,16,19599,24256,amherst_ma
z16/19599_24257.png,z16/19599_24257.png,0.0158104012409846,65.3994140625,0.039031982421875,0.3415047228336334,False,False,False,16,19599,24257,amherst_ma
z16/19599_24258.png,z16/19599_24258.png,0.0095113456249237,47.400390625,0.009368896484375,0.354424774646759,False,False,False,16,19599,24258,amherst_ma
z16/19599_24259.png,z16/19599_24259.png,0.0084736992915471,29.0,0.0101165771484375,0.3493252098560333,False,False,False,16,19599,24259,amherst_ma
z16/19599_24260.png,z16/19599_24260.png,0.0057769651214281,19.7001953125,0.0,0.3569760322570801,False,False,False,16,19599,24260,amherst_ma
z16/19599_24261.png,z16/19599_24261.png,0.0099417954683303,26.099609375,0.0,0.3517385125160217,False,False,False,16,19599,24261,amherst_ma
z16/19599_24262.png,z16/19599_24262.png,0.0073427960276603,20.2001953125,0.0,0.3487117886543274,False,False,False,16,19599,24262,amherst_ma
z16/19599_24263.png,z16/19599_24263.png,0.0079636032382647,17.3994140625,0.0,0.3506155014038086,False,False,False,16,19599,24263,amherst_ma
z16/19599_24264.png,z16/19599_24264.png,0.0078639328479766,17.8994140625,0.0,0.3526152968406677,False,False,False,16,19599,24264,amherst_ma
z16/19599_24265.png,z16/19599_24265.png,0.0079871083299318,21.0,0.0,0.3510864675045013,False,False,False,16,19599,24265,amherst_ma
z16/19599_24266.png,z16/19599_24266.png,0.0048855011661847,21.2998046875,0.0,0.3519975841045379,False,False,False,16,19599,24266,amherst_ma
z16/19599_24267.png,z16/19599_24267.png,0.0062106798092524,21.6005859375,0.0,0.3576995134353637,False,False,False,16,19599,24267,amherst_ma
z16/19599_24268.png,z16/19599_24268.png,0.0060694769024848,26.900390625,0.0,0.3536206781864166,False,False,False,16,19599,24268,amherst_ma
z16/19599_24269.png,z16/19599_24269.png,0.0044860248764355,30.599609375,0.0416412353515625,0.3498055934906006,False,False,False,16,19599,24269,amherst_ma
z16/19599_24270.png,z16/19599_24270.png,0.0071322118242581,41.7998046875,0.0,0.3484094738960266,False,False,False,16,19599,24270,amherst_ma
z16/19599_24271.png,z16/19599_24271.png,0.011069631576538,46.0,0.0,0.3379387855529785,False,False,False,16,19599,24271,amherst_ma
z16/19600_24200.png,z16/19600_24200.png,0.0084425419569015,56.7001953125,0.016143798828125,0.3505947291851043,False,False,False,16,19600,24200,amherst_ma
z16/19600_24201.png,z16/19600_24201.png,0.0069532856345176,77.1005859375,0.008056640625,0.3377433121204376,False,False,False,16,19600,24201,amherst_ma
z16/19600_24202.png,z16/19600_24202.png,0.0062538410226504,63.900390625,0.006439208984375,0.3375625908374786,False,False,False,16,19600,24202,amherst_ma
z16/19600_24203.png,z16/19600_24203.png,0.0064148296912511,38.0,0.0054473876953125,0.3434735238552093,False,False,False,16,19600,24203,amherst_ma
z16/19600_24204.png,z16/19600_24204.png,0.0039065450429916,38.19921875,0.0016937255859375,0.3373670876026153,False,False,False,16,19600,24204,amherst_ma
z16/19600_24205.png,z16/19600_24205.png,0.005829415222009,32.7001953125,0.0013885498046875,0.3396270871162414,False,False,False,16,19600,24205,amherst_ma
z16/19600_24206.png,z16/19600_24206.png,0.0074702526132265,42.80078125,0.0024871826171875,0.3421043455600738,False,False,False,16,19600,24206,amherst_ma
z16/19600_24207.png,z16/19600_24207.png,0.0062419454256693,54.0,0.0064544677734375,0.340097427368164,False,False,False,16,19600,24207,amherst_ma
z16/19600_24208.png,z16/19600_24208.png,0.0071142474810282,74.7001953125,0.0012359619140625,0.3381875157356262,False,False,False,16,19600,24208,amherst_ma
z16/19600_24209.png,z16/19600_24209.png,0.0139061798652013,78.5,0.001861572265625,0.3365180194377899,False,False,False,16,19600,24209,amherst_ma
z16/19600_24210.png,z16/19600_24210.png,0.0111243317524592,76.6005859375,0.0106353759765625,0.339096337556839,False,False,False,16,19600,24210,amherst_ma
z16/19600_24211.png,z16/19600_24211.png,0.0058741117517153,37.7001953125,0.005157470703125,0.3468505144119262,False,False,False,16,19600,24211,amherst_ma
z16/19600_24212.png,z16/19600_24212.png,0.007934932410717,79.400390625,0.0102996826171875,0.3365344405174255,False,False,False,16,19600,24212,amherst_ma
z16/19600_24213.png,z16/19600_24213.png,0.0060635174314181,50.2001953125,0.0018463134765625,0.3389696180820465,False,False,False,16,19600,24213,amherst_ma
z16/19600_24214.png,z16/19600_24214.png,0.0057477240761121,41.8994140625,0.001312255859375,0.3348075449466705,False,False,False,16,19600,24214,amherst_ma
z16/19600_24215.png,z16/19600_24215.png,0.0093569725751876,62.5,0.0040283203125,0.3312842845916748,False,False,False,16,19600,24215,amherst_ma
z16/19600_24216.png,z16/19600_24216.png,0.0114586104949315,79.80078125,0.0115509033203125,0.3344444036483764,False,False,False,16,19600,24216,amherst_ma
z16/19600_24217.png,z16/19600_24217.png,0.0067616855104764,57.0,0.0009307861328125,0.3385193645954132,False,False,False,16,19600,24217,amherst_ma
z16/19600_24218.png,z16/19600_24218.png,0.0080504183967908,49.7998046875,0.001556396484375,0.341909795999527,False,False,False,16,19600,24218,amherst_ma
z16/19600_24219.png,z16/19600_24219.png,0.0058767964442571,67.599609375,0.0008697509765625,0.3384764790534973,False,False,False,16,19600,24219,amherst_ma
z16/19600_24220.png,z16/19600_24220.png,0.0057649160424868,55.900390625,0.0041961669921875,0.335014134645462,False,False,False,16,19600,24220,amherst_ma
z16/19600_24221.png,z16/19600_24221.png,0.0120772659778594,59.7998046875,0.00408935546875,0.339221328496933,False,False,False,16,19600,24221,amherst_ma
z16/19600_24222.png,z16/19600_24222.png,0.0128905475139617,77.1005859375,0.001434326171875,0.3416895866394043,False,False,False,16,19600,24222,amherst_ma
z16/19600_24223.png,z16/19600_24223.png,0.0083303863803545,41.5,0.0162353515625,0.3393290638923645,False,False,False,16,19600,24223,amherst_ma
z16/19600_24224.png,z16/19600_24224.png,0.0056955814361572,42.3994140625,0.0421600341796875,0.3375665247440338,False,False,False,16,19600,24224,amherst_ma
z16/19600_24225.png,z16/19600_24225.png,0.0051244790355364,38.3994140625,0.0266876220703125,0.3400869965553283,False,False,False,16,19600,24225,amherst_ma
z16/19600_24226.png,z16/19600_24226.png,0.0077972491582234,49.80078125,0.0166778564453125,0.3403648138046264,False,False,False,16,19600,24226,amherst_ma
z16/19600_24227.png,z16/19600_24227.png,0.0130431811014811,89.8994140625,0.023681640625,0.3368306457996368,False,False,False,16,19600,24227,amherst_ma
z16/19600_24228.png,z16/19600_24228.png,0.0172204216321309,101.099609375,0.007171630859375,0.3357628583908081,False,False,False,16,19600,24228,amherst_ma
z16/19600_24229.png,z16/19600_24229.png,0.014248839020729,59.1005859375,0.0496978759765625,0.3423849940299988,False,False,False,16,19600,24229,amherst_ma
z16/19600_24230.png,z16/19600_24230.png,0.0113013595342636,55.3994140625,0.001190185546875,0.3449906408786773,False,False,False,16,19600,24230,amherst_ma
z16/19600_24231.png,z16/19600_24231.png,0.0085948179165522,55.1005859375,0.0227813720703125,0.3444088101387024,False,False,False,16,19600,24231,amherst_ma
z16/19600_24232.png,z16/19600_24232.png,0.0112532287836074,61.7001953125,0.00286865234375,0.3439094722270965,False,False,False,16,19600,24232,amherst_ma
z16/19600_24233.png,z16/19600_24233.png,0.0114366302887598,45.6005859375,0.00567626953125,0.3459702432155609,False,False,False,16,19600,24233,amherst_ma
z16/19600_24234.png,z16/19600_24234.png,0.0082752704620361,42.2001953125,0.003875732421875,0.3480885326862335,False,False,False,16,19600,24234,amherst_ma
z16/19600_24235.png,z16/19600_24235.png,0.0053834497928619,50.7998046875,0.0460052490234375,0.3460541069507599,False,False,False,16,19600,24235,amherst_ma
z16/19600_24236.png,z16/19600_24236.png,0.0066047107179959,79.5,0.0125274658203125,0.3410281836986542,False,False,False,16,19600,24236,amherst_ma
z16/19600_24237.png,z16/19600_24237.png,0.0140698422988255,67.900390625,0.001861572265625,0.3475377857685089,False,False,False,16,19600,24237,amherst_ma
z16/19600_24238.png,z16/19600_24238.png,0.0093596478303273,61.400390625,0.002838134765625,0.3419359624385834,False,False,False,16,19600,24238,amherst_ma
z16/19600_24239.png,z16/19600_24239.png,0.0079322805007298,57.900390625,0.0006866455078125,0.3414099812507629,False,False,False,16,19600,24239,amherst_ma
z16/19600_24240.png,z16/19600_24240.png,0.0038462315996487,55.8994140625,0.0130462646484375,0.3397367596626282,False,False,False,16,19600,24240,amherst_ma
z16/19600_24241.png,z16/19600_24241.png,0.0049009377757708,31.7001953125,0.0026092529296875,0.3469830751419067,False,False,False,16,19600,24241,amherst_ma
z16/19600_24242.png,z16/19600_24242.png,0.0048638209700584,49.7998046875,0.00885009765625,0.3436616659164428,False,False,False,16,19600,24242,amherst_ma
z16/19600_24243.png,z16/19600_24243.png,0.0076163406173388,56.7998046875,0.00775146484375,0.3454787135124206,False,False,False,16,19600,24243,amherst_ma
z16/19600_24244.png,z16/19600_24244.png,0.0088158816099166,79.0,0.0192413330078125,0.3453466296195984,False,False,False,16,19600,24244,amherst_ma
z16/19600_24245.png,z16/19600_24245.png,0.0102356433868408,95.3994140625,0.0774993896484375,0.3415591418743133,False,False,False,16,19600,24245,amherst_ma
z16/19600_24246.png,z16/19600_24246.png,0.0154049535592397,98.7001953125,0.0,0.3433117568492889,False,False,False,16,19600,24246,amherst_ma
z16/19600_24247.png,z16/19600_24247.png,0.0250124017397562,92.2998046875,0.0,0.3438069224357605,False,False,False,16,19600,24247,amherst_ma
z16/19600_24248.png,z16/19600_24248.png,0.0289699534575144,88.2001953125,0.0,0.3439700007438659,False,False,False,16,19600,24248,amherst_ma
z16/19600_24249.png,z16/19600_24249.png,0.0101635674635569,43.7998046875,0.0,0.3382432758808136,False,False,False,16,19600,24249,amherst_ma
z16/19600_24250.png,z16/19600_24250.png,0.0036087388793627,8.2998046875,0.0,0.3436012268066406,False,False,False,16,19600,24250,amherst_ma
z16/19600_24251.png,z16/19600_24251.png,0.0072710444529851,79.3994140625,0.0671234130859375,0.3412162959575653,False,False,False,16,19600,24251,amherst_ma
z16/19600_24252.png,z16/19600_24252.png,0.0088819950819015,92.400390625,0.0004730224609375,0.3314669728279114,False,False,False,16,19600,24252,amherst_ma
z16/19600_24253.png,z16/19600_24253.png,0.010685721039772,56.6005859375,0.00164794921875,0.3320254981517792,False,False,False,16,19600,24253,amherst_ma
z16/19600_24254.png,z16/19600_24254.png,0.0106234471003214,63.599609375,0.000457763671875,0.334041953086853,False,False,False,16,19600,24254,amherst_ma
z16/19600_24255.png,z16/19600_24255.png,0.0077692245443662,87.7998046875,0.0137939453125,0.3368040025234222,False,False,False,16,19600,24255,amherst_ma
z16/19600_24256.png,z16/19600_24256.png,0.005346759657065,45.099609375,0.0129241943359375,0.3576022982597351,False,False,False,16,19600,24256,amherst_ma
z16/19600_24257.png,z16/19600_24257.png,0.0062970747550328,36.2998046875,0.00799560546875,0.352346807718277,False,False,False,16,19600,24257,amherst_ma
z16/19600_24258.png,z16/19600_24258.png,0.0047630469004313,27.1005859375,0.0088348388671875,0.35005983710289,False,False,False,16,19600,24258,amherst_ma
z16/19600_24259.png,z16/19600_24259.png,0.004565088947614,26.8994140625,0.0,0.3535169959068298,False,False,False,16,19600,24259,amherst_ma
z16/19600_24260.png,z16/19600_24260.png,0.0065080379446347,36.900390625,0.0140533447265625,0.3550603687763214,False,False,False,16,19600,24260,amherst_ma
z16/19600_24261.png,z16/19600_24261.png,0.0061209867397944,23.599609375,0.01708984375,0.3483153283596039,False,False,False,16,19600,24261,amherst_ma
z16/19600_24262.png,z16/19600_24262.png,0.0064509451389312,36.2001953125,0.0165863037109375,0.3502712249755859,False,False,False,16,19600,24262,amherst_ma
z16/19600_24263.png,z16/19600_24263.png,0.0095509866873423,56.2998046875,0.018096923828125,0.3499324321746826,False,False,False,16,19600,24263,amherst_ma
z16/19600_24264.png,z16/19600_24264.png,0.0083879093329111,52.5,0.023345947265625,0.3485512435436249,False,False,False,16,19600,24264,amherst_ma
z16/19600_24265.png,z16/19600_24265.png,0.0076832368969917,31.2001953125,0.0043182373046875,0.3503855466842651,False,False,False,16,19600,24265,amherst_ma
z16/19600_24266.png,z16/19600_24266.png,0.0081719994544982,36.5,0.02740478515625,0.3561229109764099,False,False,False,16,19600,24266,amherst_ma
z16/19600_24267.png,z16/19600_24267.png,0.0103696137666702,33.7998046875,0.0243072509765625,0.3480308055877685,False,False,False,16,19600,24267,amherst_ma
z16/19600_24268.png,z16/19600_24268.png,0.0101434578498204,44.7001953125,0.0449371337890625,0.3454504013061523,False,False,False,16,19600,24268,amherst_ma
z16/19600_24269.png,z16/19600_24269.png,0.0087727616230646,38.7001953125,0.0,0.3494290113449096,False,False,False,16,19600,24269,amherst_ma
z16/19600_24270.png,z16/19600_24270.png,0.0096298933029174,45.7998046875,0.0,0.3435211777687073,False,False,False,16,19600,24270,amherst_ma
z16/19600_24271.png,z16/19600_24271.png,0.0085026413202285,60.900390625,0.060821533203125,0.3448238968849182,False,False,False,16,19600,24271,amherst_ma
z16/19601_24200.png,z16/19601_24200.png,0.0056252678235371,70.0,0.0027008056640625,0.3471087515354156,False,False,False,16,19601,24200,amherst_ma
z16/19601_24201.png,z16/19601_24201.png,0.0065679977337519,71.8994140625,0.055908203125,0.3419203758239746,False,False,False,16,19601,24201,amherst_ma
z16/19601_24202.png,z16/19601_24202.png,0.0081576724847157,90.0,0.032745361328125,0.3381516337394714,False,False,False,16,19601,24202,amherst_ma
z16/19601_24203.png,z16/19601_24203.png,0.0114583253860473,106.5,0.0004119873046875,0.3403090834617615,False,False,False,16,19601,24203,amherst_ma
z16/19601_24204.png,z16/19601_24204.png,0.0090056131283442,83.2998046875,0.0035400390625,0.3341936469078064,False,False,False,16,19601,24204,amherst_ma
z16/19601_24205.png,z16/19601_24205.png,0.0129267960786819,83.099609375,0.003875732421875,0.3343859910964966,False,False,False,16,19601,24205,amherst_ma
z16/19601_24206.png,z16/19601_24206.png,0.0061348567406336,73.7998046875,0.0243377685546875,0.3369822204113006,False,False,False,16,19601,24206,amherst_ma
z16/19601_24207.png,z16/19601_24207.png,0.0057726045449574,35.7998046875,0.052276611328125,0.3408181965351105,False,False,False,16,19601,24207,amherst_ma
z16/19601_24208.png,z16/19601_24208.png,0.0074109236399332,39.5,0.0,0.3405185639858246,False,False,False,16,19601,24208,amherst_ma
z16/19601_24209.png,z16/19601_24209.png,0.0096794664859771,47.400390625,0.0001373291015625,0.3377897441387176,False,False,False,16,19601,24209,amherst_ma
z16/19601_24210.png,z16/19601_24210.png,0.010046362876892,71.099609375,0.0008697509765625,0.3389781713485718,False,False,False,16,19601,24210,amherst_ma
z16/19601_24211.png,z16/19601_24211.png,0.0128741999467213,88.7001953125,0.00115966796875,0.3461672067642212,False,False,False,16,19601,24211,amherst_ma
z16/19601_24212.png,z16/19601_24212.png,0.0118954757849375,74.1005859375,0.0086669921875,0.3434035778045654,False,False,False,16,19601,24212,amherst_ma
z16/19601_24213.png,z16/19601_24213.png,0.0223725080490112,86.3994140625,0.001495361328125,0.3398669064044952,False,False,False,16,19601,24213,amherst_ma
z16/19601_24214.png,z16/19601_24214.png,0.0236356119314829,133.5,0.0028228759765625,0.3333007395267486,False,False,False,16,19601,24214,amherst_ma
z16/19601_24215.png,z16/19601_24215.png,0.0233674089113871,152.2001953125,0.00390625,0.3359678983688354,False,False,False,16,19601,24215,amherst_ma
z16/19601_24216.png,z16/19601_24216.png,0.0228458841641743,148.5,0.0025634765625,0.3355222344398498,False,False,False,16,19601,24216,amherst_ma
z16/19601_24217.png,z16/19601_24217.png,0.0172411878903706,90.400390625,0.01214599609375,0.3383901417255401,False,False,False,16,19601,24217,amherst_ma
z16/19601_24218.png,z16/19601_24218.png,0.0082509453097979,51.7998046875,0.0345611572265625,0.3427161872386932,False,False,False,16,19601,24218,amherst_ma
z16/19601_24219.png,z16/19601_24219.png,0.0255031287670135,115.0,0.045074462890625,0.3381012976169586,False,False,False,16,19601,24219,amherst_ma
z16/19601_24220.png,z16/19601_24220.png,0.0259353637695312,146.7001953125,0.0088043212890625,0.3351825177669525,False,False,False,16,19601,24220,amherst_ma
z16/19601_24221.png,z16/19601_24221.png,0.0214894711971282,131.0,0.00177001953125,0.3368658721446991,False,False,False,16,19601,24221,amherst_ma
z16/19601_24222.png,z16/19601_24222.png,0.0288352708021799,147.2998046875,0.0082855224609375,0.3442958891391754,False,False,False,16,19601,24222,amherst_ma
z16/19601_24223.png,z16/19601_24223.png,0.0181178232034047,150.8994140625,0.011505126953125,0.3336302936077118,False,False,False,16,19601,24223,amherst_ma
z16/19601_24224.png,z16/19601_24224.png,0.0154910176992416,124.2998046875,0.00390625,0.3347275555133819,False,False,False,16,19601,24224,amherst_ma
z16/19601_24225.png,z16/19601_24225.png,0.0157955060402552,108.7001953125,0.00390625,0.3367917537689209,False,False,False,16,19601,24225,amherst_ma
z16/19601_24226.png,z16/19601_24226.png,0.0090201586484909,96.2001953125,0.011871337890625,0.3345237970352173,False,False,False,16,19601,24226,amherst_ma
z16/19601_24227.png,z16/19601_24227.png,0.0133179575204849,112.2001953125,0.046112060546875,0.3349339962005615,False,False,False,16,19601,24227,amherst_ma
z16/19601_24228.png,z16/19601_24228.png,0.0165419419606526,76.6005859375,0.010528564453125,0.3419251441955566,False,False,False,16,19601,24228,amherst_ma
z16/19601_24229.png,z16/19601_24229.png,0.0278943022092183,120.69921875,0.0197296142578125,0.3401155769824981,False,False,False,16,19601,24229,amherst_ma
z16/19601_24230.png,z16/19601_24230.png,0.0115325729052225,108.1005859375,0.0144805908203125,0.3384867012500763,False,False,False,16,19601,24230,amherst_ma
z16/19601_24231.png,z16/19601_24231.png,0.0080179596940676,103.7001953125,0.0043182373046875,0.337194412946701,False,False,False,16,19601,24231,amherst_ma
z16/19601_24232.png,z16/19601_24232.png,0.0096502472956975,102.2001953125,0.00390625,0.3372044265270233,False,False,False,16,19601,24232,amherst_ma
z16/19601_24233.png,z16/19601_24233.png,0.0186140676339467,87.5,0.001739501953125,0.3439984619617462,False,False,False,16,19601,24233,amherst_ma
z16/19601_24234.png,z16/19601_24234.png,0.0154003192981084,94.3994140625,0.006805419921875,0.3424766063690185,False,False,False,16,19601,24234,amherst_ma
z16/19601_24235.png,z16/19601_24235.png,0.0095406740903854,68.7001953125,0.042999267578125,0.3456637561321258,False,False,False,16,19601,24235,amherst_ma
z16/19601_24236.png,z16/19601_24236.png,0.0174189647038777,76.400390625,0.0570831298828125,0.3472793102264404,False,False,False,16,19601,24236,amherst_ma
z16/19601_24237.png,z16/19601_24237.png,0.0144247422615687,59.5,0.0163726806640625,0.3467335999011993,False,False,False,16,19601,24237,amherst_ma
z16/19601_24238.png,z16/19601_24238.png,0.0108751535415649,46.0,0.0,0.3480778336524963,False,False,False,16,19601,24238,amherst_ma
z16/19601_24239.png,z16/19601_24239.png,0.0091185371081034,52.0,0.0,0.344387948513031,False,False,False,16,19601,24239,amherst_ma
z16/19601_24240.png,z16/19601_24240.png,0.0060368885596593,102.5,0.0112762451171875,0.3393375873565674,False,False,False,16,19601,24240,amherst_ma
z16/19601_24241.png,z16/19601_24241.png,0.0056399514277776,94.30078125,0.005462646484375,0.3470193147659302,False,False,False,16,19601,24241,amherst_ma
z16/19601_24242.png,z16/19601_24242.png,0.0085504114627838,85.7998046875,0.0025482177734375,0.3447356224060058,False,False,False,16,19601,24242,amherst_ma
z16/19601_24243.png,z16/19601_24243.png,0.011671025554339,94.0,0.0015716552734375,0.350548654794693,False,False,False,16,19601,24243,amherst_ma
z16/19601_24244.png,z16/19601_24244.png,0.0114419390757878,82.5,0.0450439453125,0.3502943813800812,False,False,False,16,19601,24244,amherst_ma
z16/19601_24245.png,z16/19601_24245.png,0.0076882595817248,21.2001953125,0.0,0.3428035676479339,False,False,False,16,19601,24245,amherst_ma
z16/19601_24246.png,z16/19601_24246.png,0.0,0.0,0.0,0.3378973007202148,False,False,False,16,19601,24246,amherst_ma
z16/19601_24247.png,z16/19601_24247.png,0.0,0.0,0.0,0.3427099585533142,False,False,False,16,19601,24247,amherst_ma
z16/19601_24248.png,z16/19601_24248.png,0.0,0.0,0.0,0.3425482511520386,False,False,False,16,19601,24248,amherst_ma
z16/19601_24249.png,z16/19601_24249.png,0.0,0.0,0.0,0.3379319012165069,False,False,False,16,19601,24249,amherst_ma
z16/19601_24250.png,z16/19601_24250.png,0.0,0.0,0.0,0.3382841050624847,False,False,False,16,19601,24250,amherst_ma
z16/19601_24251.png,z16/19601_24251.png,0.0077715421716372,30.5,0.0,0.3406229615211487,False,False,False,16,19601,24251,amherst_ma
z16/19601_24252.png,z16/19601_24252.png,0.0139689644177754,78.7001953125,0.0057373046875,0.3367899656295776,False,False,False,16,19601,24252,amherst_ma
z16/19601_24253.png,z16/19601_24253.png,0.0167953689893086,75.3994140625,0.0028533935546875,0.341888815164566,False,False,False,16,19601,24253,amherst_ma
z16/19601_24254.png,z16/19601_24254.png,0.0124728173017501,60.2001953125,0.0129547119140625,0.3413758277893066,False,False,False,16,19601,24254,amherst_ma
z16/19601_24255.png,z16/19601_24255.png,0.0105545957883199,68.2998046875,0.0238800048828125,0.3451202809810638,False,False,False,16,19601,24255,amherst_ma
z16/19601_24256.png,z16/19601_24256.png,0.0048959438999493,50.5,0.03955078125,0.353403240442276,False,False,False,16,19601,24256,amherst_ma
z16/19601_24257.png,z16/19601_24257.png,0.0048213859399159,28.6005859375,0.0,0.3496412634849548,False,False,False,16,19601,24257,amherst_ma
z16/19601_24258.png,z16/19601_24258.png,0.0053655018409093,36.2001953125,0.000457763671875,0.3532809019088745,False,False,False,16,19601,24258,amherst_ma
z16/19601_24259.png,z16/19601_24259.png,0.0079817697405815,59.7998046875,0.0146942138671875,0.3480523228645324,False,False,False,16,19601,24259,amherst_ma
z16/19601_24260.png,z16/19601_24260.png,0.0107486555973688,84.0,0.026458740234375,0.3449804782867431,False,False,False,16,19601,24260,amherst_ma
z16/19601_24261.png,z16/19601_24261.png,0.0116071760654449,75.2998046875,0.0077362060546875,0.3455647826194763,False,False,False,16,19601,24261,amherst_ma
z16/19601_24262.png,z16/19601_24262.png,0.0090470631917317,64.69921875,0.0020904541015625,0.3474533855915069,False,False,False,16,19601,24262,amherst_ma
z16/19601_24263.png,z16/19601_24263.png,0.0062032918135325,51.2998046875,0.0001983642578125,0.3505373001098633,False,False,False,16,19601,24263,amherst_ma
z16/19601_24264.png,z16/19601_24264.png,0.0065218244989713,56.2001953125,0.0104522705078125,0.341598242521286,False,False,False,16,19601,24264,amherst_ma
z16/19601_24265.png,z16/19601_24265.png,0.0124472389618555,74.3994140625,0.02044677734375,0.346078097820282,False,False,False,16,19601,24265,amherst_ma
z16/19601_24266.png,z16/19601_24266.png,0.0056391229232152,50.8994140625,0.0033721923828125,0.3464569747447967,False,False,False,16,19601,24266,amherst_ma
z16/19601_24267.png,z16/19601_24267.png,0.0117666959762573,52.400390625,0.0025482177734375,0.3435377180576324,False,False,False,16,19601,24267,amherst_ma
z16/19601_24268.png,z16/19601_24268.png,0.0079089264074961,77.30078125,0.0013885498046875,0.340309590101242,False,False,False,16,19601,24268,amherst_ma
z16/19601_24269.png,z16/19601_24269.png,0.0094023485978444,100.099609375,0.0019989013671875,0.3334523141384125,False,False,False,16,19601,24269,amherst_ma
z16/19601_24270.png,z16/19601_24270.png,0.006169739862283,79.7998046875,0.003692626953125,0.3333225846290588,False,False,False,16,19601,24270,amherst_ma
z16/19601_24271.png,z16/19601_24271.png,0.0092753867308298,75.7998046875,0.0028076171875,0.3407554030418396,False,False,False,16,19601,24271,amherst_ma
z16/19602_24200.png,z16/19602_24200.png,0.0039543521900971,38.7001953125,0.006378173828125,0.3450788259506225,False,False,False,16,19602,24200,amherst_ma
z16/19602_24201.png,z16/19602_24201.png,0.0066126212477684,42.3994140625,0.00030517578125,0.3498028516769409,False,False,False,16,19602,24201,amherst_ma
z16/19602_24202.png,z16/19602_24202.png,0.00447974751393,50.599609375,0.004608154296875,0.3432962298393249,False,False,False,16,19602,24202,amherst_ma
z16/19602_24203.png,z16/19602_24203.png,0.011415613691012,72.30078125,0.0043487548828125,0.3448909223079681,False,False,False,16,19602,24203,amherst_ma
z16/19602_24204.png,z16/19602_24204.png,0.0096402247746785,69.599609375,0.0224609375,0.3377209305763244,False,False,False,16,19602,24204,amherst_ma
z16/19602_24205.png,z16/19602_24205.png,0.0070288946231206,73.099609375,0.0141754150390625,0.3353248834609985,False,False,False,16,19602,24205,amherst_ma
z16/19602_24206.png,z16/19602_24206.png,0.0081489339470863,84.5,0.0372467041015625,0.3337238132953644,False,False,False,16,19602,24206,amherst_ma
z16/19602_24207.png,z16/19602_24207.png,0.0063399712244669,81.5,0.0031585693359375,0.3387444913387298,False,False,False,16,19602,24207,amherst_ma
z16/19602_24208.png,z16/19602_24208.png,0.009684607386589,56.3994140625,0.0050811767578125,0.3450320959091186,False,False,False,16,19602,24208,amherst_ma
z16/19602_24209.png,z16/19602_24209.png,0.009755539894104,70.1005859375,0.00018310546875,0.3391532301902771,False,False,False,16,19602,24209,amherst_ma
z16/19602_24210.png,z16/19602_24210.png,0.0093412429094314,114.0,0.024200439453125,0.336416095495224,False,False,False,16,19602,24210,amherst_ma
z16/19602_24211.png,z16/19602_24211.png,0.014395734667778,117.1005859375,0.036529541015625,0.3399843871593475,False,False,False,16,19602,24211,amherst_ma
z16/19602_24212.png,z16/19602_24212.png,0.0101296792427698,41.7998046875,0.031829833984375,0.3440040349960327,False,False,False,16,19602,24212,amherst_ma
z16/19602_24213.png,z16/19602_24213.png,0.0091400603453318,37.1005859375,0.0,0.3396320641040802,False,False,False,16,19602,24213,amherst_ma
z16/19602_24214.png,z16/19602_24214.png,0.0070702532927195,21.2998046875,0.0,0.3397071957588196,False,False,False,16,19602,24214,amherst_ma
z16/19602_24215.png,z16/19602_24215.png,0.0064994409680366,12.400390625,0.0,0.3395752310752868,False,False,False,16,19602,24215,amherst_ma
z16/19602_24216.png,z16/19602_24216.png,0.0123572727044423,43.099609375,0.0,0.3466042876243591,False,False,False,16,19602,24216,amherst_ma
z16/19602_24217.png,z16/19602_24217.png,0.0255844076474507,73.2998046875,0.0,0.339998185634613,False,False,False,16,19602,24217,amherst_ma
z16/19602_24218.png,z16/19602_24218.png,0.013476213812828,56.6005859375,0.0,0.3451707065105438,False,False,False,16,19602,24218,amherst_ma
z16/19602_24219.png,z16/19602_24219.png,0.0042529468735059,10.2998046875,0.0,0.3470103144645691,False,False,False,16,19602,24219,amherst_ma
z16/19602_24220.png,z16/19602_24220.png,0.0066423495610555,11.5,0.0,0.3424510955810547,False,False,False,16,19602,24220,amherst_ma
z16/19602_24221.png,z16/19602_24221.png,0.0191953937212626,46.8994140625,0.0,0.3419696986675262,False,False,False,16,19602,24221,amherst_ma
z16/19602_24222.png,z16/19602_24222.png,0.0165020296971003,47.5,0.0,0.3404155969619751,False,False,False,16,19602,24222,amherst_ma
z16/19602_24223.png,z16/19602_24223.png,0.0088708798090616,37.7001953125,0.0,0.3463886380195617,False,False,False,16,19602,24223,amherst_ma
z16/19602_24224.png,z16/19602_24224.png,0.0082496772209803,52.400390625,0.0173797607421875,0.3378032147884369,False,False,False,16,19602,24224,amherst_ma
z16/19602_24225.png,z16/19602_24225.png,0.006704114874204,52.2001953125,0.0324859619140625,0.3352705538272857,False,False,False,16,19602,24225,amherst_ma
z16/19602_24226.png,z16/19602_24226.png,0.0067509268720944,47.0,0.0349578857421875,0.3348950743675232,False,False,False,16,19602,24226,amherst_ma
z16/19602_24227.png,z16/19602_24227.png,0.0071558763583501,45.7998046875,0.0544281005859375,0.3402005434036255,False,False,False,16,19602,24227,amherst_ma
z16/19602_24228.png,z16/19602_24228.png,0.0053523565332094,34.3994140625,0.014862060546875,0.3413168787956238,False,False,False,16,19602,24228,amherst_ma
z16/19602_24229.png,z16/19602_24229.png,0.0090449045101801,30.599609375,0.0,0.3421961665153503,False,False,False,16,19602,24229,amherst_ma
z16/19602_24230.png,z16/19602_24230.png,0.0090437332789103,21.6005859375,0.0,0.3412327170372009,False,False,False,16,19602,24230,amherst_ma
z16/19602_24231.png,z16/19602_24231.png,0.0066368545095125,12.7998046875,0.0,0.3410442471504211,False,False,False,16,19602,24231,amherst_ma
z16/19602_24232.png,z16/19602_24232.png,0.0101131528615951,20.7998046875,0.0,0.3405613303184509,False,False,False,16,19602,24232,amherst_ma
z16/19602_24233.png,z16/19602_24233.png,0.0198030988375345,33.5,0.0,0.3375986218452453,False,False,False,16,19602,24233,amherst_ma
z16/19602_24234.png,z16/19602_24234.png,0.0098866422971089,27.900390625,0.0,0.3402864336967468,False,False,False,16,19602,24234,amherst_ma
z16/19602_24235.png,z16/19602_24235.png,0.0264538963635762,86.0,0.0,0.3403387069702148,False,False,False,16,19602,24235,amherst_ma
z16/19602_24236.png,z16/19602_24236.png,0.028516666094462,86.2998046875,0.0,0.3390167355537414,False,False,False,16,19602,24236,amherst_ma
z16/19602_24237.png,z16/19602_24237.png,0.0202289144198099,69.1005859375,0.0,0.341677725315094,False,False,False,16,19602,24237,amherst_ma
z16/19602_24238.png,z16/19602_24238.png,0.0136526981989542,39.8994140625,0.0,0.3459177315235138,False,False,False,16,19602,24238,amherst_ma
z16/19602_24239.png,z16/19602_24239.png,5.238258745521307e-05,0.1005859375,0.0,0.3459420204162597,False,False,False,16,19602,24239,amherst_ma
z16/19602_24240.png,z16/19602_24240.png,0.0087169180313746,30.400390625,0.0,0.3479677140712738,False,False,False,16,19602,24240,amherst_ma
z16/19602_24241.png,z16/19602_24241.png,0.00976309577624,48.2001953125,0.0,0.3436615765094757,False,False,False,16,19602,24241,amherst_ma
z16/19602_24242.png,z16/19602_24242.png,0.0089722802241643,61.69921875,0.0,0.3473327159881592,False,False,False,16,19602,24242,amherst_ma
z16/19602_24243.png,z16/19602_24243.png,0.0140433410803476,63.3994140625,0.0,0.3484416604042053,False,False,False,16,19602,24243,amherst_ma
z16/19602_24244.png,z16/19602_24244.png,0.006137470404307,16.400390625,0.0,0.3433406949043274,False,False,False,16,19602,24244,amherst_ma
z16/19602_24245.png,z16/19602_24245.png,0.0115095486243565,22.3994140625,0.0,0.340052455663681,False,False,False,16,19602,24245,amherst_ma
z16/19602_24246.png,z16/19602_24246.png,0.0151116828123728,65.1005859375,0.0,0.3412041068077087,False,False,False,16,19602,24246,amherst_ma
z16/19602_24247.png,z16/19602_24247.png,0.0174068490664164,78.6005859375,0.0,0.3431181609630584,False,False,False,16,19602,24247,amherst_ma
z16/19602_24248.png,z16/19602_24248.png,0.0132090499003728,58.099609375,0.0,0.3416749536991119,False,False,False,16,19602,24248,amherst_ma
z16/19602_24249.png,z16/19602_24249.png,0.0154724419116973,58.1005859375,0.0,0.3424761593341827,False,False,False,16,19602,24249,amherst_ma
z16/19602_24250.png,z16/19602_24250.png,0.0102422485748926,29.5,0.0,0.342117577791214,False,False,False,16,19602,24250,amherst_ma
z16/19602_24251.png,z16/19602_24251.png,0.0032613143324851,5.5,0.0,0.3478049635887146,False,False,False,16,19602,24251,amherst_ma
z16/19602_24252.png,z16/19602_24252.png,0.0037148408591747,41.2001953125,0.0284423828125,0.3343275785446167,False,False,False,16,19602,24252,amherst_ma
z16/19602_24253.png,z16/19602_24253.png,0.0042504166563351,31.599609375,0.008056640625,0.3455188274383545,False,False,False,16,19602,24253,amherst_ma
z16/19602_24254.png,z16/19602_24254.png,0.0042802716294924,22.7998046875,0.0,0.3452962934970855,False,False,False,16,19602,24254,amherst_ma
z16/19602_24255.png,z16/19602_24255.png,0.0033968232572078,33.599609375,0.0101470947265625,0.3457709550857544,False,False,False,16,19602,24255,amherst_ma
z16/19602_24256.png,z16/19602_24256.png,0.0066272601485252,45.099609375,0.0477294921875,0.3534543514251709,False,False,False,16,19602,24256,amherst_ma
z16/19602_24257.png,z16/19602_24257.png,0.0046061197916666,27.30078125,0.0,0.342890590429306,False,False,False,16,19602,24257,amherst_ma
z16/19602_24258.png,z16/19602_24258.png,0.0020893757541974,18.900390625,0.0379180908203125,0.3508728146553039,False,False,False,16,19602,24258,amherst_ma
z16/19602_24259.png,z16/19602_24259.png,0.0034550666809082,28.7998046875,0.011383056640625,0.34752357006073,False,False,False,16,19602,24259,amherst_ma
z16/19602_24260.png,z16/19602_24260.png,0.0113874266544977,35.5,0.039459228515625,0.3426172733306885,False,False,False,16,19602,24260,amherst_ma
z16/19602_24261.png,z16/19602_24261.png,0.0119723290205001,43.5,0.00537109375,0.34456267952919,False,False,False,16,19602,24261,amherst_ma
z16/19602_24262.png,z16/19602_24262.png,0.0040216612319151,25.0,0.0,0.3428913056850433,False,False,False,16,19602,24262,amherst_ma
z16/19602_24263.png,z16/19602_24263.png,0.008013050754865,29.0,0.0,0.3425393104553222,False,False,False,16,19602,24263,amherst_ma
z16/19602_24264.png,z16/19602_24264.png,0.0037815158565839,19.30078125,0.0114593505859375,0.3440816402435303,False,False,False,16,19602,24264,amherst_ma
z16/19602_24265.png,z16/19602_24265.png,0.0034764135877291,19.6005859375,0.0,0.3431492745876312,False,False,False,16,19602,24265,amherst_ma
z16/19602_24266.png,z16/19602_24266.png,0.0054274131854375,22.0,0.005645751953125,0.3472062349319458,False,False,False,16,19602,24266,amherst_ma
z16/19602_24267.png,z16/19602_24267.png,0.0057471334934234,30.599609375,0.010528564453125,0.3402942419052124,False,False,False,16,19602,24267,amherst_ma
z16/19602_24268.png,z16/19602_24268.png,0.0047203883528709,34.599609375,0.0244140625,0.3419712781906128,False,False,False,16,19602,24268,amherst_ma
z16/19602_24269.png,z16/19602_24269.png,0.0075733060638109,51.5,0.00244140625,0.3319898247718811,False,False,False,16,19602,24269,amherst_ma
z16/19602_24270.png,z16/19602_24270.png,0.0074406738082567,55.6005859375,0.0020904541015625,0.3344048261642456,False,False,False,16,19602,24270,amherst_ma
z16/19602_24271.png,z16/19602_24271.png,0.007398372888565,63.2998046875,0.002227783203125,0.3384124636650085,False,False,False,16,19602,24271,amherst_ma
z16/19603_24200.png,z16/19603_24200.png,0.0076614866654078,41.2998046875,0.007843017578125,0.3424155414104461,False,False,False,16,19603,24200,amherst_ma
z16/19603_24201.png,z16/19603_24201.png,0.0088929196198781,54.0,0.060638427734375,0.3502387702465057,False,False,False,16,19603,24201,amherst_ma
z16/19603_24202.png,z16/19603_24202.png,0.0070602258046468,43.7001953125,0.0048675537109375,0.3549938797950744,False,False,False,16,19603,24202,amherst_ma
z16/19603_24203.png,z16/19603_24203.png,0.0071448425451914,27.099609375,0.0184783935546875,0.3507600724697113,False,False,False,16,19603,24203,amherst_ma
z16/19603_24204.png,z16/19603_24204.png,0.004998197654883,30.400390625,0.0,0.3415137529373169,False,False,False,16,19603,24204,amherst_ma
z16/19603_24205.png,z16/19603_24205.png,0.0061961079637209,47.1005859375,0.01361083984375,0.3388119339942932,False,False,False,16,19603,24205,amherst_ma
z16/19603_24206.png,z16/19603_24206.png,0.0072107151150703,45.19921875,0.017181396484375,0.3388429582118988,False,False,False,16,19603,24206,amherst_ma
z16/19603_24207.png,z16/19603_24207.png,0.005361525217692,68.5,0.0125732421875,0.3345801830291748,False,False,False,16,19603,24207,amherst_ma
z16/19603_24208.png,z16/19603_24208.png,0.0053122793634732,78.599609375,0.0522003173828125,0.337751179933548,False,False,False,16,19603,24208,amherst_ma
z16/19603_24209.png,z16/19603_24209.png,0.009700075785319,87.2001953125,0.00390625,0.3416643142700195,False,False,False,16,19603,24209,amherst_ma
z16/19603_24210.png,z16/19603_24210.png,0.0063783913850784,65.2998046875,0.004913330078125,0.3411988914012909,False,False,False,16,19603,24210,amherst_ma
z16/19603_24211.png,z16/19603_24211.png,0.0051611160238583,36.599609375,0.0093536376953125,0.3457255661487579,False,False,False,16,19603,24211,amherst_ma
z16/19603_24212.png,z16/19603_24212.png,0.0059923350811004,17.3994140625,0.0,0.342892587184906,False,False,False,16,19603,24212,amherst_ma
z16/19603_24213.png,z16/19603_24213.png,0.0020184976359208,5.7001953125,0.0,0.3332500755786896,False,False,False,16,19603,24213,amherst_ma
z16/19603_24214.png,z16/19603_24214.png,0.0,0.0,0.0,0.3364508152008056,False,False,False,16,19603,24214,amherst_ma
z16/19603_24215.png,z16/19603_24215.png,0.000162630326425,0.2998046875,0.0,0.3408043384552002,False,False,False,16,19603,24215,amherst_ma
z16/19603_24216.png,z16/19603_24216.png,0.0079011624058087,24.2001953125,0.0,0.3429230749607086,False,False,False,16,19603,24216,amherst_ma
z16/19603_24217.png,z16/19603_24217.png,0.019573030869166,108.3994140625,0.0482330322265625,0.3463191092014313,False,False,False,16,19603,24217,amherst_ma
z16/19603_24218.png,z16/19603_24218.png,0.0218252658843994,91.2001953125,0.0,0.3436106145381927,False,False,False,16,19603,24218,amherst_ma
z16/19603_24219.png,z16/19603_24219.png,0.0140208085378011,34.7998046875,0.0,0.3420189619064331,False,False,False,16,19603,24219,amherst_ma
z16/19603_24220.png,z16/19603_24220.png,0.0,0.0,0.0,0.3410994708538055,False,False,False,16,19603,24220,amherst_ma
z16/19603_24221.png,z16/19603_24221.png,0.0,0.0,0.0,0.3387864530086517,False,False,False,16,19603,24221,amherst_ma
z16/19603_24222.png,z16/19603_24222.png,0.0,0.0,0.0,0.3386694490909576,False,False,False,16,19603,24222,amherst_ma
z16/19603_24223.png,z16/19603_24223.png,0.0035007168849309,10.0,0.0,0.3407043814659118,False,False,False,16,19603,24223,amherst_ma
z16/19603_24224.png,z16/19603_24224.png,0.0044060746828715,10.5,0.0,0.3410623073577881,False,False,False,16,19603,24224,amherst_ma
z16/19603_24225.png,z16/19603_24225.png,0.0,0.0,0.0,0.3411821126937866,False,False,False,16,19603,24225,amherst_ma
z16/19603_24226.png,z16/19603_24226.png,0.0001079475274309,0.1005859375,0.0,0.3413482904434204,False,False,False,16,19603,24226,amherst_ma
z16/19603_24227.png,z16/19603_24227.png,9.722656880815824e-05,0.2001953125,0.0,0.3388378024101257,False,False,False,16,19603,24227,amherst_ma
z16/19603_24228.png,z16/19603_24228.png,0.0057812705636024,17.5,0.0,0.3353081941604614,False,False,False,16,19603,24228,amherst_ma
z16/19603_24229.png,z16/19603_24229.png,0.0173281768957773,37.599609375,0.0,0.3380646407604217,False,False,False,16,19603,24229,amherst_ma
z16/19603_24230.png,z16/19603_24230.png,0.0100625803073247,23.0,0.0,0.3412721455097198,False,False,False,16,19603,24230,amherst_ma
z16/19603_24231.png,z16/19603_24231.png,0.0025695828100045,10.0,0.0,0.3376789093017578,False,False,False,16,19603,24231,amherst_ma
z16/19603_24232.png,z16/19603_24232.png,0.0,0.0,0.0,0.3333585858345032,False,False,False,16,19603,24232,amherst_ma
z16/19603_24233.png,z16/19603_24233.png,0.0,0.0,0.0,0.3353891968727112,False,False,False,16,19603,24233,amherst_ma
z16/19603_24234.png,z16/19603_24234.png,0.0,0.0,0.0,0.3382244408130646,False,False,False,16,19603,24234,amherst_ma
z16/19603_24235.png,z16/19603_24235.png,0.0,0.0,0.0,0.341048926115036,False,False,False,16,19603,24235,amherst_ma
z16/19603_24236.png,z16/19603_24236.png,0.0,0.0,0.0,0.3365149796009063,False,False,False,16,19603,24236,amherst_ma
z16/19603_24237.png,z16/19603_24237.png,0.0,0.0,0.0,0.339470624923706,False,False,False,16,19603,24237,amherst_ma
z16/19603_24238.png,z16/19603_24238.png,0.0,0.0,0.0,0.3377740681171417,False,False,False,16,19603,24238,amherst_ma
z16/19603_24239.png,z16/19603_24239.png,0.0,0.0,0.0,0.3414316773414612,False,False,False,16,19603,24239,amherst_ma
z16/19603_24240.png,z16/19603_24240.png,0.0,0.0,0.0,0.3359994888305664,False,False,False,16,19603,24240,amherst_ma
z16/19603_24241.png,z16/19603_24241.png,0.0,0.0,0.0,0.3399509787559509,False,False,False,16,19603,24241,amherst_ma
z16/19603_24242.png,z16/19603_24242.png,0.0,0.0,0.0,0.341874897480011,False,False,False,16,19603,24242,amherst_ma
z16/19603_24243.png,z16/19603_24243.png,0.0,0.0,0.0,0.342923492193222,False,False,False,16,19603,24243,amherst_ma
z16/19603_24244.png,z16/19603_24244.png,0.001357294122378,3.2998046875,0.0,0.3395808637142181,False,False,False,16,19603,24244,amherst_ma
z16/19603_24245.png,z16/19603_24245.png,0.0227971990903218,65.7001953125,0.0,0.3402271270751953,False,False,False,16,19603,24245,amherst_ma
z16/19603_24246.png,z16/19603_24246.png,0.0133387068907419,111.5,0.038848876953125,0.3368935286998749,False,False,False,16,19603,24246,amherst_ma
z16/19603_24247.png,z16/19603_24247.png,0.0250193079312642,118.0,0.0,0.3419529497623443,False,False,False,16,19603,24247,amherst_ma
z16/19603_24248.png,z16/19603_24248.png,0.0201772570610046,82.7001953125,0.0323028564453125,0.3443619906902313,False,False,False,16,19603,24248,amherst_ma
z16/19603_24249.png,z16/19603_24249.png,0.0169106046358744,86.2001953125,0.003570556640625,0.3446857631206512,False,False,False,16,19603,24249,amherst_ma
z16/19603_24250.png,z16/19603_24250.png,0.0159425765275955,70.099609375,0.013702392578125,0.3396961987018585,False,False,False,16,19603,24250,amherst_ma
z16/19603_24251.png,z16/19603_24251.png,0.014687356352806,48.2001953125,0.0,0.3440541625022888,False,False,False,16,19603,24251,amherst_ma
z16/19603_24252.png,z16/19603_24252.png,0.008659017086029,34.2001953125,0.0,0.345193475484848,False,False,False,16,19603,24252,amherst_ma
z16/19603_24253.png,z16/19603_24253.png,0.0069666956861813,44.099609375,0.0048828125,0.3379180431365967,False,False,False,16,19603,24253,amherst_ma
z16/19603_24254.png,z16/19603_24254.png,0.0062414288520812,46.6005859375,7.62939453125e-05,0.3334933221340179,False,False,False,16,19603,24254,amherst_ma
z16/19603_24255.png,z16/19603_24255.png,0.0038977017005284,18.0,0.0025787353515625,0.3440142869949341,False,False,False,16,19603,24255,amherst_ma
z16/19603_24256.png,z16/19603_24256.png,0.0058487579226493,38.599609375,0.002471923828125,0.3461165726184845,False,False,False,16,19603,24256,amherst_ma
z16/19603_24257.png,z16/19603_24257.png,0.0040672570466995,38.099609375,0.0677032470703125,0.3387266099452972,False,False,False,16,19603,24257,amherst_ma
z16/19603_24258.png,z16/19603_24258.png,0.0050578186909357,45.8994140625,0.0027008056640625,0.3419666588306427,False,False,False,16,19603,24258,amherst_ma
z16/19603_24259.png,z16/19603_24259.png,0.0087128857771555,68.6005859375,0.031402587890625,0.3439013659954071,False,False,False,16,19603,24259,amherst_ma
z16/19603_24260.png,z16/19603_24260.png,0.0165084530909856,79.5,0.0494384765625,0.3430984318256378,False,False,False,16,19603,24260,amherst_ma
z16/19603_24261.png,z16/19603_24261.png,0.0065618887543678,46.0,0.0230865478515625,0.3409895002841949,False,False,False,16,19603,24261,amherst_ma
z16/19603_24262.png,z16/19603_24262.png,0.007325708369414,40.900390625,0.0020751953125,0.3399927616119385,False,False,False,16,19603,24262,amherst_ma
z16/19603_24263.png,z16/19603_24263.png,0.0055524230003356,45.099609375,0.002410888671875,0.342916876077652,False,False,False,16,19603,24263,amherst_ma
z16/19603_24264.png,z16/19603_24264.png,0.006264495352904,49.5,0.0016021728515625,0.344292014837265,False,False,False,16,19603,24264,amherst_ma
z16/19603_24265.png,z16/19603_24265.png,0.0064137652516365,46.0,0.0012664794921875,0.340423583984375,False,False,False,16,19603,24265,amherst_ma
z16/19603_24266.png,z16/19603_24266.png,0.0065736139814058,56.599609375,0.00311279296875,0.336685299873352,False,False,False,16,19603,24266,amherst_ma
z16/19603_24267.png,z16/19603_24267.png,0.0111572424570719,77.599609375,0.0286102294921875,0.337516725063324,False,False,False,16,19603,24267,amherst_ma
z16/19603_24268.png,z16/19603_24268.png,0.0067844559748967,47.8994140625,0.0013885498046875,0.3452556431293487,False,False,False,16,19603,24268,amherst_ma
z16/19603_24269.png,z16/19603_24269.png,0.0083692808945973,52.900390625,0.001190185546875,0.3468253314495086,False,False,False,16,19603,24269,amherst_ma
z16/19603_24270.png,z16/19603_24270.png,0.0099672396977742,54.5,0.001251220703125,0.3411753475666046,False,False,False,16,19603,24270,amherst_ma
z16/19603_24271.png,z16/19603_24271.png,0.0093248516321182,51.0,0.00274658203125,0.3391358852386474,False,False,False,16,19603,24271,amherst_ma
10580_25671.png,10580_25671.png,0.0,0.0,0.0,0.3465221524238586,False,False,False,16,10580,25671,big_sur
10580_25672.png,10580_25672.png,0.0,0.0,0.0,0.3486282527446747,False,False,False,16,10580,25672,big_sur
10580_25673.png,10580_25673.png,0.0,0.0,0.0,0.3452156782150268,False,False,False,16,10580,25673,big_sur
10580_25674.png,10580_25674.png,0.0,0.0,0.0,0.3310533761978149,False,False,False,16,10580,25674,big_sur
10580_25675.png,10580_25675.png,0.0,0.0,0.0,0.3120521605014801,False,False,False,16,10580,25675,big_sur
10580_25676.png,10580_25676.png,0.0,0.0,0.0,0.3120245337486267,False,False,False,16,10580,25676,big_sur
10580_25677.png,10580_25677.png,0.0,0.0,0.0,0.3125,False,False,False,16,10580,25677,big_sur
10580_25678.png,10580_25678.png,0.0,0.0,0.0,0.3125,False,False,False,16,10580,25678,big_sur
10580_25679.png,10580_25679.png,0.0,0.0,0.0,0.3125,False,False,False,16,10580,25679,big_sur
10580_25680.png,10580_25680.png,0.0,0.0,0.0,0.3125,False,False,False,16,10580,25680,big_sur
10580_25681.png,10580_25681.png,0.0,0.0,0.0,0.3125,False,False,False,16,10580,25681,big_sur
10580_25682.png,10580_25682.png,0.0,0.0,0.0,0.3125,False,False,False,16,10580,25682,big_sur
10580_25683.png,10580_25683.png,0.0,0.0,0.0,0.3125,False,False,False,16,10580,25683,big_sur
10580_25684.png,10580_25684.png,0.0,0.0,0.0,0.3125,False,False,False,16,10580,25684,big_sur
10580_25685.png,10580_25685.png,0.0,0.0,0.0,0.3125,False,False,False,16,10580,25685,big_sur
10580_25686.png,10580_25686.png,0.0,0.0,0.0,0.3125,False,False,False,16,10580,25686,big_sur
10580_25687.png,10580_25687.png,0.0,0.0,0.0,0.3125,False,False,False,16,10580,25687,big_sur
10580_25688.png,10580_25688.png,0.0,0.0,0.0,0.3125,False,False,False,16,10580,25688,big_sur
10580_25689.png,10580_25689.png,0.0,0.0,0.0,0.3125,False,False,False,16,10580,25689,big_sur
10581_25671.png,10581_25671.png,0.000704869441688,0.400390625,0.0,0.346574604511261,False,False,False,16,10581,25671,big_sur
10581_25672.png,10581_25672.png,0.0005827818065881,0.2001953125,0.0,0.3447808027267456,False,False,False,16,10581,25672,big_sur
10581_25673.png,10581_25673.png,0.0007090337574481,0.400390625,0.0,0.3459217846393585,False,False,False,16,10581,25673,big_sur
10581_25674.png,10581_25674.png,0.0006517904500166,0.400390625,0.0,0.3437234163284302,False,False,False,16,10581,25674,big_sur
10581_25675.png,10581_25675.png,0.0006538631394505,0.400390625,0.0,0.3283347487449646,False,False,False,16,10581,25675,big_sur
10581_25676.png,10581_25676.png,0.0007250459243853,0.400390625,0.0,0.3124841451644897,False,False,False,16,10581,25676,big_sur
10581_25677.png,10581_25677.png,0.0006903293853004,0.7998046875,0.0,0.3104298412799835,False,False,False,16,10581,25677,big_sur
10581_25678.png,10581_25678.png,0.00088856741786,0.7001953125,0.0,0.3108317255973816,False,False,False,16,10581,25678,big_sur
10581_25679.png,10581_25679.png,0.0,0.0,0.0,0.3122810125350952,False,False,False,16,10581,25679,big_sur
10581_25680.png,10581_25680.png,0.000124976489072,0.2998046875,0.0,0.3125,False,False,False,16,10581,25680,big_sur
10581_25681.png,10581_25681.png,0.0002062601813425,0.5,0.0,0.3125,False,False,False,16,10581,25681,big_sur
10581_25682.png,10581_25682.png,0.0,0.0,0.0,0.3125,False,False,False,16,10581,25682,big_sur
10581_25683.png,10581_25683.png,0.0,0.0,0.0,0.3125,False,False,False,16,10581,25683,big_sur
10581_25684.png,10581_25684.png,0.0,0.0,0.0,0.3125,False,False,False,16,10581,25684,big_sur
10581_25685.png,10581_25685.png,0.0,0.0,0.0,0.3125,False,False,False,16,10581,25685,big_sur
10581_25686.png,10581_25686.png,0.0,0.0,0.0,0.3125,False,False,False,16,10581,25686,big_sur
10581_25687.png,10581_25687.png,0.0,0.0,0.0,0.3125,False,False,False,16,10581,25687,big_sur
10581_25688.png,10581_25688.png,0.0,0.0,0.0,0.3125,False,False,False,16,10581,25688,big_sur
10581_25689.png,10581_25689.png,0.0002354205896457,0.5,0.0,0.3125,False,False,False,16,10581,25689,big_sur
10582_25671.png,10582_25671.png,0.0005443555613358,1.0,0.0,0.3523715436458587,False,False,False,16,10582,25671,big_sur
10582_25672.png,10582_25672.png,0.0,0.0,0.0,0.3451391756534576,False,False,False,16,10582,25672,big_sur
10582_25673.png,10582_25673.png,0.0,0.0,0.0,0.34456866979599,False,False,False,16,10582,25673,big_sur
10582_25674.png,10582_25674.png,0.0,0.0,0.0,0.3484616279602051,False,False,False,16,10582,25674,big_sur
10582_25675.png,10582_25675.png,0.0,0.0,0.0,0.3487781882286072,False,False,False,16,10582,25675,big_sur
10582_25676.png,10582_25676.png,0.0,0.0,0.0,0.3342348337173462,False,False,False,16,10582,25676,big_sur
10582_25677.png,10582_25677.png,0.0,0.0,0.0,0.3248184323310852,False,False,False,16,10582,25677,big_sur
10582_25678.png,10582_25678.png,0.0005822304015358,0.599609375,0.0,0.314750999212265,False,False,False,16,10582,25678,big_sur
10582_25679.png,10582_25679.png,0.0,0.0,0.0,0.3105583488941192,False,False,False,16,10582,25679,big_sur
10582_25680.png,10582_25680.png,0.0,0.0,0.0,0.3124535381793976,False,False,False,16,10582,25680,big_sur
10582_25681.png,10582_25681.png,0.0,0.0,0.0,0.3125665187835693,False,False,False,16,10582,25681,big_sur
10582_25682.png,10582_25682.png,0.0,0.0,0.0,0.3125,False,False,False,16,10582,25682,big_sur
10582_25683.png,10582_25683.png,0.0,0.0,0.0,0.3125,False,False,False,16,10582,25683,big_sur
10582_25684.png,10582_25684.png,0.0,0.0,0.0,0.3125,False,False,False,16,10582,25684,big_sur
10582_25685.png,10582_25685.png,0.0,0.0,0.0,0.3125,False,False,False,16,10582,25685,big_sur
10582_25686.png,10582_25686.png,0.0,0.0,0.0,0.3125,False,False,False,16,10582,25686,big_sur
10582_25687.png,10582_25687.png,0.0,0.0,0.0,0.3125,False,False,False,16,10582,25687,big_sur
10582_25688.png,10582_25688.png,0.0,0.0,0.0,0.3125,False,False,False,16,10582,25688,big_sur
10582_25689.png,10582_25689.png,0.0,0.0,0.0,0.3125,False,False,False,16,10582,25689,big_sur
10583_25671.png,10583_25671.png,0.0160600513219833,26.7998046875,0.0,0.3592402637004852,False,False,False,16,10583,25671,big_sur
10583_25672.png,10583_25672.png,0.0009433177610238,1.1005859375,0.0,0.3498689234256744,False,False,False,16,10583,25672,big_sur
10583_25673.png,10583_25673.png,0.0,0.0,0.0,0.3484499752521515,False,False,False,16,10583,25673,big_sur
10583_25674.png,10583_25674.png,0.0,0.0,0.0,0.3553245961666107,False,False,False,16,10583,25674,big_sur
10583_25675.png,10583_25675.png,0.0,0.0,0.0,0.3701066374778747,False,False,False,16,10583,25675,big_sur
10583_25676.png,10583_25676.png,0.0,0.0,0.0,0.3560830950736999,False,False,False,16,10583,25676,big_sur
10583_25677.png,10583_25677.png,0.0,0.0,0.0,0.3413211703300476,False,False,False,16,10583,25677,big_sur
10583_25678.png,10583_25678.png,0.0004098180991907,0.2001953125,0.0,0.3322040140628814,False,False,False,16,10583,25678,big_sur
10583_25679.png,10583_25679.png,0.0,0.0,0.0,0.3207568526268005,False,False,False,16,10583,25679,big_sur
10583_25680.png,10583_25680.png,0.0,0.0,0.0,0.313650518655777,False,False,False,16,10583,25680,big_sur
10583_25681.png,10583_25681.png,0.0,0.0,0.0,0.3115642070770263,False,False,False,16,10583,25681,big_sur
10583_25682.png,10583_25682.png,0.0,0.0,0.0,0.3126121163368225,False,False,False,16,10583,25682,big_sur
10583_25683.png,10583_25683.png,0.0,0.0,0.0,0.3125,False,False,False,16,10583,25683,big_sur
10583_25684.png,10583_25684.png,0.0,0.0,0.0,0.3125,False,False,False,16,10583,25684,big_sur
10583_25685.png,10583_25685.png,0.0,0.0,0.0,0.3125,False,False,False,16,10583,25685,big_sur
10583_25686.png,10583_25686.png,0.0,0.0,0.0,0.3125,False,False,False,16,10583,25686,big_sur
10583_25687.png,10583_25687.png,0.0,0.0,0.0,0.3125,False,False,False,16,10583,25687,big_sur
10583_25688.png,10583_25688.png,0.0,0.0,0.0,0.3125,False,False,False,16,10583,25688,big_sur
10583_25689.png,10583_25689.png,0.0,0.0,0.0,0.3125,False,False,False,16,10583,25689,big_sur
10584_25671.png,10584_25671.png,0.0153792391220728,19.2001953125,0.0,0.3980962336063385,False,False,False,16,10584,25671,big_sur
10584_25672.png,10584_25672.png,0.0012641626099745,1.099609375,0.0,0.419261485338211,False,False,False,16,10584,25672,big_sur
10584_25673.png,10584_25673.png,0.0,0.0,0.0,0.4232701659202575,False,False,False,16,10584,25673,big_sur
10584_25674.png,10584_25674.png,0.0,0.0,0.0,0.4153002202510834,False,False,False,16,10584,25674,big_sur
10584_25675.png,10584_25675.png,0.0,0.0,0.0,0.3961504101753235,False,False,False,16,10584,25675,big_sur
10584_25676.png,10584_25676.png,0.0,0.0,0.0,0.3771213889122009,False,False,False,16,10584,25676,big_sur
10584_25677.png,10584_25677.png,0.0,0.0,0.0,0.3622521460056305,False,False,False,16,10584,25677,big_sur
10584_25678.png,10584_25678.png,0.0005027290433645,0.2998046875,0.0,0.3494495153427124,False,False,False,16,10584,25678,big_sur
10584_25679.png,10584_25679.png,0.0,0.0,0.0,0.3385222256183624,False,False,False,16,10584,25679,big_sur
10584_25680.png,10584_25680.png,0.0,0.0,0.0,0.3251204788684845,False,False,False,16,10584,25680,big_sur
10584_25681.png,10584_25681.png,0.0,0.0,0.0,0.3146962821483612,False,False,False,16,10584,25681,big_sur
10584_25682.png,10584_25682.png,0.0,0.0,0.0,0.3102570474147796,False,False,False,16,10584,25682,big_sur
10584_25683.png,10584_25683.png,0.0,0.0,0.0,0.3121888637542724,False,False,False,16,10584,25683,big_sur
10584_25684.png,10584_25684.png,0.0,0.0,0.0,0.3125,False,False,False,16,10584,25684,big_sur
10584_25685.png,10584_25685.png,0.0,0.0,0.0,0.3125,False,False,False,16,10584,25685,big_sur
10584_25686.png,10584_25686.png,0.0,0.0,0.0,0.3125,False,False,False,16,10584,25686,big_sur
10584_25687.png,10584_25687.png,0.0,0.0,0.0,0.3125,False,False,False,16,10584,25687,big_sur
10584_25688.png,10584_25688.png,0.0,0.0,0.0,0.3125,False,False,False,16,10584,25688,big_sur
10584_25689.png,10584_25689.png,0.0,0.0,0.0,0.3125,False,False,False,16,10584,25689,big_sur
10585_25671.png,10585_25671.png,0.017059447367986,75.7001953125,0.0109100341796875,0.3927464187145233,False,False,False,16,10585,25671,big_sur
10585_25672.png,10585_25672.png,0.0188534637292226,70.8994140625,0.0,0.3806434869766235,False,False,False,16,10585,25672,big_sur
10585_25673.png,10585_25673.png,0.0035265731314818,11.099609375,0.0,0.416932076215744,False,False,False,16,10585,25673,big_sur
10585_25674.png,10585_25674.png,0.0,0.0,0.0,0.4227738380432129,False,False,False,16,10585,25674,big_sur
10585_25675.png,10585_25675.png,0.0,0.0,0.0,0.3976572453975677,False,False,False,16,10585,25675,big_sur
10585_25676.png,10585_25676.png,0.0,0.0,0.0,0.3918209075927734,False,False,False,16,10585,25676,big_sur
10585_25677.png,10585_25677.png,0.0,0.0,0.0,0.3891087472438812,False,False,False,16,10585,25677,big_sur
10585_25678.png,10585_25678.png,0.0004182340887685,0.1005859375,0.0,0.3792300820350647,False,False,False,16,10585,25678,big_sur
10585_25679.png,10585_25679.png,0.0,0.0,0.0,0.3576383292675018,False,False,False,16,10585,25679,big_sur
10585_25680.png,10585_25680.png,0.0,0.0,0.0,0.3430115282535553,False,False,False,16,10585,25680,big_sur
10585_25681.png,10585_25681.png,0.0,0.0,0.0,0.3297392129898071,False,False,False,16,10585,25681,big_sur
10585_25682.png,10585_25682.png,0.0,0.0,0.0,0.3181964457035064,False,False,False,16,10585,25682,big_sur
10585_25683.png,10585_25683.png,0.0,0.0,0.0,0.3114571273326874,False,False,False,16,10585,25683,big_sur
10585_25684.png,10585_25684.png,0.0,0.0,0.0,0.3121766448020935,False,False,False,16,10585,25684,big_sur
10585_25685.png,10585_25685.png,0.0,0.0,0.0,0.3125,False,False,False,16,10585,25685,big_sur
10585_25686.png,10585_25686.png,0.0,0.0,0.0,0.3125,False,False,False,16,10585,25686,big_sur
10585_25687.png,10585_25687.png,0.0,0.0,0.0,0.3125,False,False,False,16,10585,25687,big_sur
10585_25688.png,10585_25688.png,0.0,0.0,0.0,0.3125,False,False,False,16,10585,25688,big_sur
10585_25689.png,10585_25689.png,0.0,0.0,0.0,0.3125,False,False,False,16,10585,25689,big_sur
10586_25671.png,10586_25671.png,0.0187563121318817,104.2001953125,0.0858612060546875,0.3850592076778412,False,False,False,16,10586,25671,big_sur
10586_25672.png,10586_25672.png,0.0169799844423929,124.2998046875,0.027618408203125,0.3739336729049682,False,False,False,16,10586,25672,big_sur
10586_25673.png,10586_25673.png,0.0256808678309122,112.8994140625,0.0,0.3681597709655761,False,False,False,16,10586,25673,big_sur
10586_25674.png,10586_25674.png,0.0188377797603607,49.2001953125,0.0,0.3889228105545044,False,False,False,16,10586,25674,big_sur
10586_25675.png,10586_25675.png,0.0012916053334871,1.0,0.0,0.4040421843528747,False,False,False,16,10586,25675,big_sur
10586_25676.png,10586_25676.png,0.0,0.0,0.0,0.4077423512935638,False,False,False,16,10586,25676,big_sur
10586_25677.png,10586_25677.png,0.0,0.0,0.0,0.4033401906490326,False,False,False,16,10586,25677,big_sur
10586_25678.png,10586_25678.png,0.0004975305249293,0.2998046875,0.0,0.396161288022995,False,False,False,16,10586,25678,big_sur
10586_25679.png,10586_25679.png,0.0,0.0,0.0,0.3833175003528595,False,False,False,16,10586,25679,big_sur
10586_25680.png,10586_25680.png,0.0,0.0,0.0,0.3671014606952667,False,False,False,16,10586,25680,big_sur
10586_25681.png,10586_25681.png,0.0,0.0,0.0,0.3434240221977234,False,False,False,16,10586,25681,big_sur
10586_25682.png,10586_25682.png,0.0,0.0,0.0,0.3293796181678772,False,False,False,16,10586,25682,big_sur
10586_25683.png,10586_25683.png,0.0,0.0,0.0,0.319525808095932,False,False,False,16,10586,25683,big_sur
10586_25684.png,10586_25684.png,0.0,0.0,0.0,0.3102518022060394,False,False,False,16,10586,25684,big_sur
10586_25685.png,10586_25685.png,0.0,0.0,0.0,0.3122854232788086,False,False,False,16,10586,25685,big_sur
10586_25686.png,10586_25686.png,0.0,0.0,0.0,0.3125,False,False,False,16,10586,25686,big_sur
10586_25687.png,10586_25687.png,0.0,0.0,0.0,0.3125,False,False,False,16,10586,25687,big_sur
10586_25688.png,10586_25688.png,0.0,0.0,0.0,0.3125,False,False,False,16,10586,25688,big_sur
10586_25689.png,10586_25689.png,0.0,0.0,0.0,0.3125,False,False,False,16,10586,25689,big_sur
10587_25671.png,10587_25671.png,0.0152617673079172,76.7998046875,0.0251312255859375,0.3944225609302521,False,False,False,16,10587,25671,big_sur
10587_25672.png,10587_25672.png,0.0179322679837544,164.5,0.00518798828125,0.3861093521118164,False,False,False,16,10587,25672,big_sur
10587_25673.png,10587_25673.png,0.0163516759872436,166.900390625,0.0023040771484375,0.3655985295772552,False,False,False,16,10587,25673,big_sur
10587_25674.png,10587_25674.png,0.0265175143877665,147.8994140625,0.0295562744140625,0.3678150475025177,False,False,False,16,10587,25674,big_sur
10587_25675.png,10587_25675.png,0.0301900386810302,130.8994140625,0.0,0.3664172887802124,False,False,False,16,10587,25675,big_sur
10587_25676.png,10587_25676.png,0.0316300173600514,83.0,0.0,0.3848126828670501,False,False,False,16,10587,25676,big_sur
10587_25677.png,10587_25677.png,0.0,0.0,0.0,0.4012297987937927,False,False,False,16,10587,25677,big_sur
10587_25678.png,10587_25678.png,0.0021154443422953,3.7001953125,0.0,0.3935356736183166,False,False,False,16,10587,25678,big_sur
10587_25679.png,10587_25679.png,0.0,0.0,0.0,0.3919968903064728,False,False,False,16,10587,25679,big_sur
10587_25680.png,10587_25680.png,0.0,0.0,0.0,0.3764980435371399,False,False,False,16,10587,25680,big_sur
10587_25681.png,10587_25681.png,0.0,0.0,0.0,0.3625426888465881,False,False,False,16,10587,25681,big_sur
10587_25682.png,10587_25682.png,0.0,0.0,0.0,0.3451518714427948,False,False,False,16,10587,25682,big_sur
10587_25683.png,10587_25683.png,0.0,0.0,0.0,0.3283899426460266,False,False,False,16,10587,25683,big_sur
10587_25684.png,10587_25684.png,0.0,0.0,0.0,0.3176260590553283,False,False,False,16,10587,25684,big_sur
10587_25685.png,10587_25685.png,0.0,0.0,0.0,0.3107167482376098,False,False,False,16,10587,25685,big_sur
10587_25686.png,10587_25686.png,0.0,0.0,0.0,0.3125541806221008,False,False,False,16,10587,25686,big_sur
10587_25687.png,10587_25687.png,0.0,0.0,0.0,0.3125,False,False,False,16,10587,25687,big_sur
10587_25688.png,10587_25688.png,0.0,0.0,0.0,0.3125,False,False,False,16,10587,25688,big_sur
10587_25689.png,10587_25689.png,0.0,0.0,0.0,0.3125,False,False,False,16,10587,25689,big_sur
10588_25671.png,10588_25671.png,0.0273800671100616,81.8994140625,0.0382232666015625,0.3933843076229095,False,False,False,16,10588,25671,big_sur
10588_25672.png,10588_25672.png,0.0217404842376708,195.69921875,0.0798797607421875,0.3890967965126037,False,False,False,16,10588,25672,big_sur
10588_25673.png,10588_25673.png,0.0207710246245066,123.0,0.0158233642578125,0.3758090734481811,False,False,False,16,10588,25673,big_sur
10588_25674.png,10588_25674.png,0.0196914235750834,159.5,0.007171630859375,0.3826349377632141,False,False,False,16,10588,25674,big_sur
10588_25675.png,10588_25675.png,0.0262159128983815,156.0,0.02008056640625,0.380849152803421,False,False,False,16,10588,25675,big_sur
10588_25676.png,10588_25676.png,0.0186909635861714,174.2001953125,0.0224609375,0.3656946122646332,False,False,False,16,10588,25676,big_sur
10588_25677.png,10588_25677.png,0.0327136814594268,155.7001953125,0.0,0.3577971160411834,False,False,False,16,10588,25677,big_sur
10588_25678.png,10588_25678.png,0.0401118914286295,140.7998046875,0.0,0.3602097630500793,False,False,False,16,10588,25678,big_sur
10588_25679.png,10588_25679.png,0.0137591501077016,50.7001953125,0.0,0.3884811699390411,False,False,False,16,10588,25679,big_sur
10588_25680.png,10588_25680.png,0.0,0.0,0.0,0.3867866992950439,False,False,False,16,10588,25680,big_sur
10588_25681.png,10588_25681.png,0.0,0.0,0.0,0.3760509192943573,False,False,False,16,10588,25681,big_sur
10588_25682.png,10588_25682.png,0.0,0.0,0.0,0.3630329370498657,False,False,False,16,10588,25682,big_sur
10588_25683.png,10588_25683.png,0.0,0.0,0.0,0.3412628173828125,False,False,False,16,10588,25683,big_sur
10588_25684.png,10588_25684.png,0.0,0.0,0.0,0.3248050510883331,False,False,False,16,10588,25684,big_sur
10588_25685.png,10588_25685.png,0.0,0.0,0.0,0.3154755532741546,False,False,False,16,10588,25685,big_sur
10588_25686.png,10588_25686.png,0.0,0.0,0.0,0.311062216758728,False,False,False,16,10588,25686,big_sur
10588_25687.png,10588_25687.png,0.0,0.0,0.0,0.3125036358833313,False,False,False,16,10588,25687,big_sur
10588_25688.png,10588_25688.png,0.0,0.0,0.0,0.3125,False,False,False,16,10588,25688,big_sur
10588_25689.png,10588_25689.png,0.0,0.0,0.0,0.3125,False,False,False,16,10588,25689,big_sur
10589_25671.png,10589_25671.png,0.020437596241633,195.5,0.054168701171875,0.3723825514316559,False,False,False,16,10589,25671,big_sur
10589_25672.png,10589_25672.png,0.0212260882059733,93.8994140625,0.04638671875,0.4037109911441803,False,False,False,16,10589,25672,big_sur
10589_25673.png,10589_25673.png,0.0199544111887613,190.19921875,0.0017242431640625,0.39316526055336,False,False,False,16,10589,25673,big_sur
10589_25674.png,10589_25674.png,0.0209051469961802,123.6005859375,0.0054779052734375,0.3845943212509155,False,False,False,16,10589,25674,big_sur
10589_25675.png,10589_25675.png,0.0237832049528757,183.7998046875,0.015167236328125,0.3900761902332306,False,False,False,16,10589,25675,big_sur
10589_25676.png,10589_25676.png,0.01791286667188,146.7998046875,0.0124053955078125,0.398647129535675,False,False,False,16,10589,25676,big_sur
10589_25677.png,10589_25677.png,0.0155606855948766,141.0,0.0092926025390625,0.3798981308937073,False,False,False,16,10589,25677,big_sur
10589_25678.png,10589_25678.png,0.0142993062734603,201.2001953125,0.0046844482421875,0.3745372593402862,False,False,False,16,10589,25678,big_sur
10589_25679.png,10589_25679.png,0.0293948551019032,91.5,0.0,0.373248815536499,False,False,False,16,10589,25679,big_sur
10589_25680.png,10589_25680.png,0.0035644337534904,13.2001953125,0.0,0.3970745205879211,False,False,False,16,10589,25680,big_sur
10589_25681.png,10589_25681.png,0.0,0.0,0.0,0.393452525138855,False,False,False,16,10589,25681,big_sur
10589_25682.png,10589_25682.png,0.0,0.0,0.0,0.3763224482536316,False,False,False,16,10589,25682,big_sur
10589_25683.png,10589_25683.png,0.0,0.0,0.0,0.3584102392196655,False,False,False,16,10589,25683,big_sur
10589_25684.png,10589_25684.png,0.0,0.0,0.0,0.3372829556465149,False,False,False,16,10589,25684,big_sur
10589_25685.png,10589_25685.png,0.0,0.0,0.0,0.32109135389328,False,False,False,16,10589,25685,big_sur
10589_25686.png,10589_25686.png,0.0,0.0,0.0,0.3122647404670715,False,False,False,16,10589,25686,big_sur
10589_25687.png,10589_25687.png,0.0,0.0,0.0,0.3124783635139465,False,False,False,16,10589,25687,big_sur
10589_25688.png,10589_25688.png,0.0,0.0,0.0,0.3125,False,False,False,16,10589,25688,big_sur
10589_25689.png,10589_25689.png,0.0,0.0,0.0,0.3125,False,False,False,16,10589,25689,big_sur
10590_25671.png,10590_25671.png,0.0240602056185404,182.2001953125,0.0021209716796875,0.4064547717571258,False,False,False,16,10590,25671,big_sur
10590_25672.png,10590_25672.png,0.0246310710906982,153.2001953125,0.03851318359375,0.3823584616184234,False,False,False,16,10590,25672,big_sur
10590_25673.png,10590_25673.png,0.0256131649017333,139.400390625,0.052764892578125,0.3991075158119201,False,False,False,16,10590,25673,big_sur
10590_25674.png,10590_25674.png,0.0159989207983016,159.2998046875,0.0032958984375,0.3919436335563659,False,False,False,16,10590,25674,big_sur
10590_25675.png,10590_25675.png,0.0217038889726003,129.400390625,0.0009613037109375,0.396581619977951,False,False,False,16,10590,25675,big_sur
10590_25676.png,10590_25676.png,0.0167941033840179,173.900390625,0.0015716552734375,0.4023910760879516,False,False,False,16,10590,25676,big_sur
10590_25677.png,10590_25677.png,0.0190030256907145,202.7998046875,0.0019378662109375,0.3745788931846618,False,False,False,16,10590,25677,big_sur
10590_25678.png,10590_25678.png,0.017924024661382,172.900390625,0.0229644775390625,0.3818108141422272,False,False,False,16,10590,25678,big_sur
10590_25679.png,10590_25679.png,0.0201391557852427,147.5,0.021270751953125,0.3751357197761535,False,False,False,16,10590,25679,big_sur
10590_25680.png,10590_25680.png,0.0378459572792053,145.7001953125,0.0,0.3704036772251129,False,False,False,16,10590,25680,big_sur
10590_25681.png,10590_25681.png,0.0,0.0,0.0,0.4012543559074402,False,False,False,16,10590,25681,big_sur
10590_25682.png,10590_25682.png,0.0,0.0,0.0,0.3842157423496246,False,False,False,16,10590,25682,big_sur
10590_25683.png,10590_25683.png,0.0,0.0,0.0,0.3650031387805938,False,False,False,16,10590,25683,big_sur
10590_25684.png,10590_25684.png,0.0,0.0,0.0,0.3464464247226715,False,False,False,16,10590,25684,big_sur
10590_25685.png,10590_25685.png,0.0,0.0,0.0,0.3264864087104797,False,False,False,16,10590,25685,big_sur
10590_25686.png,10590_25686.png,0.0,0.0,0.0,0.3146659433841705,False,False,False,16,10590,25686,big_sur
10590_25687.png,10590_25687.png,0.0,0.0,0.0,0.3117923736572265,False,False,False,16,10590,25687,big_sur
10590_25688.png,10590_25688.png,0.0,0.0,0.0,0.3125,False,False,False,16,10590,25688,big_sur
10590_25689.png,10590_25689.png,0.0,0.0,0.0,0.3125,False,False,False,16,10590,25689,big_sur
10591_25671.png,10591_25671.png,0.0247047305107116,178.7998046875,0.0556182861328125,0.4057692289352417,False,False,False,16,10591,25671,big_sur
10591_25672.png,10591_25672.png,0.0185300588607788,209.5,0.0072479248046875,0.3756645917892456,False,False,False,16,10591,25672,big_sur
10591_25673.png,10591_25673.png,0.0187120775381724,118.30078125,0.0431365966796875,0.405327558517456,False,False,False,16,10591,25673,big_sur
10591_25674.png,10591_25674.png,0.011879755059878,137.0,0.0015869140625,0.3915363252162933,False,False,False,16,10591,25674,big_sur
10591_25675.png,10591_25675.png,0.0120275318622589,180.7001953125,0.04095458984375,0.3870424330234527,False,False,False,16,10591,25675,big_sur
10591_25676.png,10591_25676.png,0.0161448309818903,136.30078125,0.0086669921875,0.3779846131801605,False,False,False,16,10591,25676,big_sur
10591_25677.png,10591_25677.png,0.0208244303862253,194.099609375,0.017852783203125,0.3709425628185272,False,False,False,16,10591,25677,big_sur
10591_25678.png,10591_25678.png,0.0193096319834391,204.6005859375,0.0002899169921875,0.3771121501922607,False,False,False,16,10591,25678,big_sur
10591_25679.png,10591_25679.png,0.0168306708335876,183.7998046875,0.0399169921875,0.3690074682235718,False,False,False,16,10591,25679,big_sur
10591_25680.png,10591_25680.png,0.0300740182399749,122.900390625,0.0,0.369934618473053,False,False,False,16,10591,25680,big_sur
10591_25681.png,10591_25681.png,0.0137586851914723,44.099609375,0.0,0.3842628002166748,False,False,False,16,10591,25681,big_sur
10591_25682.png,10591_25682.png,0.0,0.0,0.0,0.3878515064716339,False,False,False,16,10591,25682,big_sur
10591_25683.png,10591_25683.png,0.0,0.0,0.0,0.3761621713638305,False,False,False,16,10591,25683,big_sur
10591_25684.png,10591_25684.png,0.0,0.0,0.0,0.3561221361160278,False,False,False,16,10591,25684,big_sur
10591_25685.png,10591_25685.png,0.0,0.0,0.0,0.3335717320442199,False,False,False,16,10591,25685,big_sur
10591_25686.png,10591_25686.png,0.0,0.0,0.0,0.3179372549057007,False,False,False,16,10591,25686,big_sur
10591_25687.png,10591_25687.png,0.0,0.0,0.0,0.3118555545806885,False,False,False,16,10591,25687,big_sur
10591_25688.png,10591_25688.png,0.0,0.0,0.0,0.3125,False,False,False,16,10591,25688,big_sur
10591_25689.png,10591_25689.png,0.0,0.0,0.0,0.3125,False,False,False,16,10591,25689,big_sur
10592_25671.png,10592_25671.png,0.0234547595183054,295.3994140625,0.0048675537109375,0.3740077316761017,False,False,False,16,10592,25671,big_sur
10592_25672.png,10592_25672.png,0.0238214373588562,270.5,0.0123443603515625,0.3990931212902069,False,False,False,16,10592,25672,big_sur
10592_25673.png,10592_25673.png,0.0255803326765696,147.8994140625,0.0735015869140625,0.3927076458930969,False,False,False,16,10592,25673,big_sur
10592_25674.png,10592_25674.png,0.014033747712771,166.2998046875,0.00274658203125,0.3958426117897033,False,False,False,16,10592,25674,big_sur
10592_25675.png,10592_25675.png,0.0125756690899531,181.0,0.0185089111328125,0.391444593667984,False,False,False,16,10592,25675,big_sur
10592_25676.png,10592_25676.png,0.0152379155158996,153.0,0.002532958984375,0.3523918688297272,False,False,False,16,10592,25676,big_sur
10592_25677.png,10592_25677.png,0.0194885651270548,140.599609375,0.0371246337890625,0.3694136142730713,False,False,False,16,10592,25677,big_sur
10592_25678.png,10592_25678.png,0.0199070592721303,125.5,0.0197296142578125,0.38283571600914,False,False,False,16,10592,25678,big_sur
10592_25679.png,10592_25679.png,0.0199078937371571,155.30078125,0.0083465576171875,0.3905096650123596,False,False,False,16,10592,25679,big_sur
10592_25680.png,10592_25680.png,0.0179379999637603,165.2001953125,0.0093231201171875,0.3702085018157959,False,False,False,16,10592,25680,big_sur
10592_25681.png,10592_25681.png,0.0381751577059427,134.7001953125,0.0,0.3708919882774353,False,False,False,16,10592,25681,big_sur
10592_25682.png,10592_25682.png,0.0460850556691487,135.2001953125,0.0,0.3781062066555023,False,False,False,16,10592,25682,big_sur
10592_25683.png,10592_25683.png,0.0,0.0,0.0,0.3705213069915771,False,False,False,16,10592,25683,big_sur
10592_25684.png,10592_25684.png,0.0,0.0,0.0,0.3615072965621948,False,False,False,16,10592,25684,big_sur
10592_25685.png,10592_25685.png,0.0,0.0,0.0,0.3484172224998474,False,False,False,16,10592,25685,big_sur
10592_25686.png,10592_25686.png,0.0,0.0,0.0,0.320778489112854,False,False,False,16,10592,25686,big_sur
10592_25687.png,10592_25687.png,0.0,0.0,0.0,0.3129134178161621,False,False,False,16,10592,25687,big_sur
10592_25688.png,10592_25688.png,0.0,0.0,0.0,0.3125,False,False,False,16,10592,25688,big_sur
10592_25689.png,10592_25689.png,0.0,0.0,0.0,0.3125,False,False,False,16,10592,25689,big_sur
10593_25671.png,10593_25671.png,0.0245243032773335,300.3994140625,0.0034942626953125,0.3560060858726501,False,False,False,16,10593,25671,big_sur
10593_25672.png,10593_25672.png,0.0241232673327128,267.5,0.008697509765625,0.3684824705123901,False,False,False,16,10593,25672,big_sur
10593_25673.png,10593_25673.png,0.0264178872108459,281.599609375,0.054290771484375,0.3860722482204437,False,False,False,16,10593,25673,big_sur
10593_25674.png,10593_25674.png,0.016018541653951,142.400390625,0.0283966064453125,0.4003472328186035,False,False,False,16,10593,25674,big_sur
10593_25675.png,10593_25675.png,0.01224138935407,267.2001953125,0.0043182373046875,0.4072984755039215,False,False,False,16,10593,25675,big_sur
10593_25676.png,10593_25676.png,0.0175568799177805,126.099609375,0.006683349609375,0.3770428001880646,False,False,False,16,10593,25676,big_sur
10593_25677.png,10593_25677.png,0.017182711760203,213.599609375,0.02044677734375,0.3717132210731506,False,False,False,16,10593,25677,big_sur
10593_25678.png,10593_25678.png,0.0180469512939453,173.7001953125,0.02960205078125,0.3813335001468658,False,False,False,16,10593,25678,big_sur
10593_25679.png,10593_25679.png,0.0217498044172922,141.400390625,0.01678466796875,0.3831408023834228,False,False,False,16,10593,25679,big_sur
10593_25680.png,10593_25680.png,0.0243149816989898,138.099609375,0.0636749267578125,0.3733627796173095,False,False,False,16,10593,25680,big_sur
10593_25681.png,10593_25681.png,0.0283082763353983,159.2998046875,0.0665283203125,0.3886658251285553,False,False,False,16,10593,25681,big_sur
10593_25682.png,10593_25682.png,0.0465589165687561,157.7001953125,0.0,0.3675008714199066,False,False,False,16,10593,25682,big_sur
10593_25683.png,10593_25683.png,0.0,0.0,0.0,0.3638218641281128,False,False,False,16,10593,25683,big_sur
10593_25684.png,10593_25684.png,0.0,0.0,0.0,0.3581418097019195,False,False,False,16,10593,25684,big_sur
10593_25685.png,10593_25685.png,0.0,0.0,0.0,0.3509528934955597,False,False,False,16,10593,25685,big_sur
10593_25686.png,10593_25686.png,0.0,0.0,0.0,0.3261360228061676,False,False,False,16,10593,25686,big_sur
10593_25687.png,10593_25687.png,0.0,0.0,0.0,0.313913881778717,False,False,False,16,10593,25687,big_sur
10593_25688.png,10593_25688.png,0.0,0.0,0.0,0.312576025724411,False,False,False,16,10593,25688,big_sur
10593_25689.png,10593_25689.png,0.0,0.0,0.0,0.3125,False,False,False,16,10593,25689,big_sur
10594_25671.png,10594_25671.png,0.0277643183867136,300.3994140625,0.0066070556640625,0.3719931840896606,False,False,False,16,10594,25671,big_sur
10594_25672.png,10594_25672.png,0.0320759256680806,365.8994140625,0.0243988037109375,0.3877827227115631,False,False,False,16,10594,25672,big_sur
10594_25673.png,10594_25673.png,0.0222598095734914,215.599609375,0.0372772216796875,0.4043557047843933,False,False,False,16,10594,25673,big_sur
10594_25674.png,10594_25674.png,0.0254894157250722,222.69921875,0.032135009765625,0.3996762037277221,False,False,False,16,10594,25674,big_sur
10594_25675.png,10594_25675.png,0.0324411769707997,190.7998046875,0.0621795654296875,0.4017405211925506,False,False,False,16,10594,25675,big_sur
10594_25676.png,10594_25676.png,0.0124367266893386,236.19921875,0.0048980712890625,0.3955008089542389,False,False,False,16,10594,25676,big_sur
10594_25677.png,10594_25677.png,0.0207441588242848,195.7998046875,0.0008697509765625,0.3519556820392608,False,False,False,16,10594,25677,big_sur
10594_25678.png,10594_25678.png,0.0178011337916056,209.400390625,0.010833740234375,0.3624407947063446,False,False,False,16,10594,25678,big_sur
10594_25679.png,10594_25679.png,0.0208573162555694,156.2998046875,0.0063934326171875,0.3560399413108825,False,False,False,16,10594,25679,big_sur
10594_25680.png,10594_25680.png,0.0266008039315541,162.2001953125,0.004180908203125,0.3596353828907013,False,False,False,16,10594,25680,big_sur
10594_25681.png,10594_25681.png,0.0275089760621388,147.5,0.0454254150390625,0.3892261683940887,False,False,False,16,10594,25681,big_sur
10594_25682.png,10594_25682.png,0.0373783787091573,136.0,0.0,0.3714520335197449,False,False,False,16,10594,25682,big_sur
10594_25683.png,10594_25683.png,0.0,0.0,0.0,0.3633165061473846,False,False,False,16,10594,25683,big_sur
10594_25684.png,10594_25684.png,0.0,0.0,0.0,0.3600208759307861,False,False,False,16,10594,25684,big_sur
10594_25685.png,10594_25685.png,0.0,0.0,0.0,0.3645357489585876,False,False,False,16,10594,25685,big_sur
10594_25686.png,10594_25686.png,0.0,0.0,0.0,0.3383654654026031,False,False,False,16,10594,25686,big_sur
10594_25687.png,10594_25687.png,0.0,0.0,0.0,0.3146917223930359,False,False,False,16,10594,25687,big_sur
10594_25688.png,10594_25688.png,0.0,0.0,0.0,0.3105980455875397,False,False,False,16,10594,25688,big_sur
10594_25689.png,10594_25689.png,0.0,0.0,0.0,0.3123498857021332,False,False,False,16,10594,25689,big_sur
10595_25671.png,10595_25671.png,0.0236624519030253,272.599609375,0.0086669921875,0.3729843199253082,False,False,False,16,10595,25671,big_sur
10595_25672.png,10595_25672.png,0.0254621505737304,365.2001953125,0.0013427734375,0.3605664372444153,False,False,False,16,10595,25672,big_sur
10595_25673.png,10595_25673.png,0.0305832386016845,288.2001953125,0.02716064453125,0.3805475831031799,False,False,False,16,10595,25673,big_sur
10595_25674.png,10595_25674.png,0.0236454606056213,229.5,0.0225067138671875,0.3857364058494568,False,False,False,16,10595,25674,big_sur
10595_25675.png,10595_25675.png,0.0304974794387817,146.7998046875,0.0376129150390625,0.398375004529953,False,False,False,16,10595,25675,big_sur
10595_25676.png,10595_25676.png,0.0206746041774749,209.599609375,0.0489501953125,0.3945823907852173,False,False,False,16,10595,25676,big_sur
10595_25677.png,10595_25677.png,0.0159408609072367,191.099609375,0.0034332275390625,0.352808266878128,False,False,False,16,10595,25677,big_sur
10595_25678.png,10595_25678.png,0.0214328964551289,167.7001953125,0.00567626953125,0.3492968082427978,False,False,False,16,10595,25678,big_sur
10595_25679.png,10595_25679.png,0.0178697188695271,192.7001953125,0.0202178955078125,0.3696652948856354,False,False,False,16,10595,25679,big_sur
10595_25680.png,10595_25680.png,0.0300136844317118,146.0,0.046630859375,0.3874030411243438,False,False,False,16,10595,25680,big_sur
10595_25681.png,10595_25681.png,0.0304371496041615,159.0,0.005523681640625,0.3846127092838287,False,False,False,16,10595,25681,big_sur
10595_25682.png,10595_25682.png,0.0471712470054626,173.599609375,0.0,0.3570273220539093,False,False,False,16,10595,25682,big_sur
10595_25683.png,10595_25683.png,0.0,0.0,0.0,0.356078952550888,False,False,False,16,10595,25683,big_sur
10595_25684.png,10595_25684.png,0.0,0.0,0.0,0.3709827661514282,False,False,False,16,10595,25684,big_sur
10595_25685.png,10595_25685.png,0.0,0.0,0.0,0.3743598759174347,False,False,False,16,10595,25685,big_sur
10595_25686.png,10595_25686.png,0.0,0.0,0.0,0.3523689806461334,False,False,False,16,10595,25686,big_sur
10595_25687.png,10595_25687.png,0.0,0.0,0.0,0.324522852897644,False,False,False,16,10595,25687,big_sur
10595_25688.png,10595_25688.png,0.0,0.0,0.0,0.3146331906318664,False,False,False,16,10595,25688,big_sur
10595_25689.png,10595_25689.png,0.0,0.0,0.0,0.3102070689201355,False,False,False,16,10595,25689,big_sur
10596_25671.png,10596_25671.png,0.0195984164873758,296.2998046875,0.013427734375,0.3750708699226379,False,False,False,16,10596,25671,big_sur
10596_25672.png,10596_25672.png,0.0234781404336293,329.099609375,0.0225372314453125,0.3844948709011078,False,False,False,16,10596,25672,big_sur
10596_25673.png,10596_25673.png,0.0293166180451711,333.5,0.027435302734375,0.3943140506744385,False,False,False,16,10596,25673,big_sur
10596_25674.png,10596_25674.png,0.0223331828912099,294.7998046875,0.0509490966796875,0.3938271999359131,False,False,False,16,10596,25674,big_sur
10596_25675.png,10596_25675.png,0.0251909216245015,332.0,0.04254150390625,0.380772978067398,False,False,False,16,10596,25675,big_sur
10596_25676.png,10596_25676.png,0.0322912176450093,155.2998046875,0.0491943359375,0.3912387192249298,False,False,False,16,10596,25676,big_sur
10596_25677.png,10596_25677.png,0.0218324363231658,216.0,0.065216064453125,0.38181072473526,False,False,False,16,10596,25677,big_sur
10596_25678.png,10596_25678.png,0.0239595194657643,246.6005859375,0.002197265625,0.3622786402702331,False,False,False,16,10596,25678,big_sur
10596_25679.png,10596_25679.png,0.0260251760482788,192.3994140625,0.0017547607421875,0.3535022735595703,False,False,False,16,10596,25679,big_sur
10596_25680.png,10596_25680.png,0.0257186909516652,153.099609375,0.0503997802734375,0.3792901039123535,False,False,False,16,10596,25680,big_sur
10596_25681.png,10596_25681.png,0.023929363489151,162.7998046875,0.0067901611328125,0.3735153973102569,False,False,False,16,10596,25681,big_sur
10596_25682.png,10596_25682.png,0.0432711521784464,232.8994140625,0.0,0.352045863866806,False,False,False,16,10596,25682,big_sur
10596_25683.png,10596_25683.png,0.0111489514509836,29.7998046875,0.0,0.3866376876831054,False,False,False,16,10596,25683,big_sur
10596_25684.png,10596_25684.png,0.0,0.0,0.0,0.3700146377086639,False,False,False,16,10596,25684,big_sur
10596_25685.png,10596_25685.png,0.0,0.0,0.0,0.3889752924442291,False,False,False,16,10596,25685,big_sur
10596_25686.png,10596_25686.png,0.0,0.0,0.0,0.3700966238975525,False,False,False,16,10596,25686,big_sur
10596_25687.png,10596_25687.png,0.0,0.0,0.0,0.3360205888748169,False,False,False,16,10596,25687,big_sur
10596_25688.png,10596_25688.png,0.0,0.0,0.0,0.3192791044712066,False,False,False,16,10596,25688,big_sur
10596_25689.png,10596_25689.png,0.0,0.0,0.0,0.3118267655372619,False,False,False,16,10596,25689,big_sur
10597_25671.png,10597_25671.png,0.0183533569176991,346.7998046875,0.019012451171875,0.3862942457199096,False,False,False,16,10597,25671,big_sur
10597_25672.png,10597_25672.png,0.0205137511094411,274.5,0.030548095703125,0.4022615551948547,False,False,False,16,10597,25672,big_sur
10597_25673.png,10597_25673.png,0.02211208542188,307.2998046875,0.0191497802734375,0.3755286931991577,False,False,False,16,10597,25673,big_sur
10597_25674.png,10597_25674.png,0.022850348552068,327.3994140625,0.02325439453125,0.4031272828578949,False,False,False,16,10597,25674,big_sur
10597_25675.png,10597_25675.png,0.0268540600935618,387.2998046875,0.0013885498046875,0.3611283004283905,False,False,False,16,10597,25675,big_sur
10597_25676.png,10597_25676.png,0.0300126731395721,342.099609375,0.0718231201171875,0.3689306974411011,False,False,False,16,10597,25676,big_sur
10597_25677.png,10597_25677.png,0.0271650373935699,163.7001953125,0.0,0.3777646422386169,False,False,False,16,10597,25677,big_sur
10597_25678.png,10597_25678.png,0.035801621278127,162.30078125,0.0633544921875,0.3977940678596496,False,False,False,16,10597,25678,big_sur
10597_25679.png,10597_25679.png,0.0262214998404184,216.900390625,0.00189208984375,0.3829157650470733,False,False,False,16,10597,25679,big_sur
10597_25680.png,10597_25680.png,0.0268653531869252,182.1005859375,0.0560150146484375,0.3749050796031952,False,False,False,16,10597,25680,big_sur
10597_25681.png,10597_25681.png,0.0260916670163472,190.5,0.0002288818359375,0.3612585663795471,False,False,False,16,10597,25681,big_sur
10597_25682.png,10597_25682.png,0.0238212307294209,307.900390625,0.029144287109375,0.3533435463905334,False,False,False,16,10597,25682,big_sur
10597_25683.png,10597_25683.png,0.0419968008995056,177.8994140625,0.0,0.3742104172706604,False,False,False,16,10597,25683,big_sur
10597_25684.png,10597_25684.png,0.0,0.0,0.0,0.3993805050849914,False,False,False,16,10597,25684,big_sur
10597_25685.png,10597_25685.png,0.0,0.0,0.0,0.4000754356384277,False,False,False,16,10597,25685,big_sur
10597_25686.png,10597_25686.png,0.0,0.0,0.0,0.3891665041446686,False,False,False,16,10597,25686,big_sur
10597_25687.png,10597_25687.png,0.0,0.0,0.0,0.3506150543689728,False,False,False,16,10597,25687,big_sur
10597_25688.png,10597_25688.png,0.0,0.0,0.0,0.3304043412208557,False,False,False,16,10597,25688,big_sur
10597_25689.png,10597_25689.png,0.0,0.0,0.0,0.3137726783752441,False,False,False,16,10597,25689,big_sur
10598_25671.png,10598_25671.png,0.0231948514779408,400.5,0.017425537109375,0.3648560047149658,False,False,False,16,10598,25671,big_sur
10598_25672.png,10598_25672.png,0.0203405837217966,363.2001953125,0.0196533203125,0.4002477824687958,False,False,False,16,10598,25672,big_sur
10598_25673.png,10598_25673.png,0.0260417560736338,433.2998046875,0.002899169921875,0.3723076581954956,False,False,False,16,10598,25673,big_sur
10598_25674.png,10598_25674.png,0.0246349275112152,365.2998046875,0.0024871826171875,0.3716030120849609,False,False,False,16,10598,25674,big_sur
10598_25675.png,10598_25675.png,0.0231977661450703,376.2998046875,0.01220703125,0.3625225722789764,False,False,False,16,10598,25675,big_sur
10598_25676.png,10598_25676.png,0.024903921286265,302.400390625,0.010498046875,0.3685941696166992,False,False,False,16,10598,25676,big_sur
10598_25677.png,10598_25677.png,0.0311627745628356,283.0,0.05108642578125,0.3851393163204193,False,False,False,16,10598,25677,big_sur
10598_25678.png,10598_25678.png,0.0335017045338948,198.599609375,0.041839599609375,0.3720493018627167,False,False,False,16,10598,25678,big_sur
10598_25679.png,10598_25679.png,0.0281679570674896,172.7001953125,0.0803375244140625,0.3909472525119781,False,False,False,16,10598,25679,big_sur
10598_25680.png,10598_25680.png,0.0300669809182484,172.7001953125,0.0139923095703125,0.3920615017414093,False,False,False,16,10598,25680,big_sur
10598_25681.png,10598_25681.png,0.0219281256198883,171.2001953125,0.0024261474609375,0.3716491460800171,False,False,False,16,10598,25681,big_sur
10598_25682.png,10598_25682.png,0.0308047811190287,183.7001953125,0.0009002685546875,0.3517912924289703,False,False,False,16,10598,25682,big_sur
10598_25683.png,10598_25683.png,0.0402472813924153,242.3994140625,0.0,0.367105633020401,False,False,False,16,10598,25683,big_sur
10598_25684.png,10598_25684.png,0.0010679207742214,1.099609375,0.0,0.4244003891944885,False,False,False,16,10598,25684,big_sur
10598_25685.png,10598_25685.png,0.0,0.0,0.0,0.3941565454006195,False,False,False,16,10598,25685,big_sur
10598_25686.png,10598_25686.png,0.0,0.0,0.0,0.3832749724388122,False,False,False,16,10598,25686,big_sur
10598_25687.png,10598_25687.png,0.0,0.0,0.0,0.3705251514911651,False,False,False,16,10598,25687,big_sur
10598_25688.png,10598_25688.png,0.0,0.0,0.0,0.3348138034343719,False,False,False,16,10598,25688,big_sur
10598_25689.png,10598_25689.png,0.0,0.0,0.0,0.3245241940021515,False,False,False,16,10598,25689,big_sur
10216_22808.png,10216_22808.png,0.0204848229885101,403.5,0.009674072265625,0.3907186090946197,False,False,False,16,10216,22808,olympic_peninsula
10216_22809.png,10216_22809.png,0.0191042482852935,415.900390625,0.0383758544921875,0.3853039741516113,False,False,False,16,10216,22809,olympic_peninsula
10216_22810.png,10216_22810.png,0.0244415322939554,249.8994140625,0.0147247314453125,0.3737393021583557,False,False,False,16,10216,22810,olympic_peninsula
10216_22811.png,10216_22811.png,0.0214885413646698,265.3994140625,0.004241943359375,0.3806947767734527,False,False,False,16,10216,22811,olympic_peninsula
10216_22812.png,10216_22812.png,0.0197236935297648,219.7001953125,0.002899169921875,0.3961031436920166,False,False,False,16,10216,22812,olympic_peninsula
10216_22813.png,10216_22813.png,0.023327624797821,271.1005859375,0.001495361328125,0.3980487585067749,False,False,False,16,10216,22813,olympic_peninsula
10216_22814.png,10216_22814.png,0.0163864344358444,278.7998046875,0.0102691650390625,0.3924645185470581,False,False,False,16,10216,22814,olympic_peninsula
10216_22815.png,10216_22815.png,0.0186206758022308,311.30078125,0.0071258544921875,0.3877044022083282,False,False,False,16,10216,22815,olympic_peninsula
10216_22816.png,10216_22816.png,0.0165334314107894,327.7998046875,0.029022216796875,0.3895948827266693,False,False,False,16,10216,22816,olympic_peninsula
10216_22817.png,10216_22817.png,0.0127853333950042,41.8994140625,0.0,0.3686462044715881,False,False,False,16,10216,22817,olympic_peninsula
10216_22818.png,10216_22818.png,0.0018537010997533,21.5,0.02130126953125,0.3719494640827179,False,False,False,16,10216,22818,olympic_peninsula
10216_22819.png,10216_22819.png,0.012808205684026,99.7001953125,0.0233917236328125,0.3752345144748688,False,False,False,16,10216,22819,olympic_peninsula
10216_22820.png,10216_22820.png,0.0168126940727233,99.3994140625,0.05035400390625,0.3733887374401092,False,False,False,16,10216,22820,olympic_peninsula
10216_22821.png,10216_22821.png,0.022840533653895,298.80078125,0.0909271240234375,0.3833979964256286,False,False,False,16,10216,22821,olympic_peninsula
10216_22822.png,10216_22822.png,0.0182816803455352,344.3994140625,0.0017547607421875,0.3767248392105102,False,False,False,16,10216,22822,olympic_peninsula
10216_22823.png,10216_22823.png,0.0331193168958028,263.2998046875,0.00115966796875,0.3739729523658752,False,False,False,16,10216,22823,olympic_peninsula
10216_22824.png,10216_22824.png,0.0234022696812947,235.2998046875,0.0001068115234375,0.3770120739936828,False,False,False,16,10216,22824,olympic_peninsula
10216_22825.png,10216_22825.png,0.0208708822727203,199.0,0.003814697265625,0.386267215013504,False,False,False,16,10216,22825,olympic_peninsula
10216_22826.png,10216_22826.png,0.0149931599696477,184.7998046875,0.0143585205078125,0.3896538317203522,False,False,False,16,10216,22826,olympic_peninsula
10216_22827.png,10216_22827.png,0.0211224913597106,240.2998046875,0.0009613037109375,0.3943332135677337,False,False,False,16,10216,22827,olympic_peninsula
10216_22828.png,10216_22828.png,0.0165039261182149,312.099609375,0.0052032470703125,0.3856147527694702,False,False,False,16,10216,22828,olympic_peninsula
10216_22829.png,10216_22829.png,0.0230335791905721,251.7998046875,0.0222320556640625,0.378416508436203,False,False,False,16,10216,22829,olympic_peninsula
10216_22830.png,10216_22830.png,0.0187255541483561,269.7001953125,0.0030975341796875,0.3855926394462585,False,False,False,16,10216,22830,olympic_peninsula
10217_22808.png,10217_22808.png,0.0200807313124338,225.30078125,0.0031890869140625,0.3928644061088562,False,False,False,16,10217,22808,olympic_peninsula
10217_22809.png,10217_22809.png,0.0152590463558832,297.400390625,0.0121612548828125,0.3916289806365967,False,False,False,16,10217,22809,olympic_peninsula
10217_22810.png,10217_22810.png,0.0196641127268473,196.8994140625,0.031219482421875,0.3816518783569336,False,False,False,16,10217,22810,olympic_peninsula
10217_22811.png,10217_22811.png,0.0181940654913584,294.2001953125,0.0085601806640625,0.3763167858123779,False,False,False,16,10217,22811,olympic_peninsula
10217_22812.png,10217_22812.png,0.0230442921320597,245.0,0.007110595703125,0.3928366303443908,False,False,False,16,10217,22812,olympic_peninsula
10217_22813.png,10217_22813.png,0.0202815850575764,319.3994140625,0.0099029541015625,0.4000236690044403,False,False,False,16,10217,22813,olympic_peninsula
10217_22814.png,10217_22814.png,0.022162518898646,279.099609375,0.0211334228515625,0.3899158835411072,False,False,False,16,10217,22814,olympic_peninsula
10217_22815.png,10217_22815.png,0.0193691134452819,282.7998046875,0.0119171142578125,0.3898800611495971,False,False,False,16,10217,22815,olympic_peninsula
10217_22816.png,10217_22816.png,0.0160932411750157,299.900390625,0.0142059326171875,0.3876410126686096,False,False,False,16,10217,22816,olympic_peninsula
10217_22817.png,10217_22817.png,0.019627038637797,84.2998046875,0.030731201171875,0.3711312413215637,False,False,False,16,10217,22817,olympic_peninsula
10217_22818.png,10217_22818.png,0.0020058729996283,16.900390625,0.0,0.3651236891746521,False,False,False,16,10217,22818,olympic_peninsula
10217_22819.png,10217_22819.png,0.0164174576600392,111.3994140625,0.0656280517578125,0.3700668811798095,False,False,False,16,10217,22819,olympic_peninsula
10217_22820.png,10217_22820.png,0.0118586520353953,99.900390625,0.040130615234375,0.3809733986854553,False,False,False,16,10217,22820,olympic_peninsula
10217_22821.png,10217_22821.png,0.0128693630297978,158.5,0.0767822265625,0.3803033232688904,False,False,False,16,10217,22821,olympic_peninsula
10217_22822.png,10217_22822.png,0.0189707934856414,268.400390625,0.0125274658203125,0.3789944946765899,False,False,False,16,10217,22822,olympic_peninsula
10217_22823.png,10217_22823.png,0.0223097761472066,365.400390625,0.005889892578125,0.3737483024597168,False,False,False,16,10217,22823,olympic_peninsula
10217_22824.png,10217_22824.png,0.0200197835763295,325.6005859375,0.0188140869140625,0.3794593214988708,False,False,False,16,10217,22824,olympic_peninsula
10217_22825.png,10217_22825.png,0.0212991078694661,244.099609375,0.032073974609375,0.3784677982330322,False,False,False,16,10217,22825,olympic_peninsula
10217_22826.png,10217_22826.png,0.0161363661289215,200.2998046875,0.029022216796875,0.3839694559574127,False,False,False,16,10217,22826,olympic_peninsula
10217_22827.png,10217_22827.png,0.0165539671977361,207.1005859375,0.00396728515625,0.3895227909088135,False,False,False,16,10217,22827,olympic_peninsula
10217_22828.png,10217_22828.png,0.0227287729581197,223.0,3.0517578125e-05,0.3978991508483886,False,False,False,16,10217,22828,olympic_peninsula
10217_22829.png,10217_22829.png,0.0325359880924224,349.099609375,0.0028228759765625,0.3920210897922516,False,False,False,16,10217,22829,olympic_peninsula
10217_22830.png,10217_22830.png,0.0217759211858113,356.7998046875,0.0252838134765625,0.3878898918628692,False,False,False,16,10217,22830,olympic_peninsula
10218_22808.png,10218_22808.png,0.0240828375021616,210.400390625,0.0027923583984375,0.3936954438686371,False,False,False,16,10218,22808,olympic_peninsula
10218_22809.png,10218_22809.png,0.0185573756694793,247.0,0.01629638671875,0.3922289907932281,False,False,False,16,10218,22809,olympic_peninsula
10218_22810.png,10218_22810.png,0.0248221079508463,357.7001953125,0.0322113037109375,0.3853361904621124,False,False,False,16,10218,22810,olympic_peninsula
10218_22811.png,10218_22811.png,0.0296202778816223,284.30078125,0.0193634033203125,0.3938128054141998,False,False,False,16,10218,22811,olympic_peninsula
10218_22812.png,10218_22812.png,0.0147769153118133,238.900390625,0.0298614501953125,0.4045107960700989,False,False,False,16,10218,22812,olympic_peninsula
10218_22813.png,10218_22813.png,0.0248977104822794,350.900390625,0.0008392333984375,0.3973806500434875,False,False,False,16,10218,22813,olympic_peninsula
10218_22814.png,10218_22814.png,0.0200941443443298,325.5,0.0035400390625,0.3980342149734497,False,False,False,16,10218,22814,olympic_peninsula
10218_22815.png,10218_22815.png,0.0179170509179433,275.8994140625,0.0040130615234375,0.3931590318679809,False,False,False,16,10218,22815,olympic_peninsula
10218_22816.png,10218_22816.png,0.0155342777570088,286.7001953125,0.0223846435546875,0.3906175196170807,False,False,False,16,10218,22816,olympic_peninsula
10218_22817.png,10218_22817.png,0.0201660652955373,109.900390625,0.0232696533203125,0.3758018314838409,False,False,False,16,10218,22817,olympic_peninsula
10218_22818.png,10218_22818.png,0.0035725069542725,18.0,0.0,0.3667284846305847,False,False,False,16,10218,22818,olympic_peninsula
10218_22819.png,10218_22819.png,0.0071368629733721,37.2998046875,0.0,0.3725133538246155,False,False,False,16,10218,22819,olympic_peninsula
10218_22820.png,10218_22820.png,0.0191135128339131,211.900390625,0.0093536376953125,0.3817356526851654,False,False,False,16,10218,22820,olympic_peninsula
10218_22821.png,10218_22821.png,0.018637732664744,202.30078125,0.0749664306640625,0.3811844885349273,False,False,False,16,10218,22821,olympic_peninsula
10218_22822.png,10218_22822.png,0.0142491926749547,184.5,0.0759124755859375,0.3872508704662323,False,False,False,16,10218,22822,olympic_peninsula
10218_22823.png,10218_22823.png,0.0220845719178517,236.8994140625,0.0230712890625,0.3877942562103271,False,False,False,16,10218,22823,olympic_peninsula
10218_22824.png,10218_22824.png,0.0184750278790791,334.7001953125,0.0072479248046875,0.3832555711269378,False,False,False,16,10218,22824,olympic_peninsula
10218_22825.png,10218_22825.png,0.018153174718221,337.1005859375,0.0069580078125,0.3749367892742157,False,False,False,16,10218,22825,olympic_peninsula
10218_22826.png,10218_22826.png,0.0251305202643076,280.7998046875,0.0058746337890625,0.3764916062355041,False,False,False,16,10218,22826,olympic_peninsula
10218_22827.png,10218_22827.png,0.0208288113276163,146.599609375,0.0225067138671875,0.3845388889312744,False,False,False,16,10218,22827,olympic_peninsula
10218_22828.png,10218_22828.png,0.019558709859848,245.0,0.0040130615234375,0.3882763981819153,False,False,False,16,10218,22828,olympic_peninsula
10218_22829.png,10218_22829.png,0.0187703847885131,248.7998046875,0.0218963623046875,0.3966946601867676,False,False,False,16,10218,22829,olympic_peninsula
10218_22830.png,10218_22830.png,0.0202359577020009,231.400390625,0.001708984375,0.3988960683345794,False,False,False,16,10218,22830,olympic_peninsula
10219_22808.png,10219_22808.png,0.0288276692231496,206.0,0.0015869140625,0.3987448811531067,False,False,False,16,10219,22808,olympic_peninsula
10219_22809.png,10219_22809.png,0.0215564548969268,263.900390625,0.013580322265625,0.3958391845226288,False,False,False,16,10219,22809,olympic_peninsula
10219_22810.png,10219_22810.png,0.0239107012748718,264.400390625,0.0016326904296875,0.3948378264904022,False,False,False,16,10219,22810,olympic_peninsula
10219_22811.png,10219_22811.png,0.0191025058428446,306.69921875,0.0055084228515625,0.394571840763092,False,False,False,16,10219,22811,olympic_peninsula
10219_22812.png,10219_22812.png,0.0226680954297383,285.2998046875,0.0020904541015625,0.393854022026062,False,False,False,16,10219,22812,olympic_peninsula
10219_22813.png,10219_22813.png,0.0232972423235575,275.7998046875,0.0026702880859375,0.3922359347343445,False,False,False,16,10219,22813,olympic_peninsula
10219_22814.png,10219_22814.png,0.0181963324546813,360.1005859375,0.0026397705078125,0.3973620235919952,False,False,False,16,10219,22814,olympic_peninsula
10219_22815.png,10219_22815.png,0.0143863131602605,315.599609375,0.0223388671875,0.3988998234272003,False,False,False,16,10219,22815,olympic_peninsula
10219_22816.png,10219_22816.png,0.0260405719280242,277.2998046875,0.0293121337890625,0.3877708613872528,False,False,False,16,10219,22816,olympic_peninsula
10219_22817.png,10219_22817.png,0.0243302484353383,92.6005859375,0.014007568359375,0.375771701335907,False,False,False,16,10219,22817,olympic_peninsula
10219_22818.png,10219_22818.png,0.0042122513055801,15.0,0.0,0.3763763010501861,False,False,False,16,10219,22818,olympic_peninsula
10219_22819.png,10219_22819.png,0.0068194538354873,32.2998046875,0.0,0.3639085590839386,False,False,False,16,10219,22819,olympic_peninsula
10219_22820.png,10219_22820.png,0.0248941282431284,287.7998046875,0.031219482421875,0.3761047124862671,False,False,False,16,10219,22820,olympic_peninsula
10219_22821.png,10219_22821.png,0.0163149029016494,273.8994140625,0.0019683837890625,0.3863714039325714,False,False,False,16,10219,22821,olympic_peninsula
10219_22822.png,10219_22822.png,0.0148249427477518,237.0,0.06158447265625,0.3774766325950622,False,False,False,16,10219,22822,olympic_peninsula
10219_22823.png,10219_22823.png,0.0158744543790817,115.5,0.0599365234375,0.3800687193870544,False,False,False,16,10219,22823,olympic_peninsula
10219_22824.png,10219_22824.png,0.0266951620578765,294.400390625,0.0240325927734375,0.3838387727737427,False,False,False,16,10219,22824,olympic_peninsula
10219_22825.png,10219_22825.png,0.0188413918018341,358.900390625,0.007049560546875,0.3797613978385925,False,False,False,16,10219,22825,olympic_peninsula
10219_22826.png,10219_22826.png,0.0270210623741149,270.3994140625,1.52587890625e-05,0.3722533285617828,False,False,False,16,10219,22826,olympic_peninsula
10219_22827.png,10219_22827.png,0.0131827493508656,185.900390625,0.03265380859375,0.3735907077789306,False,False,False,16,10219,22827,olympic_peninsula
10219_22828.png,10219_22828.png,0.0192623297373453,245.8994140625,0.0327301025390625,0.3852364718914032,False,False,False,16,10219,22828,olympic_peninsula
10219_22829.png,10219_22829.png,0.0177757640679677,195.5,0.072998046875,0.391016811132431,False,False,False,16,10219,22829,olympic_peninsula
10219_22830.png,10219_22830.png,0.0197480797767639,272.2001953125,0.0062103271484375,0.3891338109970093,False,False,False,16,10219,22830,olympic_peninsula
10220_22808.png,10220_22808.png,0.0193111658096313,243.7998046875,0.0351104736328125,0.3856294751167297,False,False,False,16,10220,22808,olympic_peninsula
10220_22809.png,10220_22809.png,0.0248896261056264,258.099609375,0.0454864501953125,0.3937509059906006,False,False,False,16,10220,22809,olympic_peninsula
10220_22810.png,10220_22810.png,0.0188234428564707,216.1005859375,0.001556396484375,0.3911122977733612,False,False,False,16,10220,22810,olympic_peninsula
10220_22811.png,10220_22811.png,0.0278510153293609,195.900390625,0.018646240234375,0.3864883780479431,False,False,False,16,10220,22811,olympic_peninsula
10220_22812.png,10220_22812.png,0.0242873768011728,232.099609375,0.0037994384765625,0.393249899148941,False,False,False,16,10220,22812,olympic_peninsula
10220_22813.png,10220_22813.png,0.0185558140277862,317.80078125,0.006500244140625,0.3960383832454681,False,False,False,16,10220,22813,olympic_peninsula
10220_22814.png,10220_22814.png,0.0208686987559,379.5,0.021209716796875,0.3960322737693786,False,False,False,16,10220,22814,olympic_peninsula
10220_22815.png,10220_22815.png,0.0275610168774922,415.2998046875,0.0076751708984375,0.3921319246292114,False,False,False,16,10220,22815,olympic_peninsula
10220_22816.png,10220_22816.png,0.0253750741481781,319.900390625,0.01483154296875,0.3870640099048614,False,False,False,16,10220,22816,olympic_peninsula
10220_22817.png,10220_22817.png,0.0163308590650558,62.6005859375,0.0200958251953125,0.3783646821975708,False,False,False,16,10220,22817,olympic_peninsula
10220_22818.png,10220_22818.png,0.0022412362198034,9.2998046875,0.0,0.3702286779880523,False,False,False,16,10220,22818,olympic_peninsula
10220_22819.png,10220_22819.png,0.0209179043769836,65.400390625,0.0,0.3727878928184509,False,False,False,16,10220,22819,olympic_peninsula
10220_22820.png,10220_22820.png,0.017933569351832,271.7998046875,0.01544189453125,0.3766628801822662,False,False,False,16,10220,22820,olympic_peninsula
10220_22821.png,10220_22821.png,0.0202002644538879,266.0,0.0051422119140625,0.3832166790962219,False,False,False,16,10220,22821,olympic_peninsula
10220_22822.png,10220_22822.png,0.0181238770484924,382.0,0.03253173828125,0.3886085152626037,False,False,False,16,10220,22822,olympic_peninsula
10220_22823.png,10220_22823.png,0.0169214288393656,323.30078125,0.0380401611328125,0.384353756904602,False,False,False,16,10220,22823,olympic_peninsula
10220_22824.png,10220_22824.png,0.0268226365248362,185.099609375,0.0438079833984375,0.3745740056037903,False,False,False,16,10220,22824,olympic_peninsula
10220_22825.png,10220_22825.png,0.0290311992168426,267.7001953125,0.094146728515625,0.3794123530387878,False,False,False,16,10220,22825,olympic_peninsula
10220_22826.png,10220_22826.png,0.0192392448584238,400.599609375,0.002288818359375,0.3782631456851959,False,False,False,16,10220,22826,olympic_peninsula
10220_22827.png,10220_22827.png,0.0178216914335886,302.19921875,0.001953125,0.3776488602161407,False,False,False,16,10220,22827,olympic_peninsula
10220_22828.png,10220_22828.png,0.0172374884287516,229.7001953125,0.003387451171875,0.3835141062736511,False,False,False,16,10220,22828,olympic_peninsula
10220_22829.png,10220_22829.png,0.0186746358871459,258.099609375,0.005340576171875,0.3839598298072815,False,False,False,16,10220,22829,olympic_peninsula
10220_22830.png,10220_22830.png,0.0308037420113881,261.7998046875,0.0057220458984375,0.3792655169963836,False,False,False,16,10220,22830,olympic_peninsula
10221_22808.png,10221_22808.png,0.0247559964656829,279.2001953125,0.013397216796875,0.3936038017272949,False,False,False,16,10221,22808,olympic_peninsula
10221_22809.png,10221_22809.png,0.0281629343827565,221.0,0.029541015625,0.379151701927185,False,False,False,16,10221,22809,olympic_peninsula
10221_22810.png,10221_22810.png,0.0217963675657908,242.80078125,0.00799560546875,0.3974269330501556,False,False,False,16,10221,22810,olympic_peninsula
10221_22811.png,10221_22811.png,0.021721347173055,356.69921875,6.103515625e-05,0.3941333293914795,False,False,False,16,10221,22811,olympic_peninsula
10221_22812.png,10221_22812.png,0.0205261011918385,227.0,0.001434326171875,0.3960370421409607,False,False,False,16,10221,22812,olympic_peninsula
10221_22813.png,10221_22813.png,0.0198337217171986,340.7998046875,0.021270751953125,0.3990192413330078,False,False,False,16,10221,22813,olympic_peninsula
10221_22814.png,10221_22814.png,0.0233186920483907,299.2001953125,0.0059967041015625,0.3928490877151489,False,False,False,16,10221,22814,olympic_peninsula
10221_22815.png,10221_22815.png,0.0159618655840555,323.69921875,0.0277099609375,0.3920578360557556,False,False,False,16,10221,22815,olympic_peninsula
10221_22816.png,10221_22816.png,0.0283073902130126,232.3994140625,0.0186614990234375,0.3848562240600586,False,False,False,16,10221,22816,olympic_peninsula
10221_22817.png,10221_22817.png,0.0018879684309164,13.5,0.0,0.3762856125831604,False,False,False,16,10221,22817,olympic_peninsula
10221_22818.png,10221_22818.png,0.0017595494786898,6.7998046875,0.0,0.3646174669265747,False,False,False,16,10221,22818,olympic_peninsula
10221_22819.png,10221_22819.png,0.0217428962389628,96.5,0.0,0.3778964281082153,False,False,False,16,10221,22819,olympic_peninsula
10221_22820.png,10221_22820.png,0.0185297052065531,298.8994140625,0.0119476318359375,0.378991425037384,False,False,False,16,10221,22820,olympic_peninsula
10221_22821.png,10221_22821.png,0.0171954949696858,328.900390625,0.0072784423828125,0.3746864199638366,False,False,False,16,10221,22821,olympic_peninsula
10221_22822.png,10221_22822.png,0.019163288672765,328.7001953125,0.0015716552734375,0.3915002644062042,False,False,False,16,10221,22822,olympic_peninsula
10221_22823.png,10221_22823.png,0.014770824710528,344.8994140625,0.00970458984375,0.3917968869209289,False,False,False,16,10221,22823,olympic_peninsula
10221_22824.png,10221_22824.png,0.0164782593647638,361.5,0.0167999267578125,0.3888411521911621,False,False,False,16,10221,22824,olympic_peninsula
10221_22825.png,10221_22825.png,0.025267078479131,196.099609375,0.0586700439453125,0.3802419304847717,False,False,False,16,10221,22825,olympic_peninsula
10221_22826.png,10221_22826.png,0.0335840503374735,231.3994140625,0.03875732421875,0.3783027231693268,False,False,False,16,10221,22826,olympic_peninsula
10221_22827.png,10221_22827.png,0.0190268655618031,297.599609375,0.083038330078125,0.3823270797729492,False,False,False,16,10221,22827,olympic_peninsula
10221_22828.png,10221_22828.png,0.0221459289391835,252.599609375,0.006805419921875,0.3780067563056946,False,False,False,16,10221,22828,olympic_peninsula
10221_22829.png,10221_22829.png,0.0225622196992238,248.0,0.0043792724609375,0.3753465116024017,False,False,False,16,10221,22829,olympic_peninsula
10221_22830.png,10221_22830.png,0.024694009621938,297.19921875,0.0024566650390625,0.3800934851169586,False,False,False,16,10221,22830,olympic_peninsula
10222_22808.png,10222_22808.png,0.0172114690144856,203.5,0.025543212890625,0.4024997651576996,False,False,False,16,10222,22808,olympic_peninsula
10222_22809.png,10222_22809.png,0.014932777484258,246.8994140625,0.02069091796875,0.3757027089595794,False,False,False,16,10222,22809,olympic_peninsula
10222_22810.png,10222_22810.png,0.0276843945185343,266.7001953125,0.0073089599609375,0.4039167761802673,False,False,False,16,10222,22810,olympic_peninsula
10222_22811.png,10222_22811.png,0.0201978981494903,328.6005859375,0.00592041015625,0.4007337689399719,False,False,False,16,10222,22811,olympic_peninsula
10222_22812.png,10222_22812.png,0.0291419823964436,239.0,0.0020294189453125,0.3923367261886596,False,False,False,16,10222,22812,olympic_peninsula
10222_22813.png,10222_22813.png,0.0193593959013621,355.599609375,0.005889892578125,0.3936396241188049,False,False,False,16,10222,22813,olympic_peninsula
10222_22814.png,10222_22814.png,0.0150921871264775,345.7998046875,0.0301971435546875,0.3851420879364013,False,False,False,16,10222,22814,olympic_peninsula
10222_22815.png,10222_22815.png,0.0208615481853485,347.599609375,0.0804443359375,0.3852604627609253,False,False,False,16,10222,22815,olympic_peninsula
10222_22816.png,10222_22816.png,0.0205278913180033,150.7001953125,0.018707275390625,0.3801877498626709,False,False,False,16,10222,22816,olympic_peninsula
10222_22817.png,10222_22817.png,0.0016720982889334,10.1005859375,0.0,0.384366512298584,False,False,False,16,10222,22817,olympic_peninsula
10222_22818.png,10222_22818.png,0.0017892358203728,5.1005859375,0.0,0.3757982850074768,False,False,False,16,10222,22818,olympic_peninsula
10222_22819.png,10222_22819.png,0.0194372018178304,127.400390625,0.0626220703125,0.3730446994304657,False,False,False,16,10222,22819,olympic_peninsula
10222_22820.png,10222_22820.png,0.0222004433472951,303.099609375,0.0511474609375,0.3707606792449951,False,False,False,16,10222,22820,olympic_peninsula
10222_22821.png,10222_22821.png,0.0147720028956731,303.5,0.00445556640625,0.3704515099525451,False,False,False,16,10222,22821,olympic_peninsula
10222_22822.png,10222_22822.png,0.0185161133607228,220.5,0.0024261474609375,0.3877842724323272,False,False,False,16,10222,22822,olympic_peninsula
10222_22823.png,10222_22823.png,0.0207877198855082,362.80078125,0.0304412841796875,0.3940182626247406,False,False,False,16,10222,22823,olympic_peninsula
10222_22824.png,10222_22824.png,0.0129415293534596,364.5,0.001312255859375,0.3943606615066528,False,False,False,16,10222,22824,olympic_peninsula
10222_22825.png,10222_22825.png,0.0138240267833073,321.7998046875,0.013916015625,0.3863726854324341,False,False,False,16,10222,22825,olympic_peninsula
10222_22826.png,10222_22826.png,0.0284599602222442,257.30078125,0.0784912109375,0.3806741535663605,False,False,False,16,10222,22826,olympic_peninsula
10222_22827.png,10222_22827.png,0.0214202105998992,99.599609375,0.0086517333984375,0.3766214251518249,False,False,False,16,10222,22827,olympic_peninsula
10222_22828.png,10222_22828.png,0.0328678508599599,273.2001953125,0.0352935791015625,0.3786114752292633,False,False,False,16,10222,22828,olympic_peninsula
10222_22829.png,10222_22829.png,0.0192918519179026,311.400390625,0.006011962890625,0.3783003985881805,False,False,False,16,10222,22829,olympic_peninsula
10222_22830.png,10222_22830.png,0.0237379928429921,230.8994140625,0.073272705078125,0.374180257320404,False,False,False,16,10222,22830,olympic_peninsula
10223_22808.png,10223_22808.png,0.0217407166957855,195.0,0.001556396484375,0.397437572479248,False,False,False,16,10223,22808,olympic_peninsula
10223_22809.png,10223_22809.png,0.0199509004751841,226.7998046875,0.0051422119140625,0.3815836310386657,False,False,False,16,10223,22809,olympic_peninsula
10223_22810.png,10223_22810.png,0.0223369598388671,224.1005859375,0.00225830078125,0.3977295756340027,False,False,False,16,10223,22810,olympic_peninsula
10223_22811.png,10223_22811.png,0.0226525485515594,321.900390625,0.008819580078125,0.3976988494396209,False,False,False,16,10223,22811,olympic_peninsula
10223_22812.png,10223_22812.png,0.0273663222789764,239.8994140625,0.014984130859375,0.3820586800575256,False,False,False,16,10223,22812,olympic_peninsula
10223_22813.png,10223_22813.png,0.0272419214248657,316.099609375,0.002105712890625,0.3963825106620788,False,False,False,16,10223,22813,olympic_peninsula
10223_22814.png,10223_22814.png,0.0166522314151128,340.0,0.0069580078125,0.3882124423980713,False,False,False,16,10223,22814,olympic_peninsula
10223_22815.png,10223_22815.png,0.0221960643927256,236.7998046875,0.05029296875,0.3834116756916046,False,False,False,16,10223,22815,olympic_peninsula
10223_22816.png,10223_22816.png,0.0117371062437693,98.7001953125,0.0327606201171875,0.3751187622547149,False,False,False,16,10223,22816,olympic_peninsula
10223_22817.png,10223_22817.png,0.0017726448674996,10.2998046875,0.0,0.3695244491100311,False,False,False,16,10223,22817,olympic_peninsula
10223_22818.png,10223_22818.png,0.0091940492391586,50.2001953125,0.0,0.3711740374565124,False,False,False,16,10223,22818,olympic_peninsula
10223_22819.png,10223_22819.png,0.0144913643598556,213.3994140625,0.08709716796875,0.3668987154960632,False,False,False,16,10223,22819,olympic_peninsula
10223_22820.png,10223_22820.png,0.0264468014240264,271.7001953125,0.018341064453125,0.3704610466957092,False,False,False,16,10223,22820,olympic_peninsula
10223_22821.png,10223_22821.png,0.0190922717253367,328.7998046875,0.0021514892578125,0.3735386431217193,False,False,False,16,10223,22821,olympic_peninsula
10223_22822.png,10223_22822.png,0.0139790693918863,294.400390625,0.0047760009765625,0.374920129776001,False,False,False,16,10223,22822,olympic_peninsula
10223_22823.png,10223_22823.png,0.0252729594707489,227.19921875,0.0004119873046875,0.3898749351501465,False,False,False,16,10223,22823,olympic_peninsula
10223_22824.png,10223_22824.png,0.0193091034889221,357.19921875,0.011627197265625,0.3907697200775146,False,False,False,16,10223,22824,olympic_peninsula
10223_22825.png,10223_22825.png,0.020197570323944,357.2001953125,0.0336456298828125,0.3807787597179413,False,False,False,16,10223,22825,olympic_peninsula
10223_22826.png,10223_22826.png,0.0186380704243977,418.900390625,0.01025390625,0.3866031467914581,False,False,False,16,10223,22826,olympic_peninsula
10223_22827.png,10223_22827.png,0.0246828655401865,329.2001953125,0.0766448974609375,0.3831222653388977,False,False,False,16,10223,22827,olympic_peninsula
10223_22828.png,10223_22828.png,0.0164013803005218,110.400390625,0.0117034912109375,0.374281108379364,False,False,False,16,10223,22828,olympic_peninsula
10223_22829.png,10223_22829.png,0.028415310382843,246.7998046875,0.0570068359375,0.3740029335021972,False,False,False,16,10223,22829,olympic_peninsula
10223_22830.png,10223_22830.png,0.0254848559697469,322.69921875,0.0107421875,0.3729326725006103,False,False,False,16,10223,22830,olympic_peninsula
10224_22808.png,10224_22808.png,0.0243898729483286,282.7001953125,0.0026092529296875,0.3909053206443786,False,False,False,16,10224,22808,olympic_peninsula
10224_22809.png,10224_22809.png,0.02496138215065,233.2998046875,0.02386474609375,0.385139524936676,False,False,False,16,10224,22809,olympic_peninsula
10224_22810.png,10224_22810.png,0.0275526762008667,244.0,0.0028076171875,0.3901635110378265,False,False,False,16,10224,22810,olympic_peninsula
10224_22811.png,10224_22811.png,0.0232245087623596,356.30078125,0.0139923095703125,0.3971567153930664,False,False,False,16,10224,22811,olympic_peninsula
10224_22812.png,10224_22812.png,0.0261294623215993,275.900390625,0.0200042724609375,0.3794539868831634,False,False,False,16,10224,22812,olympic_peninsula
10224_22813.png,10224_22813.png,0.0180912256240844,289.2001953125,0.0029449462890625,0.3966288566589355,False,False,False,16,10224,22813,olympic_peninsula
10224_22814.png,10224_22814.png,0.0151235063870747,362.5,0.004058837890625,0.3867410123348236,False,False,False,16,10224,22814,olympic_peninsula
10224_22815.png,10224_22815.png,0.0248096764087677,260.0,0.0597991943359375,0.3817627429962158,False,False,False,16,10224,22815,olympic_peninsula
10224_22816.png,10224_22816.png,0.0093840807676315,44.7001953125,0.0,0.3809068500995636,False,False,False,16,10224,22816,olympic_peninsula
10224_22817.png,10224_22817.png,0.0018750092635552,7.19921875,0.0,0.3719500303268432,False,False,False,16,10224,22817,olympic_peninsula
10224_22818.png,10224_22818.png,0.0197027921676635,100.5,0.0,0.3663969337940216,False,False,False,16,10224,22818,olympic_peninsula
10224_22819.png,10224_22819.png,0.0218161821365356,286.8994140625,0.0176849365234375,0.3598418235778808,False,False,False,16,10224,22819,olympic_peninsula
10224_22820.png,10224_22820.png,0.018108985821406,401.0,0.0399932861328125,0.3698355257511139,False,False,False,16,10224,22820,olympic_peninsula
10224_22821.png,10224_22821.png,0.0237999359766642,344.599609375,0.017486572265625,0.3751561939716339,False,False,False,16,10224,22821,olympic_peninsula
10224_22822.png,10224_22822.png,0.0202297310034434,318.6005859375,0.0018463134765625,0.3663579225540161,False,False,False,16,10224,22822,olympic_peninsula
10224_22823.png,10224_22823.png,0.0200529972712198,200.2998046875,0.00238037109375,0.3828460276126861,False,False,False,16,10224,22823,olympic_peninsula
10224_22824.png,10224_22824.png,0.0224598427613576,332.099609375,0.0019989013671875,0.38707035779953,False,False,False,16,10224,22824,olympic_peninsula
10224_22825.png,10224_22825.png,0.0152739346027374,385.099609375,0.0054168701171875,0.3910651206970215,False,False,False,16,10224,22825,olympic_peninsula
10224_22826.png,10224_22826.png,0.0176215549310048,351.5,0.0333404541015625,0.3847356140613556,False,False,False,16,10224,22826,olympic_peninsula
10224_22827.png,10224_22827.png,0.014616259932518,297.1005859375,0.0137481689453125,0.3835441172122955,False,False,False,16,10224,22827,olympic_peninsula
10224_22828.png,10224_22828.png,0.0250076393286387,219.099609375,0.070648193359375,0.3740274906158447,False,False,False,16,10224,22828,olympic_peninsula
10224_22829.png,10224_22829.png,0.0236563483874003,147.7001953125,0.0412445068359375,0.3704269528388977,False,False,False,16,10224,22829,olympic_peninsula
10224_22830.png,10224_22830.png,0.0211317976315816,334.599609375,0.0050506591796875,0.3704310059547424,False,False,False,16,10224,22830,olympic_peninsula
10225_22808.png,10225_22808.png,0.0139579246441523,276.7001953125,0.0118560791015625,0.374207079410553,False,False,False,16,10225,22808,olympic_peninsula
10225_22809.png,10225_22809.png,0.0225089351336161,311.599609375,0.0037841796875,0.3750844001770019,False,False,False,16,10225,22809,olympic_peninsula
10225_22810.png,10225_22810.png,0.0283520579338073,365.599609375,0.000518798828125,0.3878463804721832,False,False,False,16,10225,22810,olympic_peninsula
10225_22811.png,10225_22811.png,0.0196920196215311,342.7998046875,0.0074615478515625,0.3945521712303161,False,False,False,16,10225,22811,olympic_peninsula
10225_22812.png,10225_22812.png,0.0246918161710103,296.2998046875,0.02435302734375,0.3848044276237488,False,False,False,16,10225,22812,olympic_peninsula
10225_22813.png,10225_22813.png,0.0235871215661366,347.0,0.00726318359375,0.3851060569286346,False,False,False,16,10225,22813,olympic_peninsula
10225_22814.png,10225_22814.png,0.0165959606568018,348.099609375,0.073211669921875,0.3864534199237823,False,False,False,16,10225,22814,olympic_peninsula
10225_22815.png,10225_22815.png,0.0187058826287587,171.7998046875,0.0024566650390625,0.3758338987827301,False,False,False,16,10225,22815,olympic_peninsula
10225_22816.png,10225_22816.png,0.0055090283354123,50.5,0.0393829345703125,0.3742127418518066,False,False,False,16,10225,22816,olympic_peninsula
10225_22817.png,10225_22817.png,0.0102114588022232,29.8994140625,0.0,0.3787072300910949,False,False,False,16,10225,22817,olympic_peninsula
10225_22818.png,10225_22818.png,0.0121322701374689,164.099609375,0.0368499755859375,0.3654198944568634,False,False,False,16,10225,22818,olympic_peninsula
10225_22819.png,10225_22819.png,0.0205219984054565,278.0,0.033660888671875,0.3629049658775329,False,False,False,16,10225,22819,olympic_peninsula
10225_22820.png,10225_22820.png,0.0137975086768468,285.400390625,0.0082855224609375,0.3648502230644226,False,False,False,16,10225,22820,olympic_peninsula
10225_22821.png,10225_22821.png,0.021578566233317,244.2001953125,0.0089569091796875,0.3731007575988769,False,False,False,16,10225,22821,olympic_peninsula
10225_22822.png,10225_22822.png,0.0223475416501363,348.3994140625,0.0034637451171875,0.3756830096244812,False,False,False,16,10225,22822,olympic_peninsula
10225_22823.png,10225_22823.png,0.018603362639745,241.5,0.026641845703125,0.3807631433010101,False,False,False,16,10225,22823,olympic_peninsula
10225_22824.png,10225_22824.png,0.0224024931589762,182.2998046875,0.0048065185546875,0.3861434161663055,False,False,False,16,10225,22824,olympic_peninsula
10225_22825.png,10225_22825.png,0.0197483201821645,349.5,0.0159149169921875,0.3957651257514953,False,False,False,16,10225,22825,olympic_peninsula
10225_22826.png,10225_22826.png,0.0220481137434641,348.2001953125,0.02508544921875,0.389640599489212,False,False,False,16,10225,22826,olympic_peninsula
10225_22827.png,10225_22827.png,0.0214676817258199,359.0,0.0259552001953125,0.3817722201347351,False,False,False,16,10225,22827,olympic_peninsula
10225_22828.png,10225_22828.png,0.0143800854682922,335.900390625,0.061798095703125,0.3776368498802185,False,False,False,16,10225,22828,olympic_peninsula
10225_22829.png,10225_22829.png,0.0181727826595306,118.69921875,0.0308380126953125,0.3707229197025299,False,False,False,16,10225,22829,olympic_peninsula
10225_22830.png,10225_22830.png,0.0208797057469685,331.099609375,0.050537109375,0.3680162727832794,False,False,False,16,10225,22830,olympic_peninsula
10226_22808.png,10226_22808.png,0.0215994715690612,254.7001953125,0.015594482421875,0.374565064907074,False,False,False,16,10226,22808,olympic_peninsula
10226_22809.png,10226_22809.png,0.0294182121753692,214.900390625,0.0597381591796875,0.3525624275207519,False,False,False,16,10226,22809,olympic_peninsula
10226_22810.png,10226_22810.png,0.0260326127211252,313.599609375,0.0023956298828125,0.369852602481842,False,False,False,16,10226,22810,olympic_peninsula
10226_22811.png,10226_22811.png,0.0273288110891977,397.5,0.0092926025390625,0.3925938010215759,False,False,False,16,10226,22811,olympic_peninsula
10226_22812.png,10226_22812.png,0.0235981782277425,436.5,0.0020599365234375,0.3934846520423889,False,False,False,16,10226,22812,olympic_peninsula
10226_22813.png,10226_22813.png,0.0227029979228973,348.7998046875,0.0320281982421875,0.3883235156536102,False,False,False,16,10226,22813,olympic_peninsula
10226_22814.png,10226_22814.png,0.0182169040044148,152.2001953125,0.027435302734375,0.382651150226593,False,False,False,16,10226,22814,olympic_peninsula
10226_22815.png,10226_22815.png,0.008036695420742,74.7998046875,0.0336761474609375,0.3753594160079956,False,False,False,16,10226,22815,olympic_peninsula
10226_22816.png,10226_22816.png,0.0021131426095962,33.5,0.0055999755859375,0.3788130581378937,False,False,False,16,10226,22816,olympic_peninsula
10226_22817.png,10226_22817.png,0.0117852061986923,35.7998046875,0.0260467529296875,0.3746989965438843,False,False,False,16,10226,22817,olympic_peninsula
10226_22818.png,10226_22818.png,0.0151411145925521,218.3994140625,0.0042877197265625,0.3652395904064178,False,False,False,16,10226,22818,olympic_peninsula
10226_22819.png,10226_22819.png,0.0201267679532369,292.0,0.003875732421875,0.3673093318939209,False,False,False,16,10226,22819,olympic_peninsula
10226_22820.png,10226_22820.png,0.0189320087432861,368.80078125,0.0095672607421875,0.3709854483604431,False,False,False,16,10226,22820,olympic_peninsula
10226_22821.png,10226_22821.png,0.0162636210521062,338.7001953125,0.00128173828125,0.3740827143192291,False,False,False,16,10226,22821,olympic_peninsula
10226_22822.png,10226_22822.png,0.0264061947663625,286.7001953125,0.0038604736328125,0.3786826133728027,False,False,False,16,10226,22822,olympic_peninsula
10226_22823.png,10226_22823.png,0.0278739432493845,272.400390625,0.0075836181640625,0.3826781213283539,False,False,False,16,10226,22823,olympic_peninsula
10226_22824.png,10226_22824.png,0.0272522449493408,227.7998046875,0.051177978515625,0.3830613493919372,False,False,False,16,10226,22824,olympic_peninsula
10226_22825.png,10226_22825.png,0.0214132626851399,343.7001953125,0.00830078125,0.390647143125534,False,False,False,16,10226,22825,olympic_peninsula
10226_22826.png,10226_22826.png,0.0198607524236043,382.2001953125,0.005218505859375,0.3909282088279724,False,False,False,16,10226,22826,olympic_peninsula
10226_22827.png,10226_22827.png,0.0165443956851959,382.5,0.003753662109375,0.3915254175662994,False,False,False,16,10226,22827,olympic_peninsula
10226_22828.png,10226_22828.png,0.0257023851076761,335.7001953125,0.0302886962890625,0.3861064910888672,False,False,False,16,10226,22828,olympic_peninsula
10226_22829.png,10226_22829.png,0.0198736071586608,210.2001953125,0.016937255859375,0.3782062530517578,False,False,False,16,10226,22829,olympic_peninsula
10226_22830.png,10226_22830.png,0.0289723455905914,212.7001953125,0.0192718505859375,0.3717001676559448,False,False,False,16,10226,22830,olympic_peninsula
10227_22808.png,10227_22808.png,0.0180039266745249,252.900390625,0.0681610107421875,0.3834342062473297,False,False,False,16,10227,22808,olympic_peninsula
10227_22809.png,10227_22809.png,0.0202680051326751,277.5,0.0425567626953125,0.3704074919223785,False,False,False,16,10227,22809,olympic_peninsula
10227_22810.png,10227_22810.png,0.0247350811958312,239.8994140625,0.0003204345703125,0.3700527846813202,False,False,False,16,10227,22810,olympic_peninsula
10227_22811.png,10227_22811.png,0.029897141456604,382.7998046875,0.0023345947265625,0.3863935768604278,False,False,False,16,10227,22811,olympic_peninsula
10227_22812.png,10227_22812.png,0.0249914705753326,371.8994140625,0.0168914794921875,0.3888040781021118,False,False,False,16,10227,22812,olympic_peninsula
10227_22813.png,10227_22813.png,0.0188375890254974,316.7998046875,0.0444488525390625,0.3832672536373138,False,False,False,16,10227,22813,olympic_peninsula
10227_22814.png,10227_22814.png,0.020486028989156,169.5,0.0228118896484375,0.3796659409999847,False,False,False,16,10227,22814,olympic_peninsula
10227_22815.png,10227_22815.png,0.0060933922727902,59.099609375,0.0218963623046875,0.3843284249305725,False,False,False,16,10227,22815,olympic_peninsula
10227_22816.png,10227_22816.png,0.0023924430211385,38.099609375,0.0088958740234375,0.391215831041336,False,False,False,16,10227,22816,olympic_peninsula
10227_22817.png,10227_22817.png,0.013215081890424,58.0,0.0060882568359375,0.3667601943016052,False,False,False,16,10227,22817,olympic_peninsula
10227_22818.png,10227_22818.png,0.0119313408931096,255.5,0.0285186767578125,0.3649283647537231,False,False,False,16,10227,22818,olympic_peninsula
10227_22819.png,10227_22819.png,0.0179407060146331,289.900390625,0.0046844482421875,0.3701342344284057,False,False,False,16,10227,22819,olympic_peninsula
10227_22820.png,10227_22820.png,0.0140352616707483,269.5,0.00225830078125,0.3720524609088897,False,False,False,16,10227,22820,olympic_peninsula
10227_22821.png,10227_22821.png,0.0140155961116154,219.80078125,0.0064239501953125,0.3879172205924988,False,False,False,16,10227,22821,olympic_peninsula
10227_22822.png,10227_22822.png,0.0203902999560038,282.0,0.00384521484375,0.3892544209957123,False,False,False,16,10227,22822,olympic_peninsula
10227_22823.png,10227_22823.png,0.0186970074971516,349.599609375,0.0435333251953125,0.3855223357677459,False,False,False,16,10227,22823,olympic_peninsula
10227_22824.png,10227_22824.png,0.0246412773927052,278.2001953125,0.0009765625,0.3862213492393493,False,False,False,16,10227,22824,olympic_peninsula
10227_22825.png,10227_22825.png,0.0267516533533732,206.8994140625,0.044921875,0.3698615431785583,False,False,False,16,10227,22825,olympic_peninsula
10227_22826.png,10227_22826.png,0.0201626459757486,416.7998046875,0.0037841796875,0.3931078910827636,False,False,False,16,10227,22826,olympic_peninsula
10227_22827.png,10227_22827.png,0.0198399206002553,413.0,0.0300445556640625,0.3948203027248382,False,False,False,16,10227,22827,olympic_peninsula
10227_22828.png,10227_22828.png,0.0190240701039632,364.5,0.019744873046875,0.3901452720165252,False,False,False,16,10227,22828,olympic_peninsula
10227_22829.png,10227_22829.png,0.0211260159810384,244.099609375,0.050323486328125,0.379086971282959,False,False,False,16,10227,22829,olympic_peninsula
10227_22830.png,10227_22830.png,0.0216814537843068,93.5,0.037750244140625,0.3720018267631531,False,False,False,16,10227,22830,olympic_peninsula
10228_22808.png,10228_22808.png,0.0272802889347076,317.0,0.0003814697265625,0.3666387498378753,False,False,False,16,10228,22808,olympic_peninsula
10228_22809.png,10228_22809.png,0.0176198820273081,217.900390625,0.0011749267578125,0.3722170889377594,False,False,False,16,10228,22809,olympic_peninsula
10228_22810.png,10228_22810.png,0.0261328001817067,165.5,0.001007080078125,0.3756166100502014,False,False,False,16,10228,22810,olympic_peninsula
10228_22811.png,10228_22811.png,0.033460255463918,361.2001953125,0.0013580322265625,0.3911839723587036,False,False,False,16,10228,22811,olympic_peninsula
10228_22812.png,10228_22812.png,0.0185699800650278,397.5,0.0391998291015625,0.3931125402450561,False,False,False,16,10228,22812,olympic_peninsula
10228_22813.png,10228_22813.png,0.0187295695145924,349.3994140625,0.0084075927734375,0.3864040374755859,False,False,False,16,10228,22813,olympic_peninsula
10228_22814.png,10228_22814.png,0.0150763273239135,194.7998046875,0.005584716796875,0.3764568269252777,False,False,False,16,10228,22814,olympic_peninsula
10228_22815.png,10228_22815.png,0.0095179249842961,64.1005859375,0.0303955078125,0.3769538998603821,False,False,False,16,10228,22815,olympic_peninsula
10228_22816.png,10228_22816.png,0.0022721720238526,30.3994140625,0.02301025390625,0.3725659251213074,False,False,False,16,10228,22816,olympic_peninsula
10228_22817.png,10228_22817.png,0.0224273304144541,122.900390625,0.040679931640625,0.3675616681575775,False,False,False,16,10228,22817,olympic_peninsula
10228_22818.png,10228_22818.png,0.0119944870471954,266.7001953125,0.0232696533203125,0.3672627508640289,False,False,False,16,10228,22818,olympic_peninsula
10228_22819.png,10228_22819.png,0.0173041522502899,301.80078125,0.0327301025390625,0.3682971596717834,False,False,False,16,10228,22819,olympic_peninsula
10228_22820.png,10228_22820.png,0.020212984085083,337.0,0.0164794921875,0.3720996975898742,False,False,False,16,10228,22820,olympic_peninsula
10228_22821.png,10228_22821.png,0.0214010854562123,290.7001953125,0.0467529296875,0.3816371560096741,False,False,False,16,10228,22821,olympic_peninsula
10228_22822.png,10228_22822.png,0.0245427072048187,245.1005859375,0.043426513671875,0.3691359460353851,False,False,False,16,10228,22822,olympic_peninsula
10228_22823.png,10228_22823.png,0.0280567030111948,328.8994140625,0.0185699462890625,0.364895224571228,False,False,False,16,10228,22823,olympic_peninsula
10228_22824.png,10228_22824.png,0.033951993783315,454.2001953125,0.0133819580078125,0.3658700585365295,False,False,False,16,10228,22824,olympic_peninsula
10228_22825.png,10228_22825.png,0.0337169607480367,261.7998046875,0.0005035400390625,0.3637430071830749,False,False,False,16,10228,22825,olympic_peninsula
10228_22826.png,10228_22826.png,0.0246231913566589,369.599609375,0.0030059814453125,0.3837954103946686,False,False,False,16,10228,22826,olympic_peninsula
10228_22827.png,10228_22827.png,0.0185417334238688,397.900390625,0.007720947265625,0.3848703801631927,False,False,False,16,10228,22827,olympic_peninsula
10228_22828.png,10228_22828.png,0.0183448433876037,308.3994140625,0.019805908203125,0.3891482353210449,False,False,False,16,10228,22828,olympic_peninsula
10228_22829.png,10228_22829.png,0.019084213177363,256.099609375,0.024383544921875,0.3823138475418091,False,False,False,16,10228,22829,olympic_peninsula
10228_22830.png,10228_22830.png,0.0140104075272878,93.900390625,0.0351104736328125,0.3749224245548248,False,False,False,16,10228,22830,olympic_peninsula
10229_22808.png,10229_22808.png,0.0212533434232076,261.0,0.066314697265625,0.3549967408180237,False,False,False,16,10229,22808,olympic_peninsula
10229_22809.png,10229_22809.png,0.0332074284553527,224.2998046875,0.0085906982421875,0.3662549257278442,False,False,False,16,10229,22809,olympic_peninsula
10229_22810.png,10229_22810.png,0.0361587166786193,253.7001953125,0.012481689453125,0.3817165195941925,False,False,False,16,10229,22810,olympic_peninsula
10229_22811.png,10229_22811.png,0.030006605386734,306.0,0.00140380859375,0.3998596668243408,False,False,False,16,10229,22811,olympic_peninsula
10229_22812.png,10229_22812.png,0.0248014271259307,384.0,0.01513671875,0.4017388522624969,False,False,False,16,10229,22812,olympic_peninsula
10229_22813.png,10229_22813.png,0.0278703252474466,294.400390625,0.0588531494140625,0.393290251493454,False,False,False,16,10229,22813,olympic_peninsula
10229_22814.png,10229_22814.png,0.0169853170712788,141.5,0.0714569091796875,0.3830990791320801,False,False,False,16,10229,22814,olympic_peninsula
10229_22815.png,10229_22815.png,0.002980334063371,34.1005859375,0.0003204345703125,0.3682223856449127,False,False,False,16,10229,22815,olympic_peninsula
10229_22816.png,10229_22816.png,0.0020155658324559,22.30078125,0.024078369140625,0.3769378960132599,False,False,False,16,10229,22816,olympic_peninsula
10229_22817.png,10229_22817.png,0.0311585386594136,187.0,0.0582427978515625,0.3702756464481354,False,False,False,16,10229,22817,olympic_peninsula
10229_22818.png,10229_22818.png,0.0163200795650482,329.599609375,0.03692626953125,0.364742636680603,False,False,False,16,10229,22818,olympic_peninsula
10229_22819.png,10229_22819.png,0.0143687536319096,364.69921875,0.025177001953125,0.370172768831253,False,False,False,16,10229,22819,olympic_peninsula
10229_22820.png,10229_22820.png,0.020561667283376,406.2001953125,0.0043182373046875,0.3843292891979217,False,False,False,16,10229,22820,olympic_peninsula
10229_22821.png,10229_22821.png,0.027347445487976,431.8994140625,0.0090179443359375,0.3745087683200836,False,False,False,16,10229,22821,olympic_peninsula
10229_22822.png,10229_22822.png,0.036452039082845,400.2998046875,0.0017852783203125,0.3657545447349548,False,False,False,16,10229,22822,olympic_peninsula
10229_22823.png,10229_22823.png,0.0301465014616648,300.099609375,0.0022125244140625,0.365432471036911,False,False,False,16,10229,22823,olympic_peninsula
10229_22824.png,10229_22824.png,0.026391992966334,294.900390625,0.0265960693359375,0.374463140964508,False,False,False,16,10229,22824,olympic_peninsula
10229_22825.png,10229_22825.png,0.032041056950887,235.5,0.092010498046875,0.3552422225475311,False,False,False,16,10229,22825,olympic_peninsula
10229_22826.png,10229_22826.png,0.0221300462881724,377.6005859375,0.001800537109375,0.3824228048324585,False,False,False,16,10229,22826,olympic_peninsula
10229_22827.png,10229_22827.png,0.0208964427312215,450.5,0.0181884765625,0.3889601826667785,False,False,False,16,10229,22827,olympic_peninsula
10229_22828.png,10229_22828.png,0.018453315893809,419.30078125,0.01275634765625,0.398238331079483,False,False,False,16,10229,22828,olympic_peninsula
10229_22829.png,10229_22829.png,0.0181995670000712,340.1005859375,0.017547607421875,0.3913103342056274,False,False,False,16,10229,22829,olympic_peninsula
10229_22830.png,10229_22830.png,0.024747763077418,155.30078125,0.04571533203125,0.3815065026283264,False,False,False,16,10229,22830,olympic_peninsula
10230_22808.png,10230_22808.png,0.0226930518945058,301.2998046875,0.0007171630859375,0.3543653786182403,False,False,False,16,10230,22808,olympic_peninsula
10230_22809.png,10230_22809.png,0.0243800322214762,315.80078125,0.0140380859375,0.3564609587192535,False,False,False,16,10230,22809,olympic_peninsula
10230_22810.png,10230_22810.png,0.0279483397801717,337.7998046875,0.0022735595703125,0.3716090023517608,False,False,False,16,10230,22810,olympic_peninsula
10230_22811.png,10230_22811.png,0.032850706577301,449.5,0.0069580078125,0.3883987367153168,False,False,False,16,10230,22811,olympic_peninsula
10230_22812.png,10230_22812.png,0.0303914546966552,371.900390625,0.042938232421875,0.3939073383808136,False,False,False,16,10230,22812,olympic_peninsula
10230_22813.png,10230_22813.png,0.0325115799903869,362.5,0.0189208984375,0.3935199677944183,False,False,False,16,10230,22813,olympic_peninsula
10230_22814.png,10230_22814.png,0.0149973918994267,130.3994140625,0.02899169921875,0.3821978867053985,False,False,False,16,10230,22814,olympic_peninsula
10230_22815.png,10230_22815.png,0.0041264680524667,27.599609375,0.0279693603515625,0.3629801869392395,False,False,False,16,10230,22815,olympic_peninsula
10230_22816.png,10230_22816.png,0.0048203513026237,22.7001953125,0.0,0.3636005520820617,False,False,False,16,10230,22816,olympic_peninsula
10230_22817.png,10230_22817.png,0.0212982674439748,177.2998046875,0.0166168212890625,0.3603015840053558,False,False,False,16,10230,22817,olympic_peninsula
10230_22818.png,10230_22818.png,0.0154288570086161,294.8994140625,0.0088043212890625,0.352857381105423,False,False,False,16,10230,22818,olympic_peninsula
10230_22819.png,10230_22819.png,0.01821129322052,287.2998046875,0.004150390625,0.3613461852073669,False,False,False,16,10230,22819,olympic_peninsula
10230_22820.png,10230_22820.png,0.0143320182959238,253.599609375,0.0032958984375,0.3859276175498962,False,False,False,16,10230,22820,olympic_peninsula
10230_22821.png,10230_22821.png,0.0187246402104695,287.599609375,0.0056610107421875,0.3938172459602356,False,False,False,16,10230,22821,olympic_peninsula
10230_22822.png,10230_22822.png,0.0180327792962392,317.7001953125,0.005157470703125,0.3875203728675842,False,False,False,16,10230,22822,olympic_peninsula
10230_22823.png,10230_22823.png,0.020923626422882,309.0,0.0060272216796875,0.3792724013328552,False,False,False,16,10230,22823,olympic_peninsula
10230_22824.png,10230_22824.png,0.0216856638590494,227.1005859375,0.0326995849609375,0.3632691204547882,False,False,False,16,10230,22824,olympic_peninsula
10230_22825.png,10230_22825.png,0.0328571955362955,356.8994140625,0.0072174072265625,0.3361022472381592,False,False,False,16,10230,22825,olympic_peninsula
10230_22826.png,10230_22826.png,0.0309547285238901,264.099609375,0.018829345703125,0.3579564094543457,False,False,False,16,10230,22826,olympic_peninsula
10230_22827.png,10230_22827.png,0.0263140757878621,389.099609375,0.00439453125,0.3866356611251831,False,False,False,16,10230,22827,olympic_peninsula
10230_22828.png,10230_22828.png,0.026665061712265,413.6005859375,0.0183258056640625,0.3921308517456054,False,False,False,16,10230,22828,olympic_peninsula
10230_22829.png,10230_22829.png,0.024394812186559,363.69921875,0.0225372314453125,0.3914451897144317,False,False,False,16,10230,22829,olympic_peninsula
10230_22830.png,10230_22830.png,0.0187461912631988,190.599609375,0.0676422119140625,0.3806248903274536,False,False,False,16,10230,22830,olympic_peninsula
10231_22808.png,10231_22808.png,0.0298751195271809,289.7998046875,0.0233612060546875,0.3584963083267212,False,False,False,16,10231,22808,olympic_peninsula
10231_22809.png,10231_22809.png,0.0261247396469116,220.099609375,0.0184783935546875,0.3660592436790466,False,False,False,16,10231,22809,olympic_peninsula
10231_22810.png,10231_22810.png,0.0318751414616902,299.7001953125,0.0381317138671875,0.3708687722682953,False,False,False,16,10231,22810,olympic_peninsula
10231_22811.png,10231_22811.png,0.0273260374863942,398.7001953125,0.007080078125,0.3793786764144897,False,False,False,16,10231,22811,olympic_peninsula
10231_22812.png,10231_22812.png,0.0280358215173085,382.2001953125,0.020751953125,0.388542503118515,False,False,False,16,10231,22812,olympic_peninsula
10231_22813.png,10231_22813.png,0.0241316040356953,350.7998046875,0.049468994140625,0.3873209357261657,False,False,False,16,10231,22813,olympic_peninsula
10231_22814.png,10231_22814.png,0.016011776526769,148.7998046875,0.03973388671875,0.3790974617004394,False,False,False,16,10231,22814,olympic_peninsula
10231_22815.png,10231_22815.png,0.0057429745793342,24.19921875,0.0,0.3630337417125702,False,False,False,16,10231,22815,olympic_peninsula
10231_22816.png,10231_22816.png,0.0046826854348182,20.30078125,0.0,0.3596088588237762,False,False,False,16,10231,22816,olympic_peninsula
10231_22817.png,10231_22817.png,0.0197682698567708,133.2998046875,0.03173828125,0.3616119921207428,False,False,False,16,10231,22817,olympic_peninsula
10231_22818.png,10231_22818.png,0.0166569223006566,305.0,0.0367889404296875,0.3608990907669067,False,False,False,16,10231,22818,olympic_peninsula
10231_22819.png,10231_22819.png,0.0239766617616017,327.19921875,0.0288848876953125,0.3708354830741882,False,False,False,16,10231,22819,olympic_peninsula
10231_22820.png,10231_22820.png,0.0200760245323181,263.5,0.0300445556640625,0.3713578581809997,False,False,False,16,10231,22820,olympic_peninsula
10231_22821.png,10231_22821.png,0.0219293932120005,207.30078125,0.0577545166015625,0.3698064982891083,False,False,False,16,10231,22821,olympic_peninsula
10231_22822.png,10231_22822.png,0.0268486539522806,290.1005859375,0.0425872802734375,0.3573663234710693,False,False,False,16,10231,22822,olympic_peninsula
10231_22823.png,10231_22823.png,0.0273648897806803,401.599609375,0.049072265625,0.3561316728591919,False,False,False,16,10231,22823,olympic_peninsula
10231_22824.png,10231_22824.png,0.0347837289174397,378.400390625,0.05596923828125,0.348796010017395,False,False,False,16,10231,22824,olympic_peninsula
10231_22825.png,10231_22825.png,0.0323196907838185,377.2998046875,0.0107574462890625,0.3462555706501007,False,False,False,16,10231,22825,olympic_peninsula
10231_22826.png,10231_22826.png,0.0375142931938171,258.900390625,0.0029754638671875,0.354395717382431,False,False,False,16,10231,22826,olympic_peninsula
10231_22827.png,10231_22827.png,0.0289999326070149,428.099609375,0.018402099609375,0.3776259422302246,False,False,False,16,10231,22827,olympic_peninsula
10231_22828.png,10231_22828.png,0.0312981327374776,412.7001953125,0.0094451904296875,0.3858998417854309,False,False,False,16,10231,22828,olympic_peninsula
10231_22829.png,10231_22829.png,0.023146895567576,337.2998046875,0.031707763671875,0.3873217701911926,False,False,False,16,10231,22829,olympic_peninsula
10231_22830.png,10231_22830.png,0.0187498946984608,214.0,0.0447998046875,0.3815870881080627,False,False,False,16,10231,22830,olympic_peninsula
10232_22808.png,10232_22808.png,0.0254493157068888,205.8994140625,0.0195159912109375,0.3708975911140442,False,False,False,16,10232,22808,olympic_peninsula
10232_22809.png,10232_22809.png,0.0236087878545125,250.0,0.060028076171875,0.3883115649223327,False,False,False,16,10232,22809,olympic_peninsula
10232_22810.png,10232_22810.png,0.0145707249641418,199.599609375,0.0034027099609375,0.3892212510108948,False,False,False,16,10232,22810,olympic_peninsula
10232_22811.png,10232_22811.png,0.0410301804542541,337.7001953125,0.00262451171875,0.3794713914394378,False,False,False,16,10232,22811,olympic_peninsula
10232_22812.png,10232_22812.png,0.0201357463995615,424.7001953125,0.01397705078125,0.3870695531368255,False,False,False,16,10232,22812,olympic_peninsula
10232_22813.png,10232_22813.png,0.0301078637440999,301.2998046875,0.035552978515625,0.3893768489360809,False,False,False,16,10232,22813,olympic_peninsula
10232_22814.png,10232_22814.png,0.0151122272014617,151.8994140625,0.043731689453125,0.377194195985794,False,False,False,16,10232,22814,olympic_peninsula
10232_22815.png,10232_22815.png,0.0051508789261182,17.6005859375,0.0,0.3567136228084564,False,False,False,16,10232,22815,olympic_peninsula
10232_22816.png,10232_22816.png,0.0024129840234915,19.6005859375,0.0,0.3699554204940796,False,False,False,16,10232,22816,olympic_peninsula
10232_22817.png,10232_22817.png,0.0159199277559916,112.2998046875,0.027435302734375,0.3663384318351745,False,False,False,16,10232,22817,olympic_peninsula
10232_22818.png,10232_22818.png,0.0160607208808263,208.30078125,0.0157470703125,0.3627520799636841,False,False,False,16,10232,22818,olympic_peninsula
10232_22819.png,10232_22819.png,0.0211328526337941,267.5,0.019287109375,0.3630359768867492,False,False,False,16,10232,22819,olympic_peninsula
10232_22820.png,10232_22820.png,0.0220124085744222,279.400390625,0.002227783203125,0.3712123036384582,False,False,False,16,10232,22820,olympic_peninsula
10232_22821.png,10232_22821.png,0.0274855434894561,270.7998046875,0.003143310546875,0.376860111951828,False,False,False,16,10232,22821,olympic_peninsula
10232_22822.png,10232_22822.png,0.029799065987269,255.19921875,0.0082244873046875,0.3824145495891571,False,False,False,16,10232,22822,olympic_peninsula
10232_22823.png,10232_22823.png,0.0234748661518096,227.5,0.0033416748046875,0.3883952498435974,False,False,False,16,10232,22823,olympic_peninsula
10232_22824.png,10232_22824.png,0.031655615568161,263.7001953125,0.0029296875,0.3672526776790619,False,False,False,16,10232,22824,olympic_peninsula
10232_22825.png,10232_22825.png,0.02762198249499,258.2998046875,0.0004425048828125,0.3845983147621155,False,False,False,16,10232,22825,olympic_peninsula
10232_22826.png,10232_22826.png,0.0229182024796803,334.5,0.00732421875,0.373656153678894,False,False,False,16,10232,22826,olympic_peninsula
10232_22827.png,10232_22827.png,0.0301406721274058,359.0,0.00665283203125,0.3824832141399383,False,False,False,16,10232,22827,olympic_peninsula
10232_22828.png,10232_22828.png,0.0212121963500976,422.1005859375,0.0081024169921875,0.3951707482337951,False,False,False,16,10232,22828,olympic_peninsula
10232_22829.png,10232_22829.png,0.0170039097468058,411.900390625,0.0044403076171875,0.3964016437530517,False,False,False,16,10232,22829,olympic_peninsula
10232_22830.png,10232_22830.png,0.0208682795365651,290.0,0.029571533203125,0.3871362805366516,False,False,False,16,10232,22830,olympic_peninsula
10233_22808.png,10233_22808.png,0.0461872696876525,168.5,0.0,0.3825473189353943,False,False,False,16,10233,22808,olympic_peninsula
10233_22809.png,10233_22809.png,0.0271691183249155,258.2001953125,0.02703857421875,0.3922485113143921,False,False,False,16,10233,22809,olympic_peninsula
10233_22810.png,10233_22810.png,0.0245665192604064,248.7001953125,0.0569000244140625,0.3895630240440368,False,False,False,16,10233,22810,olympic_peninsula
10233_22811.png,10233_22811.png,0.0325267732143402,229.599609375,0.026824951171875,0.3735176622867584,False,False,False,16,10233,22811,olympic_peninsula
10233_22812.png,10233_22812.png,0.0244873543580373,478.0,0.025177001953125,0.3829896748065948,False,False,False,16,10233,22812,olympic_peninsula
10233_22813.png,10233_22813.png,0.0232551197210947,374.2001953125,0.012054443359375,0.3835234045982361,False,False,False,16,10233,22813,olympic_peninsula
10233_22814.png,10233_22814.png,0.0235883315404256,128.2998046875,0.0,0.3741016983985901,False,False,False,16,10233,22814,olympic_peninsula
10233_22815.png,10233_22815.png,0.0020770183453957,5.2998046875,0.0,0.3664810359477997,False,False,False,16,10233,22815,olympic_peninsula
10233_22816.png,10233_22816.png,0.0034373914202054,21.5,0.0,0.3803757727146148,False,False,False,16,10233,22816,olympic_peninsula
10233_22817.png,10233_22817.png,0.0102000892162323,90.7998046875,0.0421905517578125,0.3804793953895569,False,False,False,16,10233,22817,olympic_peninsula
10233_22818.png,10233_22818.png,0.0275673389434814,251.0,0.0463409423828125,0.3765017986297607,False,False,False,16,10233,22818,olympic_peninsula
10233_22819.png,10233_22819.png,0.0235435744126637,333.599609375,0.0295867919921875,0.3887964189052582,False,False,False,16,10233,22819,olympic_peninsula
10233_22820.png,10233_22820.png,0.0197557946046193,379.400390625,0.0030059814453125,0.3870968520641327,False,False,False,16,10233,22820,olympic_peninsula
10233_22821.png,10233_22821.png,0.0175456662972768,356.6005859375,0.002716064453125,0.3841242790222168,False,False,False,16,10233,22821,olympic_peninsula
10233_22822.png,10233_22822.png,0.0169232030709584,339.0,0.002532958984375,0.384632408618927,False,False,False,16,10233,22822,olympic_peninsula
10233_22823.png,10233_22823.png,0.0206880688667297,270.30078125,0.03594970703125,0.3658576607704162,False,False,False,16,10233,22823,olympic_peninsula
10233_22824.png,10233_22824.png,0.0307878971099853,286.6005859375,0.009979248046875,0.3780743181705475,False,False,False,16,10233,22824,olympic_peninsula
10233_22825.png,10233_22825.png,0.0246931473414103,231.7998046875,0.0172119140625,0.3871068954467773,False,False,False,16,10233,22825,olympic_peninsula
10233_22826.png,10233_22826.png,0.0291991035143534,272.2998046875,0.003570556640625,0.3568596243858337,False,False,False,16,10233,22826,olympic_peninsula
10233_22827.png,10233_22827.png,0.0354879299799601,298.400390625,0.0034942626953125,0.3735252916812897,False,False,False,16,10233,22827,olympic_peninsula
10233_22828.png,10233_22828.png,0.0241110861301422,404.7001953125,0.003448486328125,0.3974371254444122,False,False,False,16,10233,22828,olympic_peninsula
10233_22829.png,10233_22829.png,0.0215910673141479,345.599609375,0.0169677734375,0.3934629261493683,False,False,False,16,10233,22829,olympic_peninsula
10233_22830.png,10233_22830.png,0.0189846058686574,269.400390625,0.0035247802734375,0.3944295048713684,False,False,False,16,10233,22830,olympic_peninsula
10234_22808.png,10234_22808.png,0.0247105916341145,202.099609375,0.0263214111328125,0.3833537399768829,False,False,False,16,10234,22808,olympic_peninsula
10234_22809.png,10234_22809.png,0.0285772840181986,319.099609375,0.003448486328125,0.3793593049049377,False,False,False,16,10234,22809,olympic_peninsula
10234_22810.png,10234_22810.png,0.0274869521458943,343.30078125,0.0155181884765625,0.3869926035404205,False,False,False,16,10234,22810,olympic_peninsula
10234_22811.png,10234_22811.png,0.0407980561256408,289.5,0.0066070556640625,0.3656015694141388,False,False,False,16,10234,22811,olympic_peninsula
10234_22812.png,10234_22812.png,0.0307454228401184,486.400390625,0.0094757080078125,0.3818943500518799,False,False,False,16,10234,22812,olympic_peninsula
10234_22813.png,10234_22813.png,0.0271875619888305,398.8994140625,0.0465240478515625,0.3773228526115417,False,False,False,16,10234,22813,olympic_peninsula
10234_22814.png,10234_22814.png,0.0222843368848164,83.2998046875,0.0545654296875,0.361429214477539,False,False,False,16,10234,22814,olympic_peninsula
10234_22815.png,10234_22815.png,0.002917485187451,14.900390625,0.0,0.367402583360672,False,False,False,16,10234,22815,olympic_peninsula
10234_22816.png,10234_22816.png,0.0038333823283513,31.400390625,0.0174407958984375,0.3776359558105469,False,False,False,16,10234,22816,olympic_peninsula
10234_22817.png,10234_22817.png,0.0227480312188466,219.400390625,0.0196380615234375,0.3796822428703308,False,False,False,16,10234,22817,olympic_peninsula
10234_22818.png,10234_22818.png,0.026260882616043,254.2998046875,0.06829833984375,0.3896138966083526,False,False,False,16,10234,22818,olympic_peninsula
10234_22819.png,10234_22819.png,0.0216052591800689,299.400390625,0.034423828125,0.3825799822807312,False,False,False,16,10234,22819,olympic_peninsula
10234_22820.png,10234_22820.png,0.0213428974151611,268.400390625,0.025970458984375,0.3847339451313019,False,False,False,16,10234,22820,olympic_peninsula
10234_22821.png,10234_22821.png,0.0217851777871449,210.0,0.0385284423828125,0.3789558410644531,False,False,False,16,10234,22821,olympic_peninsula
10234_22822.png,10234_22822.png,0.0225000957647959,268.8994140625,0.0343170166015625,0.3634105324745178,False,False,False,16,10234,22822,olympic_peninsula
10234_22823.png,10234_22823.png,0.0211107889811197,331.3994140625,0.00177001953125,0.3696881532669067,False,False,False,16,10234,22823,olympic_peninsula
10234_22824.png,10234_22824.png,0.0259155352910359,226.7001953125,0.0036163330078125,0.3865912854671478,False,False,False,16,10234,22824,olympic_peninsula
10234_22825.png,10234_22825.png,0.0227703710397084,261.2998046875,0.033477783203125,0.3770480155944824,False,False,False,16,10234,22825,olympic_peninsula
10234_22826.png,10234_22826.png,0.0387161374092102,398.0,0.038238525390625,0.3511776924133301,False,False,False,16,10234,22826,olympic_peninsula
10234_22827.png,10234_22827.png,0.0345589081446329,349.8994140625,0.001434326171875,0.3618984222412109,False,False,False,16,10234,22827,olympic_peninsula
10234_22828.png,10234_22828.png,0.0246215720971425,502.7001953125,0.0048828125,0.3926832377910614,False,False,False,16,10234,22828,olympic_peninsula
10234_22829.png,10234_22829.png,0.0258808294932047,416.0,0.0372314453125,0.3913854956626892,False,False,False,16,10234,22829,olympic_peninsula
10234_22830.png,10234_22830.png,0.0177422980467478,286.7998046875,0.0173797607421875,0.3920181095600128,False,False,False,16,10234,22830,olympic_peninsula
10235_22808.png,10235_22808.png,0.024314804871877,267.099609375,0.008880615234375,0.3843902349472046,False,False,False,16,10235,22808,olympic_peninsula
10235_22809.png,10235_22809.png,0.0276163776715596,290.5,0.0113983154296875,0.3860594928264618,False,False,False,16,10235,22809,olympic_peninsula
10235_22810.png,10235_22810.png,0.0225917796293894,313.2998046875,0.042083740234375,0.3894445598125458,False,False,False,16,10235,22810,olympic_peninsula
10235_22811.png,10235_22811.png,0.0355671286582946,234.7998046875,0.040863037109375,0.3829955458641052,False,False,False,16,10235,22811,olympic_peninsula
10235_22812.png,10235_22812.png,0.0266144474347432,373.2998046875,0.019683837890625,0.390439510345459,False,False,False,16,10235,22812,olympic_peninsula
10235_22813.png,10235_22813.png,0.0200664480527242,271.3994140625,0.0310211181640625,0.3865152895450592,False,False,False,16,10235,22813,olympic_peninsula
10235_22814.png,10235_22814.png,0.0219599386056264,80.2001953125,0.009063720703125,0.3599834144115448,False,False,False,16,10235,22814,olympic_peninsula
10235_22815.png,10235_22815.png,0.0025068648159503,8.2998046875,0.0,0.3661990761756897,False,False,False,16,10235,22815,olympic_peninsula
10235_22816.png,10235_22816.png,0.0177141467730204,96.30078125,0.0,0.3770166933536529,False,False,False,16,10235,22816,olympic_peninsula
10235_22817.png,10235_22817.png,0.0149530311425526,285.400390625,0.059967041015625,0.3727505207061767,False,False,False,16,10235,22817,olympic_peninsula
10235_22818.png,10235_22818.png,0.0172980705897013,315.599609375,0.0213165283203125,0.3742237985134125,False,False,False,16,10235,22818,olympic_peninsula
10235_22819.png,10235_22819.png,0.0203839123249053,297.400390625,0.0148468017578125,0.3973634541034698,False,False,False,16,10235,22819,olympic_peninsula
10235_22820.png,10235_22820.png,0.0202088475227355,255.599609375,0.00390625,0.3897790014743805,False,False,False,16,10235,22820,olympic_peninsula
10235_22821.png,10235_22821.png,0.0161299417416254,310.1005859375,0.003936767578125,0.3923032879829407,False,False,False,16,10235,22821,olympic_peninsula
10235_22822.png,10235_22822.png,0.0179309825102488,288.599609375,0.043731689453125,0.3801946640014648,False,False,False,16,10235,22822,olympic_peninsula
10235_22823.png,10235_22823.png,0.0293884178002675,279.2001953125,0.0291290283203125,0.3754017651081085,False,False,False,16,10235,22823,olympic_peninsula
10235_22824.png,10235_22824.png,0.0226926366488138,208.7001953125,0.0589599609375,0.3762240707874298,False,False,False,16,10235,22824,olympic_peninsula
10235_22825.png,10235_22825.png,0.0196287771066029,231.0,0.0006561279296875,0.3599317669868469,False,False,False,16,10235,22825,olympic_peninsula
10235_22826.png,10235_22826.png,0.0241910715897878,338.0,0.00299072265625,0.3593119382858276,False,False,False,16,10235,22826,olympic_peninsula
10235_22827.png,10235_22827.png,0.0308148423830668,438.7001953125,0.0113372802734375,0.3570886254310608,False,False,False,16,10235,22827,olympic_peninsula
10235_22828.png,10235_22828.png,0.0271603842576344,379.8994140625,0.000762939453125,0.3882423937320709,False,False,False,16,10235,22828,olympic_peninsula
10235_22829.png,10235_22829.png,0.0237032989660898,555.599609375,0.0299072265625,0.3938131332397461,False,False,False,16,10235,22829,olympic_peninsula
10235_22830.png,10235_22830.png,0.0261950373649597,409.7001953125,0.0016021728515625,0.3937300741672516,False,False,False,16,10235,22830,olympic_peninsula
10236_22808.png,10236_22808.png,0.0228576739629109,329.5,0.021575927734375,0.3857821524143219,False,False,False,16,10236,22808,olympic_peninsula
10236_22809.png,10236_22809.png,0.0261148571968078,277.599609375,0.007904052734375,0.3813280463218689,False,False,False,16,10236,22809,olympic_peninsula
10236_22810.png,10236_22810.png,0.0227890769640604,313.7001953125,0.018463134765625,0.3833745121955871,False,False,False,16,10236,22810,olympic_peninsula
10236_22811.png,10236_22811.png,0.0237421095371246,255.7001953125,0.0066680908203125,0.3906888663768768,False,False,False,16,10236,22811,olympic_peninsula
10236_22812.png,10236_22812.png,0.0222255190213521,428.5,0.0239410400390625,0.3990552723407745,False,False,False,16,10236,22812,olympic_peninsula
10236_22813.png,10236_22813.png,0.0224191904067993,250.1005859375,0.03656005859375,0.3841210007667541,False,False,False,16,10236,22813,olympic_peninsula
10236_22814.png,10236_22814.png,0.0146814932425816,56.2998046875,0.0146484375,0.3585990667343139,False,False,False,16,10236,22814,olympic_peninsula
10236_22815.png,10236_22815.png,0.0019497878849506,7.0,0.0,0.3710285127162933,False,False,False,16,10236,22815,olympic_peninsula
10236_22816.png,10236_22816.png,0.0293109039465586,163.69921875,0.0,0.3718695938587188,False,False,False,16,10236,22816,olympic_peninsula
10236_22817.png,10236_22817.png,0.0170940299828847,385.0,0.0314788818359375,0.3743428587913513,False,False,False,16,10236,22817,olympic_peninsula
10236_22818.png,10236_22818.png,0.0167649288972218,423.5,0.013092041015625,0.373644083738327,False,False,False,16,10236,22818,olympic_peninsula
10236_22819.png,10236_22819.png,0.0186893641948699,262.0,0.0040740966796875,0.3936328589916229,False,False,False,16,10236,22819,olympic_peninsula
10236_22820.png,10236_22820.png,0.0193332215150197,286.400390625,0.00390625,0.3978628516197204,False,False,False,16,10236,22820,olympic_peninsula
10236_22821.png,10236_22821.png,0.0147088646888732,328.0,0.003570556640625,0.4045012891292572,False,False,False,16,10236,22821,olympic_peninsula
10236_22822.png,10236_22822.png,0.0152337064345677,365.599609375,0.0296173095703125,0.3951194584369659,False,False,False,16,10236,22822,olympic_peninsula
10236_22823.png,10236_22823.png,0.0242617666721344,262.7998046875,0.041259765625,0.3690360486507416,False,False,False,16,10236,22823,olympic_peninsula
10236_22824.png,10236_22824.png,0.0202096700668334,357.5,0.018646240234375,0.373292326927185,False,False,False,16,10236,22824,olympic_peninsula
10236_22825.png,10236_22825.png,0.0212598939736684,296.7001953125,0.012908935546875,0.3769453763961792,False,False,False,16,10236,22825,olympic_peninsula
10236_22826.png,10236_22826.png,0.0273905456066131,220.5,0.010955810546875,0.3668425679206848,False,False,False,16,10236,22826,olympic_peninsula
10236_22827.png,10236_22827.png,0.0237098058064778,354.7001953125,0.0086669921875,0.3603939414024353,False,False,False,16,10236,22827,olympic_peninsula
10236_22828.png,10236_22828.png,0.0573235313097635,325.5,0.0008544921875,0.3647256195545196,False,False,False,16,10236,22828,olympic_peninsula
10236_22829.png,10236_22829.png,0.0253069281578063,444.30078125,0.0048828125,0.3936305642127991,False,False,False,16,10236,22829,olympic_peninsula
10236_22830.png,10236_22830.png,0.0227227310339609,470.80078125,0.01776123046875,0.3900286257266998,False,False,False,16,10236,22830,olympic_peninsula
10237_22808.png,10237_22808.png,0.0220249950885772,375.0,0.0081329345703125,0.3914066255092621,False,False,False,16,10237,22808,olympic_peninsula
10237_22809.png,10237_22809.png,0.0281057039896647,259.3994140625,0.01336669921875,0.3967166543006897,False,False,False,16,10237,22809,olympic_peninsula
10237_22810.png,10237_22810.png,0.0281320730845133,369.0,0.0130615234375,0.3855721652507782,False,False,False,16,10237,22810,olympic_peninsula
10237_22811.png,10237_22811.png,0.0164788564046223,332.900390625,0.0170745849609375,0.3974483609199524,False,False,False,16,10237,22811,olympic_peninsula
10237_22812.png,10237_22812.png,0.0208863576253255,421.8994140625,0.0081329345703125,0.4044985175132751,False,False,False,16,10237,22812,olympic_peninsula
10237_22813.png,10237_22813.png,0.0278413434823354,153.2998046875,0.0087738037109375,0.3843055367469787,False,False,False,16,10237,22813,olympic_peninsula
10237_22814.png,10237_22814.png,0.0023204992214838,11.8994140625,0.0,0.3617878556251526,False,False,False,16,10237,22814,olympic_peninsula
10237_22815.png,10237_22815.png,0.0027322712043921,15.7998046875,0.0,0.364016056060791,False,False,False,16,10237,22815,olympic_peninsula
10237_22816.png,10237_22816.png,0.0330481052398681,251.5,0.0879058837890625,0.372762382030487,False,False,False,16,10237,22816,olympic_peninsula
10237_22817.png,10237_22817.png,0.019497408469518,344.5,0.0074920654296875,0.3721457123756408,False,False,False,16,10237,22817,olympic_peninsula
10237_22818.png,10237_22818.png,0.0151633332173029,277.6005859375,0.0091400146484375,0.376141756772995,False,False,False,16,10237,22818,olympic_peninsula
10237_22819.png,10237_22819.png,0.0204017023245493,201.7998046875,0.002899169921875,0.394478440284729,False,False,False,16,10237,22819,olympic_peninsula
10237_22820.png,10237_22820.png,0.0210400958855946,213.30078125,0.002197265625,0.3830117285251617,False,False,False,16,10237,22820,olympic_peninsula
10237_22821.png,10237_22821.png,0.0252748946348826,204.0,0.0012054443359375,0.393445611000061,False,False,False,16,10237,22821,olympic_peninsula
10237_22822.png,10237_22822.png,0.015696308016777,310.900390625,0.0078277587890625,0.3909144997596741,False,False,False,16,10237,22822,olympic_peninsula
10237_22823.png,10237_22823.png,0.0271555185317993,289.1005859375,0.0077056884765625,0.3729920983314514,False,False,False,16,10237,22823,olympic_peninsula
10237_22824.png,10237_22824.png,0.0242699642976125,278.7998046875,0.001556396484375,0.3647183775901794,False,False,False,16,10237,22824,olympic_peninsula
10237_22825.png,10237_22825.png,0.0365126887957255,264.8994140625,0.0356597900390625,0.3775753378868103,False,False,False,16,10237,22825,olympic_peninsula
10237_22826.png,10237_22826.png,0.025821308294932,276.599609375,0.0048980712890625,0.3766124546527862,False,False,False,16,10237,22826,olympic_peninsula
10237_22827.png,10237_22827.png,0.0301079432169596,372.599609375,0.0021209716796875,0.3677886128425598,False,False,False,16,10237,22827,olympic_peninsula
10237_22828.png,10237_22828.png,0.0276187817255655,361.2998046875,0.0234222412109375,0.3707010447978973,False,False,False,16,10237,22828,olympic_peninsula
10237_22829.png,10237_22829.png,0.0268242835998535,353.2001953125,0.0030059814453125,0.3786400556564331,False,False,False,16,10237,22829,olympic_peninsula
10237_22830.png,10237_22830.png,0.022246911128362,426.099609375,0.02215576171875,0.3945946991443634,False,False,False,16,10237,22830,olympic_peninsula
10238_22808.png,10238_22808.png,0.0203930497169494,390.5,0.011962890625,0.4009867310523987,False,False,False,16,10238,22808,olympic_peninsula
10238_22809.png,10238_22809.png,0.0213094274202982,274.400390625,0.006744384765625,0.3982124030590057,False,False,False,16,10238,22809,olympic_peninsula
10238_22810.png,10238_22810.png,0.0313831031322479,343.7998046875,0.02679443359375,0.39139524102211,False,False,False,16,10238,22810,olympic_peninsula
10238_22811.png,10238_22811.png,0.0271646479765574,257.7998046875,0.0243377685546875,0.3886036574840545,False,False,False,16,10238,22811,olympic_peninsula
10238_22812.png,10238_22812.png,0.0185296634833018,306.2998046875,0.0407257080078125,0.394086629152298,False,False,False,16,10238,22812,olympic_peninsula
10238_22813.png,10238_22813.png,0.0140082786480585,73.2001953125,0.02587890625,0.3827721774578094,False,False,False,16,10238,22813,olympic_peninsula
10238_22814.png,10238_22814.png,0.0038661070168018,30.7998046875,0.034088134765625,0.3626922369003296,False,False,False,16,10238,22814,olympic_peninsula
10238_22815.png,10238_22815.png,0.012465496857961,58.3994140625,0.0,0.3671898245811462,False,False,False,16,10238,22815,olympic_peninsula
10238_22816.png,10238_22816.png,0.0189473271369934,319.0,0.020904541015625,0.3748491704463959,False,False,False,16,10238,22816,olympic_peninsula
10238_22817.png,10238_22817.png,0.0160594364007314,352.400390625,0.00469970703125,0.378071129322052,False,False,False,16,10238,22817,olympic_peninsula
10238_22818.png,10238_22818.png,0.0191368321577707,230.2998046875,0.0385284423828125,0.3768991529941559,False,False,False,16,10238,22818,olympic_peninsula
10238_22819.png,10238_22819.png,0.0179698129494984,195.0,0.007781982421875,0.3769904971122741,False,False,False,16,10238,22819,olympic_peninsula
10238_22820.png,10238_22820.png,0.0209131777286529,219.900390625,0.0554351806640625,0.3653177320957184,False,False,False,16,10238,22820,olympic_peninsula
10238_22821.png,10238_22821.png,0.0224617103735605,269.1005859375,0.0186920166015625,0.3773150444030761,False,False,False,16,10238,22821,olympic_peninsula
10238_22822.png,10238_22822.png,0.0186174770196278,379.599609375,0.0275726318359375,0.3933508396148681,False,False,False,16,10238,22822,olympic_peninsula
10238_22823.png,10238_22823.png,0.0134580274422963,329.599609375,0.005340576171875,0.3887355923652649,False,False,False,16,10238,22823,olympic_peninsula
10238_22824.png,10238_22824.png,0.0208393990993499,218.6005859375,0.0292205810546875,0.382108986377716,False,False,False,16,10238,22824,olympic_peninsula
10238_22825.png,10238_22825.png,0.0271572212378184,270.900390625,0.0632781982421875,0.3900104463100433,False,False,False,16,10238,22825,olympic_peninsula
10238_22826.png,10238_22826.png,0.0329117635885874,240.7001953125,0.0433502197265625,0.3789282441139221,False,False,False,16,10238,22826,olympic_peninsula
10238_22827.png,10238_22827.png,0.0247215171655019,328.0,0.0052642822265625,0.3750430941581726,False,False,False,16,10238,22827,olympic_peninsula
10238_22828.png,10238_22828.png,0.0325157026449839,365.2998046875,0.0006561279296875,0.3591212034225464,False,False,False,16,10238,22828,olympic_peninsula
10238_22829.png,10238_22829.png,0.0267939666906992,277.5,0.004486083984375,0.3585457801818847,False,False,False,16,10238,22829,olympic_peninsula
10238_22830.png,10238_22830.png,0.02500954469045,341.5,1.52587890625e-05,0.3866409063339233,False,False,False,16,10238,22830,olympic_peninsula
10239_22808.png,10239_22808.png,0.0233937958876291,398.7001953125,0.0016326904296875,0.4112860262393951,False,False,False,16,10239,22808,olympic_peninsula
10239_22809.png,10239_22809.png,0.0190432051817576,277.400390625,0.032623291015625,0.4113551378250122,False,False,False,16,10239,22809,olympic_peninsula
10239_22810.png,10239_22810.png,0.0199687798817952,306.400390625,0.0046234130859375,0.4040722846984863,False,False,False,16,10239,22810,olympic_peninsula
10239_22811.png,10239_22811.png,0.0240363101164499,284.6005859375,0.0203704833984375,0.3942369222640991,False,False,False,16,10239,22811,olympic_peninsula
10239_22812.png,10239_22812.png,0.0276654005050659,197.2001953125,0.0649566650390625,0.3922415673732757,False,False,False,16,10239,22812,olympic_peninsula
10239_22813.png,10239_22813.png,0.0054978971680005,44.7998046875,0.003875732421875,0.3855069279670715,False,False,False,16,10239,22813,olympic_peninsula
10239_22814.png,10239_22814.png,0.0066946864128112,32.7001953125,0.01593017578125,0.3668416142463684,False,False,False,16,10239,22814,olympic_peninsula
10239_22815.png,10239_22815.png,0.0226093232631683,116.7001953125,0.0074310302734375,0.371245414018631,False,False,False,16,10239,22815,olympic_peninsula
10239_22816.png,10239_22816.png,0.0172209282716115,352.7998046875,0.027557373046875,0.3698160052299499,False,False,False,16,10239,22816,olympic_peninsula
10239_22817.png,10239_22817.png,0.017499683300654,308.7001953125,0.002838134765625,0.3745893537998199,False,False,False,16,10239,22817,olympic_peninsula
10239_22818.png,10239_22818.png,0.0212606747945149,284.0,0.0046539306640625,0.3811162114143371,False,False,False,16,10239,22818,olympic_peninsula
10239_22819.png,10239_22819.png,0.0243449131647745,360.0,0.0034027099609375,0.3821242153644562,False,False,False,16,10239,22819,olympic_peninsula
10239_22820.png,10239_22820.png,0.0360037287076314,356.7001953125,0.0568389892578125,0.3625468313694,False,False,False,16,10239,22820,olympic_peninsula
10239_22821.png,10239_22821.png,0.0281414667765299,225.5,0.0013580322265625,0.3751165270805359,False,False,False,16,10239,22821,olympic_peninsula
10239_22822.png,10239_22822.png,0.032561175028483,287.0,1.52587890625e-05,0.3898023068904876,False,False,False,16,10239,22822,olympic_peninsula
10239_22823.png,10239_22823.png,0.0312021454175313,336.5,0.0027008056640625,0.3874154686927795,False,False,False,16,10239,22823,olympic_peninsula
10239_22824.png,10239_22824.png,0.0181828518708546,388.0,0.0737762451171875,0.389432430267334,False,False,False,16,10239,22824,olympic_peninsula
10239_22825.png,10239_22825.png,0.0233532627423604,232.3994140625,0.0204620361328125,0.3896237015724182,False,False,False,16,10239,22825,olympic_peninsula
10239_22826.png,10239_22826.png,0.0252102613449096,250.900390625,0.0211181640625,0.385880172252655,False,False,False,16,10239,22826,olympic_peninsula
10239_22827.png,10239_22827.png,0.0330830673376719,185.099609375,0.045257568359375,0.3781864643096924,False,False,False,16,10239,22827,olympic_peninsula
10239_22828.png,10239_22828.png,0.0235494375228881,301.2001953125,0.0330352783203125,0.3608099818229675,False,False,False,16,10239,22828,olympic_peninsula
10239_22829.png,10239_22829.png,0.0371052702267964,223.2998046875,0.0015106201171875,0.3557975590229034,False,False,False,16,10239,22829,olympic_peninsula
10239_22830.png,10239_22830.png,0.0332096815109252,145.7998046875,0.0015869140625,0.3643196523189544,False,False,False,16,10239,22830,olympic_peninsula
10240_22808.png,10240_22808.png,0.025783892472585,365.599609375,0.018768310546875,0.3933520913124084,False,False,False,16,10240,22808,olympic_peninsula
10240_22809.png,10240_22809.png,0.02351482907931,311.0,0.01947021484375,0.4043515920639038,False,False,False,16,10240,22809,olympic_peninsula
10240_22810.png,10240_22810.png,0.021892903248469,343.1005859375,0.02001953125,0.400041788816452,False,False,False,16,10240,22810,olympic_peninsula
10240_22811.png,10240_22811.png,0.0167942106723785,247.7998046875,0.0085601806640625,0.3967056572437286,False,False,False,16,10240,22811,olympic_peninsula
10240_22812.png,10240_22812.png,0.0327495197455088,172.400390625,0.02130126953125,0.393897533416748,False,False,False,16,10240,22812,olympic_peninsula
10240_22813.png,10240_22813.png,0.0055733208854993,40.8994140625,0.005279541015625,0.3875862658023834,False,False,False,16,10240,22813,olympic_peninsula
10240_22814.png,10240_22814.png,0.0047931144634882,26.900390625,0.0,0.3748020827770233,False,False,False,16,10240,22814,olympic_peninsula
10240_22815.png,10240_22815.png,0.026664791504542,195.099609375,0.05975341796875,0.374632328748703,False,False,False,16,10240,22815,olympic_peninsula
10240_22816.png,10240_22816.png,0.0190712292989095,323.400390625,0.00885009765625,0.373974472284317,False,False,False,16,10240,22816,olympic_peninsula
10240_22817.png,10240_22817.png,0.0160070687532424,288.2998046875,0.00341796875,0.3782187402248382,False,False,False,16,10240,22817,olympic_peninsula
10240_22818.png,10240_22818.png,0.0199246883392333,216.80078125,0.0052642822265625,0.3798680305480957,False,False,False,16,10240,22818,olympic_peninsula
10240_22819.png,10240_22819.png,0.0290708859761556,273.2001953125,0.021728515625,0.3636866807937622,False,False,False,16,10240,22819,olympic_peninsula
10240_22820.png,10240_22820.png,0.027072787284851,235.599609375,0.003631591796875,0.3753542304039001,False,False,False,16,10240,22820,olympic_peninsula
10240_22821.png,10240_22821.png,0.023581713438034,268.599609375,0.0262603759765625,0.3914268612861633,False,False,False,16,10240,22821,olympic_peninsula
10240_22822.png,10240_22822.png,0.0290095667044321,227.7001953125,0.00048828125,0.3790297508239746,False,False,False,16,10240,22822,olympic_peninsula
10240_22823.png,10240_22823.png,0.0289036234219868,168.900390625,0.006744384765625,0.3729437589645386,False,False,False,16,10240,22823,olympic_peninsula
10240_22824.png,10240_22824.png,0.0291474342346191,341.2001953125,0.00225830078125,0.3757103681564331,False,False,False,16,10240,22824,olympic_peninsula
10240_22825.png,10240_22825.png,0.0289351125558217,354.900390625,0.0158538818359375,0.3886468410491943,False,False,False,16,10240,22825,olympic_peninsula
10240_22826.png,10240_22826.png,0.0289385477701822,358.2998046875,0.055084228515625,0.370971143245697,False,False,False,16,10240,22826,olympic_peninsula
10240_22827.png,10240_22827.png,0.0299331982930501,345.599609375,0.0184173583984375,0.3669464588165283,False,False,False,16,10240,22827,olympic_peninsula
10240_22828.png,10240_22828.png,0.0300734480222066,312.599609375,0.01043701171875,0.3631592988967895,False,False,False,16,10240,22828,olympic_peninsula
10240_22829.png,10240_22829.png,0.0316356142361958,237.80078125,0.0103912353515625,0.3534665107727051,False,False,False,16,10240,22829,olympic_peninsula
10240_22830.png,10240_22830.png,0.0187417924404144,98.5,0.0,0.3461193740367889,False,False,False,16,10240,22830,olympic_peninsula
19073_24793.png,19073_24793.png,0.0191921631495157,74.900390625,0.0670166015625,0.3717389106750488,False,False,False,16,19073,24793,philadelphia
19073_24794.png,19073_24794.png,0.0114930937687555,78.099609375,0.0006866455078125,0.366698294878006,False,False,False,16,19073,24794,philadelphia
19073_24795.png,19073_24795.png,0.0142085820436477,78.0,0.0012359619140625,0.3662717938423157,False,False,False,16,19073,24795,philadelphia
19073_24796.png,19073_24796.png,0.0117771218220392,52.2998046875,0.001251220703125,0.3685566186904907,False,False,False,16,19073,24796,philadelphia
19073_24797.png,19073_24797.png,0.0126232763131459,58.400390625,0.0042724609375,0.3709224760532379,False,False,False,16,19073,24797,philadelphia
19073_24798.png,19073_24798.png,0.0061078086495399,31.599609375,0.0008544921875,0.3540880382061004,False,False,False,16,19073,24798,philadelphia
19073_24799.png,19073_24799.png,0.0090070148309071,42.2998046875,0.0083160400390625,0.3487918972969055,False,False,False,16,19073,24799,philadelphia
19073_24800.png,19073_24800.png,0.0050976182023684,26.2001953125,0.00054931640625,0.344717264175415,False,False,False,16,19073,24800,philadelphia
19073_24801.png,19073_24801.png,0.0059128016233444,27.599609375,0.000335693359375,0.3445354402065277,False,False,False,16,19073,24801,philadelphia
19073_24802.png,19073_24802.png,0.0089884420235951,45.6005859375,0.0010833740234375,0.3479122519493103,False,False,False,16,19073,24802,philadelphia
19073_24803.png,19073_24803.png,0.0091728538274765,60.7001953125,0.0189666748046875,0.340160459280014,False,False,False,16,19073,24803,philadelphia
19073_24804.png,19073_24804.png,0.0153696507215499,48.099609375,0.0,0.3427145481109619,False,False,False,16,19073,24804,philadelphia
19073_24805.png,19073_24805.png,0.0139062156279881,71.7998046875,0.0043487548828125,0.370597630739212,False,False,False,16,19073,24805,philadelphia
19073_24806.png,19073_24806.png,0.0099858899911244,30.0,0.0043487548828125,0.3698703646659851,False,False,False,16,19073,24806,philadelphia
19074_24793.png,19074_24793.png,0.0171167115370432,85.099609375,0.007904052734375,0.3668791353702545,False,False,False,16,19074,24793,philadelphia
19074_24794.png,19074_24794.png,0.0217136522134145,77.8994140625,0.0577392578125,0.3700329959392547,False,False,False,16,19074,24794,philadelphia
19074_24795.png,19074_24795.png,0.0201863129933675,72.2001953125,0.03607177734375,0.3707926273345947,False,False,False,16,19074,24795,philadelphia
19074_24796.png,19074_24796.png,0.0206375877062479,64.400390625,0.0418853759765625,0.3723372519016266,False,False,False,16,19074,24796,philadelphia
19074_24797.png,19074_24797.png,0.0150688141584396,75.099609375,0.01287841796875,0.3734450042247772,False,False,False,16,19074,24797,philadelphia
19074_24798.png,19074_24798.png,0.0087047815322875,51.5,0.0003204345703125,0.3617918491363525,False,False,False,16,19074,24798,philadelphia
19074_24799.png,19074_24799.png,0.0089216788609822,43.2998046875,0.011383056640625,0.3458989262580871,False,False,False,16,19074,24799,philadelphia
19074_24800.png,19074_24800.png,0.0124823023875554,47.900390625,0.0065765380859375,0.3601593673229217,False,False,False,16,19074,24800,philadelphia
19074_24801.png,19074_24801.png,0.0062052195270856,18.1005859375,0.0002288818359375,0.3515614867210388,False,False,False,16,19074,24801,philadelphia
19074_24802.png,19074_24802.png,0.0078937555352846,34.900390625,0.00018310546875,0.3460865318775177,False,False,False,16,19074,24802,philadelphia
19074_24803.png,19074_24803.png,0.0112993111213048,56.3994140625,0.00030517578125,0.3456773459911346,False,False,False,16,19074,24803,philadelphia
19074_24804.png,19074_24804.png,0.0134661595026652,74.099609375,0.02398681640625,0.3403646051883697,False,False,False,16,19074,24804,philadelphia
19074_24805.png,19074_24805.png,0.0185398300488789,66.099609375,0.087615966796875,0.3560770750045776,False,False,False,16,19074,24805,philadelphia
19074_24806.png,19074_24806.png,0.0111240863800048,39.900390625,0.0003204345703125,0.3720446825027466,False,False,False,16,19074,24806,philadelphia
19075_24793.png,19075_24793.png,0.009940896431605,41.7001953125,0.0008392333984375,0.3648979067802429,False,False,False,16,19075,24793,philadelphia
19075_24794.png,19075_24794.png,0.0142200708389282,59.7001953125,0.0014801025390625,0.3731870949268341,False,False,False,16,19075,24794,philadelphia
19075_24795.png,19075_24795.png,0.0086730311314264,34.3994140625,0.0024566650390625,0.3676707744598388,False,False,False,16,19075,24795,philadelphia
19075_24796.png,19075_24796.png,0.016543236374855,60.7001953125,0.0021514892578125,0.3681768774986267,False,False,False,16,19075,24796,philadelphia
19075_24797.png,19075_24797.png,0.0164867570002873,57.7998046875,0.0377960205078125,0.3686264157295227,False,False,False,16,19075,24797,philadelphia
19075_24798.png,19075_24798.png,0.0214356005191803,67.7998046875,0.0328826904296875,0.3677141666412353,False,False,False,16,19075,24798,philadelphia
19075_24799.png,19075_24799.png,0.0155493666728337,66.3994140625,0.0061798095703125,0.3706417083740234,False,False,False,16,19075,24799,philadelphia
19075_24800.png,19075_24800.png,0.0168621321519215,60.3994140625,0.007293701171875,0.3678664863109588,False,False,False,16,19075,24800,philadelphia
19075_24801.png,19075_24801.png,0.0054408773779869,28.599609375,0.00213623046875,0.3516641855239868,False,False,False,16,19075,24801,philadelphia
19075_24802.png,19075_24802.png,0.0039132222533226,18.8994140625,0.0,0.3451376557350158,False,False,False,16,19075,24802,philadelphia
19075_24803.png,19075_24803.png,0.0028820266326268,16.7001953125,0.00567626953125,0.3412026762962341,False,False,False,16,19075,24803,philadelphia
19075_24804.png,19075_24804.png,0.0107987185319264,55.5,0.0001373291015625,0.3405291438102722,False,False,False,16,19075,24804,philadelphia
19075_24805.png,19075_24805.png,0.0118933320045471,69.2998046875,0.0619049072265625,0.3393551111221313,False,False,False,16,19075,24805,philadelphia
19075_24806.png,19075_24806.png,0.0196435650189717,65.099609375,0.0,0.3507433831691742,False,False,False,16,19075,24806,philadelphia
19076_24793.png,19076_24793.png,0.0081688746809959,22.900390625,0.0026092529296875,0.3644693195819855,False,False,False,16,19076,24793,philadelphia
19076_24794.png,19076_24794.png,0.0056499943137168,22.7998046875,0.001739501953125,0.3696697056293487,False,False,False,16,19076,24794,philadelphia
19076_24795.png,19076_24795.png,0.0058732365568478,16.599609375,0.0,0.3585723638534546,False,False,False,16,19076,24795,philadelphia
19076_24796.png,19076_24796.png,0.0093034952878952,39.2998046875,0.0002899169921875,0.3693715929985046,False,False,False,16,19076,24796,philadelphia
19076_24797.png,19076_24797.png,0.0163370370864868,60.2001953125,0.007965087890625,0.3728271424770355,False,False,False,16,19076,24797,philadelphia
19076_24798.png,19076_24798.png,0.0125129093726476,68.0,0.0060882568359375,0.3707154095172882,False,False,False,16,19076,24798,philadelphia
19076_24799.png,19076_24799.png,0.018106456597646,79.1005859375,0.0225372314453125,0.3672808110713959,False,False,False,16,19076,24799,philadelphia
19076_24800.png,19076_24800.png,0.0167606949806213,54.400390625,0.0255126953125,0.3690797388553619,False,False,False,16,19076,24800,philadelphia
19076_24801.png,19076_24801.png,0.0185450951258341,73.2001953125,0.0209197998046875,0.3681184649467468,False,False,False,16,19076,24801,philadelphia
19076_24802.png,19076_24802.png,0.0169760783513387,63.0,0.00018310546875,0.3577826023101806,False,False,False,16,19076,24802,philadelphia
19076_24803.png,19076_24803.png,0.0029897280037403,13.900390625,0.0046844482421875,0.3443475067615509,False,False,False,16,19076,24803,philadelphia
19076_24804.png,19076_24804.png,0.0038330189883708,21.5,0.0003814697265625,0.3426989614963531,False,False,False,16,19076,24804,philadelphia
19076_24805.png,19076_24805.png,0.0077385296424229,48.7998046875,0.0009613037109375,0.3435083627700805,False,False,False,16,19076,24805,philadelphia
19076_24806.png,19076_24806.png,0.0125535666942596,57.69921875,0.0343017578125,0.3425222635269165,False,False,False,16,19076,24806,philadelphia
19077_24793.png,19077_24793.png,0.0034398170808951,25.400390625,0.0049591064453125,0.3635177314281463,False,False,False,16,19077,24793,philadelphia
19077_24794.png,19077_24794.png,0.0038668389121691,23.2998046875,0.0034637451171875,0.3671046495437622,False,False,False,16,19077,24794,philadelphia
19077_24795.png,19077_24795.png,0.0057658672332763,27.2998046875,0.0,0.3673227727413177,False,False,False,16,19077,24795,philadelphia
19077_24796.png,19077_24796.png,0.0096054206291834,40.7001953125,0.0078277587890625,0.3709489703178406,False,False,False,16,19077,24796,philadelphia
19077_24797.png,19077_24797.png,0.0144073317448298,52.8994140625,0.004425048828125,0.374415248632431,False,False,False,16,19077,24797,philadelphia
19077_24798.png,19077_24798.png,0.0049926072359085,30.7998046875,0.0012664794921875,0.3694024682044983,False,False,False,16,19077,24798,philadelphia
19077_24799.png,19077_24799.png,0.0064985086520512,34.7998046875,0.0035400390625,0.3672341108322143,False,False,False,16,19077,24799,philadelphia
19077_24800.png,19077_24800.png,0.0097028285264968,45.2001953125,0.0035247802734375,0.3676774501800537,False,False,False,16,19077,24800,philadelphia
19077_24801.png,19077_24801.png,0.0135671436786651,62.099609375,0.007598876953125,0.3718413412570953,False,False,False,16,19077,24801,philadelphia
19077_24802.png,19077_24802.png,0.0207360386848449,63.7001953125,0.01177978515625,0.3696161806583404,False,False,False,16,19077,24802,philadelphia
19077_24803.png,19077_24803.png,0.0064024150371551,37.0,3.0517578125e-05,0.3539861440658569,False,False,False,16,19077,24803,philadelphia
19077_24804.png,19077_24804.png,0.0079243799050649,36.400390625,0.00018310546875,0.3594687581062317,False,False,False,16,19077,24804,philadelphia
19077_24805.png,19077_24805.png,0.0158245066801706,69.19921875,0.0027008056640625,0.3587275445461273,False,False,False,16,19077,24805,philadelphia
19077_24806.png,19077_24806.png,0.0220834573109944,55.6005859375,0.0416412353515625,0.3589663803577423,False,False,False,16,19077,24806,philadelphia
19078_24793.png,19078_24793.png,0.0038651471336682,17.69921875,0.0071563720703125,0.3516579568386078,False,False,False,16,19078,24793,philadelphia
19078_24794.png,19078_24794.png,0.0075340310732523,22.400390625,0.004119873046875,0.3608078956604004,False,False,False,16,19078,24794,philadelphia
19078_24795.png,19078_24795.png,0.0145650009314219,33.2001953125,0.003570556640625,0.3694283962249756,False,False,False,16,19078,24795,philadelphia
19078_24796.png,19078_24796.png,0.0095982005198796,39.2001953125,0.0108795166015625,0.3724985718727112,False,False,False,16,19078,24796,philadelphia
19078_24797.png,19078_24797.png,0.0074576715628306,33.2001953125,0.0001373291015625,0.3651267886161804,False,False,False,16,19078,24797,philadelphia
19078_24798.png,19078_24798.png,0.0045399586359659,22.599609375,0.0008392333984375,0.3567389249801636,False,False,False,16,19078,24798,philadelphia
19078_24799.png,19078_24799.png,0.0076737001538276,23.900390625,0.001617431640625,0.3599925637245178,False,False,False,16,19078,24799,philadelphia
19078_24800.png,19078_24800.png,0.0046084026495615,17.599609375,0.0,0.3627328872680664,False,False,False,16,19078,24800,philadelphia
19078_24801.png,19078_24801.png,0.0150075376033782,72.8994140625,0.0023040771484375,0.3664038479328155,False,False,False,16,19078,24801,philadelphia
19078_24802.png,19078_24802.png,0.022775254646937,64.099609375,0.0062713623046875,0.365671157836914,False,False,False,16,19078,24802,philadelphia
19078_24803.png,19078_24803.png,0.0241189181804656,55.19921875,0.0155181884765625,0.3690935373306274,False,False,False,16,19078,24803,philadelphia
19078_24804.png,19078_24804.png,0.0224352598190307,56.2001953125,0.008331298828125,0.3696005940437317,False,False,False,16,19078,24804,philadelphia
19078_24805.png,19078_24805.png,0.0184845149517059,55.6005859375,0.045654296875,0.3675034046173095,False,False,False,16,19078,24805,philadelphia
19078_24806.png,19078_24806.png,0.0109989573558171,55.30078125,0.001129150390625,0.3664149045944214,False,False,False,16,19078,24806,philadelphia
19079_24793.png,19079_24793.png,0.0042349487543106,21.2001953125,0.013275146484375,0.3488808572292328,False,False,False,16,19079,24793,philadelphia
19079_24794.png,19079_24794.png,0.0120076964298884,22.5,0.0048065185546875,0.3614245057106018,False,False,False,16,19079,24794,philadelphia
19079_24795.png,19079_24795.png,0.0035631398359934,20.5,0.0179595947265625,0.3599395453929901,False,False,False,16,19079,24795,philadelphia
19079_24796.png,19079_24796.png,0.0039147620399792,17.099609375,0.00506591796875,0.3489441871643066,False,False,False,16,19079,24796,philadelphia
19079_24797.png,19079_24797.png,0.0044706061482429,23.0,0.0,0.3520312905311584,False,False,False,16,19079,24797,philadelphia
19079_24798.png,19079_24798.png,0.0060562824209531,23.2998046875,0.006988525390625,0.3514916896820068,False,False,False,16,19079,24798,philadelphia
19079_24799.png,19079_24799.png,0.0071302672227223,25.5,0.019683837890625,0.3568743169307709,False,False,False,16,19079,24799,philadelphia
19079_24800.png,19079_24800.png,0.0059162080287933,25.8994140625,0.0113067626953125,0.3543947041034698,False,False,False,16,19079,24800,philadelphia
19079_24801.png,19079_24801.png,0.0062357366085052,32.7998046875,0.0087432861328125,0.3601929247379303,False,False,False,16,19079,24801,philadelphia
19079_24802.png,19079_24802.png,0.0055918172001838,25.8994140625,0.0017547607421875,0.3583009541034698,False,False,False,16,19079,24802,philadelphia
19079_24803.png,19079_24803.png,0.0167491555213928,57.2998046875,0.004638671875,0.3774040639400482,False,False,False,16,19079,24803,philadelphia
19079_24804.png,19079_24804.png,0.0238824824492136,64.7998046875,0.0216217041015625,0.3676389753818512,False,False,False,16,19079,24804,philadelphia
19079_24805.png,19079_24805.png,0.0108592917521794,43.2998046875,7.62939453125e-05,0.3601079285144806,False,False,False,16,19079,24805,philadelphia
19079_24806.png,19079_24806.png,0.0067145491639773,25.599609375,0.0015411376953125,0.3637228608131408,False,False,False,16,19079,24806,philadelphia
19080_24793.png,19080_24793.png,0.0042347803711891,17.1005859375,0.0071258544921875,0.3571085631847381,False,False,False,16,19080,24793,philadelphia
19080_24794.png,19080_24794.png,0.0030912409226099,8.599609375,0.0,0.3611723482608795,False,False,False,16,19080,24794,philadelphia
19080_24795.png,19080_24795.png,0.0040158569812774,19.80078125,0.004547119140625,0.3511366844177246,False,False,False,16,19080,24795,philadelphia
19080_24796.png,19080_24796.png,0.0036707431077957,20.80078125,0.0059356689453125,0.350536972284317,False,False,False,16,19080,24796,philadelphia
19080_24797.png,19080_24797.png,0.0043840607007344,16.2998046875,0.0,0.3469006419181824,False,False,False,16,19080,24797,philadelphia
19080_24798.png,19080_24798.png,0.0038562417030334,20.2998046875,0.02020263671875,0.3499436974525451,False,False,False,16,19080,24798,philadelphia
19080_24799.png,19080_24799.png,0.0046378965179125,22.8994140625,0.0014495849609375,0.3513582348823547,False,False,False,16,19080,24799,philadelphia
19080_24800.png,19080_24800.png,0.0056158244609832,28.099609375,0.00604248046875,0.3498478233814239,False,False,False,16,19080,24800,philadelphia
19080_24801.png,19080_24801.png,0.0094277262687683,34.2001953125,0.0028228759765625,0.3514690995216369,False,False,False,16,19080,24801,philadelphia
19080_24802.png,19080_24802.png,0.0127051224311192,40.7001953125,0.0189361572265625,0.3632242083549499,False,False,False,16,19080,24802,philadelphia
19080_24803.png,19080_24803.png,0.0123946607112884,38.599609375,0.016632080078125,0.3669531941413879,False,False,False,16,19080,24803,philadelphia
19080_24804.png,19080_24804.png,0.0064017896850903,44.400390625,0.0001678466796875,0.3657545447349548,False,False,False,16,19080,24804,philadelphia
19080_24805.png,19080_24805.png,0.002778798341751,13.400390625,0.0,0.354332834482193,False,False,False,16,19080,24805,philadelphia
19080_24806.png,19080_24806.png,0.0064328769842783,23.8994140625,0.0,0.3554142117500305,False,False,False,16,19080,24806,philadelphia
13525_24727.png,13525_24727.png,0.0344423770904541,299.2998046875,0.0005340576171875,0.4029602110385895,False,False,False,16,13525,24727,rocky_mountains
13525_24728.png,13525_24728.png,0.0400493542353312,377.400390625,0.0490264892578125,0.4087249040603637,False,False,False,16,13525,24728,rocky_mountains
13525_24729.png,13525_24729.png,0.0345839142799377,377.099609375,0.054901123046875,0.4968120455741882,False,False,False,16,13525,24729,rocky_mountains
13525_24730.png,13525_24730.png,0.0802196343739827,398.0,0.0012664794921875,0.421980082988739,False,False,False,16,13525,24730,rocky_mountains
13525_24731.png,13525_24731.png,0.0669318040211995,271.7001953125,0.000457763671875,0.380159318447113,False,False,False,16,13525,24731,rocky_mountains
13525_24732.png,13525_24732.png,0.0613853891690572,341.900390625,0.0015411376953125,0.4171613752841949,False,False,False,16,13525,24732,rocky_mountains
13525_24733.png,13525_24733.png,0.0569973826408386,192.6005859375,0.0004425048828125,0.3582373559474945,False,False,False,16,13525,24733,rocky_mountains
13525_24734.png,13525_24734.png,0.0021779581904411,27.7998046875,0.003631591796875,0.3647494316101074,False,False,False,16,13525,24734,rocky_mountains
13525_24735.png,13525_24735.png,0.0512801567713419,201.2001953125,7.62939453125e-05,0.3582699298858642,False,False,False,16,13525,24735,rocky_mountains
13525_24736.png,13525_24736.png,0.0368793725967407,199.099609375,3.0517578125e-05,0.3572685718536377,False,False,False,16,13525,24736,rocky_mountains
13525_24737.png,13525_24737.png,0.0147524903217951,87.2998046875,0.0018768310546875,0.3527089953422546,False,False,False,16,13525,24737,rocky_mountains
13525_24738.png,13525_24738.png,0.0260830660661061,100.6005859375,0.000640869140625,0.3486175537109375,False,False,False,16,13525,24738,rocky_mountains
13525_24739.png,13525_24739.png,0.0253923634688059,98.69921875,0.002471923828125,0.3448452949523926,False,False,False,16,13525,24739,rocky_mountains
13525_24740.png,13525_24740.png,0.0290357192357381,225.0,0.0012664794921875,0.3488417565822601,False,False,False,16,13525,24740,rocky_mountains
13525_24741.png,13525_24741.png,0.0362717946370442,243.3994140625,0.033935546875,0.3686513304710388,False,False,False,16,13525,24741,rocky_mountains
13525_24742.png,13525_24742.png,0.0216485957304636,203.2998046875,0.0722198486328125,0.390905499458313,False,False,False,16,13525,24742,rocky_mountains
13525_24743.png,13525_24743.png,0.0169062733650207,357.3994140625,0.012359619140625,0.3540297150611877,False,False,False,16,13525,24743,rocky_mountains
13526_24727.png,13526_24727.png,0.0531925439834594,356.7998046875,0.0023651123046875,0.3691121339797973,False,False,False,16,13526,24727,rocky_mountains
13526_24728.png,13526_24728.png,0.0463878035545349,297.5,0.0464019775390625,0.3133898973464966,False,False,False,16,13526,24728,rocky_mountains
13526_24729.png,13526_24729.png,0.0472852190335591,238.400390625,0.0243072509765625,0.4626466035842895,False,False,False,16,13526,24729,rocky_mountains
13526_24730.png,13526_24730.png,0.0482221126556396,326.2998046875,0.08984375,0.474067747592926,False,False,False,16,13526,24730,rocky_mountains
13526_24731.png,13526_24731.png,0.0481271346410115,383.0,0.0531768798828125,0.4071842730045318,False,False,False,16,13526,24731,rocky_mountains
13526_24732.png,13526_24732.png,0.0582390427589416,418.099609375,0.02069091796875,0.4572102725505829,False,False,False,16,13526,24732,rocky_mountains
13526_24733.png,13526_24733.png,0.0617848793665568,370.69921875,0.00213623046875,0.3557054102420807,False,False,False,16,13526,24733,rocky_mountains
13526_24734.png,13526_24734.png,0.085940138498942,330.400390625,0.000244140625,0.3675965070724487,False,False,False,16,13526,24734,rocky_mountains
13526_24735.png,13526_24735.png,0.0380251328150431,365.5,0.000885009765625,0.3561868965625763,False,False,False,16,13526,24735,rocky_mountains
13526_24736.png,13526_24736.png,0.060424518585205,278.80078125,1.52587890625e-05,0.3569251894950866,False,False,False,16,13526,24736,rocky_mountains
13526_24737.png,13526_24737.png,0.0044978007674217,48.0,0.0259246826171875,0.3484309315681457,False,False,False,16,13526,24737,rocky_mountains
13526_24738.png,13526_24738.png,0.0069891929626464,70.900390625,0.009521484375,0.3368588984012604,False,False,False,16,13526,24738,rocky_mountains
13526_24739.png,13526_24739.png,0.0175634801387786,170.7001953125,0.001861572265625,0.3459827005863189,False,False,False,16,13526,24739,rocky_mountains
13526_24740.png,13526_24740.png,0.03384956518809,291.2998046875,0.0358734130859375,0.3513955175876617,False,False,False,16,13526,24740,rocky_mountains
13526_24741.png,13526_24741.png,0.0343184153238932,264.7001953125,0.0026397705078125,0.3546922504901886,False,False,False,16,13526,24741,rocky_mountains
13526_24742.png,13526_24742.png,0.0283879081408182,262.2998046875,0.0019073486328125,0.3549380600452423,False,False,False,16,13526,24742,rocky_mountains
13526_24743.png,13526_24743.png,0.0135803302129109,252.2001953125,0.0001373291015625,0.3462100923061371,False,False,False,16,13526,24743,rocky_mountains
13527_24727.png,13527_24727.png,0.0261927525202433,345.099609375,0.0046234130859375,0.3656188249588012,False,False,False,16,13527,24727,rocky_mountains
13527_24728.png,13527_24728.png,0.0370241562525431,353.8994140625,0.0252685546875,0.4636644423007965,False,False,False,16,13527,24728,rocky_mountains
13527_24729.png,13527_24729.png,0.0308701376120249,296.7001953125,0.010650634765625,0.5628334283828735,False,False,False,16,13527,24729,rocky_mountains
13527_24730.png,13527_24730.png,0.025986623764038,289.0,0.003021240234375,0.5948649048805237,False,False,False,16,13527,24730,rocky_mountains
13527_24731.png,13527_24731.png,0.0401945432027181,263.30078125,0.0286407470703125,0.4866964817047119,False,False,False,16,13527,24731,rocky_mountains
13527_24732.png,13527_24732.png,0.0539915164311726,431.599609375,0.005950927734375,0.4692606329917907,False,False,False,16,13527,24732,rocky_mountains
13527_24733.png,13527_24733.png,0.0335325400034586,335.2001953125,0.025421142578125,0.3696933090686798,False,False,False,16,13527,24733,rocky_mountains
13527_24734.png,13527_24734.png,0.0824445803960164,483.7001953125,0.0176849365234375,0.3702685832977295,False,False,False,16,13527,24734,rocky_mountains
13527_24735.png,13527_24735.png,0.0499499162038167,336.7001953125,0.070037841796875,0.3650079667568207,False,False,False,16,13527,24735,rocky_mountains
13527_24736.png,13527_24736.png,0.0640435735384623,318.599609375,0.0001373291015625,0.3649876117706299,False,False,False,16,13527,24736,rocky_mountains
13527_24737.png,13527_24737.png,0.0373753507932027,148.900390625,0.000152587890625,0.3558369576931,False,False,False,16,13527,24737,rocky_mountains
13527_24738.png,13527_24738.png,0.0174861788749694,106.7998046875,0.0044403076171875,0.3479138314723968,False,False,False,16,13527,24738,rocky_mountains
13527_24739.png,13527_24739.png,0.0084441314140955,77.400390625,0.0107574462890625,0.3451764285564422,False,False,False,16,13527,24739,rocky_mountains
13527_24740.png,13527_24740.png,0.0091323236624399,124.2998046875,0.0004425048828125,0.3461155295372009,False,False,False,16,13527,24740,rocky_mountains
13527_24741.png,13527_24741.png,0.0065859590967496,91.2998046875,0.01123046875,0.3462780714035034,False,False,False,16,13527,24741,rocky_mountains
13527_24742.png,13527_24742.png,0.0095138927300771,113.0,0.0004425048828125,0.3409905135631561,False,False,False,16,13527,24742,rocky_mountains
13527_24743.png,13527_24743.png,0.0069349005818367,159.8994140625,0.001800537109375,0.3444000780582428,False,False,False,16,13527,24743,rocky_mountains
13528_24727.png,13528_24727.png,0.0214510222276051,293.1005859375,0.035736083984375,0.3800970911979675,False,False,False,16,13528,24727,rocky_mountains
13528_24728.png,13528_24728.png,0.0201724529266357,126.099609375,0.0021820068359375,0.4498844742774963,False,False,False,16,13528,24728,rocky_mountains
13528_24729.png,13528_24729.png,0.0311249375343322,236.0,0.055084228515625,0.583236813545227,False,False,False,16,13528,24729,rocky_mountains
13528_24730.png,13528_24730.png,0.0407378792762756,359.2998046875,0.0240020751953125,0.4951316118240356,False,False,False,16,13528,24730,rocky_mountains
13528_24731.png,13528_24731.png,0.0411339998245239,302.80078125,0.000701904296875,0.4631972908973694,False,False,False,16,13528,24731,rocky_mountains
13528_24732.png,13528_24732.png,0.0246885915597279,113.7001953125,0.086181640625,0.4406217038631439,False,False,False,16,13528,24732,rocky_mountains
13528_24733.png,13528_24733.png,0.0308824817339579,215.099609375,0.042877197265625,0.4043448865413666,False,False,False,16,13528,24733,rocky_mountains
13528_24734.png,13528_24734.png,0.0305867691834767,205.099609375,0.0001220703125,0.3830867409706116,False,False,False,16,13528,24734,rocky_mountains
13528_24735.png,13528_24735.png,0.0408493041992187,361.099609375,0.004547119140625,0.367120623588562,False,False,False,16,13528,24735,rocky_mountains
13528_24736.png,13528_24736.png,0.0343827366828918,181.400390625,0.000518798828125,0.3514429330825805,False,False,False,16,13528,24736,rocky_mountains
13528_24737.png,13528_24737.png,0.0451994895935058,228.7001953125,0.039947509765625,0.3553923964500427,False,False,False,16,13528,24737,rocky_mountains
13528_24738.png,13528_24738.png,0.0390839258829752,208.2998046875,0.0036163330078125,0.3549361228942871,False,False,False,16,13528,24738,rocky_mountains
13528_24739.png,13528_24739.png,0.0674039920171101,366.2001953125,0.0048828125,0.3489042222499847,False,False,False,16,13528,24739,rocky_mountains
13528_24740.png,13528_24740.png,0.0654026826222737,329.1005859375,7.62939453125e-05,0.3479844331741333,False,False,False,16,13528,24740,rocky_mountains
13528_24741.png,13528_24741.png,0.0451559662818908,226.599609375,0.0013427734375,0.348623126745224,False,False,False,16,13528,24741,rocky_mountains
13528_24742.png,13528_24742.png,0.0286011576652526,184.7001953125,0.0003509521484375,0.3455102145671844,False,False,False,16,13528,24742,rocky_mountains
13528_24743.png,13528_24743.png,0.0065710917115211,166.7001953125,0.0074615478515625,0.343412846326828,False,False,False,16,13528,24743,rocky_mountains
13529_24727.png,13529_24727.png,0.0226927936077117,229.5,0.0412445068359375,0.3956803679466247,False,False,False,16,13529,24727,rocky_mountains
13529_24728.png,13529_24728.png,0.0211494545141855,149.400390625,0.0020294189453125,0.4346132278442383,False,False,False,16,13529,24728,rocky_mountains
13529_24729.png,13529_24729.png,0.0133341451485951,102.19921875,0.0023040771484375,0.4641848504543304,False,False,False,16,13529,24729,rocky_mountains
13529_24730.png,13529_24730.png,0.0220178425312042,136.3994140625,0.0740814208984375,0.4631003141403198,False,False,False,16,13529,24730,rocky_mountains
13529_24731.png,13529_24731.png,0.0231733083724975,237.5,0.00048828125,0.4555165767669678,False,False,False,16,13529,24731,rocky_mountains
13529_24732.png,13529_24732.png,0.0333213945229848,261.7998046875,0.045806884765625,0.4122837781906128,False,False,False,16,13529,24732,rocky_mountains
13529_24733.png,13529_24733.png,0.0355466643969217,177.5,0.0392913818359375,0.4204001724720001,False,False,False,16,13529,24733,rocky_mountains
13529_24734.png,13529_24734.png,0.01947869459788,207.6005859375,0.069061279296875,0.3875231146812439,False,False,False,16,13529,24734,rocky_mountains
13529_24735.png,13529_24735.png,0.0169826050599416,266.599609375,0.002349853515625,0.363627165555954,False,False,False,16,13529,24735,rocky_mountains
13529_24736.png,13529_24736.png,0.0702338457107543,292.2998046875,4.57763671875e-05,0.3641011118888855,False,False,False,16,13529,24736,rocky_mountains
13529_24737.png,13529_24737.png,0.0656938552856445,364.2998046875,0.00994873046875,0.3638752698898315,False,False,False,16,13529,24737,rocky_mountains
13529_24738.png,13529_24738.png,0.0336264530817667,367.2998046875,0.0197601318359375,0.3561854660511017,False,False,False,16,13529,24738,rocky_mountains
13529_24739.png,13529_24739.png,0.038904583454132,330.7001953125,0.0416717529296875,0.3526708781719208,False,False,False,16,13529,24739,rocky_mountains
13529_24740.png,13529_24740.png,0.0731559753417968,411.2001953125,0.0289306640625,0.3535129129886627,False,False,False,16,13529,24740,rocky_mountains
13529_24741.png,13529_24741.png,0.0808087746302286,379.400390625,0.0551300048828125,0.3611858189105987,False,False,False,16,13529,24741,rocky_mountains
13529_24742.png,13529_24742.png,0.0653100291887919,292.900390625,0.0077362060546875,0.3489361107349396,False,False,False,16,13529,24742,rocky_mountains
13529_24743.png,13529_24743.png,0.0683342615763346,265.599609375,0.0003814697265625,0.35075843334198,False,False,False,16,13529,24743,rocky_mountains
13530_24727.png,13530_24727.png,0.0148914595444997,194.69921875,0.0514984130859375,0.4090228080749511,False,False,False,16,13530,24727,rocky_mountains
13530_24728.png,13530_24728.png,0.0172357738018035,148.2998046875,0.0046539306640625,0.4078869521617889,False,False,False,16,13530,24728,rocky_mountains
13530_24729.png,13530_24729.png,0.0133157730102539,135.2001953125,0.0385589599609375,0.4263422787189483,False,False,False,16,13530,24729,rocky_mountains
13530_24730.png,13530_24730.png,0.0337465763092041,200.2998046875,0.0112457275390625,0.5234196186065674,False,False,False,16,13530,24730,rocky_mountains
13530_24731.png,13530_24731.png,0.0256842195987701,274.7998046875,0.0012054443359375,0.4298953413963318,False,False,False,16,13530,24731,rocky_mountains
13530_24732.png,13530_24732.png,0.0164700220028559,156.0,0.0577545166015625,0.4238851368427276,False,False,False,16,13530,24732,rocky_mountains
13530_24733.png,13530_24733.png,0.0134504973888397,103.2998046875,0.0353851318359375,0.40778449177742,False,False,False,16,13530,24733,rocky_mountains
13530_24734.png,13530_24734.png,0.0091308444738388,234.7998046875,0.037322998046875,0.3698390126228332,False,False,False,16,13530,24734,rocky_mountains
13530_24735.png,13530_24735.png,0.0384991367657979,218.099609375,0.0037994384765625,0.3654840290546417,False,False,False,16,13530,24735,rocky_mountains
13530_24736.png,13530_24736.png,0.0744763533274332,501.0,0.0137786865234375,0.3696604371070862,False,False,False,16,13530,24736,rocky_mountains
13530_24737.png,13530_24737.png,0.1025892655054728,553.099609375,0.006927490234375,0.3654752969741821,False,False,False,16,13530,24737,rocky_mountains
13530_24738.png,13530_24738.png,0.0575740575790405,490.0,0.0269317626953125,0.3610965609550476,False,False,False,16,13530,24738,rocky_mountains
13530_24739.png,13530_24739.png,0.0435198028882344,272.6005859375,0.00048828125,0.35317462682724,False,False,False,16,13530,24739,rocky_mountains
13530_24740.png,13530_24740.png,0.0660014986991882,302.7001953125,0.0032196044921875,0.3480987548828125,False,False,False,16,13530,24740,rocky_mountains
13530_24741.png,13530_24741.png,0.1050651788711547,461.7998046875,0.0424346923828125,0.3498377203941345,False,False,False,16,13530,24741,rocky_mountains
13530_24742.png,13530_24742.png,0.0825342814127604,340.7998046875,0.038330078125,0.3479697406291961,False,False,False,16,13530,24742,rocky_mountains
13530_24743.png,13530_24743.png,0.1549070040384928,452.0,0.041534423828125,0.3511684834957123,False,False,False,16,13530,24743,rocky_mountains
13531_24727.png,13531_24727.png,0.0212615370750427,186.5,0.0169830322265625,0.4136239886283874,False,False,False,16,13531,24727,rocky_mountains
13531_24728.png,13531_24728.png,0.0159548163414001,184.6005859375,0.0266876220703125,0.4320876598358154,False,False,False,16,13531,24728,rocky_mountains
13531_24729.png,13531_24729.png,0.0170487443606058,264.5,0.0043792724609375,0.4966559112071991,False,False,False,16,13531,24729,rocky_mountains
13531_24730.png,13531_24730.png,0.022062079111735,232.7998046875,0.0005340576171875,0.467368870973587,False,False,False,16,13531,24730,rocky_mountains
13531_24731.png,13531_24731.png,0.0151495953400929,97.6005859375,0.0009613037109375,0.4433602094650268,False,False,False,16,13531,24731,rocky_mountains
13531_24732.png,13531_24732.png,0.0076450730363527,54.7998046875,0.0211334228515625,0.4455370008945465,False,False,False,16,13531,24732,rocky_mountains
13531_24733.png,13531_24733.png,0.0158442507187525,93.099609375,0.027435302734375,0.4052841365337372,False,False,False,16,13531,24733,rocky_mountains
13531_24734.png,13531_24734.png,0.0097008138895034,272.0,0.034088134765625,0.3553022742271423,False,False,False,16,13531,24734,rocky_mountains
13531_24735.png,13531_24735.png,0.035456109046936,198.099609375,0.0011138916015625,0.380257099866867,False,False,False,16,13531,24735,rocky_mountains
13531_24736.png,13531_24736.png,0.05291162331899,324.19921875,0.0892486572265625,0.3874812722206116,False,False,False,16,13531,24736,rocky_mountains
13531_24737.png,13531_24737.png,0.0546514789263407,391.400390625,0.0407867431640625,0.3748418986797333,False,False,False,16,13531,24737,rocky_mountains
13531_24738.png,13531_24738.png,0.0337597290674845,193.69921875,0.006561279296875,0.3641075193881988,False,False,False,16,13531,24738,rocky_mountains
13531_24739.png,13531_24739.png,0.0330044289429982,308.599609375,0.0524444580078125,0.3591094613075256,False,False,False,16,13531,24739,rocky_mountains
13531_24740.png,13531_24740.png,0.0904738982518514,329.7998046875,0.0016021728515625,0.3543988168239593,False,False,False,16,13531,24740,rocky_mountains
13531_24741.png,13531_24741.png,0.0807347138722737,371.7001953125,0.061431884765625,0.361638605594635,False,False,False,16,13531,24741,rocky_mountains
13531_24742.png,13531_24742.png,0.119652517636617,436.5,0.0283050537109375,0.3571822941303253,False,False,False,16,13531,24742,rocky_mountains
13531_24743.png,13531_24743.png,0.0937663078308105,437.2001953125,0.0523529052734375,0.3539775311946869,False,False,False,16,13531,24743,rocky_mountains
13532_24727.png,13532_24727.png,0.0337720314661661,216.0,0.0289459228515625,0.4602651000022888,False,False,False,16,13532,24727,rocky_mountains
13532_24728.png,13532_24728.png,0.0238642195860544,267.599609375,0.004119873046875,0.4905773997306824,False,False,False,16,13532,24728,rocky_mountains
13532_24729.png,13532_24729.png,0.0234912037849426,243.599609375,0.0076751708984375,0.4706824123859405,False,False,False,16,13532,24729,rocky_mountains
13532_24730.png,13532_24730.png,0.0149184753497441,183.0,0.00262451171875,0.3964982330799103,False,False,False,16,13532,24730,rocky_mountains
13532_24731.png,13532_24731.png,0.0189782957235972,157.1005859375,0.004302978515625,0.4164449870586395,False,False,False,16,13532,24731,rocky_mountains
13532_24732.png,13532_24732.png,0.0036400941510995,47.2998046875,0.01275634765625,0.4679088592529297,False,False,False,16,13532,24732,rocky_mountains
13532_24733.png,13532_24733.png,0.0101033816734949,104.7001953125,0.004608154296875,0.4252083301544189,False,False,False,16,13532,24733,rocky_mountains
13532_24734.png,13532_24734.png,0.014604643980662,194.099609375,0.0608673095703125,0.3677231073379516,False,False,False,16,13532,24734,rocky_mountains
13532_24735.png,13532_24735.png,0.0136486530303955,159.2001953125,0.0055389404296875,0.3832810223102569,False,False,False,16,13532,24735,rocky_mountains
13532_24736.png,13532_24736.png,0.0426706274350484,328.1005859375,0.011383056640625,0.4024839401245117,False,False,False,16,13532,24736,rocky_mountains
13532_24737.png,13532_24737.png,0.0536625742912292,291.2001953125,0.0004425048828125,0.3941032886505127,False,False,False,16,13532,24737,rocky_mountains
13532_24738.png,13532_24738.png,0.0257106880346934,154.099609375,0.054229736328125,0.3817552924156189,False,False,False,16,13532,24738,rocky_mountains
13532_24739.png,13532_24739.png,0.034757387638092,316.7001953125,0.0136260986328125,0.3632050454616546,False,False,False,16,13532,24739,rocky_mountains
13532_24740.png,13532_24740.png,0.0602628111839294,378.2998046875,0.0118255615234375,0.3794605731964111,False,False,False,16,13532,24740,rocky_mountains
13532_24741.png,13532_24741.png,0.0300692001978556,193.5,0.005401611328125,0.4016442000865936,False,False,False,16,13532,24741,rocky_mountains
13532_24742.png,13532_24742.png,0.026761527856191,174.0,0.0442962646484375,0.3689954578876495,False,False,False,16,13532,24742,rocky_mountains
13532_24743.png,13532_24743.png,0.0622475465138753,291.69921875,0.002197265625,0.3699327707290649,False,False,False,16,13532,24743,rocky_mountains
13533_24727.png,13533_24727.png,0.0303741296132405,143.099609375,0.037322998046875,0.4225179255008697,False,False,False,16,13533,24727,rocky_mountains
13533_24728.png,13533_24728.png,0.0256312251091003,294.5,0.0025787353515625,0.5351073741912842,False,False,False,16,13533,24728,rocky_mountains
13533_24729.png,13533_24729.png,0.0278318385283152,286.400390625,0.0047454833984375,0.5676983594894409,False,False,False,16,13533,24729,rocky_mountains
13533_24730.png,13533_24730.png,0.0124018222093582,253.099609375,0.0695953369140625,0.5692833662033081,False,False,False,16,13533,24730,rocky_mountains
13533_24731.png,13533_24731.png,0.0192665119965871,201.400390625,0.029541015625,0.4131056368350982,False,False,False,16,13533,24731,rocky_mountains
13533_24732.png,13533_24732.png,0.0045708705981572,60.7998046875,0.0039825439453125,0.4637868106365204,False,False,False,16,13533,24732,rocky_mountains
13533_24733.png,13533_24733.png,0.0063850333293279,85.400390625,0.0058441162109375,0.4673958420753479,False,False,False,16,13533,24733,rocky_mountains
13533_24734.png,13533_24734.png,0.0168384214242299,227.2998046875,0.0515289306640625,0.4334389865398407,False,False,False,16,13533,24734,rocky_mountains
13533_24735.png,13533_24735.png,0.0128208875656127,177.099609375,0.00701904296875,0.4314557909965515,False,False,False,16,13533,24735,rocky_mountains
13533_24736.png,13533_24736.png,0.0328738490740458,224.7001953125,0.0803375244140625,0.4361970722675323,False,False,False,16,13533,24736,rocky_mountains
13533_24737.png,13533_24737.png,0.0370476325352986,166.2998046875,0.00274658203125,0.430275946855545,False,False,False,16,13533,24737,rocky_mountains
13533_24738.png,13533_24738.png,0.0305022199948628,250.1005859375,0.0008087158203125,0.4077970385551452,False,False,False,16,13533,24738,rocky_mountains
13533_24739.png,13533_24739.png,0.0801193237304687,412.2001953125,0.0321807861328125,0.3860019743442535,False,False,False,16,13533,24739,rocky_mountains
13533_24740.png,13533_24740.png,0.0530335267384847,265.80078125,0.0,0.4270561337471008,False,False,False,16,13533,24740,rocky_mountains
13533_24741.png,13533_24741.png,0.0763847351074218,345.6005859375,0.07269287109375,0.39392751455307,False,False,False,16,13533,24741,rocky_mountains
13533_24742.png,13533_24742.png,0.077057941754659,467.0,0.0031280517578125,0.3577664792537689,False,False,False,16,13533,24742,rocky_mountains
13533_24743.png,13533_24743.png,0.0692139387130737,476.5,0.0017547607421875,0.3551957011222839,False,False,False,16,13533,24743,rocky_mountains
13534_24727.png,13534_24727.png,0.0164263357718785,138.400390625,0.0769805908203125,0.3914840221405029,False,False,False,16,13534,24727,rocky_mountains
13534_24728.png,13534_24728.png,0.0131195247173309,221.0,0.04449462890625,0.4945345520973205,False,False,False,16,13534,24728,rocky_mountains
13534_24729.png,13534_24729.png,0.0212764680385589,251.2998046875,0.0275115966796875,0.4921804964542389,False,False,False,16,13534,24729,rocky_mountains
13534_24730.png,13534_24730.png,0.0129191726446151,192.2998046875,0.015380859375,0.4884499311447143,False,False,False,16,13534,24730,rocky_mountains
13534_24731.png,13534_24731.png,0.020581841468811,153.30078125,0.0240478515625,0.4164019525051117,False,False,False,16,13534,24731,rocky_mountains
13534_24732.png,13534_24732.png,0.0119945079088211,112.400390625,0.00518798828125,0.4706326425075531,False,False,False,16,13534,24732,rocky_mountains
13534_24733.png,13534_24733.png,0.004634586473306,55.8994140625,0.0064239501953125,0.4806685447692871,False,False,False,16,13534,24733,rocky_mountains
13534_24734.png,13534_24734.png,0.0111557791630427,58.30078125,0.0015411376953125,0.4743477702140808,False,False,False,16,13534,24734,rocky_mountains
13534_24735.png,13534_24735.png,0.0281879365444183,219.6005859375,0.0084381103515625,0.4624709188938141,False,False,False,16,13534,24735,rocky_mountains
13534_24736.png,13534_24736.png,0.0246916532516479,187.8994140625,0.002044677734375,0.4432263672351837,False,False,False,16,13534,24736,rocky_mountains
13534_24737.png,13534_24737.png,0.0364507834116617,192.1005859375,0.0474090576171875,0.4539357423782348,False,False,False,16,13534,24737,rocky_mountains
13534_24738.png,13534_24738.png,0.0222020884354909,150.2001953125,0.00079345703125,0.4523868262767792,False,False,False,16,13534,24738,rocky_mountains
13534_24739.png,13534_24739.png,0.0296898623307545,167.1005859375,0.01129150390625,0.4406591057777405,False,False,False,16,13534,24739,rocky_mountains
13534_24740.png,13534_24740.png,0.0366391857465108,159.900390625,0.0019073486328125,0.4150615334510803,False,False,False,16,13534,24740,rocky_mountains
13534_24741.png,13534_24741.png,0.0576675256093343,337.0,0.0509796142578125,0.3647835552692413,False,False,False,16,13534,24741,rocky_mountains
13534_24742.png,13534_24742.png,0.0116400947173436,231.099609375,0.004302978515625,0.354756087064743,False,False,False,16,13534,24742,rocky_mountains
13534_24743.png,13534_24743.png,0.0179149985313415,229.599609375,0.0071258544921875,0.3508833348751068,False,False,False,16,13534,24743,rocky_mountains
13535_24727.png,13535_24727.png,0.0179799854755401,173.2998046875,0.03466796875,0.4009365439414978,False,False,False,16,13535,24727,rocky_mountains
13535_24728.png,13535_24728.png,0.0193687717119852,210.7001953125,0.0592193603515625,0.4105877876281738,False,False,False,16,13535,24728,rocky_mountains
13535_24729.png,13535_24729.png,0.0189907868703206,263.8994140625,0.0009613037109375,0.453511893749237,False,False,False,16,13535,24729,rocky_mountains
13535_24730.png,13535_24730.png,0.0132617195447285,211.0,0.042449951171875,0.3544543087482452,False,False,False,16,13535,24730,rocky_mountains
13535_24731.png,13535_24731.png,0.0152691384156545,214.2001953125,0.0037689208984375,0.3671377301216125,False,False,False,16,13535,24731,rocky_mountains
13535_24732.png,13535_24732.png,0.0308433473110198,193.8994140625,0.06402587890625,0.4836671948432922,False,False,False,16,13535,24732,rocky_mountains
13535_24733.png,13535_24733.png,0.0062247559428215,45.1005859375,0.0114288330078125,0.5037462711334229,False,False,False,16,13535,24733,rocky_mountains
13535_24734.png,13535_24734.png,0.0098638584216435,51.3994140625,0.001495361328125,0.5091235637664795,False,False,False,16,13535,24734,rocky_mountains
13535_24735.png,13535_24735.png,0.0274472455183664,137.6005859375,0.0803070068359375,0.4450769126415252,False,False,False,16,13535,24735,rocky_mountains
13535_24736.png,13535_24736.png,0.0183483739693959,123.1005859375,0.0015716552734375,0.4635002613067627,False,False,False,16,13535,24736,rocky_mountains
13535_24737.png,13535_24737.png,0.0198409517606099,133.80078125,0.001434326171875,0.4456695914268493,False,False,False,16,13535,24737,rocky_mountains
13535_24738.png,13535_24738.png,0.0234227816263834,163.2001953125,0.0057830810546875,0.4418262541294098,False,False,False,16,13535,24738,rocky_mountains
13535_24739.png,13535_24739.png,0.0366539398829142,182.6005859375,0.0108795166015625,0.4334715008735657,False,False,False,16,13535,24739,rocky_mountains
13535_24740.png,13535_24740.png,0.0377080003420511,196.7001953125,0.0632476806640625,0.439671516418457,False,False,False,16,13535,24740,rocky_mountains
13535_24741.png,13535_24741.png,0.0527430295944213,389.0,0.0016021728515625,0.39833864569664,False,False,False,16,13535,24741,rocky_mountains
13535_24742.png,13535_24742.png,0.0391290386517842,453.2001953125,0.0423583984375,0.3752566277980804,False,False,False,16,13535,24742,rocky_mountains
13535_24743.png,13535_24743.png,0.0341002106666564,375.099609375,0.0099334716796875,0.3670405149459839,False,False,False,16,13535,24743,rocky_mountains
13536_24727.png,13536_24727.png,0.0235931615034739,197.8994140625,0.00341796875,0.4616516828536987,False,False,False,16,13536,24727,rocky_mountains
13536_24728.png,13536_24728.png,0.0227824628353118,164.5,0.00079345703125,0.4001560807228088,False,False,False,16,13536,24728,rocky_mountains
13536_24729.png,13536_24729.png,0.0217329780260721,201.2001953125,0.0023651123046875,0.4323951005935669,False,False,False,16,13536,24729,rocky_mountains
13536_24730.png,13536_24730.png,0.0076351851224899,141.7001953125,0.029144287109375,0.3552388250827789,False,False,False,16,13536,24730,rocky_mountains
13536_24731.png,13536_24731.png,0.0119179129600524,204.0,0.002410888671875,0.3845809996128082,False,False,False,16,13536,24731,rocky_mountains
13536_24732.png,13536_24732.png,0.0216868619124094,209.2998046875,0.0008392333984375,0.440713495016098,False,False,False,16,13536,24732,rocky_mountains
13536_24733.png,13536_24733.png,0.0087119509776433,56.900390625,0.001861572265625,0.5081504583358765,False,False,False,16,13536,24733,rocky_mountains
13536_24734.png,13536_24734.png,0.0149105936288833,77.1005859375,0.0011138916015625,0.4746999740600586,False,False,False,16,13536,24734,rocky_mountains
13536_24735.png,13536_24735.png,0.0119019955396652,146.099609375,0.0001068115234375,0.430122822523117,False,False,False,16,13536,24735,rocky_mountains
13536_24736.png,13536_24736.png,0.0189340988794962,134.900390625,0.023406982421875,0.4027915894985199,False,False,False,16,13536,24736,rocky_mountains
13536_24737.png,13536_24737.png,0.0245323359966278,132.30078125,0.019317626953125,0.4486028254032135,False,False,False,16,13536,24737,rocky_mountains
13536_24738.png,13536_24738.png,0.0307020505269368,205.7998046875,0.0262298583984375,0.4375358521938324,False,False,False,16,13536,24738,rocky_mountains
13536_24739.png,13536_24739.png,0.0449941277503967,171.1005859375,0.0047760009765625,0.4047236442565918,False,False,False,16,13536,24739,rocky_mountains
13536_24740.png,13536_24740.png,0.0409071246782938,191.2001953125,0.0362091064453125,0.4044093191623688,False,False,False,16,13536,24740,rocky_mountains
13536_24741.png,13536_24741.png,0.031247733036677,127.900390625,0.0,0.4176023006439209,False,False,False,16,13536,24741,rocky_mountains
13536_24742.png,13536_24742.png,0.0450971126556396,260.0,0.0612335205078125,0.4260733127593994,False,False,False,16,13536,24742,rocky_mountains
13536_24743.png,13536_24743.png,0.0372777541478474,354.0,0.0811920166015625,0.4041208922863006,False,False,False,16,13536,24743,rocky_mountains
13537_24727.png,13537_24727.png,0.0193244934082031,150.7001953125,0.054290771484375,0.4474855363368988,False,False,False,16,13537,24727,rocky_mountains
13537_24728.png,13537_24728.png,0.0226481715838114,260.2001953125,0.0333404541015625,0.4135533571243286,False,False,False,16,13537,24728,rocky_mountains
13537_24729.png,13537_24729.png,0.0172784825166066,78.7998046875,0.00048828125,0.3649390041828155,False,False,False,16,13537,24729,rocky_mountains
13537_24730.png,13537_24730.png,0.0124961326519648,103.5,0.054595947265625,0.3699631690979004,False,False,False,16,13537,24730,rocky_mountains
13537_24731.png,13537_24731.png,0.015220496058464,135.3994140625,0.0099945068359375,0.4036726653575897,False,False,False,16,13537,24731,rocky_mountains
13537_24732.png,13537_24732.png,0.0170494298140207,125.2001953125,0.0680999755859375,0.4788761734962463,False,False,False,16,13537,24732,rocky_mountains
13537_24733.png,13537_24733.png,0.0103259036938349,52.5,0.00592041015625,0.474438726902008,False,False,False,16,13537,24733,rocky_mountains
13537_24734.png,13537_24734.png,0.0189887205759684,181.7998046875,0.0001373291015625,0.4381928443908691,False,False,False,16,13537,24734,rocky_mountains
13537_24735.png,13537_24735.png,0.0251602907975514,192.0,0.0537567138671875,0.4216702580451965,False,False,False,16,13537,24735,rocky_mountains
13537_24736.png,13537_24736.png,0.0147645344336827,85.0,0.01165771484375,0.4195458889007568,False,False,False,16,13537,24736,rocky_mountains
13537_24737.png,13537_24737.png,0.0166095236937205,112.900390625,0.0140228271484375,0.4360116124153137,False,False,False,16,13537,24737,rocky_mountains
13537_24738.png,13537_24738.png,0.0099965542554855,100.7998046875,0.0189056396484375,0.4265037775039673,False,False,False,16,13537,24738,rocky_mountains
13537_24739.png,13537_24739.png,0.0252950310707092,200.099609375,0.00396728515625,0.4135995507240295,False,False,False,16,13537,24739,rocky_mountains
13537_24740.png,13537_24740.png,0.0328065395355224,404.7001953125,0.02197265625,0.398350715637207,False,False,False,16,13537,24740,rocky_mountains
13537_24741.png,13537_24741.png,0.0385757605234781,371.2001953125,0.002349853515625,0.374443769454956,False,False,False,16,13537,24741,rocky_mountains
13537_24742.png,13537_24742.png,0.0273773690064748,289.0,0.083740234375,0.4059860706329345,False,False,False,16,13537,24742,rocky_mountains
13537_24743.png,13537_24743.png,0.0231087505817413,226.400390625,0.0451507568359375,0.3990395963191986,False,False,False,16,13537,24743,rocky_mountains
13538_24727.png,13538_24727.png,0.0216808636983235,121.0,0.012054443359375,0.4561533629894256,False,False,False,16,13538,24727,rocky_mountains
13538_24728.png,13538_24728.png,0.0282113432884216,319.400390625,0.0064544677734375,0.5115129947662354,False,False,False,16,13538,24728,rocky_mountains
13538_24729.png,13538_24729.png,0.0172881881395975,74.0,0.000640869140625,0.3598041236400604,False,False,False,16,13538,24729,rocky_mountains
13538_24730.png,13538_24730.png,0.0203093508879343,109.5,0.0025634765625,0.3894786238670349,False,False,False,16,13538,24730,rocky_mountains
13538_24731.png,13538_24731.png,0.0110088398059209,123.3994140625,0.02056884765625,0.4443804025650024,False,False,False,16,13538,24731,rocky_mountains
13538_24732.png,13538_24732.png,0.0120527336994806,87.2001953125,0.0006866455078125,0.4574363529682159,False,False,False,16,13538,24732,rocky_mountains
13538_24733.png,13538_24733.png,0.0247318545977274,137.1005859375,3.0517578125e-05,0.45441734790802,False,False,False,16,13538,24733,rocky_mountains
13538_24734.png,13538_24734.png,0.0223317166169484,228.400390625,0.0517578125,0.4042811393737793,False,False,False,16,13538,24734,rocky_mountains
13538_24735.png,13538_24735.png,0.0159337759017944,88.0,0.0215606689453125,0.4493630230426788,False,False,False,16,13538,24735,rocky_mountains
13538_24736.png,13538_24736.png,0.0166202674309412,76.7001953125,0.01483154296875,0.4381473660469055,False,False,False,16,13538,24736,rocky_mountains
13538_24737.png,13538_24737.png,0.0148747235536575,171.7998046875,0.013580322265625,0.4650983810424804,False,False,False,16,13538,24737,rocky_mountains
13538_24738.png,13538_24738.png,0.0217573225498199,176.7998046875,0.0062713623046875,0.4738102257251739,False,False,False,16,13538,24738,rocky_mountains
13538_24739.png,13538_24739.png,0.0192071656386057,192.599609375,3.0517578125e-05,0.4515308737754822,False,False,False,16,13538,24739,rocky_mountains
13538_24740.png,13538_24740.png,0.0123176574707031,251.2001953125,0.018768310546875,0.4095965027809143,False,False,False,16,13538,24740,rocky_mountains
13538_24741.png,13538_24741.png,0.0308577895164489,230.3994140625,0.00372314453125,0.3775296211242676,False,False,False,16,13538,24741,rocky_mountains
13538_24742.png,13538_24742.png,0.0535612146059672,226.2001953125,0.0109710693359375,0.3756000101566314,False,False,False,16,13538,24742,rocky_mountains
13538_24743.png,13538_24743.png,0.0526297728220621,351.6005859375,0.00390625,0.3587038815021515,False,False,False,16,13538,24743,rocky_mountains
13539_24727.png,13539_24727.png,0.0302562554677327,216.2998046875,0.072174072265625,0.5003305673599243,False,False,False,16,13539,24727,rocky_mountains
13539_24728.png,13539_24728.png,0.0367597579956054,288.7998046875,0.0009765625,0.486730009317398,False,False,False,16,13539,24728,rocky_mountains
13539_24729.png,13539_24729.png,0.0158337036768595,189.2998046875,0.0175628662109375,0.3796242475509643,False,False,False,16,13539,24729,rocky_mountains
13539_24730.png,13539_24730.png,0.0155510336160659,147.2001953125,0.019500732421875,0.412259042263031,False,False,False,16,13539,24730,rocky_mountains
13539_24731.png,13539_24731.png,0.0100317150354385,147.3994140625,0.0040283203125,0.4593347907066345,False,False,False,16,13539,24731,rocky_mountains
13539_24732.png,13539_24732.png,0.0108440478642781,29.0,0.0,0.4390706717967987,False,False,False,16,13539,24732,rocky_mountains
13539_24733.png,13539_24733.png,0.0281492213408152,181.599609375,0.0002593994140625,0.4043631553649902,False,False,False,16,13539,24733,rocky_mountains
13539_24734.png,13539_24734.png,0.0150674939155578,96.900390625,0.046844482421875,0.4259346723556518,False,False,False,16,13539,24734,rocky_mountains
13539_24735.png,13539_24735.png,0.0119827628135681,114.8994140625,0.00360107421875,0.4437189102172851,False,False,False,16,13539,24735,rocky_mountains
13539_24736.png,13539_24736.png,0.0233950237433115,186.8994140625,0.0087127685546875,0.4445868134498596,False,False,False,16,13539,24736,rocky_mountains
13539_24737.png,13539_24737.png,0.0212620913982391,208.099609375,0.0005950927734375,0.4619183838367462,False,False,False,16,13539,24737,rocky_mountains
13539_24738.png,13539_24738.png,0.0105636576811472,102.099609375,0.0008697509765625,0.4229783713817596,False,False,False,16,13539,24738,rocky_mountains
13539_24739.png,13539_24739.png,0.0159452607234319,110.69921875,0.0144195556640625,0.4210279881954193,False,False,False,16,13539,24739,rocky_mountains
13539_24740.png,13539_24740.png,0.0226235886414845,209.099609375,0.037689208984375,0.4162929654121399,False,False,False,16,13539,24740,rocky_mountains
13539_24741.png,13539_24741.png,0.0215099851290384,189.2001953125,0.0105743408203125,0.4097688198089599,False,False,False,16,13539,24741,rocky_mountains
13539_24742.png,13539_24742.png,0.0132230848073959,239.5,0.0034332275390625,0.3951596021652221,False,False,False,16,13539,24742,rocky_mountains
13539_24743.png,13539_24743.png,0.0109261870384216,265.5,0.0130462646484375,0.3603646457195282,False,False,False,16,13539,24743,rocky_mountains
13540_24727.png,13540_24727.png,0.0234509229660034,154.599609375,0.077178955078125,0.4924718141555786,False,False,False,16,13540,24727,rocky_mountains
13540_24728.png,13540_24728.png,0.0210081577301025,324.0,0.029937744140625,0.5309572219848633,False,False,False,16,13540,24728,rocky_mountains
13540_24729.png,13540_24729.png,0.0199436922868092,171.2998046875,0.0046539306640625,0.3952095806598663,False,False,False,16,13540,24729,rocky_mountains
13540_24730.png,13540_24730.png,0.0221365650494893,158.19921875,0.011474609375,0.4114266037940979,False,False,False,16,13540,24730,rocky_mountains
13540_24731.png,13540_24731.png,0.0095679144064585,184.7001953125,0.00433349609375,0.4332946538925171,False,False,False,16,13540,24731,rocky_mountains
13540_24732.png,13540_24732.png,0.0098135451475779,55.5,0.001953125,0.4434564113616943,False,False,False,16,13540,24732,rocky_mountains
13540_24733.png,13540_24733.png,0.0212813218434651,175.5,0.01251220703125,0.3883149325847626,False,False,False,16,13540,24733,rocky_mountains
13540_24734.png,13540_24734.png,0.0066798652211825,36.099609375,0.0130157470703125,0.4001769125461578,False,False,False,16,13540,24734,rocky_mountains
13540_24735.png,13540_24735.png,0.0144410828749338,124.1005859375,0.039703369140625,0.4238930642604828,False,False,False,16,13540,24735,rocky_mountains
13540_24736.png,13540_24736.png,0.0268787622451782,187.599609375,0.0070648193359375,0.4564083516597748,False,False,False,16,13540,24736,rocky_mountains
13540_24737.png,13540_24737.png,0.0145277827978134,149.7998046875,0.001983642578125,0.4371365010738373,False,False,False,16,13540,24737,rocky_mountains
13540_24738.png,13540_24738.png,0.0100005229314168,115.1005859375,0.0218963623046875,0.4062633812427521,False,False,False,16,13540,24738,rocky_mountains
13540_24739.png,13540_24739.png,0.005413107573986,71.7998046875,0.028533935546875,0.4316650032997131,False,False,False,16,13540,24739,rocky_mountains
13540_24740.png,13540_24740.png,0.0043963328003883,73.8994140625,0.00714111328125,0.4213408827781677,False,False,False,16,13540,24740,rocky_mountains
13540_24741.png,13540_24741.png,0.0058450619379679,93.1005859375,0.024627685546875,0.4369783997535705,False,False,False,16,13540,24741,rocky_mountains
13540_24742.png,13540_24742.png,0.0144624054431915,203.3994140625,0.0232696533203125,0.424365371465683,False,False,False,16,13540,24742,rocky_mountains
13540_24743.png,13540_24743.png,0.0136020878950754,257.900390625,0.05426025390625,0.3827764391899109,False,False,False,16,13540,24743,rocky_mountains
13541_24727.png,13541_24727.png,0.0248351633548736,95.3994140625,0.0,0.4774022698402405,False,False,False,16,13541,24727,rocky_mountains
13541_24728.png,13541_24728.png,0.0272132595380147,210.0,0.0100860595703125,0.4741584062576294,False,False,False,16,13541,24728,rocky_mountains
13541_24729.png,13541_24729.png,0.0222486058870951,223.7001953125,0.050018310546875,0.378787100315094,False,False,False,16,13541,24729,rocky_mountains
13541_24730.png,13541_24730.png,0.0208772381146748,222.7001953125,0.0269012451171875,0.4103268682956695,False,False,False,16,13541,24730,rocky_mountains
13541_24731.png,13541_24731.png,0.0115466068188349,178.0,0.0142822265625,0.4449874758720398,False,False,False,16,13541,24731,rocky_mountains
13541_24732.png,13541_24732.png,0.0160187135140101,125.69921875,0.0064544677734375,0.4398695826530456,False,False,False,16,13541,24732,rocky_mountains
13541_24733.png,13541_24733.png,0.0207300841808319,186.2001953125,0.0319061279296875,0.3911609053611755,False,False,False,16,13541,24733,rocky_mountains
13541_24734.png,13541_24734.png,0.0078370953599611,34.8994140625,0.00018310546875,0.4078741073608398,False,False,False,16,13541,24734,rocky_mountains
13541_24735.png,13541_24735.png,0.0215438107649485,106.7001953125,0.0316162109375,0.4360374808311462,False,False,False,16,13541,24735,rocky_mountains
13541_24736.png,13541_24736.png,0.024685800075531,162.2001953125,0.0036163330078125,0.4475738406181335,False,False,False,16,13541,24736,rocky_mountains
13541_24737.png,13541_24737.png,0.0155451407035191,115.7998046875,0.000518798828125,0.401610791683197,False,False,False,16,13541,24737,rocky_mountains
13541_24738.png,13541_24738.png,0.0140747636556625,187.5,0.0020599365234375,0.4190209507942199,False,False,False,16,13541,24738,rocky_mountains
13541_24739.png,13541_24739.png,0.0155850142240524,230.5,0.021728515625,0.3948134183883667,False,False,False,16,13541,24739,rocky_mountains
13541_24740.png,13541_24740.png,0.0167624751726786,152.7998046875,0.05279541015625,0.4230513572692871,False,False,False,16,13541,24740,rocky_mountains
13541_24741.png,13541_24741.png,0.0051788250605265,107.7998046875,0.027130126953125,0.4488434791564941,False,False,False,16,13541,24741,rocky_mountains
13541_24742.png,13541_24742.png,0.0080791026353836,159.6005859375,0.0420379638671875,0.4438673853874206,False,False,False,16,13541,24742,rocky_mountains
13541_24743.png,13541_24743.png,0.0093092600504557,221.1005859375,0.015594482421875,0.389455497264862,False,False,False,16,13541,24743,rocky_mountains
13542_24727.png,13542_24727.png,0.0217530310153961,63.19921875,0.0,0.457882285118103,False,False,False,16,13542,24727,rocky_mountains
13542_24728.png,13542_24728.png,0.0286703010400136,157.1005859375,0.0037841796875,0.4826240539550781,False,False,False,16,13542,24728,rocky_mountains
13542_24729.png,13542_24729.png,0.0081016634901364,35.7001953125,0.0,0.375716358423233,False,False,False,16,13542,24729,rocky_mountains
13542_24730.png,13542_24730.png,0.012386006116867,86.400390625,0.0367279052734375,0.4251087605953216,False,False,False,16,13542,24730,rocky_mountains
13542_24731.png,13542_24731.png,0.0128183921178181,116.1005859375,0.0022125244140625,0.4258910119533539,False,False,False,16,13542,24731,rocky_mountains
13542_24732.png,13542_24732.png,0.0183286209901173,152.2001953125,0.0009613037109375,0.4054932594299316,False,False,False,16,13542,24732,rocky_mountains
13542_24733.png,13542_24733.png,0.0151122619708379,123.400390625,0.0176544189453125,0.3853163421154022,False,False,False,16,13542,24733,rocky_mountains
13542_24734.png,13542_24734.png,0.0115327686071395,37.5,0.03564453125,0.3958910703659057,False,False,False,16,13542,24734,rocky_mountains
13542_24735.png,13542_24735.png,0.020650440454483,117.3994140625,0.0268096923828125,0.4334481358528137,False,False,False,16,13542,24735,rocky_mountains
13542_24736.png,13542_24736.png,0.0197388748327891,118.69921875,0.0738677978515625,0.408135324716568,False,False,False,16,13542,24736,rocky_mountains
13542_24737.png,13542_24737.png,0.0120901972055435,213.599609375,0.040069580078125,0.472976803779602,False,False,False,16,13542,24737,rocky_mountains
13542_24738.png,13542_24738.png,0.0121190657218297,189.599609375,0.0309600830078125,0.4311601221561432,False,False,False,16,13542,24738,rocky_mountains
13542_24739.png,13542_24739.png,0.0115709424018859,198.0,0.0094757080078125,0.4043590426445007,False,False,False,16,13542,24739,rocky_mountains
13542_24740.png,13542_24740.png,0.0145771612723668,190.0,0.052093505859375,0.3936702311038971,False,False,False,16,13542,24740,rocky_mountains
13542_24741.png,13542_24741.png,0.0168646275997161,250.7001953125,0.052825927734375,0.4177755713462829,False,False,False,16,13542,24741,rocky_mountains
13542_24742.png,13542_24742.png,0.0111113260189692,212.0,0.0532989501953125,0.4184151291847229,False,False,False,16,13542,24742,rocky_mountains
13542_24743.png,13542_24743.png,0.00857708354791,194.2998046875,0.0018157958984375,0.3722465634346008,False,False,False,16,13542,24743,rocky_mountains
13543_24727.png,13543_24727.png,0.0239156683286031,104.2001953125,0.0,0.4806354939937591,False,False,False,16,13543,24727,rocky_mountains
13543_24728.png,13543_24728.png,0.0281750440597534,139.900390625,0.004486083984375,0.4770976305007934,False,False,False,16,13543,24728,rocky_mountains
13543_24729.png,13543_24729.png,0.0154504905144373,67.6005859375,0.000823974609375,0.3863143622875213,False,False,False,16,13543,24729,rocky_mountains
13543_24730.png,13543_24730.png,0.017479799191157,90.7001953125,0.019317626953125,0.4140797853469848,False,False,False,16,13543,24730,rocky_mountains
13543_24731.png,13543_24731.png,0.0161425987879435,114.599609375,0.0073394775390625,0.405979186296463,False,False,False,16,13543,24731,rocky_mountains
13543_24732.png,13543_24732.png,0.01664919257164,113.2998046875,0.0264892578125,0.3859629034996032,False,False,False,16,13543,24732,rocky_mountains
13543_24733.png,13543_24733.png,0.0084329883257548,21.599609375,0.008697509765625,0.3994037210941314,False,False,False,16,13543,24733,rocky_mountains
13543_24734.png,13543_24734.png,0.0117415815591812,48.0,0.0,0.3908897638320923,False,False,False,16,13543,24734,rocky_mountains
13543_24735.png,13543_24735.png,0.011121846238772,100.1005859375,0.0202484130859375,0.403815895318985,False,False,False,16,13543,24735,rocky_mountains
13543_24736.png,13543_24736.png,0.0138877272605896,56.2001953125,0.0134429931640625,0.3990206718444824,False,False,False,16,13543,24736,rocky_mountains
13543_24737.png,13543_24737.png,0.0197234412034352,244.599609375,0.037994384765625,0.4435491561889648,False,False,False,16,13543,24737,rocky_mountains
13543_24738.png,13543_24738.png,0.0151204019784927,274.0,9.1552734375e-05,0.4275740683078766,False,False,False,16,13543,24738,rocky_mountains
13543_24739.png,13543_24739.png,0.0091869841019312,201.7998046875,0.0023956298828125,0.4038846790790558,False,False,False,16,13543,24739,rocky_mountains
13543_24740.png,13543_24740.png,0.0102005362510681,194.7001953125,0.0060882568359375,0.3910759389400482,False,False,False,16,13543,24740,rocky_mountains
13543_24741.png,13543_24741.png,0.0093895852565765,188.7001953125,0.00225830078125,0.3680240213871002,False,False,False,16,13543,24741,rocky_mountains
13543_24742.png,13543_24742.png,0.0251984238624572,159.1005859375,0.002960205078125,0.3504042327404022,False,False,False,16,13543,24742,rocky_mountains
13543_24743.png,13543_24743.png,0.0070305372277895,180.900390625,0.0051116943359375,0.3446435928344726,False,False,False,16,13543,24743,rocky_mountains
13544_24727.png,13544_24727.png,0.0314017415046691,162.3994140625,0.0,0.5487514734268188,False,False,False,16,13544,24727,rocky_mountains
13544_24728.png,13544_24728.png,0.0223511457443237,130.5,0.0200653076171875,0.4396244585514068,False,False,False,16,13544,24728,rocky_mountains
13544_24729.png,13544_24729.png,0.0206969201564788,92.5,0.0018768310546875,0.4034599661827087,False,False,False,16,13544,24729,rocky_mountains
13544_24730.png,13544_24730.png,0.0235895037651062,77.900390625,0.0005645751953125,0.3820619881153106,False,False,False,16,13544,24730,rocky_mountains
13544_24731.png,13544_24731.png,0.0086284846067428,40.2998046875,0.0,0.3953179121017456,False,False,False,16,13544,24731,rocky_mountains
13544_24732.png,13544_24732.png,0.0061353102326393,21.7998046875,0.0,0.3718449175357818,False,False,False,16,13544,24732,rocky_mountains
13544_24733.png,13544_24733.png,0.0070318376024564,35.5,0.005828857421875,0.3917922377586365,False,False,False,16,13544,24733,rocky_mountains
13544_24734.png,13544_24734.png,0.0108582248290379,80.69921875,0.0216522216796875,0.3976708054542541,False,False,False,16,13544,24734,rocky_mountains
13544_24735.png,13544_24735.png,0.0132216135660807,86.7001953125,0.0046539306640625,0.3961489796638489,False,False,False,16,13544,24735,rocky_mountains
13544_24736.png,13544_24736.png,0.0146446853876113,130.7998046875,0.02020263671875,0.4025193154811859,False,False,False,16,13544,24736,rocky_mountains
13544_24737.png,13544_24737.png,0.0112333238124847,197.69921875,0.0367889404296875,0.4594305753707886,False,False,False,16,13544,24737,rocky_mountains
13544_24738.png,13544_24738.png,0.0191967686017354,335.099609375,0.0064697265625,0.4431920647621155,False,False,False,16,13544,24738,rocky_mountains
13544_24739.png,13544_24739.png,0.0108905514081319,211.30078125,0.0019378662109375,0.4028339087963104,False,False,False,16,13544,24739,rocky_mountains
13544_24740.png,13544_24740.png,0.010460274418195,209.8994140625,0.036163330078125,0.3924078941345215,False,False,False,16,13544,24740,rocky_mountains
13544_24741.png,13544_24741.png,0.0108990013599395,162.7998046875,0.0035247802734375,0.3436087071895599,False,False,False,16,13544,24741,rocky_mountains
13544_24742.png,13544_24742.png,0.0130078216393788,86.7001953125,0.0029296875,0.3428814709186554,False,False,False,16,13544,24742,rocky_mountains
13544_24743.png,13544_24743.png,0.0095053692658742,110.599609375,0.0005035400390625,0.344267338514328,False,False,False,16,13544,24743,rocky_mountains
13545_24727.png,13545_24727.png,0.028935154279073,151.900390625,0.043426513671875,0.5386000275611877,False,False,False,16,13545,24727,rocky_mountains
13545_24728.png,13545_24728.png,0.0245172103246053,129.5,0.0109100341796875,0.4524842500686645,False,False,False,16,13545,24728,rocky_mountains
13545_24729.png,13545_24729.png,0.0191045463085174,159.2998046875,0.0251617431640625,0.434383362531662,False,False,False,16,13545,24729,rocky_mountains
13545_24730.png,13545_24730.png,0.0139996925989786,88.7998046875,0.000274658203125,0.379562646150589,False,False,False,16,13545,24730,rocky_mountains
13545_24731.png,13545_24731.png,0.0183688422044118,97.7001953125,0.0311279296875,0.3842982947826385,False,False,False,16,13545,24731,rocky_mountains
13545_24732.png,13545_24732.png,0.0105833649635314,69.7998046875,0.0572509765625,0.3749135136604309,False,False,False,16,13545,24732,rocky_mountains
13545_24733.png,13545_24733.png,0.0103111902872721,47.7998046875,0.002532958984375,0.3962876796722412,False,False,False,16,13545,24733,rocky_mountains
13545_24734.png,13545_24734.png,0.0112775862216949,62.7998046875,0.0005645751953125,0.3976860642433166,False,False,False,16,13545,24734,rocky_mountains
13545_24735.png,13545_24735.png,0.0159220834573109,95.2998046875,0.0068511962890625,0.3957185745239258,False,False,False,16,13545,24735,rocky_mountains
13545_24736.png,13545_24736.png,0.0128210842609405,161.2998046875,0.0035858154296875,0.4017229676246643,False,False,False,16,13545,24736,rocky_mountains
13545_24737.png,13545_24737.png,0.0103809138139088,161.5,0.0276336669921875,0.4401395320892334,False,False,False,16,13545,24737,rocky_mountains
13545_24738.png,13545_24738.png,0.0180693010489145,243.5,0.048004150390625,0.4417988657951355,False,False,False,16,13545,24738,rocky_mountains
13545_24739.png,13545_24739.png,0.0142663637797037,165.3994140625,0.0040283203125,0.4053704738616943,False,False,False,16,13545,24739,rocky_mountains
13545_24740.png,13545_24740.png,0.0139946371316909,162.2998046875,0.0033416748046875,0.3736438751220703,False,False,False,16,13545,24740,rocky_mountains
13545_24741.png,13545_24741.png,0.0116355677445729,219.599609375,0.0004119873046875,0.3475766777992248,False,False,False,16,13545,24741,rocky_mountains
13545_24742.png,13545_24742.png,0.0182790140310923,146.5,0.0041351318359375,0.3431031107902527,False,False,False,16,13545,24742,rocky_mountains
13545_24743.png,13545_24743.png,0.0292695601781209,161.900390625,0.001739501953125,0.3437226712703705,False,False,False,16,13545,24743,rocky_mountains
13546_24727.png,13546_24727.png,0.0242554724216461,113.7001953125,0.05828857421875,0.4928711354732513,False,False,False,16,13546,24727,rocky_mountains
13546_24728.png,13546_24728.png,0.0214024066925048,134.7001953125,0.00408935546875,0.4631021022796631,False,False,False,16,13546,24728,rocky_mountains
13546_24729.png,13546_24729.png,0.014727238814036,184.7998046875,0.033447265625,0.4212642908096313,False,False,False,16,13546,24729,rocky_mountains
13546_24730.png,13546_24730.png,0.0131509115298589,118.6005859375,0.020660400390625,0.397140234708786,False,False,False,16,13546,24730,rocky_mountains
13546_24731.png,13546_24731.png,0.0173944334189097,202.7998046875,0.0147552490234375,0.4250129461288452,False,False,False,16,13546,24731,rocky_mountains
13546_24732.png,13546_24732.png,0.0223445316155751,164.7001953125,0.0008087158203125,0.3822456002235412,False,False,False,16,13546,24732,rocky_mountains
13546_24733.png,13546_24733.png,0.0189751088619232,90.5,0.001556396484375,0.409227043390274,False,False,False,16,13546,24733,rocky_mountains
13546_24734.png,13546_24734.png,0.0127718279759089,63.099609375,0.0002899169921875,0.4050150513648987,False,False,False,16,13546,24734,rocky_mountains
13546_24735.png,13546_24735.png,0.0174733459949493,105.099609375,0.01348876953125,0.4062915742397308,False,False,False,16,13546,24735,rocky_mountains
13546_24736.png,13546_24736.png,0.0190061350663503,177.7998046875,0.049957275390625,0.4282880425453186,False,False,False,16,13546,24736,rocky_mountains
13546_24737.png,13546_24737.png,0.0170102437337239,142.80078125,0.0034332275390625,0.410397469997406,False,False,False,16,13546,24737,rocky_mountains
13546_24738.png,13546_24738.png,0.013582894206047,257.099609375,0.000701904296875,0.4374599754810333,False,False,False,16,13546,24738,rocky_mountains
13546_24739.png,13546_24739.png,0.0138667196035385,276.5,0.0105133056640625,0.447626918554306,False,False,False,16,13546,24739,rocky_mountains
13546_24740.png,13546_24740.png,0.0106802652279535,210.5,0.0019989013671875,0.408825010061264,False,False,False,16,13546,24740,rocky_mountains
13546_24741.png,13546_24741.png,0.0120107432206471,227.6005859375,0.0127410888671875,0.3822370171546936,False,False,False,16,13546,24741,rocky_mountains
13546_24742.png,13546_24742.png,0.0171597917874654,218.900390625,0.0017852783203125,0.3695482313632965,False,False,False,16,13546,24742,rocky_mountains
13546_24743.png,13546_24743.png,0.0122908502817153,199.900390625,0.002960205078125,0.3681924641132355,False,False,False,16,13546,24743,rocky_mountains
13547_24727.png,13547_24727.png,0.0188819328943888,107.6005859375,0.0125885009765625,0.456689178943634,False,False,False,16,13547,24727,rocky_mountains
13547_24728.png,13547_24728.png,0.0119163970152537,62.7998046875,0.0071563720703125,0.4371086657047272,False,False,False,16,13547,24728,rocky_mountains
13547_24729.png,13547_24729.png,0.012463104724884,125.6005859375,0.053619384765625,0.4043503999710083,False,False,False,16,13547,24729,rocky_mountains
13547_24730.png,13547_24730.png,0.0093054095904032,115.30078125,0.0355224609375,0.3866812586784363,False,False,False,16,13547,24730,rocky_mountains
13547_24731.png,13547_24731.png,0.0179855465888977,171.5,0.023681640625,0.3855282366275787,False,False,False,16,13547,24731,rocky_mountains
13547_24732.png,13547_24732.png,0.0197074651718139,154.7998046875,0.05670166015625,0.3900395035743713,False,False,False,16,13547,24732,rocky_mountains
13547_24733.png,13547_24733.png,0.0149505545695622,93.7001953125,0.0055999755859375,0.3972172737121582,False,False,False,16,13547,24733,rocky_mountains
13547_24734.png,13547_24734.png,0.0183380862077077,109.0,0.0109405517578125,0.4018857181072235,False,False,False,16,13547,24734,rocky_mountains
13547_24735.png,13547_24735.png,0.0231244166692097,202.099609375,0.049530029296875,0.4060286581516266,False,False,False,16,13547,24735,rocky_mountains
13547_24736.png,13547_24736.png,0.0221629758675893,201.1005859375,0.0283966064453125,0.4156513512134552,False,False,False,16,13547,24736,rocky_mountains
13547_24737.png,13547_24737.png,0.0184628466765085,159.2998046875,0.0352935791015625,0.4018460512161255,False,False,False,16,13547,24737,rocky_mountains
13547_24738.png,13547_24738.png,0.0204868535200754,209.400390625,0.02032470703125,0.4322458207607269,False,False,False,16,13547,24738,rocky_mountains
13547_24739.png,13547_24739.png,0.0149409542481104,222.900390625,0.0098419189453125,0.4160771071910858,False,False,False,16,13547,24739,rocky_mountains
13547_24740.png,13547_24740.png,0.0145913501580556,228.2998046875,0.0006256103515625,0.4215860366821289,False,False,False,16,13547,24740,rocky_mountains
13547_24741.png,13547_24741.png,0.0142472585042317,236.900390625,0.0603485107421875,0.4244524538516998,False,False,False,16,13547,24741,rocky_mountains
13547_24742.png,13547_24742.png,0.0127779712279637,254.7001953125,0.01458740234375,0.4081392586231231,False,False,False,16,13547,24742,rocky_mountains
13547_24743.png,13547_24743.png,0.0099036504824956,231.7998046875,0.0444488525390625,0.4076995253562927,False,False,False,16,13547,24743,rocky_mountains
