terrain_path,satellite_path,slope_variation,elevation_change,water_proximity,vegetation_density,coastal,has_lake,has_river,z,x,y
z16/19528_24200.png,z16/19528_24200.png,0.009788294633229574,56.0,0.0568695068359375,0.3410452902317047,False,False,False,16,19528,24200
z16/19528_24201.png,z16/19528_24201.png,0.008350803454717,99.2001953125,0.0054779052734375,0.3385450541973114,False,False,False,16,19528,24201
z16/19528_24202.png,z16/19528_24202.png,0.009708868463834126,97.099609375,0.0023345947265625,0.33550649881362915,False,False,False,16,19528,24202
z16/19528_24203.png,z16/19528_24203.png,0.010909937818845113,117.7998046875,0.021881103515625,0.33483561873435974,False,False,False,16,19528,24203
z16/19528_24204.png,z16/19528_24204.png,0.00993694265683492,85.19921875,0.009765625,0.34004658460617065,False,False,False,16,19528,24204
z16/19528_24205.png,z16/19528_24205.png,0.010998189449310303,101.30078125,0.00885009765625,0.3383875787258148,False,False,False,16,19528,24205
z16/19528_24206.png,z16/19528_24206.png,0.012135094404220581,99.400390625,0.00982666015625,0.3354816138744354,False,False,False,16,19528,24206
z16/19528_24207.png,z16/19528_24207.png,0.009427839517593383,85.599609375,0.000457763671875,0.3385007679462433,False,False,False,16,19528,24207
z16/19528_24208.png,z16/19528_24208.png,0.0071121280392011,52.2998046875,0.0291748046875,0.3369762897491455,False,False,False,16,19528,24208
z16/19528_24209.png,z16/19528_24209.png,0.00835552712281545,51.1005859375,0.00811767578125,0.3324242830276489,False,False,False,16,19528,24209
z16/19528_24210.png,z16/19528_24210.png,0.010543809334437052,46.599609375,0.0355987548828125,0.33880722522735596,False,False,False,16,19528,24210
z16/19528_24211.png,z16/19528_24211.png,0.0069972788294156395,44.099609375,0.0127716064453125,0.3363966643810272,False,False,False,16,19528,24211
z16/19528_24212.png,z16/19528_24212.png,0.00824205627044042,46.7001953125,0.0045318603515625,0.3331541121006012,False,False,False,16,19528,24212
z16/19528_24213.png,z16/19528_24213.png,0.005586109558741252,41.2998046875,0.0075836181640625,0.3427334129810333,False,False,False,16,19528,24213
z16/19528_24214.png,z16/19528_24214.png,0.010221795241038004,46.1005859375,0.006378173828125,0.3333406448364258,False,False,False,16,19528,24214
z16/19528_24215.png,z16/19528_24215.png,0.01119895080725352,74.2998046875,0.0003814697265625,0.33696863055229187,False,False,False,16,19528,24215
z16/19528_24216.png,z16/19528_24216.png,0.011366333564122517,101.099609375,0.037384033203125,0.3362610340118408,False,False,False,16,19528,24216
z16/19528_24217.png,z16/19528_24217.png,0.008877127369244894,73.5,0.0245361328125,0.3365398347377777,False,False,False,16,19528,24217
z16/19528_24218.png,z16/19528_24218.png,0.005701793730258942,57.2001953125,0.0018463134765625,0.3352251648902893,False,False,False,16,19528,24218
z16/19528_24219.png,z16/19528_24219.png,0.009695862730344137,90.400390625,0.029449462890625,0.3376167416572571,False,False,False,16,19528,24219
z16/19528_24220.png,z16/19528_24220.png,0.012107102076212566,152.599609375,0.060791015625,0.33391273021698,False,False,False,16,19528,24220
z16/19528_24221.png,z16/19528_24221.png,0.008503633737564086,149.1005859375,0.011474609375,0.3359120786190033,False,False,False,16,19528,24221
z16/19528_24222.png,z16/19528_24222.png,0.010767817497253418,127.7001953125,0.00091552734375,0.3358050286769867,False,False,False,16,19528,24222
z16/19528_24223.png,z16/19528_24223.png,0.008698554833730061,82.2998046875,0.0107269287109375,0.3346458077430725,False,False,False,16,19528,24223
z16/19528_24224.png,z16/19528_24224.png,0.008078987896442413,61.6005859375,0.0059814453125,0.33628982305526733,False,False,False,16,19528,24224
z16/19528_24225.png,z16/19528_24225.png,0.013127108414967855,78.599609375,0.0062103271484375,0.33883577585220337,False,False,False,16,19528,24225
z16/19528_24226.png,z16/19528_24226.png,0.008915933966636657,65.5,0.00750732421875,0.3397316038608551,False,False,False,16,19528,24226
z16/19528_24227.png,z16/19528_24227.png,0.005263029535611471,53.5,0.0136871337890625,0.336494505405426,False,False,False,16,19528,24227
z16/19528_24228.png,z16/19528_24228.png,0.0068999653061230974,47.2998046875,0.00616455078125,0.3407945930957794,False,False,False,16,19528,24228
z16/19528_24229.png,z16/19528_24229.png,0.008615521589914958,58.099609375,0.00518798828125,0.3450782299041748,False,False,False,16,19528,24229
z16/19528_24230.png,z16/19528_24230.png,0.008897449572881062,64.3994140625,0.009368896484375,0.34299567341804504,False,False,False,16,19528,24230
z16/19528_24231.png,z16/19528_24231.png,0.006694307426611582,25.599609375,0.0072479248046875,0.33981525897979736,False,False,False,16,19528,24231
z16/19528_24232.png,z16/19528_24232.png,0.005612781643867493,19.7998046875,0.0,0.33670204877853394,False,False,False,16,19528,24232
z16/19528_24233.png,z16/19528_24233.png,0.0046991671125094095,17.1005859375,0.0,0.34155765175819397,False,False,False,16,19528,24233
z16/19528_24234.png,z16/19528_24234.png,0.006224669019381205,23.900390625,0.0,0.34472113847732544,False,False,False,16,19528,24234
z16/19528_24235.png,z16/19528_24235.png,0.0083575040102005,44.69921875,0.029022216796875,0.3462836444377899,False,False,False,16,19528,24235
z16/19528_24236.png,z16/19528_24236.png,0.00791612168153127,42.3994140625,0.001129150390625,0.3377896845340729,False,False,False,16,19528,24236
z16/19528_24237.png,z16/19528_24237.png,0.003098334123690923,21.2998046875,0.03851318359375,0.3399662375450134,False,False,False,16,19528,24237
z16/19528_24238.png,z16/19528_24238.png,0.0027147233486175537,15.0,0.0,0.3371261954307556,False,False,False,16,19528,24238
z16/19528_24239.png,z16/19528_24239.png,0.004688668747742971,35.0,0.002227783203125,0.34035205841064453,False,False,False,16,19528,24239
z16/19528_24240.png,z16/19528_24240.png,0.007639063398043314,62.2998046875,0.0133819580078125,0.34094566106796265,False,False,False,16,19528,24240
z16/19528_24241.png,z16/19528_24241.png,0.01110247274239858,68.900390625,0.0024871826171875,0.33264192938804626,False,False,False,16,19528,24241
z16/19528_24242.png,z16/19528_24242.png,0.010821844140688578,88.5,0.002105712890625,0.3354960083961487,False,False,False,16,19528,24242
z16/19528_24243.png,z16/19528_24243.png,0.00802489866813024,75.5,0.0005035400390625,0.3371424674987793,False,False,False,16,19528,24243
z16/19528_24244.png,z16/19528_24244.png,0.010091858108838399,59.7001953125,0.0608062744140625,0.339874804019928,False,False,False,16,19528,24244
z16/19528_24245.png,z16/19528_24245.png,0.00843447744846344,31.900390625,0.03399658203125,0.3446846306324005,False,False,False,16,19528,24245
z16/19528_24246.png,z16/19528_24246.png,0.009177035093307495,41.400390625,0.02642822265625,0.34517180919647217,False,False,False,16,19528,24246
z16/19528_24247.png,z16/19528_24247.png,0.006275346378485361,53.5,0.0054779052734375,0.3418871760368347,False,False,False,16,19528,24247
z16/19528_24248.png,z16/19528_24248.png,0.0038844292362531026,74.5,0.0161895751953125,0.33342522382736206,False,False,False,16,19528,24248
z16/19528_24249.png,z16/19528_24249.png,0.007226443787415823,78.7001953125,0.000732421875,0.33619019389152527,False,False,False,16,19528,24249
z16/19528_24250.png,z16/19528_24250.png,0.01143572727839152,79.2001953125,0.0048980712890625,0.3358650803565979,False,False,False,16,19528,24250
z16/19528_24251.png,z16/19528_24251.png,0.008490197857220967,68.1005859375,0.0198516845703125,0.3381481170654297,False,False,False,16,19528,24251
z16/19528_24252.png,z16/19528_24252.png,0.010957004626592,78.2998046875,0.0094757080078125,0.3372395634651184,False,False,False,16,19528,24252
z16/19528_24253.png,z16/19528_24253.png,0.0110510915517807,82.80078125,0.002716064453125,0.3392087519168854,False,False,False,16,19528,24253
z16/19528_24254.png,z16/19528_24254.png,0.011483662327130635,72.5,0.00146484375,0.3422502279281616,False,False,False,16,19528,24254
z16/19528_24255.png,z16/19528_24255.png,0.01441136399904887,78.400390625,0.055328369140625,0.3430766463279724,False,False,False,16,19528,24255
z16/19528_24256.png,z16/19528_24256.png,0.005939658979574839,42.0,0.0179901123046875,0.34366926550865173,False,False,False,16,19528,24256
z16/19528_24257.png,z16/19528_24257.png,0.004725135862827301,39.5,0.020294189453125,0.3365664482116699,False,False,False,16,19528,24257
z16/19528_24258.png,z16/19528_24258.png,0.007618731260299683,32.400390625,0.0,0.34335243701934814,False,False,False,16,19528,24258
z16/19528_24259.png,z16/19528_24259.png,0.014839370052019756,30.8994140625,0.0,0.34600305557250977,False,False,False,16,19528,24259
z16/19528_24260.png,z16/19528_24260.png,0.010660159587860107,31.6005859375,0.0,0.34625548124313354,False,False,False,16,19528,24260
z16/19528_24261.png,z16/19528_24261.png,0.002165853977203369,6.3994140625,0.0,0.3466506004333496,False,False,False,16,19528,24261
z16/19528_24262.png,z16/19528_24262.png,0.0028761771818002066,20.7001953125,0.0,0.3404792547225952,False,False,False,16,19528,24262
z16/19528_24263.png,z16/19528_24263.png,0.004100710650285085,26.0,0.00360107421875,0.3399076759815216,False,False,False,16,19528,24263
z16/19528_24264.png,z16/19528_24264.png,0.006606605648994446,36.69921875,0.000701904296875,0.3453453779220581,False,False,False,16,19528,24264
z16/19528_24265.png,z16/19528_24265.png,0.003106685479482015,27.900390625,0.0068359375,0.3417626917362213,False,False,False,16,19528,24265
z16/19528_24266.png,z16/19528_24266.png,0.0045870751142501835,38.2001953125,0.0141754150390625,0.34052541851997375,False,False,False,16,19528,24266
z16/19528_24267.png,z16/19528_24267.png,0.005518904328346253,37.19921875,0.0,0.3458123505115509,False,False,False,16,19528,24267
z16/19528_24268.png,z16/19528_24268.png,0.004609296719233195,20.6005859375,0.0,0.35150346159935,False,False,False,16,19528,24268
z16/19528_24269.png,z16/19528_24269.png,0.004815833270549774,17.7998046875,0.0,0.3479215204715729,False,False,False,16,19528,24269
z16/19528_24270.png,z16/19528_24270.png,0.006592737634976705,19.900390625,0.0,0.34897321462631226,False,False,False,16,19528,24270
z16/19528_24271.png,z16/19528_24271.png,0.00549237330754598,25.400390625,0.0044097900390625,0.3519571125507355,False,False,False,16,19528,24271
z16/19529_24200.png,z16/19529_24200.png,0.008428111672401428,57.19921875,0.0322113037109375,0.3346874713897705,False,False,False,16,19529,24200
z16/19529_24201.png,z16/19529_24201.png,0.0075225363175074255,70.099609375,0.04351806640625,0.3350059390068054,False,False,False,16,19529,24201
z16/19529_24202.png,z16/19529_24202.png,0.0086204598347346,97.3994140625,0.0017242431640625,0.3434382677078247,False,False,False,16,19529,24202
z16/19529_24203.png,z16/19529_24203.png,0.008564531803131104,54.7998046875,0.0201568603515625,0.34891214966773987,False,False,False,16,19529,24203
z16/19529_24204.png,z16/19529_24204.png,0.009217540423075357,69.2001953125,0.03350830078125,0.34041827917099,False,False,False,16,19529,24204
z16/19529_24205.png,z16/19529_24205.png,0.007726844648520152,72.099609375,0.003570556640625,0.3415309190750122,False,False,False,16,19529,24205
z16/19529_24206.png,z16/19529_24206.png,0.006383865078290304,63.2998046875,0.0190582275390625,0.3361668288707733,False,False,False,16,19529,24206
z16/19529_24207.png,z16/19529_24207.png,0.0055480852723121645,72.8994140625,0.0063934326171875,0.33452698588371277,False,False,False,16,19529,24207
z16/19529_24208.png,z16/19529_24208.png,0.0059126357237497965,32.6005859375,0.0,0.33733707666397095,False,False,False,16,19529,24208
z16/19529_24209.png,z16/19529_24209.png,0.006250953674316407,40.80078125,0.000701904296875,0.3314468264579773,False,False,False,16,19529,24209
z16/19529_24210.png,z16/19529_24210.png,0.008427775899569194,61.099609375,0.0290069580078125,0.3402996063232422,False,False,False,16,19529,24210
z16/19529_24211.png,z16/19529_24211.png,0.006612511475880941,52.2001953125,0.020599365234375,0.33716800808906555,False,False,False,16,19529,24211
z16/19529_24212.png,z16/19529_24212.png,0.005365289747714996,58.2998046875,0.00140380859375,0.3330371379852295,False,False,False,16,19529,24212
z16/19529_24213.png,z16/19529_24213.png,0.007178635398546854,36.6005859375,0.0,0.34323960542678833,False,False,False,16,19529,24213
z16/19529_24214.png,z16/19529_24214.png,0.005929675201574961,55.599609375,0.0013885498046875,0.3360522985458374,False,False,False,16,19529,24214
z16/19529_24215.png,z16/19529_24215.png,0.009861534833908081,63.2001953125,0.0728759765625,0.34344467520713806,False,False,False,16,19529,24215
z16/19529_24216.png,z16/19529_24216.png,0.00739687979221344,64.5,0.0032958984375,0.3322567343711853,False,False,False,16,19529,24216
z16/19529_24217.png,z16/19529_24217.png,0.014708925286928813,117.8994140625,0.0401763916015625,0.3346541225910187,False,False,False,16,19529,24217
z16/19529_24218.png,z16/19529_24218.png,0.015838782986005148,131.7998046875,0.0121307373046875,0.3357224762439728,False,False,False,16,19529,24218
z16/19529_24219.png,z16/19529_24219.png,0.008809756239255269,87.400390625,0.0196380615234375,0.33536285161972046,False,False,False,16,19529,24219
z16/19529_24220.png,z16/19529_24220.png,0.006269997358322144,77.0,0.00140380859375,0.33182191848754883,False,False,False,16,19529,24220
z16/19529_24221.png,z16/19529_24221.png,0.007229470213254293,48.2998046875,0.0106048583984375,0.3336971402168274,False,False,False,16,19529,24221
z16/19529_24222.png,z16/19529_24222.png,0.008111456036567688,74.0,0.0055389404296875,0.33414703607559204,False,False,False,16,19529,24222
z16/19529_24223.png,z16/19529_24223.png,0.013022994995117188,96.2001953125,0.0097198486328125,0.33598849177360535,False,False,False,16,19529,24223
z16/19529_24224.png,z16/19529_24224.png,0.009434829155604044,97.900390625,0.008636474609375,0.33780860900878906,False,False,False,16,19529,24224
z16/19529_24225.png,z16/19529_24225.png,0.012192986408869426,67.900390625,0.0066986083984375,0.33765673637390137,False,False,False,16,19529,24225
z16/19529_24226.png,z16/19529_24226.png,0.00922883152961731,86.900390625,0.0143280029296875,0.3360412120819092,False,False,False,16,19529,24226
z16/19529_24227.png,z16/19529_24227.png,0.005466942985852559,36.2998046875,0.004058837890625,0.3407236933708191,False,False,False,16,19529,24227
z16/19529_24228.png,z16/19529_24228.png,0.006281613806883494,34.2998046875,0.0124969482421875,0.34369632601737976,False,False,False,16,19529,24228
z16/19529_24229.png,z16/19529_24229.png,0.007578815519809723,53.599609375,0.015411376953125,0.34097787737846375,False,False,False,16,19529,24229
z16/19529_24230.png,z16/19529_24230.png,0.010408740242322285,60.7998046875,0.0233001708984375,0.3521023690700531,False,False,False,16,19529,24230
z16/19529_24231.png,z16/19529_24231.png,0.007087933520476024,49.2998046875,0.0212860107421875,0.34301748871803284,False,False,False,16,19529,24231
z16/19529_24232.png,z16/19529_24232.png,0.009446944793065388,35.099609375,0.0,0.33724576234817505,False,False,False,16,19529,24232
z16/19529_24233.png,z16/19529_24233.png,0.009369180599848429,37.5,0.0229644775390625,0.3413483202457428,False,False,False,16,19529,24233
z16/19529_24234.png,z16/19529_24234.png,0.004402170578638713,43.0,0.000946044921875,0.3459341526031494,False,False,False,16,19529,24234
z16/19529_24235.png,z16/19529_24235.png,0.0033792299528916676,22.400390625,0.0077667236328125,0.3390425145626068,False,False,False,16,19529,24235
z16/19529_24236.png,z16/19529_24236.png,0.002583511670430501,16.7998046875,0.0,0.3371397852897644,False,False,False,16,19529,24236
z16/19529_24237.png,z16/19529_24237.png,0.004602649311224619,32.099609375,0.012908935546875,0.34026703238487244,False,False,False,16,19529,24237
z16/19529_24238.png,z16/19529_24238.png,0.006468866765499115,32.7001953125,0.03863525390625,0.3375357389450073,False,False,False,16,19529,24238
z16/19529_24239.png,z16/19529_24239.png,0.004927811523278554,54.099609375,0.040679931640625,0.33891797065734863,False,False,False,16,19529,24239
z16/19529_24240.png,z16/19529_24240.png,0.005759340524673462,65.099609375,0.00286865234375,0.3366825580596924,False,False,False,16,19529,24240
z16/19529_24241.png,z16/19529_24241.png,0.005739363034566244,67.7998046875,0.0193634033203125,0.33355584740638733,False,False,False,16,19529,24241
z16/19529_24242.png,z16/19529_24242.png,0.007004694640636444,81.400390625,0.0453948974609375,0.33848804235458374,False,False,False,16,19529,24242
z16/19529_24243.png,z16/19529_24243.png,0.009707228342692057,56.5,0.0,0.34204745292663574,False,False,False,16,19529,24243
z16/19529_24244.png,z16/19529_24244.png,0.003500800828138987,9.6005859375,0.0,0.33762064576148987,False,False,False,16,19529,24244
z16/19529_24245.png,z16/19529_24245.png,0.006638149420420329,23.099609375,0.0,0.3422842025756836,False,False,False,16,19529,24245
z16/19529_24246.png,z16/19529_24246.png,0.00749246080716451,38.8994140625,0.0191192626953125,0.34417733550071716,False,False,False,16,19529,24246
z16/19529_24247.png,z16/19529_24247.png,0.008464488387107848,34.7001953125,0.0430908203125,0.34677135944366455,False,False,False,16,19529,24247
z16/19529_24248.png,z16/19529_24248.png,0.006288367509841919,40.5,0.0417327880859375,0.3430798649787903,False,False,False,16,19529,24248
z16/19529_24249.png,z16/19529_24249.png,0.008865424990653991,89.3994140625,0.0054779052734375,0.3395009934902191,False,False,False,16,19529,24249
z16/19529_24250.png,z16/19529_24250.png,0.00976786216100057,93.3994140625,0.07208251953125,0.33846914768218994,False,False,False,16,19529,24250
z16/19529_24251.png,z16/19529_24251.png,0.0059377660353978476,56.30078125,0.02435302734375,0.3380153775215149,False,False,False,16,19529,24251
z16/19529_24252.png,z16/19529_24252.png,0.009987980127334595,35.7998046875,0.03009033203125,0.3439432978630066,False,False,False,16,19529,24252
z16/19529_24253.png,z16/19529_24253.png,0.010295613606770834,40.7001953125,0.0074005126953125,0.344363272190094,False,False,False,16,19529,24253
z16/19529_24254.png,z16/19529_24254.png,0.009474086761474609,32.8994140625,0.009033203125,0.349638968706131,False,False,False,16,19529,24254
z16/19529_24255.png,z16/19529_24255.png,0.012483984231948853,38.900390625,0.0,0.3437844216823578,False,False,False,16,19529,24255
z16/19529_24256.png,z16/19529_24256.png,0.004021338125069936,17.3994140625,0.0,0.3472478687763214,False,False,False,16,19529,24256
z16/19529_24257.png,z16/19529_24257.png,0.0048614377776781716,21.400390625,0.00189208984375,0.34225040674209595,False,False,False,16,19529,24257
z16/19529_24258.png,z16/19529_24258.png,0.008811078468958537,32.5,0.0,0.3486284911632538,False,False,False,16,19529,24258
z16/19529_24259.png,z16/19529_24259.png,0.01262076993783315,31.5,0.0,0.34537267684936523,False,False,False,16,19529,24259
z16/19529_24260.png,z16/19529_24260.png,0.013339414199193319,39.3994140625,0.0,0.34540367126464844,False,False,False,16,19529,24260
z16/19529_24261.png,z16/19529_24261.png,0.003281111766894658,18.0,0.0,0.3478911519050598,False,False,False,16,19529,24261
z16/19529_24262.png,z16/19529_24262.png,0.0029937143127123514,13.69921875,0.0,0.3519783318042755,False,False,False,16,19529,24262
z16/19529_24263.png,z16/19529_24263.png,0.007697537541389465,32.7001953125,0.0,0.34451624751091003,False,False,False,16,19529,24263
z16/19529_24264.png,z16/19529_24264.png,0.007636495431264241,30.2998046875,0.00262451171875,0.34431713819503784,False,False,False,16,19529,24264
z16/19529_24265.png,z16/19529_24265.png,0.003481710950533549,18.0,0.0177154541015625,0.3490886092185974,False,False,False,16,19529,24265
z16/19529_24266.png,z16/19529_24266.png,0.004231143991152445,29.69921875,0.0005035400390625,0.3474081754684448,False,False,False,16,19529,24266
z16/19529_24267.png,z16/19529_24267.png,0.005846073230107625,20.900390625,0.0167388916015625,0.3461720645427704,False,False,False,16,19529,24267
z16/19529_24268.png,z16/19529_24268.png,0.00635013629992803,23.599609375,0.0064849853515625,0.3453940749168396,False,False,False,16,19529,24268
z16/19529_24269.png,z16/19529_24269.png,0.002968379110097885,6.099609375,0.0,0.3457450866699219,False,False,False,16,19529,24269
z16/19529_24270.png,z16/19529_24270.png,0.004313573737939199,22.400390625,0.0,0.34809666872024536,False,False,False,16,19529,24270
z16/19529_24271.png,z16/19529_24271.png,0.007393506169319153,23.8994140625,0.024627685546875,0.3531007766723633,False,False,False,16,19529,24271
z16/19530_24200.png,z16/19530_24200.png,0.005452109376589457,65.2001953125,0.002410888671875,0.3355157971382141,False,False,False,16,19530,24200
z16/19530_24201.png,z16/19530_24201.png,0.009227039416631062,82.7998046875,0.0348968505859375,0.3428415060043335,False,False,False,16,19530,24201
z16/19530_24202.png,z16/19530_24202.png,0.004912132024765014,44.80078125,0.016632080078125,0.33986130356788635,False,False,False,16,19530,24202
z16/19530_24203.png,z16/19530_24203.png,0.006113756696383158,60.7998046875,0.0170135498046875,0.34451282024383545,False,False,False,16,19530,24203
z16/19530_24204.png,z16/19530_24204.png,0.007571280002593994,71.2998046875,0.00384521484375,0.3414989709854126,False,False,False,16,19530,24204
z16/19530_24205.png,z16/19530_24205.png,0.00830593357483546,71.7001953125,0.0402984619140625,0.3332088887691498,False,False,False,16,19530,24205
z16/19530_24206.png,z16/19530_24206.png,0.00944096843401591,99.5,0.027313232421875,0.3343293070793152,False,False,False,16,19530,24206
z16/19530_24207.png,z16/19530_24207.png,0.008975779016812643,86.19921875,0.003692626953125,0.336642324924469,False,False,False,16,19530,24207
z16/19530_24208.png,z16/19530_24208.png,0.007857611775398255,45.2001953125,0.015289306640625,0.33992183208465576,False,False,False,16,19530,24208
z16/19530_24209.png,z16/19530_24209.png,0.00891516904036204,63.8994140625,0.0149993896484375,0.34139078855514526,False,False,False,16,19530,24209
z16/19530_24210.png,z16/19530_24210.png,0.007474835216999054,51.099609375,0.0443115234375,0.3356192111968994,False,False,False,16,19530,24210
z16/19530_24211.png,z16/19530_24211.png,0.007130225996176401,46.2001953125,0.0481414794921875,0.3445936143398285,False,False,False,16,19530,24211
z16/19530_24212.png,z16/19530_24212.png,0.009660240014394124,56.2998046875,0.0151824951171875,0.34242188930511475,False,False,False,16,19530,24212
z16/19530_24213.png,z16/19530_24213.png,0.008823595444361369,87.2998046875,0.015625,0.3342123031616211,False,False,False,16,19530,24213
z16/19530_24214.png,z16/19530_24214.png,0.00813700407743454,71.5,0.001373291015625,0.3324245810508728,False,False,False,16,19530,24214
z16/19530_24215.png,z16/19530_24215.png,0.010707736015319824,39.1005859375,0.00640869140625,0.3283805251121521,False,False,False,16,19530,24215
z16/19530_24216.png,z16/19530_24216.png,0.007665505508581797,49.3994140625,0.0196685791015625,0.3309049606323242,False,False,False,16,19530,24216
z16/19530_24217.png,z16/19530_24217.png,0.009576528271039327,85.80078125,0.0475616455078125,0.3354862332344055,False,False,False,16,19530,24217
z16/19530_24218.png,z16/19530_24218.png,0.015996467073758444,100.7998046875,0.006744384765625,0.33971649408340454,False,False,False,16,19530,24218
z16/19530_24219.png,z16/19530_24219.png,0.00961714784304301,92.5,0.00396728515625,0.3368486166000366,False,False,False,16,19530,24219
z16/19530_24220.png,z16/19530_24220.png,0.00996855398019155,91.7001953125,0.0155181884765625,0.33085060119628906,False,False,False,16,19530,24220
z16/19530_24221.png,z16/19530_24221.png,0.007864457368850709,71.30078125,0.0034942626953125,0.3345029056072235,False,False,False,16,19530,24221
z16/19530_24222.png,z16/19530_24222.png,0.009491578737894694,107.2998046875,0.00054931640625,0.33474963903427124,False,False,False,16,19530,24222
z16/19530_24223.png,z16/19530_24223.png,0.01470249096552531,149.0,0.0123138427734375,0.3293417692184448,False,False,False,16,19530,24223
z16/19530_24224.png,z16/19530_24224.png,0.011357418696085612,64.599609375,0.0129241943359375,0.3331690728664398,False,False,False,16,19530,24224
z16/19530_24225.png,z16/19530_24225.png,0.0061289315422376,43.0,0.024932861328125,0.3389405906200409,False,False,False,16,19530,24225
z16/19530_24226.png,z16/19530_24226.png,0.008958957592646281,60.8994140625,0.00946044921875,0.336340069770813,False,False,False,16,19530,24226
z16/19530_24227.png,z16/19530_24227.png,0.009887467821439106,50.2998046875,0.02996826171875,0.34125226736068726,False,False,False,16,19530,24227
z16/19530_24228.png,z16/19530_24228.png,0.006363143026828766,51.8994140625,0.0041351318359375,0.3409702479839325,False,False,False,16,19530,24228
z16/19530_24229.png,z16/19530_24229.png,0.007073210676511129,80.7001953125,0.0252685546875,0.33474260568618774,False,False,False,16,19530,24229
z16/19530_24230.png,z16/19530_24230.png,0.008645977576573689,85.400390625,0.0050201416015625,0.34131497144699097,False,False,False,16,19530,24230
z16/19530_24231.png,z16/19530_24231.png,0.011341110865275065,53.099609375,0.017333984375,0.3452635109424591,False,False,False,16,19530,24231
z16/19530_24232.png,z16/19530_24232.png,0.007811640699704488,52.2001953125,0.062530517578125,0.3350869417190552,False,False,False,16,19530,24232
z16/19530_24233.png,z16/19530_24233.png,0.010359007120132446,51.69921875,0.0137481689453125,0.33766743540763855,False,False,False,16,19530,24233
z16/19530_24234.png,z16/19530_24234.png,0.007551505664984385,50.7001953125,0.0455169677734375,0.3345159590244293,False,False,False,16,19530,24234
z16/19530_24235.png,z16/19530_24235.png,0.0032217636704444884,17.8994140625,0.0,0.33849504590034485,False,False,False,16,19530,24235
z16/19530_24236.png,z16/19530_24236.png,0.004608736932277679,27.5,0.0003814697265625,0.3392629027366638,False,False,False,16,19530,24236
z16/19530_24237.png,z16/19530_24237.png,0.005093692243099213,44.0,0.002166748046875,0.33682888746261597,False,False,False,16,19530,24237
z16/19530_24238.png,z16/19530_24238.png,0.0077009454369544985,25.900390625,0.000701904296875,0.3399141728878021,False,False,False,16,19530,24238
z16/19530_24239.png,z16/19530_24239.png,0.003590068966150284,25.7998046875,0.003082275390625,0.3464052677154541,False,False,False,16,19530,24239
z16/19530_24240.png,z16/19530_24240.png,0.004691962401072184,28.599609375,0.0021514892578125,0.34304165840148926,False,False,False,16,19530,24240
z16/19530_24241.png,z16/19530_24241.png,0.0067931493123372395,36.099609375,0.080963134765625,0.34012269973754883,False,False,False,16,19530,24241
z16/19530_24242.png,z16/19530_24242.png,0.0056091209252675375,28.1005859375,0.0,0.34116315841674805,False,False,False,16,19530,24242
z16/19530_24243.png,z16/19530_24243.png,0.007767084737618764,27.900390625,0.0,0.3392716944217682,False,False,False,16,19530,24243
z16/19530_24244.png,z16/19530_24244.png,0.009649855891863506,78.1005859375,0.0,0.33649942278862,False,False,False,16,19530,24244
z16/19530_24245.png,z16/19530_24245.png,0.00771951029698054,87.7998046875,0.01263427734375,0.3326718807220459,False,False,False,16,19530,24245
z16/19530_24246.png,z16/19530_24246.png,0.006900323430697123,79.400390625,0.009368896484375,0.33857354521751404,False,False,False,16,19530,24246
z16/19530_24247.png,z16/19530_24247.png,0.006102962295214335,69.400390625,0.004364013671875,0.33617186546325684,False,False,False,16,19530,24247
z16/19530_24248.png,z16/19530_24248.png,0.006610861420631409,32.400390625,0.0184173583984375,0.3441450595855713,False,False,False,16,19530,24248
z16/19530_24249.png,z16/19530_24249.png,0.004535803695519766,17.900390625,0.0145111083984375,0.34739238023757935,False,False,False,16,19530,24249
z16/19530_24250.png,z16/19530_24250.png,0.005368843674659729,23.0,0.0,0.3421308994293213,False,False,False,16,19530,24250
z16/19530_24251.png,z16/19530_24251.png,0.009368305404980978,26.900390625,0.0302734375,0.3379589021205902,False,False,False,16,19530,24251
z16/19530_24252.png,z16/19530_24252.png,0.010488931337992351,47.7998046875,0.019439697265625,0.33982354402542114,False,False,False,16,19530,24252
z16/19530_24253.png,z16/19530_24253.png,0.007695533335208893,41.30078125,0.0,0.34414494037628174,False,False,False,16,19530,24253
z16/19530_24254.png,z16/19530_24254.png,0.005825162927309672,23.7001953125,0.0,0.3462764322757721,False,False,False,16,19530,24254
z16/19530_24255.png,z16/19530_24255.png,0.008692087729771932,15.599609375,0.0,0.34311026334762573,False,False,False,16,19530,24255
z16/19530_24256.png,z16/19530_24256.png,0.005877307057380677,13.099609375,0.0,0.34617605805397034,False,False,False,16,19530,24256
z16/19530_24257.png,z16/19530_24257.png,0.006697721779346466,25.7001953125,0.0178985595703125,0.349539190530777,False,False,False,16,19530,24257
z16/19530_24258.png,z16/19530_24258.png,0.009043569366137186,35.7001953125,0.0016937255859375,0.3444640040397644,False,False,False,16,19530,24258
z16/19530_24259.png,z16/19530_24259.png,0.011256474256515502,25.6005859375,0.0,0.35069674253463745,False,False,False,16,19530,24259
z16/19530_24260.png,z16/19530_24260.png,0.009319541851679485,33.2001953125,0.030120849609375,0.3444942831993103,False,False,False,16,19530,24260
z16/19530_24261.png,z16/19530_24261.png,0.006662353376547496,42.1005859375,0.0029754638671875,0.3573835492134094,False,False,False,16,19530,24261
z16/19530_24262.png,z16/19530_24262.png,0.00544700026512146,31.19921875,0.029998779296875,0.35388439893722534,False,False,False,16,19530,24262
z16/19530_24263.png,z16/19530_24263.png,0.006150350471337636,28.099609375,0.016876220703125,0.34873834252357483,False,False,False,16,19530,24263
z16/19530_24264.png,z16/19530_24264.png,0.008436983823776245,25.2998046875,0.010528564453125,0.34785547852516174,False,False,False,16,19530,24264
z16/19530_24265.png,z16/19530_24265.png,0.004728029171625773,25.7001953125,0.0,0.34681132435798645,False,False,False,16,19530,24265
z16/19530_24266.png,z16/19530_24266.png,0.008385626475016277,26.900390625,0.0055389404296875,0.3436742126941681,False,False,False,16,19530,24266
z16/19530_24267.png,z16/19530_24267.png,0.007735023895899455,23.8994140625,0.007598876953125,0.3487882912158966,False,False,False,16,19530,24267
z16/19530_24268.png,z16/19530_24268.png,0.004730867346127828,31.599609375,0.00048828125,0.3574330508708954,False,False,False,16,19530,24268
z16/19530_24269.png,z16/19530_24269.png,0.005784858266512553,29.900390625,0.0,0.34660604596138,False,False,False,16,19530,24269
z16/19530_24270.png,z16/19530_24270.png,0.007793791592121124,35.8994140625,0.0032806396484375,0.34691911935806274,False,False,False,16,19530,24270
z16/19530_24271.png,z16/19530_24271.png,0.006275556981563568,14.5,0.0,0.3528843820095062,False,False,False,16,19530,24271
z16/19531_24200.png,z16/19531_24200.png,0.005117187897364299,39.0,0.007232666015625,0.33769258856773376,False,False,False,16,19531,24200
z16/19531_24201.png,z16/19531_24201.png,0.007895963887373606,76.5,0.0017547607421875,0.3396800756454468,False,False,False,16,19531,24201
z16/19531_24202.png,z16/19531_24202.png,0.0062114526828130085,51.900390625,0.040374755859375,0.3447014391422272,False,False,False,16,19531,24202
z16/19531_24203.png,z16/19531_24203.png,0.010003125667572022,67.1005859375,0.0272064208984375,0.34017160534858704,False,False,False,16,19531,24203
z16/19531_24204.png,z16/19531_24204.png,0.00765047421058019,83.099609375,0.003021240234375,0.3346214294433594,False,False,False,16,19531,24204
z16/19531_24205.png,z16/19531_24205.png,0.015095767378807069,101.2001953125,0.0402374267578125,0.33116140961647034,False,False,False,16,19531,24205
z16/19531_24206.png,z16/19531_24206.png,0.013117038210233052,119.0,0.0222015380859375,0.33026307821273804,False,False,False,16,19531,24206
z16/19531_24207.png,z16/19531_24207.png,0.011861618359883625,98.1005859375,0.0002899169921875,0.3437228798866272,False,False,False,16,19531,24207
z16/19531_24208.png,z16/19531_24208.png,0.00796223133802414,88.5,0.0218505859375,0.3358893096446991,False,False,False,16,19531,24208
z16/19531_24209.png,z16/19531_24209.png,0.009442431728045146,62.599609375,0.00335693359375,0.34080368280410767,False,False,False,16,19531,24209
z16/19531_24210.png,z16/19531_24210.png,0.00821834256251653,66.2998046875,0.0073699951171875,0.3378239870071411,False,False,False,16,19531,24210
z16/19531_24211.png,z16/19531_24211.png,0.007702148457368215,41.19921875,0.0293731689453125,0.34345540404319763,False,False,False,16,19531,24211
z16/19531_24212.png,z16/19531_24212.png,0.006622891128063202,58.400390625,0.0026092529296875,0.34698641300201416,False,False,False,16,19531,24212
z16/19531_24213.png,z16/19531_24213.png,0.011751265327135722,65.8994140625,0.0120849609375,0.34324896335601807,False,False,False,16,19531,24213
z16/19531_24214.png,z16/19531_24214.png,0.009479633967081706,117.0,0.0251617431640625,0.3330616056919098,False,False,False,16,19531,24214
z16/19531_24215.png,z16/19531_24215.png,0.009551344315210979,112.099609375,0.0061798095703125,0.32568639516830444,False,False,False,16,19531,24215
z16/19531_24216.png,z16/19531_24216.png,0.007598784069220225,78.69921875,0.01666259765625,0.3327908217906952,False,False,False,16,19531,24216
z16/19531_24217.png,z16/19531_24217.png,0.008958558241526285,37.7998046875,0.0501708984375,0.34028181433677673,False,False,False,16,19531,24217
z16/19531_24218.png,z16/19531_24218.png,0.008560015757878622,40.3994140625,0.0155487060546875,0.33985280990600586,False,False,False,16,19531,24218
z16/19531_24219.png,z16/19531_24219.png,0.008271059890588125,65.19921875,0.0467071533203125,0.3382558226585388,False,False,False,16,19531,24219
z16/19531_24220.png,z16/19531_24220.png,0.007488348086675008,75.099609375,0.0027313232421875,0.3349449336528778,False,False,False,16,19531,24220
z16/19531_24221.png,z16/19531_24221.png,0.006934842467308045,88.3994140625,0.0052947998046875,0.3283832371234894,False,False,False,16,19531,24221
z16/19531_24222.png,z16/19531_24222.png,0.01465939184029897,123.2001953125,0.047454833984375,0.32969751954078674,False,False,False,16,19531,24222
z16/19531_24223.png,z16/19531_24223.png,0.012842187285423278,71.7998046875,0.0185546875,0.3371718227863312,False,False,False,16,19531,24223
z16/19531_24224.png,z16/19531_24224.png,0.00753781795501709,54.400390625,0.0101776123046875,0.33562806248664856,False,False,False,16,19531,24224
z16/19531_24225.png,z16/19531_24225.png,0.006442017356554667,53.2001953125,0.00103759765625,0.3373207449913025,False,False,False,16,19531,24225
z16/19531_24226.png,z16/19531_24226.png,0.010854179660479227,74.1005859375,0.0475006103515625,0.33915942907333374,False,False,False,16,19531,24226
z16/19531_24227.png,z16/19531_24227.png,0.012168945868810017,65.7998046875,0.006683349609375,0.35092201828956604,False,False,False,16,19531,24227
z16/19531_24228.png,z16/19531_24228.png,0.008506994446118672,44.5,0.019439697265625,0.3481101393699646,False,False,False,16,19531,24228
z16/19531_24229.png,z16/19531_24229.png,0.006209537386894226,23.7001953125,0.0113983154296875,0.3488815426826477,False,False,False,16,19531,24229
z16/19531_24230.png,z16/19531_24230.png,0.005944223701953888,50.0,0.0304107666015625,0.3455697000026703,False,False,False,16,19531,24230
z16/19531_24231.png,z16/19531_24231.png,0.009640591343243916,53.7998046875,0.0021209716796875,0.3360280394554138,False,False,False,16,19531,24231
z16/19531_24232.png,z16/19531_24232.png,0.005589490632216135,18.8994140625,0.0,0.33492791652679443,False,False,False,16,19531,24232
z16/19531_24233.png,z16/19531_24233.png,0.012559438745180765,62.900390625,0.0115966796875,0.33722445368766785,False,False,False,16,19531,24233
z16/19531_24234.png,z16/19531_24234.png,0.008889861901601155,38.30078125,0.0029144287109375,0.3351677656173706,False,False,False,16,19531,24234
z16/19531_24235.png,z16/19531_24235.png,0.011245690782864888,48.8994140625,0.01177978515625,0.33950161933898926,False,False,False,16,19531,24235
z16/19531_24236.png,z16/19531_24236.png,0.010634489854176839,52.400390625,0.015777587890625,0.3360854983329773,False,False,False,16,19531,24236
z16/19531_24237.png,z16/19531_24237.png,0.011396760741869608,36.1005859375,0.0241546630859375,0.34106743335723877,False,False,False,16,19531,24237
z16/19531_24238.png,z16/19531_24238.png,0.010358406106630962,39.6005859375,0.0047760009765625,0.33772897720336914,False,False,False,16,19531,24238
z16/19531_24239.png,z16/19531_24239.png,0.0072908212741216024,29.2001953125,0.0094146728515625,0.34731411933898926,False,False,False,16,19531,24239
z16/19531_24240.png,z16/19531_24240.png,0.006588342289129893,23.0,0.0084686279296875,0.34605467319488525,False,False,False,16,19531,24240
z16/19531_24241.png,z16/19531_24241.png,0.012067499756813049,51.8994140625,0.0,0.33929747343063354,False,False,False,16,19531,24241
z16/19531_24242.png,z16/19531_24242.png,0.01236057182153066,53.2001953125,0.0,0.3417362868785858,False,False,False,16,19531,24242
z16/19531_24243.png,z16/19531_24243.png,0.0059022655089696245,30.3994140625,0.02606201171875,0.33970874547958374,False,False,False,16,19531,24243
z16/19531_24244.png,z16/19531_24244.png,0.005285996695359548,56.099609375,0.013519287109375,0.33418038487434387,False,False,False,16,19531,24244
z16/19531_24245.png,z16/19531_24245.png,0.009827985366185506,61.1005859375,0.0135955810546875,0.3339371085166931,False,False,False,16,19531,24245
z16/19531_24246.png,z16/19531_24246.png,0.008127786219120026,59.2998046875,0.0081024169921875,0.3330322504043579,False,False,False,16,19531,24246
z16/19531_24247.png,z16/19531_24247.png,0.008920639753341675,64.099609375,0.041748046875,0.33699363470077515,False,False,False,16,19531,24247
z16/19531_24248.png,z16/19531_24248.png,0.008290915191173554,47.5,0.0250701904296875,0.34071844816207886,False,False,False,16,19531,24248
z16/19531_24249.png,z16/19531_24249.png,0.00681706964969635,51.69921875,0.024627685546875,0.3405173122882843,False,False,False,16,19531,24249
z16/19531_24250.png,z16/19531_24250.png,0.010748217503229776,58.599609375,0.017364501953125,0.3381633162498474,False,False,False,16,19531,24250
z16/19531_24251.png,z16/19531_24251.png,0.015215396881103516,67.2001953125,0.0469970703125,0.33792561292648315,False,False,False,16,19531,24251
z16/19531_24252.png,z16/19531_24252.png,0.0061843673388163245,29.0,0.0,0.336100310087204,False,False,False,16,19531,24252
z16/19531_24253.png,z16/19531_24253.png,0.0033944979310035705,10.7998046875,0.0,0.34467068314552307,False,False,False,16,19531,24253
z16/19531_24254.png,z16/19531_24254.png,0.006151552001635234,19.7001953125,0.0,0.35102835297584534,False,False,False,16,19531,24254
z16/19531_24255.png,z16/19531_24255.png,0.006451948980490367,19.2001953125,0.0,0.3457140326499939,False,False,False,16,19531,24255
z16/19531_24256.png,z16/19531_24256.png,0.009840450684229533,25.0,0.021453857421875,0.3446277976036072,False,False,False,16,19531,24256
z16/19531_24257.png,z16/19531_24257.png,0.004366284608840943,23.2998046875,0.0,0.3459561765193939,False,False,False,16,19531,24257
z16/19531_24258.png,z16/19531_24258.png,0.008466826876004536,22.1005859375,0.006622314453125,0.3511951267719269,False,False,False,16,19531,24258
z16/19531_24259.png,z16/19531_24259.png,0.012824074427286784,26.7998046875,0.0,0.34919750690460205,False,False,False,16,19531,24259
z16/19531_24260.png,z16/19531_24260.png,0.008312135934829712,18.5,0.0,0.339712917804718,False,False,False,16,19531,24260
z16/19531_24261.png,z16/19531_24261.png,0.010562887787818909,21.0,0.0,0.3435207009315491,False,False,False,16,19531,24261
z16/19531_24262.png,z16/19531_24262.png,0.00520705779393514,11.5,0.0,0.359286904335022,False,False,False,16,19531,24262
z16/19531_24263.png,z16/19531_24263.png,0.007983719309171041,20.0,0.0,0.35188019275665283,False,False,False,16,19531,24263
z16/19531_24264.png,z16/19531_24264.png,0.007998902102311451,18.0,0.0,0.3508610725402832,False,False,False,16,19531,24264
z16/19531_24265.png,z16/19531_24265.png,0.005039047698179881,19.7001953125,0.0,0.3492697477340698,False,False,False,16,19531,24265
z16/19531_24266.png,z16/19531_24266.png,0.004447645942370097,17.0,0.0,0.3468967080116272,False,False,False,16,19531,24266
z16/19531_24267.png,z16/19531_24267.png,0.006769652167956035,20.6005859375,0.026031494140625,0.3514114320278168,False,False,False,16,19531,24267
z16/19531_24268.png,z16/19531_24268.png,0.007428587973117828,20.099609375,0.0137786865234375,0.3503510355949402,False,False,False,16,19531,24268
z16/19531_24269.png,z16/19531_24269.png,0.004947090645631155,23.599609375,0.0,0.34721362590789795,False,False,False,16,19531,24269
z16/19531_24270.png,z16/19531_24270.png,0.00810228039820989,14.599609375,0.0,0.34405994415283203,False,False,False,16,19531,24270
z16/19531_24271.png,z16/19531_24271.png,0.005699360370635986,12.7998046875,0.0,0.35199904441833496,False,False,False,16,19531,24271
z16/19532_24200.png,z16/19532_24200.png,0.009060375889142354,64.5,0.0020904541015625,0.34200045466423035,False,False,False,16,19532,24200
z16/19532_24201.png,z16/19532_24201.png,0.007212094962596893,64.7998046875,0.001983642578125,0.33809489011764526,False,False,False,16,19532,24201
z16/19532_24202.png,z16/19532_24202.png,0.008808178702990214,94.6005859375,0.00537109375,0.3429262042045593,False,False,False,16,19532,24202
z16/19532_24203.png,z16/19532_24203.png,0.009958697358767192,74.900390625,0.01202392578125,0.34000715613365173,False,False,False,16,19532,24203
z16/19532_24204.png,z16/19532_24204.png,0.01022848089536031,94.900390625,0.0263671875,0.3400128185749054,False,False,False,16,19532,24204
z16/19532_24205.png,z16/19532_24205.png,0.010621052980422974,76.8994140625,0.0428314208984375,0.33260494470596313,False,False,False,16,19532,24205
z16/19532_24206.png,z16/19532_24206.png,0.008371647198994954,66.099609375,0.01348876953125,0.3377338647842407,False,False,False,16,19532,24206
z16/19532_24207.png,z16/19532_24207.png,0.010134271780649821,125.3994140625,0.0082855224609375,0.33506807684898376,False,False,False,16,19532,24207
z16/19532_24208.png,z16/19532_24208.png,0.009810161590576173,99.900390625,0.031951904296875,0.3388388454914093,False,False,False,16,19532,24208
z16/19532_24209.png,z16/19532_24209.png,0.0072495341300964355,66.099609375,0.0080108642578125,0.33436861634254456,False,False,False,16,19532,24209
z16/19532_24210.png,z16/19532_24210.png,0.00701829344034195,75.0,0.0102081298828125,0.33945050835609436,False,False,False,16,19532,24210
z16/19532_24211.png,z16/19532_24211.png,0.009644283850987753,58.19921875,0.0110321044921875,0.334112286567688,False,False,False,16,19532,24211
z16/19532_24212.png,z16/19532_24212.png,0.015115585923194886,71.5,0.0095672607421875,0.33416447043418884,False,False,False,16,19532,24212
z16/19532_24213.png,z16/19532_24213.png,0.012180746595064799,74.099609375,0.0232391357421875,0.343215674161911,False,False,False,16,19532,24213
z16/19532_24214.png,z16/19532_24214.png,0.01266166865825653,64.2998046875,0.0259552001953125,0.33880823850631714,False,False,False,16,19532,24214
z16/19532_24215.png,z16/19532_24215.png,0.013425358136494954,73.1005859375,0.0456390380859375,0.3363710641860962,False,False,False,16,19532,24215
z16/19532_24216.png,z16/19532_24216.png,0.010324079791704814,94.5,0.0019073486328125,0.32732638716697693,False,False,False,16,19532,24216
z16/19532_24217.png,z16/19532_24217.png,0.010952927668889363,78.2998046875,0.0013885498046875,0.33688288927078247,False,False,False,16,19532,24217
z16/19532_24218.png,z16/19532_24218.png,0.009049453337987264,55.099609375,0.0042877197265625,0.3356436491012573,False,False,False,16,19532,24218
z16/19532_24219.png,z16/19532_24219.png,0.008008919656276703,77.2998046875,0.018768310546875,0.3296757638454437,False,False,False,16,19532,24219
z16/19532_24220.png,z16/19532_24220.png,0.010203460852305094,75.80078125,0.02886962890625,0.33439815044403076,False,False,False,16,19532,24220
z16/19532_24221.png,z16/19532_24221.png,0.007282913227876027,51.3994140625,0.03704833984375,0.33023327589035034,False,False,False,16,19532,24221
z16/19532_24222.png,z16/19532_24222.png,0.008361214399337768,33.2001953125,0.0550689697265625,0.3394557237625122,False,False,False,16,19532,24222
z16/19532_24223.png,z16/19532_24223.png,0.009092711408933004,59.5,0.0578155517578125,0.3422320485115051,False,False,False,16,19532,24223
z16/19532_24224.png,z16/19532_24224.png,0.01020880142847697,74.80078125,0.009246826171875,0.34324267506599426,False,False,False,16,19532,24224
z16/19532_24225.png,z16/19532_24225.png,0.013260616858800253,74.2998046875,0.0270233154296875,0.3404029905796051,False,False,False,16,19532,24225
z16/19532_24226.png,z16/19532_24226.png,0.009829204281171162,70.0,0.012939453125,0.34388741850852966,False,False,False,16,19532,24226
z16/19532_24227.png,z16/19532_24227.png,0.011332797010739644,88.2001953125,0.0055999755859375,0.3415292799472809,False,False,False,16,19532,24227
z16/19532_24228.png,z16/19532_24228.png,0.007752945025761922,51.8994140625,0.01953125,0.34848833084106445,False,False,False,16,19532,24228
z16/19532_24229.png,z16/19532_24229.png,0.006358693540096283,38.8994140625,0.00433349609375,0.3496566712856293,False,False,False,16,19532,24229
z16/19532_24230.png,z16/19532_24230.png,0.005570448935031891,41.30078125,0.0242767333984375,0.3434588313102722,False,False,False,16,19532,24230
z16/19532_24231.png,z16/19532_24231.png,0.004555751383304596,36.400390625,0.003448486328125,0.33830326795578003,False,False,False,16,19532,24231
z16/19532_24232.png,z16/19532_24232.png,0.007192738354206085,48.30078125,0.0028839111328125,0.3382021188735962,False,False,False,16,19532,24232
z16/19532_24233.png,z16/19532_24233.png,0.008685290813446045,52.400390625,0.0450439453125,0.3384857177734375,False,False,False,16,19532,24233
z16/19532_24234.png,z16/19532_24234.png,0.00980207622051239,66.5,0.02569580078125,0.3340795040130615,False,False,False,16,19532,24234
z16/19532_24235.png,z16/19532_24235.png,0.011317618687947591,52.599609375,0.00372314453125,0.33651202917099,False,False,False,16,19532,24235
z16/19532_24236.png,z16/19532_24236.png,0.011414331197738648,65.0,0.0025177001953125,0.3386049270629883,False,False,False,16,19532,24236
z16/19532_24237.png,z16/19532_24237.png,0.01282887856165568,44.69921875,0.0131072998046875,0.3378724455833435,False,False,False,16,19532,24237
z16/19532_24238.png,z16/19532_24238.png,0.013333844145139058,47.900390625,0.0076904296875,0.33593347668647766,False,False,False,16,19532,24238
z16/19532_24239.png,z16/19532_24239.png,0.007430054247379303,30.7001953125,0.0057830810546875,0.3435057997703552,False,False,False,16,19532,24239
z16/19532_24240.png,z16/19532_24240.png,0.006295334299405416,21.5,0.011138916015625,0.34622928500175476,False,False,False,16,19532,24240
z16/19532_24241.png,z16/19532_24241.png,0.010365639130274456,63.2001953125,0.0031280517578125,0.33742383122444153,False,False,False,16,19532,24241
z16/19532_24242.png,z16/19532_24242.png,0.007790968318780263,79.7998046875,0.0488128662109375,0.3358142673969269,False,False,False,16,19532,24242
z16/19532_24243.png,z16/19532_24243.png,0.007218317190806071,57.5,0.014434814453125,0.34450531005859375,False,False,False,16,19532,24243
z16/19532_24244.png,z16/19532_24244.png,0.01228191057840983,74.2998046875,0.0018310546875,0.33897337317466736,False,False,False,16,19532,24244
z16/19532_24245.png,z16/19532_24245.png,0.00712769478559494,57.8994140625,0.0004730224609375,0.33532124757766724,False,False,False,16,19532,24245
z16/19532_24246.png,z16/19532_24246.png,0.006186926364898681,44.0,0.0092620849609375,0.33303335309028625,False,False,False,16,19532,24246
z16/19532_24247.png,z16/19532_24247.png,0.00700884610414505,54.2998046875,0.003021240234375,0.33535993099212646,False,False,False,16,19532,24247
z16/19532_24248.png,z16/19532_24248.png,0.005493321021397908,43.599609375,0.0115814208984375,0.3348521590232849,False,False,False,16,19532,24248
z16/19532_24249.png,z16/19532_24249.png,0.008884795506795247,70.30078125,0.0321807861328125,0.3395560085773468,False,False,False,16,19532,24249
z16/19532_24250.png,z16/19532_24250.png,0.01442448894182841,42.5,0.0,0.3346218764781952,False,False,False,16,19532,24250
z16/19532_24251.png,z16/19532_24251.png,0.005953297515710195,23.5,0.0,0.34436705708503723,False,False,False,16,19532,24251
z16/19532_24252.png,z16/19532_24252.png,0.005778769652048747,13.2998046875,0.0,0.3404947817325592,False,False,False,16,19532,24252
z16/19532_24253.png,z16/19532_24253.png,0.003207326680421829,12.7001953125,0.0,0.3412517011165619,False,False,False,16,19532,24253
z16/19532_24254.png,z16/19532_24254.png,0.004140631357828776,18.400390625,0.033111572265625,0.3440507650375366,False,False,False,16,19532,24254
z16/19532_24255.png,z16/19532_24255.png,0.004923951129118601,19.400390625,0.0,0.3420020639896393,False,False,False,16,19532,24255
z16/19532_24256.png,z16/19532_24256.png,0.0036700434982776644,27.099609375,0.0020599365234375,0.34412848949432373,False,False,False,16,19532,24256
z16/19532_24257.png,z16/19532_24257.png,0.004948321978251139,28.7998046875,0.0244598388671875,0.3479123115539551,False,False,False,16,19532,24257
z16/19532_24258.png,z16/19532_24258.png,0.0026211234430472056,10.099609375,0.0,0.35068610310554504,False,False,False,16,19532,24258
z16/19532_24259.png,z16/19532_24259.png,0.008515671888987223,23.0,0.0,0.35184207558631897,False,False,False,16,19532,24259
z16/19532_24260.png,z16/19532_24260.png,0.005994907021522522,18.5,0.0,0.3460891842842102,False,False,False,16,19532,24260
z16/19532_24261.png,z16/19532_24261.png,0.010896840691566467,18.5,0.0,0.34335950016975403,False,False,False,16,19532,24261
z16/19532_24262.png,z16/19532_24262.png,0.010154849290847779,19.2998046875,0.0,0.34969258308410645,False,False,False,16,19532,24262
z16/19532_24263.png,z16/19532_24263.png,0.00803386519352595,17.599609375,0.0,0.34799739718437195,False,False,False,16,19532,24263
z16/19532_24264.png,z16/19532_24264.png,0.004659014940261841,19.0,0.0,0.3471797704696655,False,False,False,16,19532,24264
z16/19532_24265.png,z16/19532_24265.png,0.004840159912904104,18.7998046875,0.0,0.35200101137161255,False,False,False,16,19532,24265
z16/19532_24266.png,z16/19532_24266.png,0.005375403165817261,15.2998046875,0.0,0.34469032287597656,False,False,False,16,19532,24266
z16/19532_24267.png,z16/19532_24267.png,0.006661407649517059,16.599609375,0.0,0.34493476152420044,False,False,False,16,19532,24267
z16/19532_24268.png,z16/19532_24268.png,0.006368982295195262,17.7001953125,0.0,0.34165114164352417,False,False,False,16,19532,24268
z16/19532_24269.png,z16/19532_24269.png,0.008695012331008911,22.1005859375,0.0,0.34927159547805786,False,False,False,16,19532,24269
z16/19532_24270.png,z16/19532_24270.png,0.008706893523534138,35.2998046875,0.0582427978515625,0.3482311964035034,False,False,False,16,19532,24270
z16/19532_24271.png,z16/19532_24271.png,0.005678782860438029,28.2998046875,0.004730224609375,0.36208170652389526,False,False,False,16,19532,24271
z16/19533_24200.png,z16/19533_24200.png,0.013756275177001953,88.30078125,0.056060791015625,0.34302419424057007,False,False,False,16,19533,24200
z16/19533_24201.png,z16/19533_24201.png,0.009939734141031902,83.2001953125,0.0349273681640625,0.34514304995536804,False,False,False,16,19533,24201
z16/19533_24202.png,z16/19533_24202.png,0.007290745774904887,59.599609375,0.03253173828125,0.34314000606536865,False,False,False,16,19533,24202
z16/19533_24203.png,z16/19533_24203.png,0.008702386418978374,61.7998046875,0.0397491455078125,0.3400929868221283,False,False,False,16,19533,24203
z16/19533_24204.png,z16/19533_24204.png,0.007709497710069021,52.0,0.032623291015625,0.3450694680213928,False,False,False,16,19533,24204
z16/19533_24205.png,z16/19533_24205.png,0.009403631091117859,50.2001953125,0.05694580078125,0.3414406478404999,False,False,False,16,19533,24205
z16/19533_24206.png,z16/19533_24206.png,0.009802425901095072,77.099609375,0.02886962890625,0.33548086881637573,False,False,False,16,19533,24206
z16/19533_24207.png,z16/19533_24207.png,0.009623334805170695,125.400390625,0.018524169921875,0.34220850467681885,False,False,False,16,19533,24207
z16/19533_24208.png,z16/19533_24208.png,0.01392425795396169,95.900390625,0.0473785400390625,0.3421984314918518,False,False,False,16,19533,24208
z16/19533_24209.png,z16/19533_24209.png,0.010212157169977825,82.7001953125,0.0695953369140625,0.334764689207077,False,False,False,16,19533,24209
z16/19533_24210.png,z16/19533_24210.png,0.007717201113700866,55.0,0.0035400390625,0.33360907435417175,False,False,False,16,19533,24210
z16/19533_24211.png,z16/19533_24211.png,0.008210218449433645,62.7001953125,0.0006866455078125,0.33001071214675903,False,False,False,16,19533,24211
z16/19533_24212.png,z16/19533_24212.png,0.005940396587053935,39.7001953125,0.000152587890625,0.33514508605003357,False,False,False,16,19533,24212
z16/19533_24213.png,z16/19533_24213.png,0.008625558018684388,43.0,0.00244140625,0.33667558431625366,False,False,False,16,19533,24213
z16/19533_24214.png,z16/19533_24214.png,0.009053294857343039,46.7001953125,0.011810302734375,0.34376803040504456,False,False,False,16,19533,24214
z16/19533_24215.png,z16/19533_24215.png,0.011921112736066183,94.7998046875,0.0086822509765625,0.3423560857772827,False,False,False,16,19533,24215
z16/19533_24216.png,z16/19533_24216.png,0.0123338649670283,67.6005859375,0.026885986328125,0.3356386423110962,False,False,False,16,19533,24216
z16/19533_24217.png,z16/19533_24217.png,0.008873813350995382,119.7001953125,0.0563201904296875,0.33160069584846497,False,False,False,16,19533,24217
z16/19533_24218.png,z16/19533_24218.png,0.008025188744068146,69.900390625,0.006195068359375,0.33321577310562134,False,False,False,16,19533,24218
z16/19533_24219.png,z16/19533_24219.png,0.010194357236226399,79.099609375,0.061309814453125,0.33918142318725586,False,False,False,16,19533,24219
z16/19533_24220.png,z16/19533_24220.png,0.01195503274599711,82.2998046875,0.012847900390625,0.33600813150405884,False,False,False,16,19533,24220
z16/19533_24221.png,z16/19533_24221.png,0.006224593023459116,35.0,0.046966552734375,0.3434225916862488,False,False,False,16,19533,24221
z16/19533_24222.png,z16/19533_24222.png,0.008775282899538677,76.7998046875,0.065673828125,0.33463114500045776,False,False,False,16,19533,24222
z16/19533_24223.png,z16/19533_24223.png,0.010020733873049418,64.7998046875,0.001953125,0.3355042338371277,False,False,False,16,19533,24223
z16/19533_24224.png,z16/19533_24224.png,0.007137814660867056,52.7998046875,0.0003662109375,0.33666127920150757,False,False,False,16,19533,24224
z16/19533_24225.png,z16/19533_24225.png,0.005877073109149933,40.5,0.00146484375,0.3382010757923126,False,False,False,16,19533,24225
z16/19533_24226.png,z16/19533_24226.png,0.006239413221677145,36.7998046875,0.002197265625,0.34092170000076294,False,False,False,16,19533,24226
z16/19533_24227.png,z16/19533_24227.png,0.0060403669873873396,53.5,0.00616455078125,0.3342236876487732,False,False,False,16,19533,24227
z16/19533_24228.png,z16/19533_24228.png,0.004698255658149719,36.8994140625,0.0202789306640625,0.34533974528312683,False,False,False,16,19533,24228
z16/19533_24229.png,z16/19533_24229.png,0.0037002796928087872,18.400390625,0.0,0.343530535697937,False,False,False,16,19533,24229
z16/19533_24230.png,z16/19533_24230.png,0.00518727699915568,40.099609375,0.028289794921875,0.34190964698791504,False,False,False,16,19533,24230
z16/19533_24231.png,z16/19533_24231.png,0.005368134379386902,47.2001953125,0.0117034912109375,0.3312002420425415,False,False,False,16,19533,24231
z16/19533_24232.png,z16/19533_24232.png,0.00753409614165624,52.7998046875,0.0197296142578125,0.33221909403800964,False,False,False,16,19533,24232
z16/19533_24233.png,z16/19533_24233.png,0.009326752026875813,74.2998046875,0.0070343017578125,0.32940441370010376,False,False,False,16,19533,24233
z16/19533_24234.png,z16/19533_24234.png,0.008345186710357666,79.099609375,0.0218963623046875,0.34059882164001465,False,False,False,16,19533,24234
z16/19533_24235.png,z16/19533_24235.png,0.0038430362939834593,28.8994140625,0.0013580322265625,0.34138011932373047,False,False,False,16,19533,24235
z16/19533_24236.png,z16/19533_24236.png,0.006502195696036021,20.3994140625,0.004486083984375,0.33981767296791077,False,False,False,16,19533,24236
z16/19533_24237.png,z16/19533_24237.png,0.008296101291974386,29.69921875,0.0046234130859375,0.3354208469390869,False,False,False,16,19533,24237
z16/19533_24238.png,z16/19533_24238.png,0.008878072102864584,41.0,0.0019378662109375,0.33185938000679016,False,False,False,16,19533,24238
z16/19533_24239.png,z16/19533_24239.png,0.006572886308034261,22.900390625,0.0197601318359375,0.33723312616348267,False,False,False,16,19533,24239
z16/19533_24240.png,z16/19533_24240.png,0.0066011269887288416,29.7001953125,0.0,0.33922675251960754,False,False,False,16,19533,24240
z16/19533_24241.png,z16/19533_24241.png,0.006599270304044088,19.900390625,0.0409393310546875,0.3440495729446411,False,False,False,16,19533,24241
z16/19533_24242.png,z16/19533_24242.png,0.012153043349583944,31.5,0.0,0.34541115164756775,False,False,False,16,19533,24242
z16/19533_24243.png,z16/19533_24243.png,0.007702873647212982,31.2001953125,0.0,0.343871533870697,False,False,False,16,19533,24243
z16/19533_24244.png,z16/19533_24244.png,0.009295953313509624,42.7001953125,0.0,0.3376166522502899,False,False,False,16,19533,24244
z16/19533_24245.png,z16/19533_24245.png,0.006570017337799073,42.5,0.0,0.3333074748516083,False,False,False,16,19533,24245
z16/19533_24246.png,z16/19533_24246.png,0.007969534893830618,55.3994140625,0.0334625244140625,0.33397236466407776,False,False,False,16,19533,24246
z16/19533_24247.png,z16/19533_24247.png,0.008204913636048635,37.900390625,0.0009765625,0.3353489637374878,False,False,False,16,19533,24247
z16/19533_24248.png,z16/19533_24248.png,0.007489435871442159,31.099609375,0.0019683837890625,0.3375604450702667,False,False,False,16,19533,24248
z16/19533_24249.png,z16/19533_24249.png,0.009952947497367859,49.2998046875,0.0392303466796875,0.34066635370254517,False,False,False,16,19533,24249
z16/19533_24250.png,z16/19533_24250.png,0.003447365512450536,12.5,0.0,0.3401857316493988,False,False,False,16,19533,24250
z16/19533_24251.png,z16/19533_24251.png,0.002630718300739924,9.5,0.0,0.3464186191558838,False,False,False,16,19533,24251
z16/19533_24252.png,z16/19533_24252.png,0.00453864187002182,10.0,0.0,0.34576642513275146,False,False,False,16,19533,24252
z16/19533_24253.png,z16/19533_24253.png,0.004215413828690847,19.69921875,0.0,0.3468010723590851,False,False,False,16,19533,24253
z16/19533_24254.png,z16/19533_24254.png,0.003983573367198308,14.7001953125,0.0,0.3529455065727234,False,False,False,16,19533,24254
z16/19533_24255.png,z16/19533_24255.png,0.0033097803592681886,24.2001953125,0.005645751953125,0.34210634231567383,False,False,False,16,19533,24255
z16/19533_24256.png,z16/19533_24256.png,0.0034317957858244577,33.8994140625,0.000244140625,0.3517985939979553,False,False,False,16,19533,24256
z16/19533_24257.png,z16/19533_24257.png,0.00466396560271581,27.69921875,0.0135955810546875,0.3509313464164734,False,False,False,16,19533,24257
z16/19533_24258.png,z16/19533_24258.png,0.0026765733957290648,13.599609375,0.0,0.35454946756362915,False,False,False,16,19533,24258
z16/19533_24259.png,z16/19533_24259.png,0.0030103099842866262,9.7998046875,0.0,0.35378533601760864,False,False,False,16,19533,24259
z16/19533_24260.png,z16/19533_24260.png,0.010435025890668232,17.599609375,0.0,0.3477279543876648,False,False,False,16,19533,24260
z16/19533_24261.png,z16/19533_24261.png,0.008847695589065552,18.5,0.0,0.34998589754104614,False,False,False,16,19533,24261
z16/19533_24262.png,z16/19533_24262.png,0.007030873994032542,18.599609375,0.0,0.34645718336105347,False,False,False,16,19533,24262
z16/19533_24263.png,z16/19533_24263.png,0.0076668093601862585,18.5,0.0,0.3481905460357666,False,False,False,16,19533,24263
z16/19533_24264.png,z16/19533_24264.png,0.006755955517292023,16.30078125,0.0,0.34610578417778015,False,False,False,16,19533,24264
z16/19533_24265.png,z16/19533_24265.png,0.006090602775414785,19.19921875,0.0,0.34801051020622253,False,False,False,16,19533,24265
z16/19533_24266.png,z16/19533_24266.png,0.006482705970605214,28.900390625,0.007171630859375,0.34227097034454346,False,False,False,16,19533,24266
z16/19533_24267.png,z16/19533_24267.png,0.004713376859823862,31.7998046875,0.0039215087890625,0.33954811096191406,False,False,False,16,19533,24267
z16/19533_24268.png,z16/19533_24268.png,0.0026131004095077516,40.0,0.012420654296875,0.3524141013622284,False,False,False,16,19533,24268
z16/19533_24269.png,z16/19533_24269.png,0.0035423020521799724,31.7001953125,0.010406494140625,0.35491761565208435,False,False,False,16,19533,24269
z16/19533_24270.png,z16/19533_24270.png,0.007500998179117839,31.6005859375,0.0,0.35704341530799866,False,False,False,16,19533,24270
z16/19533_24271.png,z16/19533_24271.png,0.004869978129863739,44.6005859375,0.001373291015625,0.34508052468299866,False,False,False,16,19533,24271
z16/19534_24200.png,z16/19534_24200.png,0.0075163602828979496,58.1005859375,0.050201416015625,0.3438413739204407,False,False,False,16,19534,24200
z16/19534_24201.png,z16/19534_24201.png,0.010114684700965881,40.099609375,0.02276611328125,0.3445431888103485,False,False,False,16,19534,24201
z16/19534_24202.png,z16/19534_24202.png,0.0072031766176223755,39.099609375,0.008148193359375,0.3532578945159912,False,False,False,16,19534,24202
z16/19534_24203.png,z16/19534_24203.png,0.006718568503856659,81.599609375,0.0042266845703125,0.3469078540802002,False,False,False,16,19534,24203
z16/19534_24204.png,z16/19534_24204.png,0.008028704921404521,79.900390625,0.0107421875,0.33742755651474,False,False,False,16,19534,24204
z16/19534_24205.png,z16/19534_24205.png,0.009478359421094259,106.099609375,0.0734100341796875,0.3379437029361725,False,False,False,16,19534,24205
z16/19534_24206.png,z16/19534_24206.png,0.008287914097309113,110.30078125,0.002044677734375,0.34011608362197876,False,False,False,16,19534,24206
z16/19534_24207.png,z16/19534_24207.png,0.007709228495756785,79.0,0.0006866455078125,0.3364485204219818,False,False,False,16,19534,24207
z16/19534_24208.png,z16/19534_24208.png,0.009226447343826294,75.599609375,0.0138702392578125,0.33201926946640015,False,False,False,16,19534,24208
z16/19534_24209.png,z16/19534_24209.png,0.00754921833674113,48.5,0.013885498046875,0.3465633988380432,False,False,False,16,19534,24209
z16/19534_24210.png,z16/19534_24210.png,0.008598536252975464,92.2001953125,0.0395965576171875,0.33215945959091187,False,False,False,16,19534,24210
z16/19534_24211.png,z16/19534_24211.png,0.009771074851353962,73.6005859375,0.000762939453125,0.3283696174621582,False,False,False,16,19534,24211
z16/19534_24212.png,z16/19534_24212.png,0.008254378537336985,47.599609375,0.001129150390625,0.33243995904922485,False,False,False,16,19534,24212
z16/19534_24213.png,z16/19534_24213.png,0.007893078029155731,41.7001953125,0.0034637451171875,0.33664438128471375,False,False,False,16,19534,24213
z16/19534_24214.png,z16/19534_24214.png,0.008162958920001984,88.7001953125,0.02978515625,0.3326225280761719,False,False,False,16,19534,24214
z16/19534_24215.png,z16/19534_24215.png,0.011260353525479634,90.2998046875,0.02069091796875,0.3324463665485382,False,False,False,16,19534,24215
z16/19534_24216.png,z16/19534_24216.png,0.011884435017903646,71.2001953125,0.0237579345703125,0.33561208844184875,False,False,False,16,19534,24216
z16/19534_24217.png,z16/19534_24217.png,0.014559575915336609,79.1005859375,0.013580322265625,0.342492938041687,False,False,False,16,19534,24217
z16/19534_24218.png,z16/19534_24218.png,0.009062708417574564,70.0,0.035186767578125,0.33383074402809143,False,False,False,16,19534,24218
z16/19534_24219.png,z16/19534_24219.png,0.008716309070587158,56.0,0.008819580078125,0.34026437997817993,False,False,False,16,19534,24219
z16/19534_24220.png,z16/19534_24220.png,0.006549066305160523,47.2001953125,0.0002899169921875,0.3414149880409241,False,False,False,16,19534,24220
z16/19534_24221.png,z16/19534_24221.png,0.006649583081404368,47.5,0.03662109375,0.34318453073501587,False,False,False,16,19534,24221
z16/19534_24222.png,z16/19534_24222.png,0.01028011441230774,87.3994140625,0.002960205078125,0.336745947599411,False,False,False,16,19534,24222
z16/19534_24223.png,z16/19534_24223.png,0.008195019761721293,47.8994140625,0.016021728515625,0.341404527425766,False,False,False,16,19534,24223
z16/19534_24224.png,z16/19534_24224.png,0.007832654317220052,68.80078125,0.013824462890625,0.33861708641052246,False,False,False,16,19534,24224
z16/19534_24225.png,z16/19534_24225.png,0.006787486374378204,37.5,0.03607177734375,0.3386329412460327,False,False,False,16,19534,24225
z16/19534_24226.png,z16/19534_24226.png,0.007248431940873464,54.400390625,0.0047760009765625,0.3400944471359253,False,False,False,16,19534,24226
z16/19534_24227.png,z16/19534_24227.png,0.007292847832043966,31.599609375,0.01104736328125,0.3397722542285919,False,False,False,16,19534,24227
z16/19534_24228.png,z16/19534_24228.png,0.005144680043061575,62.2001953125,0.027801513671875,0.35121238231658936,False,False,False,16,19534,24228
z16/19534_24229.png,z16/19534_24229.png,0.005675238867600759,31.0,0.000823974609375,0.3485807478427887,False,False,False,16,19534,24229
z16/19534_24230.png,z16/19534_24230.png,0.006954604387283325,51.400390625,0.0144195556640625,0.33741965889930725,False,False,False,16,19534,24230
z16/19534_24231.png,z16/19534_24231.png,0.009957457582155863,76.2998046875,0.001434326171875,0.3344116508960724,False,False,False,16,19534,24231
z16/19534_24232.png,z16/19534_24232.png,0.010612876216570536,89.400390625,0.0653228759765625,0.33750903606414795,False,False,False,16,19534,24232
z16/19534_24233.png,z16/19534_24233.png,0.011958029866218568,68.5,0.0,0.33684009313583374,False,False,False,16,19534,24233
z16/19534_24234.png,z16/19534_24234.png,0.006922995547453562,22.3994140625,0.0015106201171875,0.3421180844306946,False,False,False,16,19534,24234
z16/19534_24235.png,z16/19534_24235.png,0.007411394516626994,41.7001953125,0.04315185546875,0.34664520621299744,False,False,False,16,19534,24235
z16/19534_24236.png,z16/19534_24236.png,0.004616192479928335,23.6005859375,0.02447509765625,0.35437870025634766,False,False,False,16,19534,24236
z16/19534_24237.png,z16/19534_24237.png,0.006111176311969757,29.599609375,0.0289306640625,0.3389660716056824,False,False,False,16,19534,24237
z16/19534_24238.png,z16/19534_24238.png,0.007489193479220072,32.0,0.0,0.3366878628730774,False,False,False,16,19534,24238
z16/19534_24239.png,z16/19534_24239.png,0.0028764809171358745,18.099609375,0.0,0.34368783235549927,False,False,False,16,19534,24239
z16/19534_24240.png,z16/19534_24240.png,0.0034523832301298777,37.0,0.00262451171875,0.3437459170818329,False,False,False,16,19534,24240
z16/19534_24241.png,z16/19534_24241.png,0.004874865710735321,26.30078125,0.0,0.3493826985359192,False,False,False,16,19534,24241
z16/19534_24242.png,z16/19534_24242.png,0.006055420140425364,25.80078125,0.0,0.3432929217815399,False,False,False,16,19534,24242
z16/19534_24243.png,z16/19534_24243.png,0.007562704881032308,20.099609375,0.0,0.349758505821228,False,False,False,16,19534,24243
z16/19534_24244.png,z16/19534_24244.png,0.00773984690507253,27.8994140625,0.0,0.3454984426498413,False,False,False,16,19534,24244
z16/19534_24245.png,z16/19534_24245.png,0.002513743688662847,13.0,0.0,0.33983591198921204,False,False,False,16,19534,24245
z16/19534_24246.png,z16/19534_24246.png,0.00458562970161438,31.2001953125,0.0068817138671875,0.33859145641326904,False,False,False,16,19534,24246
z16/19534_24247.png,z16/19534_24247.png,0.006590733428796133,31.900390625,0.001434326171875,0.3345988988876343,False,False,False,16,19534,24247
z16/19534_24248.png,z16/19534_24248.png,0.0071316719055175785,54.900390625,0.0244903564453125,0.33696648478507996,False,False,False,16,19534,24248
z16/19534_24249.png,z16/19534_24249.png,0.008808297912279765,35.69921875,0.0,0.3447885811328888,False,False,False,16,19534,24249
z16/19534_24250.png,z16/19534_24250.png,0.003245062877734502,9.599609375,0.0,0.34522944688796997,False,False,False,16,19534,24250
z16/19534_24251.png,z16/19534_24251.png,0.004683138926823934,19.5,0.0,0.34641480445861816,False,False,False,16,19534,24251
z16/19534_24252.png,z16/19534_24252.png,0.0030554207662741345,9.8994140625,0.0,0.3442661464214325,False,False,False,16,19534,24252
z16/19534_24253.png,z16/19534_24253.png,0.0031320944428443907,14.5,0.0,0.34591326117515564,False,False,False,16,19534,24253
z16/19534_24254.png,z16/19534_24254.png,0.003687436133623123,22.5,0.0026397705078125,0.35105955600738525,False,False,False,16,19534,24254
z16/19534_24255.png,z16/19534_24255.png,0.005664017299811045,43.7998046875,0.0065765380859375,0.34492796659469604,False,False,False,16,19534,24255
z16/19534_24256.png,z16/19534_24256.png,0.004963349799315135,36.099609375,0.00592041015625,0.34865710139274597,False,False,False,16,19534,24256
z16/19534_24257.png,z16/19534_24257.png,0.004304340481758118,27.5,0.00189208984375,0.37025171518325806,False,False,False,16,19534,24257
z16/19534_24258.png,z16/19534_24258.png,0.003768345465262731,24.2998046875,0.03387451171875,0.3628571033477783,False,False,False,16,19534,24258
z16/19534_24259.png,z16/19534_24259.png,0.003671596199274063,12.3994140625,0.0,0.3608463406562805,False,False,False,16,19534,24259
z16/19534_24260.png,z16/19534_24260.png,0.003809181352456411,15.7001953125,0.0,0.3471463918685913,False,False,False,16,19534,24260
z16/19534_24261.png,z16/19534_24261.png,0.01067924201488495,15.8994140625,0.0,0.3465496301651001,False,False,False,16,19534,24261
z16/19534_24262.png,z16/19534_24262.png,0.003917931765317917,14.2998046875,0.0,0.35461410880088806,False,False,False,16,19534,24262
z16/19534_24263.png,z16/19534_24263.png,0.008458067973454794,22.0,0.0,0.3510752022266388,False,False,False,16,19534,24263
z16/19534_24264.png,z16/19534_24264.png,0.0061608826120694475,16.7998046875,0.013824462890625,0.352182537317276,False,False,False,16,19534,24264
z16/19534_24265.png,z16/19534_24265.png,0.0024148814380168917,9.7001953125,0.0,0.3492460250854492,False,False,False,16,19534,24265
z16/19534_24266.png,z16/19534_24266.png,0.0032429079214731853,18.0,0.0398406982421875,0.3487744629383087,False,False,False,16,19534,24266
z16/19534_24267.png,z16/19534_24267.png,0.0033322071035703023,26.19921875,0.007843017578125,0.3447365462779999,False,False,False,16,19534,24267
z16/19534_24268.png,z16/19534_24268.png,0.0032671737174193066,13.6005859375,0.0,0.3508181869983673,False,False,False,16,19534,24268
z16/19534_24269.png,z16/19534_24269.png,0.0030087436238924663,12.5,0.0,0.3509097099304199,False,False,False,16,19534,24269
z16/19534_24270.png,z16/19534_24270.png,0.0022409175833066303,13.19921875,0.0,0.3548401892185211,False,False,False,16,19534,24270
z16/19534_24271.png,z16/19534_24271.png,0.0030329602460066477,14.099609375,0.0079193115234375,0.34512966871261597,False,False,False,16,19534,24271
z16/19535_24200.png,z16/19535_24200.png,0.00618686576684316,81.7998046875,0.0034332275390625,0.3423025608062744,False,False,False,16,19535,24200
z16/19535_24201.png,z16/19535_24201.png,0.009083213408788045,79.2001953125,0.00360107421875,0.3410298526287079,False,False,False,16,19535,24201
z16/19535_24202.png,z16/19535_24202.png,0.008285501599311828,56.69921875,0.005279541015625,0.33981484174728394,False,False,False,16,19535,24202
z16/19535_24203.png,z16/19535_24203.png,0.006810912489891052,52.7998046875,0.0035858154296875,0.3389538824558258,False,False,False,16,19535,24203
z16/19535_24204.png,z16/19535_24204.png,0.007573725779851278,50.599609375,0.013702392578125,0.33996981382369995,False,False,False,16,19535,24204
z16/19535_24205.png,z16/19535_24205.png,0.013030008474985758,66.400390625,0.0330352783203125,0.33588510751724243,False,False,False,16,19535,24205
z16/19535_24206.png,z16/19535_24206.png,0.010959275563557943,80.900390625,0.0223236083984375,0.3353951573371887,False,False,False,16,19535,24206
z16/19535_24207.png,z16/19535_24207.png,0.010689833760261535,63.400390625,0.0372772216796875,0.33571329712867737,False,False,False,16,19535,24207
z16/19535_24208.png,z16/19535_24208.png,0.010556304454803466,54.099609375,0.019256591796875,0.3410995900630951,False,False,False,16,19535,24208
z16/19535_24209.png,z16/19535_24209.png,0.010256884495417277,47.2998046875,0.0045318603515625,0.34291785955429077,False,False,False,16,19535,24209
z16/19535_24210.png,z16/19535_24210.png,0.007209079464276632,47.3994140625,0.0395355224609375,0.3393414616584778,False,False,False,16,19535,24210
z16/19535_24211.png,z16/19535_24211.png,0.01036591629187266,91.400390625,0.031158447265625,0.33318203687667847,False,False,False,16,19535,24211
z16/19535_24212.png,z16/19535_24212.png,0.00996856192747752,75.2001953125,0.0244598388671875,0.3317689299583435,False,False,False,16,19535,24212
z16/19535_24213.png,z16/19535_24213.png,0.01015591025352478,68.1005859375,0.035247802734375,0.33032089471817017,False,False,False,16,19535,24213
z16/19535_24214.png,z16/19535_24214.png,0.008620424071947734,55.5,0.012786865234375,0.33997005224227905,False,False,False,16,19535,24214
z16/19535_24215.png,z16/19535_24215.png,0.00814255028963089,44.7998046875,0.002716064453125,0.34108710289001465,False,False,False,16,19535,24215
z16/19535_24216.png,z16/19535_24216.png,0.014093260963757832,39.099609375,0.0,0.33928272128105164,False,False,False,16,19535,24216
z16/19535_24217.png,z16/19535_24217.png,0.019930251439412437,29.1005859375,0.0,0.33721593022346497,False,False,False,16,19535,24217
z16/19535_24218.png,z16/19535_24218.png,0.01670081416765849,37.5,0.0,0.33482587337493896,False,False,False,16,19535,24218
z16/19535_24219.png,z16/19535_24219.png,0.011347945531209309,65.2001953125,0.0,0.33697494864463806,False,False,False,16,19535,24219
z16/19535_24220.png,z16/19535_24220.png,0.010098313291867575,47.2998046875,0.0043792724609375,0.3351263403892517,False,False,False,16,19535,24220
z16/19535_24221.png,z16/19535_24221.png,0.009205088019371033,66.2998046875,0.006439208984375,0.33796384930610657,False,False,False,16,19535,24221
z16/19535_24222.png,z16/19535_24222.png,0.00613725334405899,40.7001953125,0.0006866455078125,0.3357919752597809,False,False,False,16,19535,24222
z16/19535_24223.png,z16/19535_24223.png,0.006729600330193837,86.7001953125,0.0091400146484375,0.3360764682292938,False,False,False,16,19535,24223
z16/19535_24224.png,z16/19535_24224.png,0.011487813790639241,72.7998046875,0.024322509765625,0.33628296852111816,False,False,False,16,19535,24224
z16/19535_24225.png,z16/19535_24225.png,0.01421192189057668,84.0,0.0086517333984375,0.3388938009738922,False,False,False,16,19535,24225
z16/19535_24226.png,z16/19535_24226.png,0.009408010045687358,60.7001953125,0.0233306884765625,0.34119948744773865,False,False,False,16,19535,24226
z16/19535_24227.png,z16/19535_24227.png,0.009749687711397807,80.2998046875,0.006256103515625,0.3423771262168884,False,False,False,16,19535,24227
z16/19535_24228.png,z16/19535_24228.png,0.007355652749538422,83.7998046875,0.0066375732421875,0.3550373315811157,False,False,False,16,19535,24228
z16/19535_24229.png,z16/19535_24229.png,0.007704616586367289,42.3994140625,0.0075836181640625,0.3444008231163025,False,False,False,16,19535,24229
z16/19535_24230.png,z16/19535_24230.png,0.009629359841346741,51.400390625,0.0084686279296875,0.3422364592552185,False,False,False,16,19535,24230
z16/19535_24231.png,z16/19535_24231.png,0.008557842175165812,41.099609375,0.0,0.3444036841392517,False,False,False,16,19535,24231
z16/19535_24232.png,z16/19535_24232.png,0.00926819145679474,33.2998046875,0.0,0.3433331251144409,False,False,False,16,19535,24232
z16/19535_24233.png,z16/19535_24233.png,0.007197152574857076,29.0,0.031890869140625,0.33917945623397827,False,False,False,16,19535,24233
z16/19535_24234.png,z16/19535_24234.png,0.010204718510309855,41.099609375,0.0031890869140625,0.34301719069480896,False,False,False,16,19535,24234
z16/19535_24235.png,z16/19535_24235.png,0.011711236834526063,59.7001953125,0.010345458984375,0.33890676498413086,False,False,False,16,19535,24235
z16/19535_24236.png,z16/19535_24236.png,0.007989272971947988,49.099609375,0.0034942626953125,0.33461692929267883,False,False,False,16,19535,24236
z16/19535_24237.png,z16/19535_24237.png,0.008021563788255056,31.2998046875,0.044769287109375,0.3356929123401642,False,False,False,16,19535,24237
z16/19535_24238.png,z16/19535_24238.png,0.007988030711809794,26.5,0.0,0.34116601943969727,False,False,False,16,19535,24238
z16/19535_24239.png,z16/19535_24239.png,0.003155520806709925,20.7001953125,0.0,0.3369390070438385,False,False,False,16,19535,24239
z16/19535_24240.png,z16/19535_24240.png,0.0030815665920575458,35.5,0.0167083740234375,0.3364022374153137,False,False,False,16,19535,24240
z16/19535_24241.png,z16/19535_24241.png,0.004387918114662171,29.5,0.0,0.3393940329551697,False,False,False,16,19535,24241
z16/19535_24242.png,z16/19535_24242.png,0.004906199872493744,22.2001953125,0.0110931396484375,0.34601303935050964,False,False,False,16,19535,24242
z16/19535_24243.png,z16/19535_24243.png,0.002577992777029673,10.900390625,0.0,0.3536192774772644,False,False,False,16,19535,24243
z16/19535_24244.png,z16/19535_24244.png,0.005246650179227193,19.5,0.0,0.3434208035469055,False,False,False,16,19535,24244
z16/19535_24245.png,z16/19535_24245.png,0.007210656007130941,30.7001953125,0.0,0.34302592277526855,False,False,False,16,19535,24245
z16/19535_24246.png,z16/19535_24246.png,0.007147933542728424,48.6005859375,0.0222625732421875,0.3383147120475769,False,False,False,16,19535,24246
z16/19535_24247.png,z16/19535_24247.png,0.008865821361541747,51.7001953125,0.0345611572265625,0.3376053273677826,False,False,False,16,19535,24247
z16/19535_24248.png,z16/19535_24248.png,0.006309765577316284,24.5,0.0,0.3452744483947754,False,False,False,16,19535,24248
z16/19535_24249.png,z16/19535_24249.png,0.0030011874934037525,9.8994140625,0.0,0.3444558382034302,False,False,False,16,19535,24249
z16/19535_24250.png,z16/19535_24250.png,0.002681125948826472,17.2998046875,0.0312957763671875,0.3420446515083313,False,False,False,16,19535,24250
z16/19535_24251.png,z16/19535_24251.png,0.005125646789868672,29.5,0.0052032470703125,0.3419915437698364,False,False,False,16,19535,24251
z16/19535_24252.png,z16/19535_24252.png,0.006198795636494955,17.0,0.0060882568359375,0.34233856201171875,False,False,False,16,19535,24252
z16/19535_24253.png,z16/19535_24253.png,0.003972632437944412,16.7001953125,0.0,0.3426530361175537,False,False,False,16,19535,24253
z16/19535_24254.png,z16/19535_24254.png,0.006368574996789296,19.2998046875,0.004852294921875,0.34286361932754517,False,False,False,16,19535,24254
z16/19535_24255.png,z16/19535_24255.png,0.007304013768831889,26.2001953125,0.0184326171875,0.34844908118247986,False,False,False,16,19535,24255
z16/19535_24256.png,z16/19535_24256.png,0.006326642135779063,36.5,0.001739501953125,0.3471292555332184,False,False,False,16,19535,24256
z16/19535_24257.png,z16/19535_24257.png,0.005670955777168274,38.6005859375,0.00335693359375,0.35028666257858276,False,False,False,16,19535,24257
z16/19535_24258.png,z16/19535_24258.png,0.0058570712804794315,22.7001953125,0.001708984375,0.3519390821456909,False,False,False,16,19535,24258
z16/19535_24259.png,z16/19535_24259.png,0.0055839816729227705,14.7998046875,0.0,0.36689797043800354,False,False,False,16,19535,24259
z16/19535_24260.png,z16/19535_24260.png,0.0038782666126887006,12.6005859375,0.0,0.34731805324554443,False,False,False,16,19535,24260
z16/19535_24261.png,z16/19535_24261.png,0.006379638612270355,15.0,0.0,0.34931376576423645,False,False,False,16,19535,24261
z16/19535_24262.png,z16/19535_24262.png,0.00867573320865631,20.400390625,0.0,0.3534843325614929,False,False,False,16,19535,24262
z16/19535_24263.png,z16/19535_24263.png,0.0071135809024175005,19.80078125,0.0,0.3482971489429474,False,False,False,16,19535,24263
z16/19535_24264.png,z16/19535_24264.png,0.002477627744277318,9.099609375,0.0,0.34824150800704956,False,False,False,16,19535,24264
z16/19535_24265.png,z16/19535_24265.png,0.0020016226917505264,9.5,0.0,0.34384438395500183,False,False,False,16,19535,24265
z16/19535_24266.png,z16/19535_24266.png,0.002561944226423899,13.099609375,0.0,0.34071946144104004,False,False,False,16,19535,24266
z16/19535_24267.png,z16/19535_24267.png,0.004187078277269999,20.6005859375,0.0120391845703125,0.34353774785995483,False,False,False,16,19535,24267
z16/19535_24268.png,z16/19535_24268.png,0.0038556404411792754,14.80078125,0.0,0.3517308235168457,False,False,False,16,19535,24268
z16/19535_24269.png,z16/19535_24269.png,0.003904687613248825,11.099609375,0.0,0.3491143584251404,False,False,False,16,19535,24269
z16/19535_24270.png,z16/19535_24270.png,0.0026125259697437286,7.19921875,0.0,0.34991639852523804,False,False,False,16,19535,24270
z16/19535_24271.png,z16/19535_24271.png,0.0025273293256759645,6.099609375,0.0,0.3507933020591736,False,False,False,16,19535,24271
z16/19536_24200.png,z16/19536_24200.png,0.00916265845298767,54.2998046875,0.0021820068359375,0.3401125371456146,False,False,False,16,19536,24200
z16/19536_24201.png,z16/19536_24201.png,0.007011981308460235,57.6005859375,0.015838623046875,0.34056565165519714,False,False,False,16,19536,24201
z16/19536_24202.png,z16/19536_24202.png,0.006074020266532898,45.099609375,0.0,0.34863364696502686,False,False,False,16,19536,24202
z16/19536_24203.png,z16/19536_24203.png,0.0054690629243850705,54.1005859375,0.00738525390625,0.34700140357017517,False,False,False,16,19536,24203
z16/19536_24204.png,z16/19536_24204.png,0.00603999396165212,51.900390625,0.001068115234375,0.34469836950302124,False,False,False,16,19536,24204
z16/19536_24205.png,z16/19536_24205.png,0.0070111761490503945,36.30078125,0.0359344482421875,0.3354963958263397,False,False,False,16,19536,24205
z16/19536_24206.png,z16/19536_24206.png,0.007700033485889435,54.5,0.001251220703125,0.32992297410964966,False,False,False,16,19536,24206
z16/19536_24207.png,z16/19536_24207.png,0.0074944684902826944,37.6005859375,0.0034332275390625,0.33657151460647583,False,False,False,16,19536,24207
z16/19536_24208.png,z16/19536_24208.png,0.012175143758455912,56.400390625,0.007537841796875,0.3414679765701294,False,False,False,16,19536,24208
z16/19536_24209.png,z16/19536_24209.png,0.009495887160301208,77.8994140625,0.0018768310546875,0.3420153856277466,False,False,False,16,19536,24209
z16/19536_24210.png,z16/19536_24210.png,0.00878397822380066,92.69921875,0.002471923828125,0.3409873843193054,False,False,False,16,19536,24210
z16/19536_24211.png,z16/19536_24211.png,0.011892554163932801,59.0,0.0069732666015625,0.3406152129173279,False,False,False,16,19536,24211
z16/19536_24212.png,z16/19536_24212.png,0.007426198323567708,65.7001953125,0.0201568603515625,0.3417764902114868,False,False,False,16,19536,24212
z16/19536_24213.png,z16/19536_24213.png,0.007309132814407348,53.0,0.0041961669921875,0.3390738368034363,False,False,False,16,19536,24213
z16/19536_24214.png,z16/19536_24214.png,0.005079839130242666,53.1005859375,0.008880615234375,0.3366726040840149,False,False,False,16,19536,24214
z16/19536_24215.png,z16/19536_24215.png,0.007031754652659098,43.3994140625,0.0014495849609375,0.3390551507472992,False,False,False,16,19536,24215
z16/19536_24216.png,z16/19536_24216.png,0.006649879117806752,58.6005859375,0.015472412109375,0.3439408838748932,False,False,False,16,19536,24216
z16/19536_24217.png,z16/19536_24217.png,0.008830635746320089,47.599609375,0.0131988525390625,0.34229838848114014,False,False,False,16,19536,24217
z16/19536_24218.png,z16/19536_24218.png,0.01369586686293284,46.599609375,0.0835723876953125,0.3461921811103821,False,False,False,16,19536,24218
z16/19536_24219.png,z16/19536_24219.png,0.010569299260775248,48.2998046875,0.0207366943359375,0.3445201814174652,False,False,False,16,19536,24219
z16/19536_24220.png,z16/19536_24220.png,0.01208954652150472,46.900390625,0.0009307861328125,0.3406643271446228,False,False,False,16,19536,24220
z16/19536_24221.png,z16/19536_24221.png,0.006928964952627818,52.0,0.003570556640625,0.3390023410320282,False,False,False,16,19536,24221
z16/19536_24222.png,z16/19536_24222.png,0.006905637681484222,67.2001953125,0.0098876953125,0.33557605743408203,False,False,False,16,19536,24222
z16/19536_24223.png,z16/19536_24223.png,0.011161348223686219,59.0,0.0203094482421875,0.338924765586853,False,False,False,16,19536,24223
z16/19536_24224.png,z16/19536_24224.png,0.008957939346631368,97.599609375,0.0053558349609375,0.33750680088996887,False,False,False,16,19536,24224
z16/19536_24225.png,z16/19536_24225.png,0.009669986367225648,115.5,0.02679443359375,0.3358552157878876,False,False,False,16,19536,24225
z16/19536_24226.png,z16/19536_24226.png,0.006212511658668518,78.0,0.002105712890625,0.3428497314453125,False,False,False,16,19536,24226
z16/19536_24227.png,z16/19536_24227.png,0.006821934382120768,39.1005859375,0.010406494140625,0.3406118154525757,False,False,False,16,19536,24227
z16/19536_24228.png,z16/19536_24228.png,0.009584227204322815,57.7998046875,0.00408935546875,0.34366127848625183,False,False,False,16,19536,24228
z16/19536_24229.png,z16/19536_24229.png,0.00895726978778839,54.7001953125,0.037261962890625,0.346084862947464,False,False,False,16,19536,24229
z16/19536_24230.png,z16/19536_24230.png,0.004768840471903483,19.900390625,0.0,0.3467555344104767,False,False,False,16,19536,24230
z16/19536_24231.png,z16/19536_24231.png,0.007447684804598491,18.7998046875,0.0,0.3422447144985199,False,False,False,16,19536,24231
z16/19536_24232.png,z16/19536_24232.png,0.0073640753825505575,19.5,0.0,0.3459615707397461,False,False,False,16,19536,24232
z16/19536_24233.png,z16/19536_24233.png,0.0054346198836962385,20.7998046875,0.0,0.34129470586776733,False,False,False,16,19536,24233
z16/19536_24234.png,z16/19536_24234.png,0.008721375465393066,41.599609375,0.0,0.33791568875312805,False,False,False,16,19536,24234
z16/19536_24235.png,z16/19536_24235.png,0.010553836822509766,53.6005859375,0.029052734375,0.33669954538345337,False,False,False,16,19536,24235
z16/19536_24236.png,z16/19536_24236.png,0.00644214004278183,39.7001953125,0.0019073486328125,0.3375248610973358,False,False,False,16,19536,24236
z16/19536_24237.png,z16/19536_24237.png,0.007100146512190501,28.5,0.0189361572265625,0.3375930190086365,False,False,False,16,19536,24237
z16/19536_24238.png,z16/19536_24238.png,0.006161485115687052,52.3994140625,0.000274658203125,0.3348093032836914,False,False,False,16,19536,24238
z16/19536_24239.png,z16/19536_24239.png,0.008048129578431448,63.1005859375,0.006927490234375,0.3343963921070099,False,False,False,16,19536,24239
z16/19536_24240.png,z16/19536_24240.png,0.008969342708587647,52.599609375,0.0110321044921875,0.33553755283355713,False,False,False,16,19536,24240
z16/19536_24241.png,z16/19536_24241.png,0.009698589642842611,47.900390625,0.01751708984375,0.3364340364933014,False,False,False,16,19536,24241
z16/19536_24242.png,z16/19536_24242.png,0.005713860193888347,39.7001953125,0.010528564453125,0.3426853120326996,False,False,False,16,19536,24242
z16/19536_24243.png,z16/19536_24243.png,0.007045252124468485,34.400390625,0.017303466796875,0.34751465916633606,False,False,False,16,19536,24243
z16/19536_24244.png,z16/19536_24244.png,0.0062412798404693605,14.8994140625,0.0,0.3398599624633789,False,False,False,16,19536,24244
z16/19536_24245.png,z16/19536_24245.png,0.0017725162208080292,5.599609375,0.0,0.3620855510234833,False,False,False,16,19536,24245
z16/19536_24246.png,z16/19536_24246.png,0.009044636289278667,21.69921875,0.0,0.34189608693122864,False,False,False,16,19536,24246
z16/19536_24247.png,z16/19536_24247.png,0.0076505690813064575,24.0,0.029052734375,0.3380737900733948,False,False,False,16,19536,24247
z16/19536_24248.png,z16/19536_24248.png,0.007796146472295125,24.7998046875,0.0,0.34445899724960327,False,False,False,16,19536,24248
z16/19536_24249.png,z16/19536_24249.png,0.005390345553557078,20.0,0.0,0.33947741985321045,False,False,False,16,19536,24249
z16/19536_24250.png,z16/19536_24250.png,0.002640941987435023,11.7001953125,0.0,0.3321477472782135,False,False,False,16,19536,24250
z16/19536_24251.png,z16/19536_24251.png,0.005101991196473439,30.80078125,0.000946044921875,0.3372821807861328,False,False,False,16,19536,24251
z16/19536_24252.png,z16/19536_24252.png,0.003441990166902542,34.599609375,0.0063018798828125,0.33997642993927,False,False,False,16,19536,24252
z16/19536_24253.png,z16/19536_24253.png,0.00442626823981603,41.2998046875,0.018524169921875,0.34587517380714417,False,False,False,16,19536,24253
z16/19536_24254.png,z16/19536_24254.png,0.007100498179594675,35.099609375,0.0161895751953125,0.3453475832939148,False,False,False,16,19536,24254
z16/19536_24255.png,z16/19536_24255.png,0.006802189350128174,44.400390625,0.013092041015625,0.3408956229686737,False,False,False,16,19536,24255
z16/19536_24256.png,z16/19536_24256.png,0.005845276514689127,14.2998046875,0.020294189453125,0.3451135754585266,False,False,False,16,19536,24256
z16/19536_24257.png,z16/19536_24257.png,0.006904024382432302,17.1005859375,0.0217437744140625,0.34658852219581604,False,False,False,16,19536,24257
z16/19536_24258.png,z16/19536_24258.png,0.007545941074689229,16.599609375,0.0,0.34912970662117004,False,False,False,16,19536,24258
z16/19536_24259.png,z16/19536_24259.png,0.00862769881884257,18.5,0.0,0.34857767820358276,False,False,False,16,19536,24259
z16/19536_24260.png,z16/19536_24260.png,0.008394956588745117,14.2998046875,0.0,0.34781137108802795,False,False,False,16,19536,24260
z16/19536_24261.png,z16/19536_24261.png,0.004138290385405223,14.599609375,0.0,0.34935376048088074,False,False,False,16,19536,24261
z16/19536_24262.png,z16/19536_24262.png,0.00879938006401062,21.0,0.0,0.345947265625,False,False,False,16,19536,24262
z16/19536_24263.png,z16/19536_24263.png,0.005364171167214712,13.5,0.0,0.3488312065601349,False,False,False,16,19536,24263
z16/19536_24264.png,z16/19536_24264.png,0.004813539981842041,16.900390625,0.0,0.3426523804664612,False,False,False,16,19536,24264
z16/19536_24265.png,z16/19536_24265.png,0.005436330537001292,28.5,0.0,0.3451545238494873,False,False,False,16,19536,24265
z16/19536_24266.png,z16/19536_24266.png,0.008219219247500102,35.8994140625,0.0,0.34358054399490356,False,False,False,16,19536,24266
z16/19536_24267.png,z16/19536_24267.png,0.0050191084543863935,27.099609375,0.0142364501953125,0.3487902283668518,False,False,False,16,19536,24267
z16/19536_24268.png,z16/19536_24268.png,0.002495281895001729,15.5,0.0,0.34658297896385193,False,False,False,16,19536,24268
z16/19536_24269.png,z16/19536_24269.png,0.004941492776075999,14.8994140625,0.0,0.3454905152320862,False,False,False,16,19536,24269
z16/19536_24270.png,z16/19536_24270.png,0.0029165764649709065,12.400390625,0.0,0.3446701765060425,False,False,False,16,19536,24270
z16/19536_24271.png,z16/19536_24271.png,0.0018714455266793568,3.099609375,0.0,0.3455830216407776,False,False,False,16,19536,24271
z16/19537_24200.png,z16/19537_24200.png,0.006454496085643769,56.1005859375,0.030120849609375,0.3385299742221832,False,False,False,16,19537,24200
z16/19537_24201.png,z16/19537_24201.png,0.0074353863795598345,53.0,0.001708984375,0.3398457169532776,False,False,False,16,19537,24201
z16/19537_24202.png,z16/19537_24202.png,0.006508009135723114,54.400390625,0.02166748046875,0.3493633568286896,False,False,False,16,19537,24202
z16/19537_24203.png,z16/19537_24203.png,0.005263728400071462,44.5,0.001251220703125,0.3505280911922455,False,False,False,16,19537,24203
z16/19537_24204.png,z16/19537_24204.png,0.006171498696009318,73.400390625,0.00390625,0.3473128080368042,False,False,False,16,19537,24204
z16/19537_24205.png,z16/19537_24205.png,0.008210723102092744,79.400390625,0.0537109375,0.3374456465244293,False,False,False,16,19537,24205
z16/19537_24206.png,z16/19537_24206.png,0.0101245512564977,97.19921875,0.048797607421875,0.33445894718170166,False,False,False,16,19537,24206
z16/19537_24207.png,z16/19537_24207.png,0.013642075657844543,104.7001953125,0.0786590576171875,0.33459848165512085,False,False,False,16,19537,24207
z16/19537_24208.png,z16/19537_24208.png,0.014401563008626302,87.900390625,0.0788726806640625,0.3345836400985718,False,False,False,16,19537,24208
z16/19537_24209.png,z16/19537_24209.png,0.016541353861490884,78.7001953125,0.0262451171875,0.3382500410079956,False,False,False,16,19537,24209
z16/19537_24210.png,z16/19537_24210.png,0.014702990651130676,69.099609375,0.03680419921875,0.33842986822128296,False,False,False,16,19537,24210
z16/19537_24211.png,z16/19537_24211.png,0.008691415190696716,46.5,0.0450592041015625,0.3428185284137726,False,False,False,16,19537,24211
z16/19537_24212.png,z16/19537_24212.png,0.008264929056167603,59.7998046875,0.018402099609375,0.34696048498153687,False,False,False,16,19537,24212
z16/19537_24213.png,z16/19537_24213.png,0.008830821514129639,68.0,0.0391998291015625,0.3350844979286194,False,False,False,16,19537,24213
z16/19537_24214.png,z16/19537_24214.png,0.008855880300203959,53.400390625,0.01123046875,0.33243972063064575,False,False,False,16,19537,24214
z16/19537_24215.png,z16/19537_24215.png,0.012785230080286663,52.0,0.0037384033203125,0.33459365367889404,False,False,False,16,19537,24215
z16/19537_24216.png,z16/19537_24216.png,0.012701702117919923,83.5,0.0257110595703125,0.32910189032554626,False,False,False,16,19537,24216
z16/19537_24217.png,z16/19537_24217.png,0.011203206578890483,79.19921875,0.003387451171875,0.33494338393211365,False,False,False,16,19537,24217
z16/19537_24218.png,z16/19537_24218.png,0.006145882606506348,62.400390625,0.0390472412109375,0.34301549196243286,False,False,False,16,19537,24218
z16/19537_24219.png,z16/19537_24219.png,0.005102621018886566,41.400390625,0.0413665771484375,0.3518746495246887,False,False,False,16,19537,24219
z16/19537_24220.png,z16/19537_24220.png,0.014134439826011657,58.3994140625,0.0172576904296875,0.340501606464386,False,False,False,16,19537,24220
z16/19537_24221.png,z16/19537_24221.png,0.009751325845718384,57.599609375,0.00140380859375,0.33981865644454956,False,False,False,16,19537,24221
z16/19537_24222.png,z16/19537_24222.png,0.007657375435034434,102.099609375,0.020477294921875,0.3360205888748169,False,False,False,16,19537,24222
z16/19537_24223.png,z16/19537_24223.png,0.011129152774810792,101.2001953125,0.0017852783203125,0.33623120188713074,False,False,False,16,19537,24223
z16/19537_24224.png,z16/19537_24224.png,0.011178903778394063,76.599609375,0.0070953369140625,0.3385799527168274,False,False,False,16,19537,24224
z16/19537_24225.png,z16/19537_24225.png,0.012189425031344096,58.7998046875,0.0194854736328125,0.3396000266075134,False,False,False,16,19537,24225
z16/19537_24226.png,z16/19537_24226.png,0.013715277115503946,67.400390625,0.0256195068359375,0.3456088602542877,False,False,False,16,19537,24226
z16/19537_24227.png,z16/19537_24227.png,0.00638834685087204,55.0,0.0183258056640625,0.3480585813522339,False,False,False,16,19537,24227
z16/19537_24228.png,z16/19537_24228.png,0.004954723020394643,32.599609375,0.0261993408203125,0.33845698833465576,False,False,False,16,19537,24228
z16/19537_24229.png,z16/19537_24229.png,0.005824633439381917,17.900390625,0.0,0.34463581442832947,False,False,False,16,19537,24229
z16/19537_24230.png,z16/19537_24230.png,0.002721602221330007,5.0,0.0,0.34830594062805176,False,False,False,16,19537,24230
z16/19537_24231.png,z16/19537_24231.png,0.008217353125413258,26.19921875,0.0,0.3437136709690094,False,False,False,16,19537,24231
z16/19537_24232.png,z16/19537_24232.png,0.013037905097007751,47.80078125,0.023956298828125,0.3445081114768982,False,False,False,16,19537,24232
z16/19537_24233.png,z16/19537_24233.png,0.010510217150052388,37.099609375,0.0,0.33824628591537476,False,False,False,16,19537,24233
z16/19537_24234.png,z16/19537_24234.png,0.009115970134735108,42.2998046875,0.0,0.33691927790641785,False,False,False,16,19537,24234
z16/19537_24235.png,z16/19537_24235.png,0.008015677332878113,39.30078125,0.0381317138671875,0.33624503016471863,False,False,False,16,19537,24235
z16/19537_24236.png,z16/19537_24236.png,0.009681908289591472,32.5,0.02154541015625,0.3378959596157074,False,False,False,16,19537,24236
z16/19537_24237.png,z16/19537_24237.png,0.0069945380091667175,26.0,0.0325469970703125,0.3348503112792969,False,False,False,16,19537,24237
z16/19537_24238.png,z16/19537_24238.png,0.006130937735239665,59.3994140625,0.002716064453125,0.33954426646232605,False,False,False,16,19537,24238
z16/19537_24239.png,z16/19537_24239.png,0.008272313078244527,48.7001953125,0.0452423095703125,0.3401002883911133,False,False,False,16,19537,24239
z16/19537_24240.png,z16/19537_24240.png,0.006283552447954813,48.400390625,0.01995849609375,0.3400459289550781,False,False,False,16,19537,24240
z16/19537_24241.png,z16/19537_24241.png,0.00874525507291158,46.8994140625,0.0272369384765625,0.3389062285423279,False,False,False,16,19537,24241
z16/19537_24242.png,z16/19537_24242.png,0.013507835070292155,56.900390625,0.0,0.34279465675354004,False,False,False,16,19537,24242
z16/19537_24243.png,z16/19537_24243.png,0.004190336167812348,25.3994140625,0.0,0.3431374132633209,False,False,False,16,19537,24243
z16/19537_24244.png,z16/19537_24244.png,0.006373314559459687,14.7001953125,0.0,0.34013450145721436,False,False,False,16,19537,24244
z16/19537_24245.png,z16/19537_24245.png,0.00786832869052887,14.0,0.0,0.34069275856018066,False,False,False,16,19537,24245
z16/19537_24246.png,z16/19537_24246.png,0.004944075644016266,17.400390625,0.0,0.3401689827442169,False,False,False,16,19537,24246
z16/19537_24247.png,z16/19537_24247.png,0.006983828544616699,22.3994140625,0.0,0.3431600034236908,False,False,False,16,19537,24247
z16/19537_24248.png,z16/19537_24248.png,0.007711721460024515,26.0,0.0330047607421875,0.3413618803024292,False,False,False,16,19537,24248
z16/19537_24249.png,z16/19537_24249.png,0.0026118941605091095,22.2001953125,0.0,0.3391759991645813,False,False,False,16,19537,24249
z16/19537_24250.png,z16/19537_24250.png,0.0031427907447020213,11.599609375,0.0,0.3309839367866516,False,False,False,16,19537,24250
z16/19537_24251.png,z16/19537_24251.png,0.003167382131020228,27.400390625,0.03179931640625,0.33754459023475647,False,False,False,16,19537,24251
z16/19537_24252.png,z16/19537_24252.png,0.00670353372891744,35.2998046875,0.0243682861328125,0.3363957703113556,False,False,False,16,19537,24252
z16/19537_24253.png,z16/19537_24253.png,0.006066633264223734,39.6005859375,0.0015411376953125,0.3425491154193878,False,False,False,16,19537,24253
z16/19537_24254.png,z16/19537_24254.png,0.004641566177209218,21.6005859375,0.0062103271484375,0.34446510672569275,False,False,False,16,19537,24254
z16/19537_24255.png,z16/19537_24255.png,0.004371221860249837,21.2998046875,0.0,0.3420327603816986,False,False,False,16,19537,24255
z16/19537_24256.png,z16/19537_24256.png,0.0031814272205034893,17.1005859375,0.0,0.3394375443458557,False,False,False,16,19537,24256
z16/19537_24257.png,z16/19537_24257.png,0.00406565343340238,12.3994140625,0.0,0.33983901143074036,False,False,False,16,19537,24257
z16/19537_24258.png,z16/19537_24258.png,0.002891841530799866,8.6005859375,0.0,0.3404257595539093,False,False,False,16,19537,24258
z16/19537_24259.png,z16/19537_24259.png,0.0052410458525021875,14.7001953125,0.0,0.3460056185722351,False,False,False,16,19537,24259
z16/19537_24260.png,z16/19537_24260.png,0.00798352857430776,15.1005859375,0.0,0.34953567385673523,False,False,False,16,19537,24260
z16/19537_24261.png,z16/19537_24261.png,0.006699530283610026,16.900390625,0.0,0.34154167771339417,False,False,False,16,19537,24261
z16/19537_24262.png,z16/19537_24262.png,0.011159331599871317,21.2001953125,0.0,0.3464098870754242,False,False,False,16,19537,24262
z16/19537_24263.png,z16/19537_24263.png,0.0072785953680674234,13.900390625,0.0,0.3484046459197998,False,False,False,16,19537,24263
z16/19537_24264.png,z16/19537_24264.png,0.00399728740255038,18.0,0.0,0.35924431681632996,False,False,False,16,19537,24264
z16/19537_24265.png,z16/19537_24265.png,0.005037881433963776,31.2001953125,0.004425048828125,0.3564078211784363,False,False,False,16,19537,24265
z16/19537_24266.png,z16/19537_24266.png,0.005307283004124959,36.900390625,0.0096282958984375,0.3457564413547516,False,False,False,16,19537,24266
z16/19537_24267.png,z16/19537_24267.png,0.0033752550681432087,17.5,0.0,0.34565284848213196,False,False,False,16,19537,24267
z16/19537_24268.png,z16/19537_24268.png,0.002895456552505493,20.80078125,0.0,0.352506548166275,False,False,False,16,19537,24268
z16/19537_24269.png,z16/19537_24269.png,0.006522121032079061,16.7998046875,0.0028533935546875,0.34728217124938965,False,False,False,16,19537,24269
z16/19537_24270.png,z16/19537_24270.png,0.0024998115996519724,14.2001953125,0.0,0.34725213050842285,False,False,False,16,19537,24270
z16/19537_24271.png,z16/19537_24271.png,0.002474905550479889,7.400390625,0.0,0.3459559977054596,False,False,False,16,19537,24271
z16/19538_24200.png,z16/19538_24200.png,0.006499076386292776,46.7998046875,0.0025482177734375,0.34805595874786377,False,False,False,16,19538,24200
z16/19538_24201.png,z16/19538_24201.png,0.011134897669156393,60.1005859375,0.030120849609375,0.3411628305912018,False,False,False,16,19538,24201
z16/19538_24202.png,z16/19538_24202.png,0.0073783576488494875,56.7001953125,0.01727294921875,0.3414350152015686,False,False,False,16,19538,24202
z16/19538_24203.png,z16/19538_24203.png,0.007053473591804504,39.2998046875,0.0028076171875,0.36320653557777405,False,False,False,16,19538,24203
z16/19538_24204.png,z16/19538_24204.png,0.005325426161289215,26.0,0.0164031982421875,0.36431974172592163,False,False,False,16,19538,24204
z16/19538_24205.png,z16/19538_24205.png,0.005420823395252228,36.5,0.0400238037109375,0.3551710546016693,False,False,False,16,19538,24205
z16/19538_24206.png,z16/19538_24206.png,0.010297341148058574,54.2998046875,0.022674560546875,0.347434937953949,False,False,False,16,19538,24206
z16/19538_24207.png,z16/19538_24207.png,0.008777613441149393,65.6005859375,0.0019989013671875,0.34319549798965454,False,False,False,16,19538,24207
z16/19538_24208.png,z16/19538_24208.png,0.012288917104403179,67.6005859375,0.003082275390625,0.3376024663448334,False,False,False,16,19538,24208
z16/19538_24209.png,z16/19538_24209.png,0.009200042486190796,77.8994140625,0.004364013671875,0.3328606188297272,False,False,False,16,19538,24209
z16/19538_24210.png,z16/19538_24210.png,0.007570890585581461,62.2001953125,0.006256103515625,0.33252090215682983,False,False,False,16,19538,24210
z16/19538_24211.png,z16/19538_24211.png,0.00874179204305013,43.0,0.0222015380859375,0.34232065081596375,False,False,False,16,19538,24211
z16/19538_24212.png,z16/19538_24212.png,0.00901494522889455,53.5,0.047943115234375,0.33905380964279175,False,False,False,16,19538,24212
z16/19538_24213.png,z16/19538_24213.png,0.00457524706919988,49.8994140625,0.0009613037109375,0.3298191726207733,False,False,False,16,19538,24213
z16/19538_24214.png,z16/19538_24214.png,0.005954696238040924,46.599609375,0.003875732421875,0.3333777189254761,False,False,False,16,19538,24214
z16/19538_24215.png,z16/19538_24215.png,0.013676297664642335,67.400390625,0.0388946533203125,0.33872082829475403,False,False,False,16,19538,24215
z16/19538_24216.png,z16/19538_24216.png,0.009478371342023213,90.2001953125,0.0450897216796875,0.3337964713573456,False,False,False,16,19538,24216
z16/19538_24217.png,z16/19538_24217.png,0.008834448456764222,67.2998046875,0.0404510498046875,0.34102001786231995,False,False,False,16,19538,24217
z16/19538_24218.png,z16/19538_24218.png,0.010794752836227417,78.1005859375,0.0533294677734375,0.3517465591430664,False,False,False,16,19538,24218
z16/19538_24219.png,z16/19538_24219.png,0.012154605984687806,77.80078125,0.000885009765625,0.3457769453525543,False,False,False,16,19538,24219
z16/19538_24220.png,z16/19538_24220.png,0.01914139191309611,59.0,0.0040283203125,0.33655479550361633,False,False,False,16,19538,24220
z16/19538_24221.png,z16/19538_24221.png,0.012243398030598958,54.80078125,0.0296173095703125,0.3333858847618103,False,False,False,16,19538,24221
z16/19538_24222.png,z16/19538_24222.png,0.00788384477297465,74.7998046875,0.0238037109375,0.3388844132423401,False,False,False,16,19538,24222
z16/19538_24223.png,z16/19538_24223.png,0.011117002367973328,82.7998046875,0.0149078369140625,0.33890295028686523,False,False,False,16,19538,24223
z16/19538_24224.png,z16/19538_24224.png,0.010827266176541646,58.69921875,0.013885498046875,0.3370036482810974,False,False,False,16,19538,24224
z16/19538_24225.png,z16/19538_24225.png,0.0074817414085070295,63.7998046875,0.0020599365234375,0.3418281674385071,False,False,False,16,19538,24225
z16/19538_24226.png,z16/19538_24226.png,0.008098988234996796,73.7001953125,0.013824462890625,0.3421509861946106,False,False,False,16,19538,24226
z16/19538_24227.png,z16/19538_24227.png,0.01113212009270986,72.7998046875,0.035980224609375,0.3373577296733856,False,False,False,16,19538,24227
z16/19538_24228.png,z16/19538_24228.png,0.007450096805890401,23.3994140625,0.0,0.33960771560668945,False,False,False,16,19538,24228
z16/19538_24229.png,z16/19538_24229.png,0.010716240604718525,48.7001953125,0.0,0.34043025970458984,False,False,False,16,19538,24229
z16/19538_24230.png,z16/19538_24230.png,0.01458488404750824,94.599609375,0.0,0.33777597546577454,False,False,False,16,19538,24230
z16/19538_24231.png,z16/19538_24231.png,0.011568957567214965,93.2001953125,0.0023040771484375,0.33403655886650085,False,False,False,16,19538,24231
z16/19538_24232.png,z16/19538_24232.png,0.009136312206586202,69.0,0.001373291015625,0.33201202750205994,False,False,False,16,19538,24232
z16/19538_24233.png,z16/19538_24233.png,0.01105613609155019,72.2998046875,0.0032958984375,0.3308112919330597,False,False,False,16,19538,24233
z16/19538_24234.png,z16/19538_24234.png,0.006962095201015472,38.2001953125,0.0074920654296875,0.3321489095687866,False,False,False,16,19538,24234
z16/19538_24235.png,z16/19538_24235.png,0.01124951740105947,41.6005859375,0.03631591796875,0.3315436840057373,False,False,False,16,19538,24235
z16/19538_24236.png,z16/19538_24236.png,0.011219815413157145,83.2998046875,0.0014801025390625,0.33122196793556213,False,False,False,16,19538,24236
z16/19538_24237.png,z16/19538_24237.png,0.009217320879300436,66.7998046875,0.0025634765625,0.3361254930496216,False,False,False,16,19538,24237
z16/19538_24238.png,z16/19538_24238.png,0.007483519613742828,68.19921875,0.0044403076171875,0.3526943325996399,False,False,False,16,19538,24238
z16/19538_24239.png,z16/19538_24239.png,0.008054611086845399,36.5,0.0252227783203125,0.3487086594104767,False,False,False,16,19538,24239
z16/19538_24240.png,z16/19538_24240.png,0.0054546798268953955,33.0,0.0,0.34764134883880615,False,False,False,16,19538,24240
z16/19538_24241.png,z16/19538_24241.png,0.003309019406636556,10.599609375,0.0,0.34621429443359375,False,False,False,16,19538,24241
z16/19538_24242.png,z16/19538_24242.png,0.005718779067198435,23.2001953125,0.0,0.3443441390991211,False,False,False,16,19538,24242
z16/19538_24243.png,z16/19538_24243.png,0.0022309804956118268,8.5,0.0,0.3464020788669586,False,False,False,16,19538,24243
z16/19538_24244.png,z16/19538_24244.png,0.0037459611892700197,15.0,0.0,0.3438512682914734,False,False,False,16,19538,24244
z16/19538_24245.png,z16/19538_24245.png,0.0040300250053405765,14.30078125,0.0,0.33864158391952515,False,False,False,16,19538,24245
z16/19538_24246.png,z16/19538_24246.png,0.005634601910909017,18.099609375,0.0,0.34116169810295105,False,False,False,16,19538,24246
z16/19538_24247.png,z16/19538_24247.png,0.0035756915807724,11.1005859375,0.0,0.34363576769828796,False,False,False,16,19538,24247
z16/19538_24248.png,z16/19538_24248.png,0.004237020015716552,35.099609375,0.02349853515625,0.3349666893482208,False,False,False,16,19538,24248
z16/19538_24249.png,z16/19538_24249.png,0.0037001495560010276,16.0,0.0243072509765625,0.3410934507846832,False,False,False,16,19538,24249
z16/19538_24250.png,z16/19538_24250.png,0.004480736454327902,21.5,0.0,0.33942729234695435,False,False,False,16,19538,24250
z16/19538_24251.png,z16/19538_24251.png,0.004812014102935791,24.2998046875,0.029632568359375,0.33865755796432495,False,False,False,16,19538,24251
z16/19538_24252.png,z16/19538_24252.png,0.00691148986419042,34.5,0.0302276611328125,0.3400532305240631,False,False,False,16,19538,24252
z16/19538_24253.png,z16/19538_24253.png,0.005706758300463358,49.2001953125,0.0381622314453125,0.33686700463294983,False,False,False,16,19538,24253
z16/19538_24254.png,z16/19538_24254.png,0.0038859280447165172,18.7998046875,0.0,0.34732505679130554,False,False,False,16,19538,24254
z16/19538_24255.png,z16/19538_24255.png,0.006653711199760437,40.8994140625,0.0193328857421875,0.34225741028785706,False,False,False,16,19538,24255
z16/19538_24256.png,z16/19538_24256.png,0.004325513044993083,39.0,0.0192413330078125,0.34801459312438965,False,False,False,16,19538,24256
z16/19538_24257.png,z16/19538_24257.png,0.004154996077219645,22.099609375,0.019378662109375,0.35220590233802795,False,False,False,16,19538,24257
z16/19538_24258.png,z16/19538_24258.png,0.0027458722392717998,7.6005859375,0.0,0.34603676199913025,False,False,False,16,19538,24258
z16/19538_24259.png,z16/19538_24259.png,0.00250706747174263,10.2998046875,0.0,0.34193211793899536,False,False,False,16,19538,24259
z16/19538_24260.png,z16/19538_24260.png,0.00804830292860667,20.1005859375,0.0,0.3507665991783142,False,False,False,16,19538,24260
z16/19538_24261.png,z16/19538_24261.png,0.00962032675743103,23.2998046875,0.0,0.34033116698265076,False,False,False,16,19538,24261
z16/19538_24262.png,z16/19538_24262.png,0.0032704917093118032,12.0,0.0,0.3418583273887634,False,False,False,16,19538,24262
z16/19538_24263.png,z16/19538_24263.png,0.0029339641332626343,10.5,0.0,0.3461546301841736,False,False,False,16,19538,24263
z16/19538_24264.png,z16/19538_24264.png,0.0041799798607826235,12.0,0.0,0.35291504859924316,False,False,False,16,19538,24264
z16/19538_24265.png,z16/19538_24265.png,0.005723312000433604,13.30078125,0.0,0.3520267903804779,False,False,False,16,19538,24265
z16/19538_24266.png,z16/19538_24266.png,0.003325528154770533,12.19921875,0.0,0.3451542258262634,False,False,False,16,19538,24266
z16/19538_24267.png,z16/19538_24267.png,0.0035792877276738483,11.5,0.0,0.35010242462158203,False,False,False,16,19538,24267
z16/19538_24268.png,z16/19538_24268.png,0.0037377700209617615,11.2001953125,0.0,0.35002174973487854,False,False,False,16,19538,24268
z16/19538_24269.png,z16/19538_24269.png,0.0037231522301832834,20.099609375,0.0192718505859375,0.3496209383010864,False,False,False,16,19538,24269
z16/19538_24270.png,z16/19538_24270.png,0.0024649915595849354,9.099609375,0.0,0.34882768988609314,False,False,False,16,19538,24270
z16/19538_24271.png,z16/19538_24271.png,0.004310468832651774,24.1005859375,0.0,0.3494853973388672,False,False,False,16,19538,24271
z16/19539_24200.png,z16/19539_24200.png,0.012284110983212788,98.5,0.0165252685546875,0.3464573919773102,False,False,False,16,19539,24200
z16/19539_24201.png,z16/19539_24201.png,0.006115637222925822,41.900390625,0.009765625,0.346960186958313,False,False,False,16,19539,24201
z16/19539_24202.png,z16/19539_24202.png,0.0050038571159044904,38.8994140625,0.019500732421875,0.35025179386138916,False,False,False,16,19539,24202
z16/19539_24203.png,z16/19539_24203.png,0.006084570288658142,66.7998046875,0.0209197998046875,0.3448792099952698,False,False,False,16,19539,24203
z16/19539_24204.png,z16/19539_24204.png,0.008438835541407267,61.599609375,0.0302886962890625,0.34128129482269287,False,False,False,16,19539,24204
z16/19539_24205.png,z16/19539_24205.png,0.005542251467704773,43.8994140625,0.041717529296875,0.3434041142463684,False,False,False,16,19539,24205
z16/19539_24206.png,z16/19539_24206.png,0.00792346845070521,45.7001953125,0.039794921875,0.34838685393333435,False,False,False,16,19539,24206
z16/19539_24207.png,z16/19539_24207.png,0.008157036701838176,55.5,0.0023193359375,0.34507930278778076,False,False,False,16,19539,24207
z16/19539_24208.png,z16/19539_24208.png,0.005845257639884948,46.0,0.0024871826171875,0.3429737985134125,False,False,False,16,19539,24208
z16/19539_24209.png,z16/19539_24209.png,0.00749002198378245,52.6005859375,0.01220703125,0.3385946452617645,False,False,False,16,19539,24209
z16/19539_24210.png,z16/19539_24210.png,0.00885408620039622,72.2998046875,0.0379486083984375,0.33905065059661865,False,False,False,16,19539,24210
z16/19539_24211.png,z16/19539_24211.png,0.012391432126363119,80.7998046875,0.0559234619140625,0.3490731418132782,False,False,False,16,19539,24211
z16/19539_24212.png,z16/19539_24212.png,0.013417700926462809,61.2001953125,0.0,0.3406718373298645,False,False,False,16,19539,24212
z16/19539_24213.png,z16/19539_24213.png,0.006848244369029999,82.2998046875,0.0022735595703125,0.3266131281852722,False,False,False,16,19539,24213
z16/19539_24214.png,z16/19539_24214.png,0.007694342732429504,53.7001953125,0.003021240234375,0.329977810382843,False,False,False,16,19539,24214
z16/19539_24215.png,z16/19539_24215.png,0.006245280305544536,66.099609375,0.0072174072265625,0.33206799626350403,False,False,False,16,19539,24215
z16/19539_24216.png,z16/19539_24216.png,0.00828171819448471,52.7001953125,0.020751953125,0.3357476592063904,False,False,False,16,19539,24216
z16/19539_24217.png,z16/19539_24217.png,0.008873376250267028,82.7001953125,0.0074615478515625,0.33926892280578613,False,False,False,16,19539,24217
z16/19539_24218.png,z16/19539_24218.png,0.012911387284596761,74.900390625,0.0151519775390625,0.34101927280426025,False,False,False,16,19539,24218
z16/19539_24219.png,z16/19539_24219.png,0.011077305674552918,60.7001953125,0.0707244873046875,0.3407577872276306,False,False,False,16,19539,24219
z16/19539_24220.png,z16/19539_24220.png,0.009104161461194357,49.0,0.005279541015625,0.33805665373802185,False,False,False,16,19539,24220
z16/19539_24221.png,z16/19539_24221.png,0.010945985714594523,51.2001953125,0.0323333740234375,0.3387296795845032,False,False,False,16,19539,24221
z16/19539_24222.png,z16/19539_24222.png,0.010676645239194234,54.0,0.006256103515625,0.3381503224372864,False,False,False,16,19539,24222
z16/19539_24223.png,z16/19539_24223.png,0.008088357746601105,68.599609375,0.003082275390625,0.3376471996307373,False,False,False,16,19539,24223
z16/19539_24224.png,z16/19539_24224.png,0.0139218936363856,66.7998046875,0.0229644775390625,0.3374745845794678,False,False,False,16,19539,24224
z16/19539_24225.png,z16/19539_24225.png,0.013096680243810018,61.5,0.0253448486328125,0.3369120657444,False,False,False,16,19539,24225
z16/19539_24226.png,z16/19539_24226.png,0.011009842157363892,74.19921875,0.017822265625,0.34419503808021545,False,False,False,16,19539,24226
z16/19539_24227.png,z16/19539_24227.png,0.01453339954217275,55.2998046875,0.0,0.34570547938346863,False,False,False,16,19539,24227
z16/19539_24228.png,z16/19539_24228.png,0.009095454216003418,32.2998046875,0.0,0.34911489486694336,False,False,False,16,19539,24228
z16/19539_24229.png,z16/19539_24229.png,0.009177756309509278,75.5,0.0515594482421875,0.34068650007247925,False,False,False,16,19539,24229
z16/19539_24230.png,z16/19539_24230.png,0.016851256291071575,88.2998046875,0.0046844482421875,0.3362615704536438,False,False,False,16,19539,24230
z16/19539_24231.png,z16/19539_24231.png,0.02519787152608236,131.1005859375,0.0008087158203125,0.3366483151912689,False,False,False,16,19539,24231
z16/19539_24232.png,z16/19539_24232.png,0.020397732655207317,127.099609375,0.00860595703125,0.3301311433315277,False,False,False,16,19539,24232
z16/19539_24233.png,z16/19539_24233.png,0.009875766436258952,98.900390625,0.0211334228515625,0.32853007316589355,False,False,False,16,19539,24233
z16/19539_24234.png,z16/19539_24234.png,0.010782780249913533,68.2001953125,0.0172271728515625,0.33119359612464905,False,False,False,16,19539,24234
z16/19539_24235.png,z16/19539_24235.png,0.00871105194091797,80.599609375,0.0230255126953125,0.3312045931816101,False,False,False,16,19539,24235
z16/19539_24236.png,z16/19539_24236.png,0.010631765921910603,87.1005859375,0.0551910400390625,0.3303406238555908,False,False,False,16,19539,24236
z16/19539_24237.png,z16/19539_24237.png,0.008100798229376475,40.0,0.032257080078125,0.33210816979408264,False,False,False,16,19539,24237
z16/19539_24238.png,z16/19539_24238.png,0.0065789386630058285,25.099609375,0.0,0.35226553678512573,False,False,False,16,19539,24238
z16/19539_24239.png,z16/19539_24239.png,0.0051409939924875895,32.2998046875,0.022247314453125,0.33727601170539856,False,False,False,16,19539,24239
z16/19539_24240.png,z16/19539_24240.png,0.005857944488525391,43.400390625,0.03204345703125,0.3341449499130249,False,False,False,16,19539,24240
z16/19539_24241.png,z16/19539_24241.png,0.004477453231811523,14.8994140625,0.0,0.33614176511764526,False,False,False,16,19539,24241
z16/19539_24242.png,z16/19539_24242.png,0.005767808357874552,24.7998046875,0.0257415771484375,0.3424971103668213,False,False,False,16,19539,24242
z16/19539_24243.png,z16/19539_24243.png,0.0026912209888299305,16.8994140625,0.0,0.3422253131866455,False,False,False,16,19539,24243
z16/19539_24244.png,z16/19539_24244.png,0.0037173969050248463,23.80078125,0.004974365234375,0.3440167307853699,False,False,False,16,19539,24244
z16/19539_24245.png,z16/19539_24245.png,0.0031787450114885967,17.8994140625,0.0,0.34238362312316895,False,False,False,16,19539,24245
z16/19539_24246.png,z16/19539_24246.png,0.0068509633342425024,18.3994140625,0.0,0.34281840920448303,False,False,False,16,19539,24246
z16/19539_24247.png,z16/19539_24247.png,0.00812356024980545,40.2998046875,0.0338897705078125,0.3409869074821472,False,False,False,16,19539,24247
z16/19539_24248.png,z16/19539_24248.png,0.009786113103230795,43.099609375,0.0188751220703125,0.3382917642593384,False,False,False,16,19539,24248
z16/19539_24249.png,z16/19539_24249.png,0.012389608224232991,32.7998046875,0.00323486328125,0.34388887882232666,False,False,False,16,19539,24249
z16/19539_24250.png,z16/19539_24250.png,0.005091163019339244,29.099609375,0.0,0.3516850471496582,False,False,False,16,19539,24250
z16/19539_24251.png,z16/19539_24251.png,0.0034655394653479257,19.3994140625,0.00299072265625,0.3428024649620056,False,False,False,16,19539,24251
z16/19539_24252.png,z16/19539_24252.png,0.0037422974904378257,20.400390625,0.01116943359375,0.34087640047073364,False,False,False,16,19539,24252
z16/19539_24253.png,z16/19539_24253.png,0.005239254732926687,23.900390625,0.0137939453125,0.3440418541431427,False,False,False,16,19539,24253
z16/19539_24254.png,z16/19539_24254.png,0.0029853637019793193,10.2998046875,0.0,0.3516894280910492,False,False,False,16,19539,24254
z16/19539_24255.png,z16/19539_24255.png,0.008431379000345867,60.5,0.03961181640625,0.34394583106040955,False,False,False,16,19539,24255
z16/19539_24256.png,z16/19539_24256.png,0.006439080337683359,52.5,0.0104827880859375,0.3480903208255768,False,False,False,16,19539,24256
z16/19539_24257.png,z16/19539_24257.png,0.002842923253774643,21.2998046875,0.02215576171875,0.34878337383270264,False,False,False,16,19539,24257
z16/19539_24258.png,z16/19539_24258.png,0.003217289845148722,13.599609375,0.0,0.34198006987571716,False,False,False,16,19539,24258
z16/19539_24259.png,z16/19539_24259.png,0.00756571094195048,22.2001953125,0.0,0.3488154709339142,False,False,False,16,19539,24259
z16/19539_24260.png,z16/19539_24260.png,0.008990869919459025,20.5,0.0,0.34591227769851685,False,False,False,16,19539,24260
z16/19539_24261.png,z16/19539_24261.png,0.008547531565030415,21.2001953125,0.0,0.34059998393058777,False,False,False,16,19539,24261
z16/19539_24262.png,z16/19539_24262.png,0.006323314706484477,15.099609375,0.0,0.34125444293022156,False,False,False,16,19539,24262
z16/19539_24263.png,z16/19539_24263.png,0.005403490861256918,10.5,0.0,0.341788113117218,False,False,False,16,19539,24263
z16/19539_24264.png,z16/19539_24264.png,0.007830190161863962,11.7998046875,0.0,0.35087427496910095,False,False,False,16,19539,24264
z16/19539_24265.png,z16/19539_24265.png,0.003090524176756541,8.8994140625,0.0,0.35486724972724915,False,False,False,16,19539,24265
z16/19539_24266.png,z16/19539_24266.png,0.0026280408104260764,9.599609375,0.0,0.35772573947906494,False,False,False,16,19539,24266
z16/19539_24267.png,z16/19539_24267.png,0.003198541949192683,13.0,0.0,0.34379687905311584,False,False,False,16,19539,24267
z16/19539_24268.png,z16/19539_24268.png,0.0035695376495520274,12.0,0.0,0.35044074058532715,False,False,False,16,19539,24268
z16/19539_24269.png,z16/19539_24269.png,0.0026648342609405518,10.5,0.0,0.3550748825073242,False,False,False,16,19539,24269
z16/19539_24270.png,z16/19539_24270.png,0.005004270871480306,23.2001953125,0.0018463134765625,0.34913450479507446,False,False,False,16,19539,24270
z16/19539_24271.png,z16/19539_24271.png,0.010303146640459697,50.5,0.0251922607421875,0.3498120605945587,False,False,False,16,19539,24271
z16/19540_24200.png,z16/19540_24200.png,0.00824689914782842,77.099609375,0.023162841796875,0.34163549542427063,False,False,False,16,19540,24200
z16/19540_24201.png,z16/19540_24201.png,0.004983136554559072,43.2001953125,0.0345001220703125,0.3474632501602173,False,False,False,16,19540,24201
z16/19540_24202.png,z16/19540_24202.png,0.006950169801712036,39.2998046875,0.0207977294921875,0.3444068729877472,False,False,False,16,19540,24202
z16/19540_24203.png,z16/19540_24203.png,0.008552098274230957,89.900390625,0.009063720703125,0.33995959162712097,False,False,False,16,19540,24203
z16/19540_24204.png,z16/19540_24204.png,0.006169631580511729,35.900390625,0.01727294921875,0.3460671305656433,False,False,False,16,19540,24204
z16/19540_24205.png,z16/19540_24205.png,0.005517504612604777,32.19921875,0.00250244140625,0.3409843146800995,False,False,False,16,19540,24205
z16/19540_24206.png,z16/19540_24206.png,0.007716077069441478,40.80078125,0.0039215087890625,0.34341728687286377,False,False,False,16,19540,24206
z16/19540_24207.png,z16/19540_24207.png,0.009168674548467001,64.0,0.0196075439453125,0.341872900724411,False,False,False,16,19540,24207
z16/19540_24208.png,z16/19540_24208.png,0.01225142776966095,49.5,0.0314178466796875,0.33891165256500244,False,False,False,16,19540,24208
z16/19540_24209.png,z16/19540_24209.png,0.010031430919965108,56.5,0.020721435546875,0.3357301652431488,False,False,False,16,19540,24209
z16/19540_24210.png,z16/19540_24210.png,0.009346089760462443,61.0,0.0045623779296875,0.33564043045043945,False,False,False,16,19540,24210
z16/19540_24211.png,z16/19540_24211.png,0.00894403060277303,75.099609375,0.00830078125,0.33505332469940186,False,False,False,16,19540,24211
z16/19540_24212.png,z16/19540_24212.png,0.015586017568906149,72.599609375,0.0032501220703125,0.3370707035064697,False,False,False,16,19540,24212
z16/19540_24213.png,z16/19540_24213.png,0.010277899106343587,91.7001953125,0.0138092041015625,0.3303353488445282,False,False,False,16,19540,24213
z16/19540_24214.png,z16/19540_24214.png,0.010936473806699118,66.099609375,0.005279541015625,0.33287161588668823,False,False,False,16,19540,24214
z16/19540_24215.png,z16/19540_24215.png,0.006366591155529022,50.599609375,0.007293701171875,0.33624380826950073,False,False,False,16,19540,24215
z16/19540_24216.png,z16/19540_24216.png,0.009126184384028117,101.7001953125,0.0034637451171875,0.33210358023643494,False,False,False,16,19540,24216
z16/19540_24217.png,z16/19540_24217.png,0.008673842748006184,92.7001953125,0.0020751953125,0.33123579621315,False,False,False,16,19540,24217
z16/19540_24218.png,z16/19540_24218.png,0.009655724962552388,80.5,0.0020599365234375,0.3344747722148895,False,False,False,16,19540,24218
z16/19540_24219.png,z16/19540_24219.png,0.009315867225329082,77.0,0.0078887939453125,0.3350079655647278,False,False,False,16,19540,24219
z16/19540_24220.png,z16/19540_24220.png,0.012202573815981548,78.7998046875,0.0020751953125,0.34180310368537903,False,False,False,16,19540,24220
z16/19540_24221.png,z16/19540_24221.png,0.011660361289978027,55.0,0.0216827392578125,0.3412916660308838,False,False,False,16,19540,24221
z16/19540_24222.png,z16/19540_24222.png,0.011813371380170187,48.5,0.0455322265625,0.3476167321205139,False,False,False,16,19540,24222
z16/19540_24223.png,z16/19540_24223.png,0.008814961711565653,79.400390625,0.04974365234375,0.34181398153305054,False,False,False,16,19540,24223
z16/19540_24224.png,z16/19540_24224.png,0.005767807364463806,77.400390625,0.004180908203125,0.33369168639183044,False,False,False,16,19540,24224
z16/19540_24225.png,z16/19540_24225.png,0.0047754690051078795,38.6005859375,0.0006561279296875,0.33060842752456665,False,False,False,16,19540,24225
z16/19540_24226.png,z16/19540_24226.png,0.007538394133249918,56.2001953125,0.0014190673828125,0.3366992473602295,False,False,False,16,19540,24226
z16/19540_24227.png,z16/19540_24227.png,0.009893301129341125,71.5,0.0014190673828125,0.3409796953201294,False,False,False,16,19540,24227
z16/19540_24228.png,z16/19540_24228.png,0.010155160228411357,64.2998046875,0.0076904296875,0.33977630734443665,False,False,False,16,19540,24228
z16/19540_24229.png,z16/19540_24229.png,0.01099426249663035,70.7001953125,0.0004119873046875,0.3364526331424713,False,False,False,16,19540,24229
z16/19540_24230.png,z16/19540_24230.png,0.017398528258005776,103.7998046875,0.0126190185546875,0.3349319100379944,False,False,False,16,19540,24230
z16/19540_24231.png,z16/19540_24231.png,0.0144960621992747,93.7998046875,0.02838134765625,0.33714762330055237,False,False,False,16,19540,24231
z16/19540_24232.png,z16/19540_24232.png,0.007927765945593516,37.8994140625,0.0046539306640625,0.3350789248943329,False,False,False,16,19540,24232
z16/19540_24233.png,z16/19540_24233.png,0.0063301021854082744,21.2001953125,0.005889892578125,0.3355572819709778,False,False,False,16,19540,24233
z16/19540_24234.png,z16/19540_24234.png,0.006838510930538178,32.2001953125,0.008575439453125,0.3331338167190552,False,False,False,16,19540,24234
z16/19540_24235.png,z16/19540_24235.png,0.0055323312679926556,37.0,0.0219268798828125,0.33555418252944946,False,False,False,16,19540,24235
z16/19540_24236.png,z16/19540_24236.png,0.004177256921927134,37.099609375,0.0248260498046875,0.3325498700141907,False,False,False,16,19540,24236
z16/19540_24237.png,z16/19540_24237.png,0.005233342945575714,37.599609375,0.0117034912109375,0.33423393964767456,False,False,False,16,19540,24237
z16/19540_24238.png,z16/19540_24238.png,0.006027452647686005,27.599609375,0.0198516845703125,0.33781173825263977,False,False,False,16,19540,24238
z16/19540_24239.png,z16/19540_24239.png,0.004713693261146545,39.400390625,0.0101165771484375,0.33182212710380554,False,False,False,16,19540,24239
z16/19540_24240.png,z16/19540_24240.png,0.007166152695814768,37.099609375,0.0,0.3340466320514679,False,False,False,16,19540,24240
z16/19540_24241.png,z16/19540_24241.png,0.006417882939179738,30.5,0.0,0.33574357628822327,False,False,False,16,19540,24241
z16/19540_24242.png,z16/19540_24242.png,0.006172831853230794,28.7001953125,0.0276031494140625,0.33709070086479187,False,False,False,16,19540,24242
z16/19540_24243.png,z16/19540_24243.png,0.003972930957873663,13.2001953125,0.0,0.34175431728363037,False,False,False,16,19540,24243
z16/19540_24244.png,z16/19540_24244.png,0.006069200237592062,26.0,0.0081024169921875,0.3411104679107666,False,False,False,16,19540,24244
z16/19540_24245.png,z16/19540_24245.png,0.006150269011656443,18.1005859375,0.0341796875,0.3394235372543335,False,False,False,16,19540,24245
z16/19540_24246.png,z16/19540_24246.png,0.00836119254430135,22.19921875,0.00958251953125,0.3555091619491577,False,False,False,16,19540,24246
z16/19540_24247.png,z16/19540_24247.png,0.004401687781016032,30.7998046875,0.0095367431640625,0.3445427417755127,False,False,False,16,19540,24247
z16/19540_24248.png,z16/19540_24248.png,0.0052977795402208965,36.7998046875,0.0036163330078125,0.3468288779258728,False,False,False,16,19540,24248
z16/19540_24249.png,z16/19540_24249.png,0.01243167022864024,29.5,0.022613525390625,0.3436799943447113,False,False,False,16,19540,24249
z16/19540_24250.png,z16/19540_24250.png,0.0076720903317133585,28.599609375,0.00054931640625,0.3589242398738861,False,False,False,16,19540,24250
z16/19540_24251.png,z16/19540_24251.png,0.0061988438169161475,21.5,0.0,0.366045206785202,False,False,False,16,19540,24251
z16/19540_24252.png,z16/19540_24252.png,0.00489630252122879,26.7001953125,0.021240234375,0.35311824083328247,False,False,False,16,19540,24252
z16/19540_24253.png,z16/19540_24253.png,0.006534607211748759,49.7001953125,0.004730224609375,0.3411012589931488,False,False,False,16,19540,24253
z16/19540_24254.png,z16/19540_24254.png,0.007610819240411123,30.8994140625,0.005401611328125,0.33661431074142456,False,False,False,16,19540,24254
z16/19540_24255.png,z16/19540_24255.png,0.0062159573038419085,36.2001953125,0.02130126953125,0.3413921296596527,False,False,False,16,19540,24255
z16/19540_24256.png,z16/19540_24256.png,0.007087955872217814,21.3994140625,0.0,0.3439868688583374,False,False,False,16,19540,24256
z16/19540_24257.png,z16/19540_24257.png,0.0034551148613293967,16.099609375,0.0,0.3414486348628998,False,False,False,16,19540,24257
z16/19540_24258.png,z16/19540_24258.png,0.007174188395341238,17.0,0.0,0.3434605896472931,False,False,False,16,19540,24258
z16/19540_24259.png,z16/19540_24259.png,0.00722263107697169,17.1005859375,0.0,0.345063716173172,False,False,False,16,19540,24259
z16/19540_24260.png,z16/19540_24260.png,0.00783613622188568,20.2998046875,0.005340576171875,0.34031742811203003,False,False,False,16,19540,24260
z16/19540_24261.png,z16/19540_24261.png,0.007949424286683401,15.2998046875,0.0,0.3444801867008209,False,False,False,16,19540,24261
z16/19540_24262.png,z16/19540_24262.png,0.003081192324558894,8.2001953125,0.0,0.3484143018722534,False,False,False,16,19540,24262
z16/19540_24263.png,z16/19540_24263.png,0.0016389364997545879,2.5,0.0,0.34822049736976624,False,False,False,16,19540,24263
z16/19540_24264.png,z16/19540_24264.png,0.0052276611328125,12.2001953125,0.0,0.3460882306098938,False,False,False,16,19540,24264
z16/19540_24265.png,z16/19540_24265.png,0.006792259713013967,14.2001953125,0.0,0.35072457790374756,False,False,False,16,19540,24265
z16/19540_24266.png,z16/19540_24266.png,0.008141866823037466,18.6005859375,0.0,0.35896968841552734,False,False,False,16,19540,24266
z16/19540_24267.png,z16/19540_24267.png,0.0055506214499473575,20.8994140625,0.0064239501953125,0.3571256995201111,False,False,False,16,19540,24267
z16/19540_24268.png,z16/19540_24268.png,0.006887345512708028,17.3994140625,0.0,0.3558296859264374,False,False,False,16,19540,24268
z16/19540_24269.png,z16/19540_24269.png,0.00928530991077423,31.2001953125,0.0064239501953125,0.35851916670799255,False,False,False,16,19540,24269
z16/19540_24270.png,z16/19540_24270.png,0.010955646634101868,67.5,0.044586181640625,0.345208078622818,False,False,False,16,19540,24270
z16/19540_24271.png,z16/19540_24271.png,0.011035723487536113,139.80078125,0.010284423828125,0.33715465664863586,False,False,False,16,19540,24271
z16/19541_24200.png,z16/19541_24200.png,0.00684320330619812,67.900390625,0.00518798828125,0.3411237597465515,False,False,False,16,19541,24200
z16/19541_24201.png,z16/19541_24201.png,0.007464868326981862,93.2001953125,0.0137176513671875,0.33737027645111084,False,False,False,16,19541,24201
z16/19541_24202.png,z16/19541_24202.png,0.00669328769048055,63.1005859375,0.0102081298828125,0.340570330619812,False,False,False,16,19541,24202
z16/19541_24203.png,z16/19541_24203.png,0.008056390285491943,91.7998046875,0.007415771484375,0.3379383385181427,False,False,False,16,19541,24203
z16/19541_24204.png,z16/19541_24204.png,0.0044664785265922545,88.400390625,0.0006561279296875,0.3397858142852783,False,False,False,16,19541,24204
z16/19541_24205.png,z16/19541_24205.png,0.005012381076812744,38.7998046875,0.0038299560546875,0.34079495072364807,False,False,False,16,19541,24205
z16/19541_24206.png,z16/19541_24206.png,0.007774778207143148,47.0,0.000579833984375,0.33732903003692627,False,False,False,16,19541,24206
z16/19541_24207.png,z16/19541_24207.png,0.006975831588109335,71.1005859375,0.0078277587890625,0.33751291036605835,False,False,False,16,19541,24207
z16/19541_24208.png,z16/19541_24208.png,0.010383623838424682,81.2998046875,7.62939453125e-05,0.33407825231552124,False,False,False,16,19541,24208
z16/19541_24209.png,z16/19541_24209.png,0.012406812111536662,72.0,0.0144805908203125,0.3353846073150635,False,False,False,16,19541,24209
z16/19541_24210.png,z16/19541_24210.png,0.008803256352742513,45.6005859375,0.016693115234375,0.33891239762306213,False,False,False,16,19541,24210
z16/19541_24211.png,z16/19541_24211.png,0.011259206136067708,55.0,0.0050048828125,0.3372802436351776,False,False,False,16,19541,24211
z16/19541_24212.png,z16/19541_24212.png,0.015405650933583577,69.400390625,0.0043182373046875,0.336465060710907,False,False,False,16,19541,24212
z16/19541_24213.png,z16/19541_24213.png,0.011075844367345175,124.8994140625,0.02667236328125,0.3350679874420166,False,False,False,16,19541,24213
z16/19541_24214.png,z16/19541_24214.png,0.013300348321596782,133.7998046875,0.036865234375,0.3350992798805237,False,False,False,16,19541,24214
z16/19541_24215.png,z16/19541_24215.png,0.013113065560658773,109.7001953125,0.002685546875,0.33554959297180176,False,False,False,16,19541,24215
z16/19541_24216.png,z16/19541_24216.png,0.013223648071289062,79.7001953125,0.0146942138671875,0.3404054045677185,False,False,False,16,19541,24216
z16/19541_24217.png,z16/19541_24217.png,0.013150076071421305,66.7998046875,0.02191162109375,0.33890339732170105,False,False,False,16,19541,24217
z16/19541_24218.png,z16/19541_24218.png,0.009830912947654724,57.0,0.014617919921875,0.33788394927978516,False,False,False,16,19541,24218
z16/19541_24219.png,z16/19541_24219.png,0.014670669039090475,58.7001953125,0.0312957763671875,0.34283724427223206,False,False,False,16,19541,24219
z16/19541_24220.png,z16/19541_24220.png,0.014585399627685547,79.2998046875,0.025390625,0.3460986912250519,False,False,False,16,19541,24220
z16/19541_24221.png,z16/19541_24221.png,0.01212495764096578,73.900390625,0.0388641357421875,0.34853336215019226,False,False,False,16,19541,24221
z16/19541_24222.png,z16/19541_24222.png,0.007356786727905273,56.0,0.0151824951171875,0.3491164445877075,False,False,False,16,19541,24222
z16/19541_24223.png,z16/19541_24223.png,0.007710411151250204,36.1005859375,0.0229339599609375,0.346870481967926,False,False,False,16,19541,24223
z16/19541_24224.png,z16/19541_24224.png,0.006318593025207519,89.900390625,0.0276336669921875,0.33634305000305176,False,False,False,16,19541,24224
z16/19541_24225.png,z16/19541_24225.png,0.009655527273813884,57.2998046875,0.0030670166015625,0.3375460207462311,False,False,False,16,19541,24225
z16/19541_24226.png,z16/19541_24226.png,0.012958082556724548,110.599609375,0.0007781982421875,0.33773183822631836,False,False,False,16,19541,24226
z16/19541_24227.png,z16/19541_24227.png,0.011826013525327047,121.7001953125,0.0334625244140625,0.3383835554122925,False,False,False,16,19541,24227
z16/19541_24228.png,z16/19541_24228.png,0.011453770597775777,65.7001953125,0.0043487548828125,0.3345208466053009,False,False,False,16,19541,24228
z16/19541_24229.png,z16/19541_24229.png,0.011249595880508423,58.6005859375,0.033477783203125,0.3376072347164154,False,False,False,16,19541,24229
z16/19541_24230.png,z16/19541_24230.png,0.006530922651290893,38.7998046875,0.0084381103515625,0.34577757120132446,False,False,False,16,19541,24230
z16/19541_24231.png,z16/19541_24231.png,0.00471006433169047,27.2001953125,0.02349853515625,0.33875179290771484,False,False,False,16,19541,24231
z16/19541_24232.png,z16/19541_24232.png,0.005543051163355509,47.7998046875,0.009307861328125,0.33630484342575073,False,False,False,16,19541,24232
z16/19541_24233.png,z16/19541_24233.png,0.005506449937820434,55.3994140625,0.00567626953125,0.3382140100002289,False,False,False,16,19541,24233
z16/19541_24234.png,z16/19541_24234.png,0.007293474674224853,40.0,0.0030975341796875,0.33811429142951965,False,False,False,16,19541,24234
z16/19541_24235.png,z16/19541_24235.png,0.005078727503617605,26.2001953125,0.0113983154296875,0.3385888636112213,False,False,False,16,19541,24235
z16/19541_24236.png,z16/19541_24236.png,0.0047800665100415545,47.599609375,0.003997802734375,0.33302199840545654,False,False,False,16,19541,24236
z16/19541_24237.png,z16/19541_24237.png,0.005781214435895284,53.0,0.01727294921875,0.3319703936576843,False,False,False,16,19541,24237
z16/19541_24238.png,z16/19541_24238.png,0.006446030735969543,31.6005859375,0.03717041015625,0.3381127417087555,False,False,False,16,19541,24238
z16/19541_24239.png,z16/19541_24239.png,0.007246387501557668,29.7001953125,0.0,0.3408844769001007,False,False,False,16,19541,24239
z16/19541_24240.png,z16/19541_24240.png,0.0055859396855036415,22.0,0.0,0.34192925691604614,False,False,False,16,19541,24240
z16/19541_24241.png,z16/19541_24241.png,0.005362292130788167,32.69921875,0.0001068115234375,0.34731873869895935,False,False,False,16,19541,24241
z16/19541_24242.png,z16/19541_24242.png,0.004096015294392904,22.6005859375,0.0,0.332260400056839,False,False,False,16,19541,24242
z16/19541_24243.png,z16/19541_24243.png,0.0036258963247140247,19.2001953125,0.050811767578125,0.33872854709625244,False,False,False,16,19541,24243
z16/19541_24244.png,z16/19541_24244.png,0.0028847945233186085,17.5,0.0,0.3426364064216614,False,False,False,16,19541,24244
z16/19541_24245.png,z16/19541_24245.png,0.004969502985477448,12.2998046875,0.0,0.34882667660713196,False,False,False,16,19541,24245
z16/19541_24246.png,z16/19541_24246.png,0.002633838355541229,7.900390625,0.0,0.34130311012268066,False,False,False,16,19541,24246
z16/19541_24247.png,z16/19541_24247.png,0.005183111131191254,20.3994140625,0.0,0.3426165282726288,False,False,False,16,19541,24247
z16/19541_24248.png,z16/19541_24248.png,0.00396143173178037,10.6005859375,0.0,0.34594160318374634,False,False,False,16,19541,24248
z16/19541_24249.png,z16/19541_24249.png,0.008403784036636353,17.7998046875,0.0,0.34204524755477905,False,False,False,16,19541,24249
z16/19541_24250.png,z16/19541_24250.png,0.007318030297756195,42.0,0.0326080322265625,0.3475601375102997,False,False,False,16,19541,24250
z16/19541_24251.png,z16/19541_24251.png,0.007835812866687775,47.1005859375,0.0108795166015625,0.35425424575805664,False,False,False,16,19541,24251
z16/19541_24252.png,z16/19541_24252.png,0.00560715397198995,46.8994140625,0.0061187744140625,0.35328608751296997,False,False,False,16,19541,24252
z16/19541_24253.png,z16/19541_24253.png,0.006803817053635915,37.7001953125,0.01641845703125,0.3447490632534027,False,False,False,16,19541,24253
z16/19541_24254.png,z16/19541_24254.png,0.007798296709855397,40.7001953125,0.0157623291015625,0.3389679491519928,False,False,False,16,19541,24254
z16/19541_24255.png,z16/19541_24255.png,0.006705840428670247,29.2001953125,0.0,0.338049054145813,False,False,False,16,19541,24255
z16/19541_24256.png,z16/19541_24256.png,0.0033648344377676647,15.5,0.0,0.3414587378501892,False,False,False,16,19541,24256
z16/19541_24257.png,z16/19541_24257.png,0.0022215505441029867,5.7998046875,0.0,0.34459802508354187,False,False,False,16,19541,24257
z16/19541_24258.png,z16/19541_24258.png,0.006291333834330241,13.2998046875,0.0,0.3409613370895386,False,False,False,16,19541,24258
z16/19541_24259.png,z16/19541_24259.png,0.006585526466369629,13.0,0.0,0.3451046943664551,False,False,False,16,19541,24259
z16/19541_24260.png,z16/19541_24260.png,0.006319326162338257,14.7998046875,0.0,0.3409954905509949,False,False,False,16,19541,24260
z16/19541_24261.png,z16/19541_24261.png,0.006761306524276733,13.2001953125,0.0,0.34395816922187805,False,False,False,16,19541,24261
z16/19541_24262.png,z16/19541_24262.png,0.0048843284447987875,10.599609375,0.0,0.3456338047981262,False,False,False,16,19541,24262
z16/19541_24263.png,z16/19541_24263.png,0.0034474069873491925,8.2998046875,0.0,0.34826621413230896,False,False,False,16,19541,24263
z16/19541_24264.png,z16/19541_24264.png,0.0023719643553098044,6.2998046875,0.0,0.34855329990386963,False,False,False,16,19541,24264
z16/19541_24265.png,z16/19541_24265.png,0.0019945745666821797,7.5,0.0,0.34930619597435,False,False,False,16,19541,24265
z16/19541_24266.png,z16/19541_24266.png,0.005161744356155395,24.900390625,0.0,0.3622415065765381,False,False,False,16,19541,24266
z16/19541_24267.png,z16/19541_24267.png,0.009971157709757487,62.7998046875,0.00457763671875,0.3497128188610077,False,False,False,16,19541,24267
z16/19541_24268.png,z16/19541_24268.png,0.024586530526479085,116.2998046875,0.024078369140625,0.34348616003990173,False,False,False,16,19541,24268
z16/19541_24269.png,z16/19541_24269.png,0.022131184736887615,128.0,0.0208282470703125,0.3432773947715759,False,False,False,16,19541,24269
z16/19541_24270.png,z16/19541_24270.png,0.02034326990445455,117.1005859375,0.0118560791015625,0.33652856945991516,False,False,False,16,19541,24270
z16/19541_24271.png,z16/19541_24271.png,0.013831810156504313,82.7998046875,0.0013580322265625,0.334530770778656,False,False,False,16,19541,24271
z16/19542_24200.png,z16/19542_24200.png,0.01011795997619629,90.2998046875,0.0189361572265625,0.33970990777015686,False,False,False,16,19542,24200
z16/19542_24201.png,z16/19542_24201.png,0.0065717935562133786,61.7998046875,0.013275146484375,0.34335216879844666,False,False,False,16,19542,24201
z16/19542_24202.png,z16/19542_24202.png,0.0059933205445607506,49.1005859375,0.025848388671875,0.3414468467235565,False,False,False,16,19542,24202
z16/19542_24203.png,z16/19542_24203.png,0.006414656341075897,46.2998046875,0.0160675048828125,0.34494447708129883,False,False,False,16,19542,24203
z16/19542_24204.png,z16/19542_24204.png,0.007298224171002706,91.7001953125,0.039031982421875,0.3410588502883911,False,False,False,16,19542,24204
z16/19542_24205.png,z16/19542_24205.png,0.007150990267594655,68.5,0.0025787353515625,0.34287771582603455,False,False,False,16,19542,24205
z16/19542_24206.png,z16/19542_24206.png,0.010939360658327738,61.7998046875,0.0040435791015625,0.33974647521972656,False,False,False,16,19542,24206
z16/19542_24207.png,z16/19542_24207.png,0.009226841727892558,95.599609375,0.0061798095703125,0.3380122184753418,False,False,False,16,19542,24207
z16/19542_24208.png,z16/19542_24208.png,0.010991643865903218,107.2001953125,0.0113983154296875,0.33084696531295776,False,False,False,16,19542,24208
z16/19542_24209.png,z16/19542_24209.png,0.011145859956741333,80.30078125,0.00140380859375,0.3364284336566925,False,False,False,16,19542,24209
z16/19542_24210.png,z16/19542_24210.png,0.009227417906125386,78.19921875,0.021636962890625,0.33724668622016907,False,False,False,16,19542,24210
z16/19542_24211.png,z16/19542_24211.png,0.009177055954933167,75.0,0.0084381103515625,0.337429940700531,False,False,False,16,19542,24211
z16/19542_24212.png,z16/19542_24212.png,0.011112698912620544,56.0,0.0005035400390625,0.34043723344802856,False,False,False,16,19542,24212
z16/19542_24213.png,z16/19542_24213.png,0.016528332233428956,68.1005859375,0.015350341796875,0.3380623757839203,False,False,False,16,19542,24213
z16/19542_24214.png,z16/19542_24214.png,0.010704141855239869,79.099609375,0.01763916015625,0.34061598777770996,False,False,False,16,19542,24214
z16/19542_24215.png,z16/19542_24215.png,0.011526853839556376,68.099609375,0.0007171630859375,0.3399459421634674,False,False,False,16,19542,24215
z16/19542_24216.png,z16/19542_24216.png,0.009522323807080587,53.7998046875,0.0066680908203125,0.3483879268169403,False,False,False,16,19542,24216
z16/19542_24217.png,z16/19542_24217.png,0.006224823991457621,58.599609375,0.0050811767578125,0.3388681411743164,False,False,False,16,19542,24217
z16/19542_24218.png,z16/19542_24218.png,0.008225075900554657,49.1005859375,0.009185791015625,0.33931398391723633,False,False,False,16,19542,24218
z16/19542_24219.png,z16/19542_24219.png,0.005889064570267995,29.7998046875,0.01495361328125,0.3405488133430481,False,False,False,16,19542,24219
z16/19542_24220.png,z16/19542_24220.png,0.00845007598400116,56.0,0.0023193359375,0.34366461634635925,False,False,False,16,19542,24220
z16/19542_24221.png,z16/19542_24221.png,0.007950502137343088,40.2001953125,0.010833740234375,0.34526756405830383,False,False,False,16,19542,24221
z16/19542_24222.png,z16/19542_24222.png,0.006689522167046865,41.80078125,0.0083160400390625,0.3444497585296631,False,False,False,16,19542,24222
z16/19542_24223.png,z16/19542_24223.png,0.009818048278490702,47.5,0.024200439453125,0.35201385617256165,False,False,False,16,19542,24223
z16/19542_24224.png,z16/19542_24224.png,0.013284622629483541,84.3994140625,0.0297088623046875,0.34388259053230286,False,False,False,16,19542,24224
z16/19542_24225.png,z16/19542_24225.png,0.016546682516733805,106.2998046875,0.05230712890625,0.3407667279243469,False,False,False,16,19542,24225
z16/19542_24226.png,z16/19542_24226.png,0.012669977545738221,84.7001953125,0.0,0.3527488708496094,False,False,False,16,19542,24226
z16/19542_24227.png,z16/19542_24227.png,0.004689478874206543,27.900390625,0.0,0.3514484167098999,False,False,False,16,19542,24227
z16/19542_24228.png,z16/19542_24228.png,0.005458850165208181,19.0,0.0,0.3425273001194,False,False,False,16,19542,24228
z16/19542_24229.png,z16/19542_24229.png,0.008744343121846517,23.400390625,0.0,0.34513670206069946,False,False,False,16,19542,24229
z16/19542_24230.png,z16/19542_24230.png,0.0054988771677017215,25.80078125,0.0,0.3481786251068115,False,False,False,16,19542,24230
z16/19542_24231.png,z16/19542_24231.png,0.0071069295207659405,27.099609375,0.0170440673828125,0.34281885623931885,False,False,False,16,19542,24231
z16/19542_24232.png,z16/19542_24232.png,0.007207136849562327,28.8994140625,0.02191162109375,0.34110409021377563,False,False,False,16,19542,24232
z16/19542_24233.png,z16/19542_24233.png,0.005710344016551972,25.19921875,0.01629638671875,0.3461989760398865,False,False,False,16,19542,24233
z16/19542_24234.png,z16/19542_24234.png,0.006611118714014689,33.0,0.0151824951171875,0.343744695186615,False,False,False,16,19542,24234
z16/19542_24235.png,z16/19542_24235.png,0.006812232732772827,37.0,0.0071258544921875,0.3399909734725952,False,False,False,16,19542,24235
z16/19542_24236.png,z16/19542_24236.png,0.005906325081984202,30.3994140625,0.0,0.33879539370536804,False,False,False,16,19542,24236
z16/19542_24237.png,z16/19542_24237.png,0.004575253029664357,27.3994140625,0.0456085205078125,0.3413998782634735,False,False,False,16,19542,24237
z16/19542_24238.png,z16/19542_24238.png,0.0055391778548558555,31.2001953125,0.0095672607421875,0.34115490317344666,False,False,False,16,19542,24238
z16/19542_24239.png,z16/19542_24239.png,0.007013621926307678,35.2001953125,0.009918212890625,0.33830660581588745,False,False,False,16,19542,24239
z16/19542_24240.png,z16/19542_24240.png,0.006728729605674744,36.69921875,0.0053558349609375,0.33574193716049194,False,False,False,16,19542,24240
z16/19542_24241.png,z16/19542_24241.png,0.00418703407049179,17.5,0.0152130126953125,0.3360702097415924,False,False,False,16,19542,24241
z16/19542_24242.png,z16/19542_24242.png,0.004043948650360107,12.1005859375,0.0,0.3338032066822052,False,False,False,16,19542,24242
z16/19542_24243.png,z16/19542_24243.png,0.004789774119853973,19.7998046875,0.0029754638671875,0.33755356073379517,False,False,False,16,19542,24243
z16/19542_24244.png,z16/19542_24244.png,0.005797522763411204,27.3994140625,0.0022125244140625,0.3408530354499817,False,False,False,16,19542,24244
z16/19542_24245.png,z16/19542_24245.png,0.00182270643611749,10.7998046875,0.0,0.3471003770828247,False,False,False,16,19542,24245
z16/19542_24246.png,z16/19542_24246.png,0.0023948974907398225,14.0,0.0,0.3436238169670105,False,False,False,16,19542,24246
z16/19542_24247.png,z16/19542_24247.png,0.003794043014446894,23.900390625,0.0,0.3486977517604828,False,False,False,16,19542,24247
z16/19542_24248.png,z16/19542_24248.png,0.007221786181131998,17.0,0.0,0.3490182161331177,False,False,False,16,19542,24248
z16/19542_24249.png,z16/19542_24249.png,0.00805958906809489,21.0,0.0,0.3451540470123291,False,False,False,16,19542,24249
z16/19542_24250.png,z16/19542_24250.png,0.00824034611384074,27.0,0.0,0.34180140495300293,False,False,False,16,19542,24250
z16/19542_24251.png,z16/19542_24251.png,0.007674872875213623,24.900390625,0.0,0.344605028629303,False,False,False,16,19542,24251
z16/19542_24252.png,z16/19542_24252.png,0.004956533014774322,28.0,0.0011444091796875,0.3440878093242645,False,False,False,16,19542,24252
z16/19542_24253.png,z16/19542_24253.png,0.004200285176436106,10.5,0.0,0.3396224081516266,False,False,False,16,19542,24253
z16/19542_24254.png,z16/19542_24254.png,0.0023448380331198373,6.7001953125,0.0,0.33830374479293823,False,False,False,16,19542,24254
z16/19542_24255.png,z16/19542_24255.png,0.005186340709527334,16.80078125,0.0,0.3364097774028778,False,False,False,16,19542,24255
z16/19542_24256.png,z16/19542_24256.png,0.007208859920501709,18.5,0.0,0.34378358721733093,False,False,False,16,19542,24256
z16/19542_24257.png,z16/19542_24257.png,0.0034989458819230396,8.7001953125,0.0,0.35339370369911194,False,False,False,16,19542,24257
z16/19542_24258.png,z16/19542_24258.png,0.0020562412838141123,8.7998046875,0.0,0.3447096049785614,False,False,False,16,19542,24258
z16/19542_24259.png,z16/19542_24259.png,0.004017579307158788,7.80078125,0.0,0.3417673707008362,False,False,False,16,19542,24259
z16/19542_24260.png,z16/19542_24260.png,0.004201669991016388,13.3994140625,0.0,0.34336426854133606,False,False,False,16,19542,24260
z16/19542_24261.png,z16/19542_24261.png,0.0030507860084374745,12.2001953125,0.0,0.35225343704223633,False,False,False,16,19542,24261
z16/19542_24262.png,z16/19542_24262.png,0.0033880988756815594,24.30078125,0.0,0.3532657325267792,False,False,False,16,19542,24262
z16/19542_24263.png,z16/19542_24263.png,0.004403334856033325,25.6005859375,0.0068511962890625,0.3494357466697693,False,False,False,16,19542,24263
z16/19542_24264.png,z16/19542_24264.png,0.008282690743605296,59.2001953125,0.0251007080078125,0.3473128080368042,False,False,False,16,19542,24264
z16/19542_24265.png,z16/19542_24265.png,0.023057415088017782,135.7998046875,0.0522308349609375,0.3453144133090973,False,False,False,16,19542,24265
z16/19542_24266.png,z16/19542_24266.png,0.03472871383031209,252.099609375,0.0440521240234375,0.3410375416278839,False,False,False,16,19542,24266
z16/19542_24267.png,z16/19542_24267.png,0.04796676238377889,259.900390625,0.0444183349609375,0.3370339572429657,False,False,False,16,19542,24267
z16/19542_24268.png,z16/19542_24268.png,0.03562607765197754,256.0,0.0028076171875,0.33571821451187134,False,False,False,16,19542,24268
z16/19542_24269.png,z16/19542_24269.png,0.02576222022374471,174.900390625,0.027435302734375,0.3354400396347046,False,False,False,16,19542,24269
z16/19542_24270.png,z16/19542_24270.png,0.009779295325279236,41.7001953125,0.0262298583984375,0.3390577435493469,False,False,False,16,19542,24270
z16/19542_24271.png,z16/19542_24271.png,0.008520716428756714,23.7998046875,0.0,0.3367553949356079,False,False,False,16,19542,24271
z16/19543_24200.png,z16/19543_24200.png,0.004420193036397299,57.1005859375,0.017486572265625,0.33819612860679626,False,False,False,16,19543,24200
z16/19543_24201.png,z16/19543_24201.png,0.007616426547368368,63.8994140625,0.031494140625,0.3368130028247833,False,False,False,16,19543,24201
z16/19543_24202.png,z16/19543_24202.png,0.0069874018430709835,51.2998046875,0.00299072265625,0.33679986000061035,False,False,False,16,19543,24202
z16/19543_24203.png,z16/19543_24203.png,0.0059453114867210385,56.7998046875,0.008209228515625,0.33723583817481995,False,False,False,16,19543,24203
z16/19543_24204.png,z16/19543_24204.png,0.005769174794356028,48.30078125,0.0049285888671875,0.34058359265327454,False,False,False,16,19543,24204
z16/19543_24205.png,z16/19543_24205.png,0.007898525396982829,86.69921875,0.02667236328125,0.33774733543395996,False,False,False,16,19543,24205
z16/19543_24206.png,z16/19543_24206.png,0.009345117211341857,72.8994140625,0.01043701171875,0.3367658853530884,False,False,False,16,19543,24206
z16/19543_24207.png,z16/19543_24207.png,0.010011539856592814,66.8994140625,0.01123046875,0.336891233921051,False,False,False,16,19543,24207
z16/19543_24208.png,z16/19543_24208.png,0.011383085449536642,105.7001953125,0.018646240234375,0.334814190864563,False,False,False,16,19543,24208
z16/19543_24209.png,z16/19543_24209.png,0.0143987903992335,84.5,0.0200347900390625,0.3361893594264984,False,False,False,16,19543,24209
z16/19543_24210.png,z16/19543_24210.png,0.010423382123311361,74.6005859375,0.037078857421875,0.34190401434898376,False,False,False,16,19543,24210
z16/19543_24211.png,z16/19543_24211.png,0.007901668548583984,68.400390625,0.078338623046875,0.3408539891242981,False,False,False,16,19543,24211
z16/19543_24212.png,z16/19543_24212.png,0.014908923705418905,76.5,0.0108184814453125,0.3377419412136078,False,False,False,16,19543,24212
z16/19543_24213.png,z16/19543_24213.png,0.01825912594795227,60.2001953125,0.0,0.33769094944000244,False,False,False,16,19543,24213
z16/19543_24214.png,z16/19543_24214.png,0.013717163602511089,42.400390625,0.0,0.3387385606765747,False,False,False,16,19543,24214
z16/19543_24215.png,z16/19543_24215.png,0.0065913612643877665,56.2001953125,0.0357818603515625,0.3554537296295166,False,False,False,16,19543,24215
z16/19543_24216.png,z16/19543_24216.png,0.007533712188402811,63.2001953125,0.0147552490234375,0.35221630334854126,False,False,False,16,19543,24216
z16/19543_24217.png,z16/19543_24217.png,0.00845113197962443,74.2001953125,0.0191802978515625,0.34310078620910645,False,False,False,16,19543,24217
z16/19543_24218.png,z16/19543_24218.png,0.007729540765285492,81.7001953125,0.012725830078125,0.3360605239868164,False,False,False,16,19543,24218
z16/19543_24219.png,z16/19543_24219.png,0.009995304544766744,74.30078125,0.012969970703125,0.34378790855407715,False,False,False,16,19543,24219
z16/19543_24220.png,z16/19543_24220.png,0.008546887834866842,50.2998046875,0.0158538818359375,0.3454701602458954,False,False,False,16,19543,24220
z16/19543_24221.png,z16/19543_24221.png,0.009155410528182983,64.2998046875,0.0032196044921875,0.346731960773468,False,False,False,16,19543,24221
z16/19543_24222.png,z16/19543_24222.png,0.011130884289741516,73.5,0.00439453125,0.3438102602958679,False,False,False,16,19543,24222
z16/19543_24223.png,z16/19543_24223.png,0.007557807862758637,49.5,0.0210723876953125,0.3498988449573517,False,False,False,16,19543,24223
z16/19543_24224.png,z16/19543_24224.png,0.01334376037120819,63.5,0.0219573974609375,0.3462686836719513,False,False,False,16,19543,24224
z16/19543_24225.png,z16/19543_24225.png,0.005435354510943095,18.7998046875,0.0,0.34530025720596313,False,False,False,16,19543,24225
z16/19543_24226.png,z16/19543_24226.png,0.002298279603322347,4.8994140625,0.0,0.3412102162837982,False,False,False,16,19543,24226
z16/19543_24227.png,z16/19543_24227.png,0.004285314679145813,11.0,0.0,0.3495780825614929,False,False,False,16,19543,24227
z16/19543_24228.png,z16/19543_24228.png,0.00690921296676,24.0,0.0,0.3407648801803589,False,False,False,16,19543,24228
z16/19543_24229.png,z16/19543_24229.png,0.006881521642208099,39.5,0.0477447509765625,0.339469850063324,False,False,False,16,19543,24229
z16/19543_24230.png,z16/19543_24230.png,0.005722502867380778,20.099609375,0.0025482177734375,0.34268900752067566,False,False,False,16,19543,24230
z16/19543_24231.png,z16/19543_24231.png,0.0062313000361124676,18.900390625,0.0280609130859375,0.34819239377975464,False,False,False,16,19543,24231
z16/19543_24232.png,z16/19543_24232.png,0.005206364393234253,22.2998046875,0.006317138671875,0.34570616483688354,False,False,False,16,19543,24232
z16/19543_24233.png,z16/19543_24233.png,0.006761654218037923,36.599609375,0.0391082763671875,0.3427891731262207,False,False,False,16,19543,24233
z16/19543_24234.png,z16/19543_24234.png,0.006388196349143982,38.8994140625,0.0330810546875,0.3407456576824188,False,False,False,16,19543,24234
z16/19543_24235.png,z16/19543_24235.png,0.006005345781644186,25.0,0.03570556640625,0.33961498737335205,False,False,False,16,19543,24235
z16/19543_24236.png,z16/19543_24236.png,0.008972854415575663,46.900390625,0.029876708984375,0.34149760007858276,False,False,False,16,19543,24236
z16/19543_24237.png,z16/19543_24237.png,0.006696593761444092,41.7998046875,0.002960205078125,0.33881643414497375,False,False,False,16,19543,24237
z16/19543_24238.png,z16/19543_24238.png,0.004758627712726593,23.2001953125,0.001373291015625,0.3384607434272766,False,False,False,16,19543,24238
z16/19543_24239.png,z16/19543_24239.png,0.006305357813835144,25.400390625,0.005401611328125,0.33849596977233887,False,False,False,16,19543,24239
z16/19543_24240.png,z16/19543_24240.png,0.005518990755081177,30.6005859375,0.01416015625,0.3361607789993286,False,False,False,16,19543,24240
z16/19543_24241.png,z16/19543_24241.png,0.0036057934165000917,28.599609375,0.0058746337890625,0.33704572916030884,False,False,False,16,19543,24241
z16/19543_24242.png,z16/19543_24242.png,0.007119941711425781,34.0,0.0083160400390625,0.33707132935523987,False,False,False,16,19543,24242
z16/19543_24243.png,z16/19543_24243.png,0.00679252694050471,27.2001953125,0.0,0.3419743478298187,False,False,False,16,19543,24243
z16/19543_24244.png,z16/19543_24244.png,0.004491094748179118,14.400390625,0.0,0.34129589796066284,False,False,False,16,19543,24244
z16/19543_24245.png,z16/19543_24245.png,0.002601112425327301,9.8994140625,0.0,0.3487514853477478,False,False,False,16,19543,24245
z16/19543_24246.png,z16/19543_24246.png,0.0035537593066692352,25.400390625,0.0108489990234375,0.34593382477760315,False,False,False,16,19543,24246
z16/19543_24247.png,z16/19543_24247.png,0.003478378305832545,17.5,0.0,0.34457531571388245,False,False,False,16,19543,24247
z16/19543_24248.png,z16/19543_24248.png,0.0056624253590901695,27.19921875,0.0,0.3452420234680176,False,False,False,16,19543,24248
z16/19543_24249.png,z16/19543_24249.png,0.008993015686670939,29.2001953125,0.0,0.34554383158683777,False,False,False,16,19543,24249
z16/19543_24250.png,z16/19543_24250.png,0.00860456128915151,31.19921875,0.0,0.35050129890441895,False,False,False,16,19543,24250
z16/19543_24251.png,z16/19543_24251.png,0.0065221955378850305,30.30078125,0.0,0.34996432065963745,False,False,False,16,19543,24251
z16/19543_24252.png,z16/19543_24252.png,0.006036376953125,25.2001953125,0.005615234375,0.3430500030517578,False,False,False,16,19543,24252
z16/19543_24253.png,z16/19543_24253.png,0.00445998211701711,7.7998046875,0.0,0.3376832604408264,False,False,False,16,19543,24253
z16/19543_24254.png,z16/19543_24254.png,0.0001576405018568039,0.19921875,0.0,0.34871727228164673,False,False,False,16,19543,24254
z16/19543_24255.png,z16/19543_24255.png,0.0032765567302703857,8.19921875,0.0,0.3430464267730713,False,False,False,16,19543,24255
z16/19543_24256.png,z16/19543_24256.png,0.007594679296016693,18.2998046875,0.0,0.3398903012275696,False,False,False,16,19543,24256
z16/19543_24257.png,z16/19543_24257.png,0.003774354855219523,9.400390625,0.0,0.35771727561950684,False,False,False,16,19543,24257
z16/19543_24258.png,z16/19543_24258.png,0.0052233522137006124,17.0,0.0,0.34748849272727966,False,False,False,16,19543,24258
z16/19543_24259.png,z16/19543_24259.png,0.008474453290303548,17.5,0.0,0.33912980556488037,False,False,False,16,19543,24259
z16/19543_24260.png,z16/19543_24260.png,0.003523538013299306,22.400390625,0.0,0.34722840785980225,False,False,False,16,19543,24260
z16/19543_24261.png,z16/19543_24261.png,0.00840891698996226,40.7998046875,0.0218353271484375,0.3632069528102875,False,False,False,16,19543,24261
z16/19543_24262.png,z16/19543_24262.png,0.01675200859705607,99.1005859375,0.025909423828125,0.3499814569950104,False,False,False,16,19543,24262
z16/19543_24263.png,z16/19543_24263.png,0.01725803017616272,123.2001953125,0.0232391357421875,0.3424268364906311,False,False,False,16,19543,24263
z16/19543_24264.png,z16/19543_24264.png,0.032581804196039836,228.6005859375,0.003753662109375,0.33747562766075134,False,False,False,16,19543,24264
z16/19543_24265.png,z16/19543_24265.png,0.04638923803965251,226.599609375,0.0003814697265625,0.33503711223602295,False,False,False,16,19543,24265
z16/19543_24266.png,z16/19543_24266.png,0.03987706104914347,155.30078125,0.0011138916015625,0.3352851867675781,False,False,False,16,19543,24266
z16/19543_24267.png,z16/19543_24267.png,0.009113386273384094,89.400390625,0.0013275146484375,0.3345857858657837,False,False,False,16,19543,24267
z16/19543_24268.png,z16/19543_24268.png,0.020803332328796387,204.0,0.0012359619140625,0.33511433005332947,False,False,False,16,19543,24268
z16/19543_24269.png,z16/19543_24269.png,0.02770410180091858,172.2998046875,0.01422119140625,0.3344061076641083,False,False,False,16,19543,24269
z16/19543_24270.png,z16/19543_24270.png,0.014154374599456787,66.6005859375,0.0458221435546875,0.3399789333343506,False,False,False,16,19543,24270
z16/19543_24271.png,z16/19543_24271.png,0.010772088170051574,63.5,0.0,0.34235215187072754,False,False,False,16,19543,24271
z16/19544_24200.png,z16/19544_24200.png,0.003344478706518809,26.099609375,0.0066070556640625,0.33733224868774414,False,False,False,16,19544,24200
z16/19544_24201.png,z16/19544_24201.png,0.005344029267628988,30.8994140625,0.0,0.33700382709503174,False,False,False,16,19544,24201
z16/19544_24202.png,z16/19544_24202.png,0.007364038626352946,40.0,0.0033721923828125,0.3399248421192169,False,False,False,16,19544,24202
z16/19544_24203.png,z16/19544_24203.png,0.006502774357795715,51.5,0.001556396484375,0.33963415026664734,False,False,False,16,19544,24203
z16/19544_24204.png,z16/19544_24204.png,0.003319650888442993,31.7001953125,0.0014495849609375,0.34217503666877747,False,False,False,16,19544,24204
z16/19544_24205.png,z16/19544_24205.png,0.011897346377372742,33.099609375,0.00244140625,0.3422876000404358,False,False,False,16,19544,24205
z16/19544_24206.png,z16/19544_24206.png,0.009164126714070638,30.3994140625,0.03521728515625,0.34121426939964294,False,False,False,16,19544,24206
z16/19544_24207.png,z16/19544_24207.png,0.007729768256346385,45.8994140625,0.0273284912109375,0.3434315323829651,False,False,False,16,19544,24207
z16/19544_24208.png,z16/19544_24208.png,0.006612750887870789,43.7001953125,0.04534912109375,0.34802255034446716,False,False,False,16,19544,24208
z16/19544_24209.png,z16/19544_24209.png,0.0035865244766076407,13.1005859375,0.0,0.3517284393310547,False,False,False,16,19544,24209
z16/19544_24210.png,z16/19544_24210.png,0.0024128312865893046,6.2001953125,0.0,0.3430354595184326,False,False,False,16,19544,24210
z16/19544_24211.png,z16/19544_24211.png,0.0022698732713858287,5.099609375,0.0,0.3443818986415863,False,False,False,16,19544,24211
z16/19544_24212.png,z16/19544_24212.png,0.0012099991242090862,2.099609375,0.0,0.3434126079082489,False,False,False,16,19544,24212
z16/19544_24213.png,z16/19544_24213.png,0.00136973870297273,2.2001953125,0.0,0.336561918258667,False,False,False,16,19544,24213
z16/19544_24214.png,z16/19544_24214.png,0.0018416268130143484,6.80078125,0.0,0.3360288739204407,False,False,False,16,19544,24214
z16/19544_24215.png,z16/19544_24215.png,0.0025176301598548887,10.099609375,0.0,0.3451478183269501,False,False,False,16,19544,24215
z16/19544_24216.png,z16/19544_24216.png,0.004359243313471476,27.30078125,0.0,0.35951104760169983,False,False,False,16,19544,24216
z16/19544_24217.png,z16/19544_24217.png,0.005373733242352804,42.0,0.0392913818359375,0.3514339327812195,False,False,False,16,19544,24217
z16/19544_24218.png,z16/19544_24218.png,0.006140214204788208,37.400390625,0.0027923583984375,0.35419797897338867,False,False,False,16,19544,24218
z16/19544_24219.png,z16/19544_24219.png,0.0063909366726875305,42.900390625,0.0068359375,0.34529533982276917,False,False,False,16,19544,24219
z16/19544_24220.png,z16/19544_24220.png,0.0056416864196459455,56.7998046875,0.023040771484375,0.34706708788871765,False,False,False,16,19544,24220
z16/19544_24221.png,z16/19544_24221.png,0.012818330526351928,78.5,0.0011138916015625,0.33967089653015137,False,False,False,16,19544,24221
z16/19544_24222.png,z16/19544_24222.png,0.006801774601141611,57.5,0.0504608154296875,0.33766093850135803,False,False,False,16,19544,24222
z16/19544_24223.png,z16/19544_24223.png,0.007063547273476919,55.7001953125,0.0021209716796875,0.3469051122665405,False,False,False,16,19544,24223
z16/19544_24224.png,z16/19544_24224.png,0.006039869785308838,44.099609375,0.0006561279296875,0.3386358916759491,False,False,False,16,19544,24224
z16/19544_24225.png,z16/19544_24225.png,0.004101035495599111,21.7998046875,0.0,0.34302031993865967,False,False,False,16,19544,24225
z16/19544_24226.png,z16/19544_24226.png,0.004806742568810781,13.0,0.0,0.3424324691295624,False,False,False,16,19544,24226
z16/19544_24227.png,z16/19544_24227.png,0.007127203543980916,32.69921875,0.0,0.3387608528137207,False,False,False,16,19544,24227
z16/19544_24228.png,z16/19544_24228.png,0.009496161341667175,46.0,0.0084686279296875,0.33704066276550293,False,False,False,16,19544,24228
z16/19544_24229.png,z16/19544_24229.png,0.006067043046156565,25.099609375,0.0201416015625,0.3367006778717041,False,False,False,16,19544,24229
z16/19544_24230.png,z16/19544_24230.png,0.010785657167434692,54.3994140625,0.0192413330078125,0.3369038999080658,False,False,False,16,19544,24230
z16/19544_24231.png,z16/19544_24231.png,0.007968743145465852,52.1005859375,0.0051422119140625,0.3372519016265869,False,False,False,16,19544,24231
z16/19544_24232.png,z16/19544_24232.png,0.005059590439001719,33.099609375,0.0296173095703125,0.33947938680648804,False,False,False,16,19544,24232
z16/19544_24233.png,z16/19544_24233.png,0.008655029535293578,38.599609375,0.0016937255859375,0.3387862741947174,False,False,False,16,19544,24233
z16/19544_24234.png,z16/19544_24234.png,0.010816111167271932,43.1005859375,0.0592041015625,0.3366525173187256,False,False,False,16,19544,24234
z16/19544_24235.png,z16/19544_24235.png,0.009601691365242004,33.8994140625,0.0,0.3368144631385803,False,False,False,16,19544,24235
z16/19544_24236.png,z16/19544_24236.png,0.008057803908983866,31.3994140625,0.0,0.340660035610199,False,False,False,16,19544,24236
z16/19544_24237.png,z16/19544_24237.png,0.005507696171601613,20.8994140625,0.0,0.33718034625053406,False,False,False,16,19544,24237
z16/19544_24238.png,z16/19544_24238.png,0.0073906828959782915,34.7001953125,0.0,0.34103405475616455,False,False,False,16,19544,24238
z16/19544_24239.png,z16/19544_24239.png,0.007064195970694224,37.900390625,0.0,0.33941537141799927,False,False,False,16,19544,24239
z16/19544_24240.png,z16/19544_24240.png,0.003205435226360957,19.099609375,0.0,0.3381638824939728,False,False,False,16,19544,24240
z16/19544_24241.png,z16/19544_24241.png,0.013012899955113729,31.7001953125,0.0,0.3366607427597046,False,False,False,16,19544,24241
z16/19544_24242.png,z16/19544_24242.png,0.013077164689699808,29.3994140625,0.0,0.3398115336894989,False,False,False,16,19544,24242
z16/19544_24243.png,z16/19544_24243.png,0.011827609936396281,22.599609375,0.0,0.34128767251968384,False,False,False,16,19544,24243
z16/19544_24244.png,z16/19544_24244.png,0.00666151742140452,25.0,0.008544921875,0.33919960260391235,False,False,False,16,19544,24244
z16/19544_24245.png,z16/19544_24245.png,0.003264676034450531,11.599609375,0.0,0.34186211228370667,False,False,False,16,19544,24245
z16/19544_24246.png,z16/19544_24246.png,0.003365305562814077,8.7001953125,0.0,0.33708417415618896,False,False,False,16,19544,24246
z16/19544_24247.png,z16/19544_24247.png,0.0054849773645401,24.5,0.0,0.34133580327033997,False,False,False,16,19544,24247
z16/19544_24248.png,z16/19544_24248.png,0.005802218119303385,40.6005859375,0.0257568359375,0.3445050120353699,False,False,False,16,19544,24248
z16/19544_24249.png,z16/19544_24249.png,0.0063690294822057085,34.5,0.0,0.3450319170951843,False,False,False,16,19544,24249
z16/19544_24250.png,z16/19544_24250.png,0.005804104606310526,22.099609375,0.008880615234375,0.34314948320388794,False,False,False,16,19544,24250
z16/19544_24251.png,z16/19544_24251.png,0.007825723787148794,17.2001953125,0.0,0.3413950502872467,False,False,False,16,19544,24251
z16/19544_24252.png,z16/19544_24252.png,0.007244588931401571,18.80078125,0.0,0.342610239982605,False,False,False,16,19544,24252
z16/19544_24253.png,z16/19544_24253.png,0.0008186787366867065,3.0,0.0,0.33562979102134705,False,False,False,16,19544,24253
z16/19544_24254.png,z16/19544_24254.png,0.001100593184431394,1.0,0.0,0.3394623100757599,False,False,False,16,19544,24254
z16/19544_24255.png,z16/19544_24255.png,0.004747664431730906,7.7998046875,0.0,0.3443942070007324,False,False,False,16,19544,24255
z16/19544_24256.png,z16/19544_24256.png,0.006524722774823507,10.0,0.0,0.34273314476013184,False,False,False,16,19544,24256
z16/19544_24257.png,z16/19544_24257.png,0.005260980129241944,9.19921875,0.0,0.3444264531135559,False,False,False,16,19544,24257
z16/19544_24258.png,z16/19544_24258.png,0.007361156741778055,19.7998046875,0.0,0.34324169158935547,False,False,False,16,19544,24258
z16/19544_24259.png,z16/19544_24259.png,0.005101492504278818,33.2001953125,0.0,0.3535233438014984,False,False,False,16,19544,24259
z16/19544_24260.png,z16/19544_24260.png,0.0075289910038312275,68.599609375,0.0406951904296875,0.34831902384757996,False,False,False,16,19544,24260
z16/19544_24261.png,z16/19544_24261.png,0.014882687727610271,120.5,0.008056640625,0.3514540195465088,False,False,False,16,19544,24261
z16/19544_24262.png,z16/19544_24262.png,0.018783611059188843,98.599609375,0.0008697509765625,0.3395347595214844,False,False,False,16,19544,24262
z16/19544_24263.png,z16/19544_24263.png,0.027955249945322672,158.0,0.0049896240234375,0.337069034576416,False,False,False,16,19544,24263
z16/19544_24264.png,z16/19544_24264.png,0.03338699340820313,114.2998046875,0.0182647705078125,0.3330996036529541,False,False,False,16,19544,24264
z16/19544_24265.png,z16/19544_24265.png,0.012228161096572876,96.6005859375,0.044403076171875,0.3341049551963806,False,False,False,16,19544,24265
z16/19544_24266.png,z16/19544_24266.png,0.009259145458539326,127.2998046875,0.0060577392578125,0.33513200283050537,False,False,False,16,19544,24266
z16/19544_24267.png,z16/19544_24267.png,0.015159907937049865,153.599609375,0.046417236328125,0.3346964716911316,False,False,False,16,19544,24267
z16/19544_24268.png,z16/19544_24268.png,0.026746982336044313,118.0,0.0,0.3407613933086395,False,False,False,16,19544,24268
z16/19544_24269.png,z16/19544_24269.png,0.010141212741533916,31.599609375,0.0,0.34519001841545105,False,False,False,16,19544,24269
z16/19544_24270.png,z16/19544_24270.png,0.008903451760609945,29.400390625,0.0,0.35244235396385193,False,False,False,16,19544,24270
z16/19544_24271.png,z16/19544_24271.png,0.006147913634777069,25.7998046875,0.056732177734375,0.36181074380874634,False,False,False,16,19544,24271
z16/19545_24200.png,z16/19545_24200.png,0.013711272676785787,57.900390625,0.019622802734375,0.34137818217277527,False,False,False,16,19545,24200
z16/19545_24201.png,z16/19545_24201.png,0.011402535438537597,55.7001953125,6.103515625e-05,0.3410365879535675,False,False,False,16,19545,24201
z16/19545_24202.png,z16/19545_24202.png,0.003662298371394475,11.7001953125,0.0,0.34834161400794983,False,False,False,16,19545,24202
z16/19545_24203.png,z16/19545_24203.png,0.0026664669315020245,16.0,0.0,0.3434372544288635,False,False,False,16,19545,24203
z16/19545_24204.png,z16/19545_24204.png,0.003214107702175776,20.5,0.0,0.35019898414611816,False,False,False,16,19545,24204
z16/19545_24205.png,z16/19545_24205.png,0.002810367693503698,13.2998046875,0.0,0.3700345456600189,False,False,False,16,19545,24205
z16/19545_24206.png,z16/19545_24206.png,0.007049128909905751,23.1005859375,0.017913818359375,0.34668824076652527,False,False,False,16,19545,24206
z16/19545_24207.png,z16/19545_24207.png,0.005581892530123393,17.099609375,0.0,0.34562948346138,False,False,False,16,19545,24207
z16/19545_24208.png,z16/19545_24208.png,0.0052409559488296505,14.6005859375,0.0,0.3466358184814453,False,False,False,16,19545,24208
z16/19545_24209.png,z16/19545_24209.png,0.0036701748768488566,9.2998046875,0.0,0.35183191299438477,False,False,False,16,19545,24209
z16/19545_24210.png,z16/19545_24210.png,0.0024383711318175,7.7998046875,0.0,0.3505696952342987,False,False,False,16,19545,24210
z16/19545_24211.png,z16/19545_24211.png,0.002424431343873342,5.099609375,0.0,0.3468886613845825,False,False,False,16,19545,24211
z16/19545_24212.png,z16/19545_24212.png,0.0017475453515847525,2.8994140625,0.0,0.3483904004096985,False,False,False,16,19545,24212
z16/19545_24213.png,z16/19545_24213.png,0.002836955338716507,11.900390625,0.0,0.3451511561870575,False,False,False,16,19545,24213
z16/19545_24214.png,z16/19545_24214.png,0.004275619983673096,16.099609375,0.0,0.34339165687561035,False,False,False,16,19545,24214
z16/19545_24215.png,z16/19545_24215.png,0.0024569695194562274,12.0,0.0,0.3448399305343628,False,False,False,16,19545,24215
z16/19545_24216.png,z16/19545_24216.png,0.002622376382350922,9.19921875,0.0,0.3446749150753021,False,False,False,16,19545,24216
z16/19545_24217.png,z16/19545_24217.png,0.0039593095580736795,20.8994140625,0.0,0.3417869806289673,False,False,False,16,19545,24217
z16/19545_24218.png,z16/19545_24218.png,0.006712471445401509,28.599609375,0.034912109375,0.34752869606018066,False,False,False,16,19545,24218
z16/19545_24219.png,z16/19545_24219.png,0.0044937600692113245,34.0,0.00213623046875,0.34888017177581787,False,False,False,16,19545,24219
z16/19545_24220.png,z16/19545_24220.png,0.003958211094141006,28.30078125,0.0088043212890625,0.35130688548088074,False,False,False,16,19545,24220
z16/19545_24221.png,z16/19545_24221.png,0.004037537674109141,31.2998046875,0.0249481201171875,0.35062742233276367,False,False,False,16,19545,24221
z16/19545_24222.png,z16/19545_24222.png,0.00577173779408137,19.7001953125,0.0119781494140625,0.34301143884658813,False,False,False,16,19545,24222
z16/19545_24223.png,z16/19545_24223.png,0.0043199424942334495,26.2001953125,0.01458740234375,0.3430607318878174,False,False,False,16,19545,24223
z16/19545_24224.png,z16/19545_24224.png,0.006027606626351674,49.400390625,0.0073699951171875,0.33698493242263794,False,False,False,16,19545,24224
z16/19545_24225.png,z16/19545_24225.png,0.007868652045726777,46.7001953125,0.0017242431640625,0.34549030661582947,False,False,False,16,19545,24225
z16/19545_24226.png,z16/19545_24226.png,0.009916510184605916,38.2001953125,0.0018157958984375,0.3384435176849365,False,False,False,16,19545,24226
z16/19545_24227.png,z16/19545_24227.png,0.011391825477282206,52.5,0.02764892578125,0.33802229166030884,False,False,False,16,19545,24227
z16/19545_24228.png,z16/19545_24228.png,0.008494285742441814,62.0,0.0032196044921875,0.3382420241832733,False,False,False,16,19545,24228
z16/19545_24229.png,z16/19545_24229.png,0.01183429459730784,44.6005859375,0.0,0.3347095549106598,False,False,False,16,19545,24229
z16/19545_24230.png,z16/19545_24230.png,0.013543172677357992,71.0,0.051300048828125,0.3332410454750061,False,False,False,16,19545,24230
z16/19545_24231.png,z16/19545_24231.png,0.0129608154296875,70.7001953125,0.0549774169921875,0.33524033427238464,False,False,False,16,19545,24231
z16/19545_24232.png,z16/19545_24232.png,0.009863056739171346,49.099609375,0.0,0.33667421340942383,False,False,False,16,19545,24232
z16/19545_24233.png,z16/19545_24233.png,0.007461162408192953,34.2998046875,0.0,0.34131839871406555,False,False,False,16,19545,24233
z16/19545_24234.png,z16/19545_24234.png,0.001949776460727056,6.0,0.0,0.3372972011566162,False,False,False,16,19545,24234
z16/19545_24235.png,z16/19545_24235.png,0.001631759355465571,3.8994140625,0.0,0.3394370675086975,False,False,False,16,19545,24235
z16/19545_24236.png,z16/19545_24236.png,0.002757539103428523,6.7001953125,0.0,0.33694517612457275,False,False,False,16,19545,24236
z16/19545_24237.png,z16/19545_24237.png,0.002081172540783882,5.7998046875,0.0,0.3412606120109558,False,False,False,16,19545,24237
z16/19545_24238.png,z16/19545_24238.png,0.001802901675303777,5.1005859375,0.0,0.33781617879867554,False,False,False,16,19545,24238
z16/19545_24239.png,z16/19545_24239.png,0.0022577775021394094,6.5,0.0,0.3381166458129883,False,False,False,16,19545,24239
z16/19545_24240.png,z16/19545_24240.png,0.006658008197943369,16.599609375,0.0,0.33473047614097595,False,False,False,16,19545,24240
z16/19545_24241.png,z16/19545_24241.png,0.008474668860435486,19.2001953125,0.0,0.3387494683265686,False,False,False,16,19545,24241
z16/19545_24242.png,z16/19545_24242.png,0.005606915056705475,8.599609375,0.0,0.34050607681274414,False,False,False,16,19545,24242
z16/19545_24243.png,z16/19545_24243.png,0.007215376198291779,15.400390625,0.0,0.3438239097595215,False,False,False,16,19545,24243
z16/19545_24244.png,z16/19545_24244.png,0.0055728375911712645,18.2001953125,0.0,0.33981233835220337,False,False,False,16,19545,24244
z16/19545_24245.png,z16/19545_24245.png,0.001799708108107249,4.5,0.0,0.3402063548564911,False,False,False,16,19545,24245
z16/19545_24246.png,z16/19545_24246.png,0.001423828676342964,2.5,0.0,0.33588725328445435,False,False,False,16,19545,24246
z16/19545_24247.png,z16/19545_24247.png,0.001644470915198326,3.5,0.0,0.340568482875824,False,False,False,16,19545,24247
z16/19545_24248.png,z16/19545_24248.png,0.004179242750008901,17.1005859375,0.0,0.34001436829566956,False,False,False,16,19545,24248
z16/19545_24249.png,z16/19545_24249.png,0.00428485373655955,18.099609375,0.0,0.3376564085483551,False,False,False,16,19545,24249
z16/19545_24250.png,z16/19545_24250.png,0.0064814150333404544,21.7998046875,0.0,0.3398372530937195,False,False,False,16,19545,24250
z16/19545_24251.png,z16/19545_24251.png,0.0048928320407867435,16.7998046875,0.0,0.34346258640289307,False,False,False,16,19545,24251
z16/19545_24252.png,z16/19545_24252.png,0.008521149555842081,18.69921875,0.0,0.33985838294029236,False,False,False,16,19545,24252
z16/19545_24253.png,z16/19545_24253.png,0.00047156785925229393,0.30078125,0.0,0.3377945125102997,False,False,False,16,19545,24253
z16/19545_24254.png,z16/19545_24254.png,0.0024645032982031504,6.30078125,0.0,0.3485416769981384,False,False,False,16,19545,24254
z16/19545_24255.png,z16/19545_24255.png,0.005657675365606944,8.2998046875,0.0,0.3443284034729004,False,False,False,16,19545,24255
z16/19545_24256.png,z16/19545_24256.png,0.005927519500255584,7.7001953125,0.0,0.3402092158794403,False,False,False,16,19545,24256
z16/19545_24257.png,z16/19545_24257.png,0.004178233941396077,6.5,0.0,0.3387281596660614,False,False,False,16,19545,24257
z16/19545_24258.png,z16/19545_24258.png,0.00801176279783249,25.7001953125,0.0,0.3423929512500763,False,False,False,16,19545,24258
z16/19545_24259.png,z16/19545_24259.png,0.009555012981096903,102.3994140625,0.011871337890625,0.34924182295799255,False,False,False,16,19545,24259
z16/19545_24260.png,z16/19545_24260.png,0.022646242380142213,167.7001953125,0.0015869140625,0.3374757170677185,False,False,False,16,19545,24260
z16/19545_24261.png,z16/19545_24261.png,0.01884847680727641,136.5,0.0162811279296875,0.3363088071346283,False,False,False,16,19545,24261
z16/19545_24262.png,z16/19545_24262.png,0.013822721441586812,58.2001953125,0.00836181640625,0.343694269657135,False,False,False,16,19545,24262
z16/19545_24263.png,z16/19545_24263.png,0.012463624278704325,54.1005859375,0.01605224609375,0.33782559633255005,False,False,False,16,19545,24263
z16/19545_24264.png,z16/19545_24264.png,0.009797624746958415,77.5,1.52587890625e-05,0.3342954218387604,False,False,False,16,19545,24264
z16/19545_24265.png,z16/19545_24265.png,0.011113237341245015,95.7001953125,0.0013580322265625,0.33502042293548584,False,False,False,16,19545,24265
z16/19545_24266.png,z16/19545_24266.png,0.01643764575322469,100.5,0.008941650390625,0.3397728204727173,False,False,False,16,19545,24266
z16/19545_24267.png,z16/19545_24267.png,0.02276330590248108,79.5,0.0384521484375,0.34927093982696533,False,False,False,16,19545,24267
z16/19545_24268.png,z16/19545_24268.png,0.007308563590049744,20.0,0.0,0.3509899973869324,False,False,False,16,19545,24268
z16/19545_24269.png,z16/19545_24269.png,0.005831162134806315,27.0,0.0,0.3505365550518036,False,False,False,16,19545,24269
z16/19545_24270.png,z16/19545_24270.png,0.005948152641455332,33.2001953125,0.001007080078125,0.34179407358169556,False,False,False,16,19545,24270
z16/19545_24271.png,z16/19545_24271.png,0.006562134623527527,40.19921875,0.00347900390625,0.3502069115638733,False,False,False,16,19545,24271
z16/19546_24200.png,z16/19546_24200.png,0.003190412372350693,10.099609375,0.0,0.34827160835266113,False,False,False,16,19546,24200
z16/19546_24201.png,z16/19546_24201.png,0.008097453912099203,53.0,0.0389862060546875,0.34118515253067017,False,False,False,16,19546,24201
z16/19546_24202.png,z16/19546_24202.png,0.0036524181564648946,13.099609375,0.0,0.34508824348449707,False,False,False,16,19546,24202
z16/19546_24203.png,z16/19546_24203.png,0.002725562701622645,24.0,0.0093994140625,0.34534752368927,False,False,False,16,19546,24203
z16/19546_24204.png,z16/19546_24204.png,0.002555053432782491,10.8994140625,0.0,0.3452727496623993,False,False,False,16,19546,24204
z16/19546_24205.png,z16/19546_24205.png,0.003209646046161652,9.2001953125,0.0,0.3588928282260895,False,False,False,16,19546,24205
z16/19546_24206.png,z16/19546_24206.png,0.0032606261471907296,11.0,0.0,0.35023608803749084,False,False,False,16,19546,24206
z16/19546_24207.png,z16/19546_24207.png,0.0034910870095094045,10.900390625,0.0,0.3546224534511566,False,False,False,16,19546,24207
z16/19546_24208.png,z16/19546_24208.png,0.001986106609304746,4.7998046875,0.0,0.3631654679775238,False,False,False,16,19546,24208
z16/19546_24209.png,z16/19546_24209.png,0.0019892461597919462,6.7998046875,0.0,0.34255683422088623,False,False,False,16,19546,24209
z16/19546_24210.png,z16/19546_24210.png,0.003123830010493596,8.19921875,0.0,0.3492431044578552,False,False,False,16,19546,24210
z16/19546_24211.png,z16/19546_24211.png,0.001759678249557813,4.2998046875,0.0,0.3475395143032074,False,False,False,16,19546,24211
z16/19546_24212.png,z16/19546_24212.png,0.0015349044154087702,3.0,0.0,0.3528824746608734,False,False,False,16,19546,24212
z16/19546_24213.png,z16/19546_24213.png,0.0022514320909976957,9.7001953125,0.0,0.3487127423286438,False,False,False,16,19546,24213
z16/19546_24214.png,z16/19546_24214.png,0.0033499213556448617,11.6005859375,0.0,0.34662383794784546,False,False,False,16,19546,24214
z16/19546_24215.png,z16/19546_24215.png,0.0014965616166591645,4.099609375,0.0,0.3439357876777649,False,False,False,16,19546,24215
z16/19546_24216.png,z16/19546_24216.png,0.001313772052526474,2.0,0.0,0.3483502268791199,False,False,False,16,19546,24216
z16/19546_24217.png,z16/19546_24217.png,0.0021045416593551635,5.8994140625,0.0,0.34229111671447754,False,False,False,16,19546,24217
z16/19546_24218.png,z16/19546_24218.png,0.0031637204190095264,8.2998046875,0.0,0.34307900071144104,False,False,False,16,19546,24218
z16/19546_24219.png,z16/19546_24219.png,0.004208351174990336,10.400390625,0.0,0.3409438133239746,False,False,False,16,19546,24219
z16/19546_24220.png,z16/19546_24220.png,0.003132388740777969,15.2998046875,0.0,0.3446311354637146,False,False,False,16,19546,24220
z16/19546_24221.png,z16/19546_24221.png,0.004448388516902923,16.0,0.0,0.34529387950897217,False,False,False,16,19546,24221
z16/19546_24222.png,z16/19546_24222.png,0.002499172588189443,13.099609375,0.0,0.3385438919067383,False,False,False,16,19546,24222
z16/19546_24223.png,z16/19546_24223.png,0.003991235792636871,16.6005859375,0.0,0.3354663848876953,False,False,False,16,19546,24223
z16/19546_24224.png,z16/19546_24224.png,0.0025549831489721933,8.5,0.0,0.34622427821159363,False,False,False,16,19546,24224
z16/19546_24225.png,z16/19546_24225.png,0.004812947412331899,25.7998046875,0.0,0.3495210111141205,False,False,False,16,19546,24225
z16/19546_24226.png,z16/19546_24226.png,0.005828579763571421,27.400390625,0.011016845703125,0.34756386280059814,False,False,False,16,19546,24226
z16/19546_24227.png,z16/19546_24227.png,0.0036620135108629864,13.5,0.0,0.33719757199287415,False,False,False,16,19546,24227
z16/19546_24228.png,z16/19546_24228.png,0.0035512350499629975,11.19921875,0.0,0.33466288447380066,False,False,False,16,19546,24228
z16/19546_24229.png,z16/19546_24229.png,0.0029188943405946094,6.0,0.0,0.33561021089553833,False,False,False,16,19546,24229
z16/19546_24230.png,z16/19546_24230.png,0.004651916027069092,11.5,0.0,0.3344924747943878,False,False,False,16,19546,24230
z16/19546_24231.png,z16/19546_24231.png,0.001509184887011846,3.599609375,0.0,0.33318811655044556,False,False,False,16,19546,24231
z16/19546_24232.png,z16/19546_24232.png,0.002894726892312368,4.7001953125,0.0,0.3320443332195282,False,False,False,16,19546,24232
z16/19546_24233.png,z16/19546_24233.png,0.002823660025993983,5.599609375,0.0,0.33616071939468384,False,False,False,16,19546,24233
z16/19546_24234.png,z16/19546_24234.png,0.0021104132135709125,7.1005859375,0.0,0.34134209156036377,False,False,False,16,19546,24234
z16/19546_24235.png,z16/19546_24235.png,0.0017594407002131144,4.3994140625,0.0,0.3368639647960663,False,False,False,16,19546,24235
z16/19546_24236.png,z16/19546_24236.png,0.0018849074840545654,3.900390625,0.0,0.33505532145500183,False,False,False,16,19546,24236
z16/19546_24237.png,z16/19546_24237.png,0.002458717425664266,4.2001953125,0.0,0.336459219455719,False,False,False,16,19546,24237
z16/19546_24238.png,z16/19546_24238.png,0.0025515171388785043,4.2998046875,0.0,0.3382752239704132,False,False,False,16,19546,24238
z16/19546_24239.png,z16/19546_24239.png,0.0036885668834050495,9.900390625,0.0,0.3407989740371704,False,False,False,16,19546,24239
z16/19546_24240.png,z16/19546_24240.png,0.007518125077088674,14.400390625,0.0,0.3433563709259033,False,False,False,16,19546,24240
z16/19546_24241.png,z16/19546_24241.png,0.004578307271003723,6.7001953125,0.0,0.34125369787216187,False,False,False,16,19546,24241
z16/19546_24242.png,z16/19546_24242.png,0.006650108098983765,9.2998046875,0.0,0.3459325432777405,False,False,False,16,19546,24242
z16/19546_24243.png,z16/19546_24243.png,0.005683026214440664,9.0,0.0,0.3426019549369812,False,False,False,16,19546,24243
z16/19546_24244.png,z16/19546_24244.png,0.005117207268873851,11.2998046875,0.0,0.3392232656478882,False,False,False,16,19546,24244
z16/19546_24245.png,z16/19546_24245.png,0.009047632416089376,16.2998046875,0.0,0.34061676263809204,False,False,False,16,19546,24245
z16/19546_24246.png,z16/19546_24246.png,0.0017961230129003524,3.099609375,0.0,0.3420886695384979,False,False,False,16,19546,24246
z16/19546_24247.png,z16/19546_24247.png,0.0017753079533576964,5.7998046875,0.0,0.34771066904067993,False,False,False,16,19546,24247
z16/19546_24248.png,z16/19546_24248.png,0.0018899151434501012,4.5,0.0,0.3440137803554535,False,False,False,16,19546,24248
z16/19546_24249.png,z16/19546_24249.png,0.0023890048265457152,5.8994140625,0.0,0.33610016107559204,False,False,False,16,19546,24249
z16/19546_24250.png,z16/19546_24250.png,0.0021112849315007526,5.7001953125,0.0,0.34060096740722656,False,False,False,16,19546,24250
z16/19546_24251.png,z16/19546_24251.png,0.008336753646532694,15.2998046875,0.0,0.3418532907962799,False,False,False,16,19546,24251
z16/19546_24252.png,z16/19546_24252.png,0.006425285836060842,16.0,0.0,0.33968305587768555,False,False,False,16,19546,24252
z16/19546_24253.png,z16/19546_24253.png,0.00801747441291809,11.6005859375,0.0,0.3389873504638672,False,False,False,16,19546,24253
z16/19546_24254.png,z16/19546_24254.png,0.007158794502417246,15.099609375,0.0,0.34707406163215637,False,False,False,16,19546,24254
z16/19546_24255.png,z16/19546_24255.png,0.010347028573354086,15.7998046875,0.0,0.3436458706855774,False,False,False,16,19546,24255
z16/19546_24256.png,z16/19546_24256.png,0.007078636189301809,15.2998046875,0.0,0.34764400124549866,False,False,False,16,19546,24256
z16/19546_24257.png,z16/19546_24257.png,0.008977760871251425,26.5,0.0,0.3460862338542938,False,False,False,16,19546,24257
z16/19546_24258.png,z16/19546_24258.png,0.01052555243174235,75.599609375,0.0,0.34127891063690186,False,False,False,16,19546,24258
z16/19546_24259.png,z16/19546_24259.png,0.025792086124420167,196.599609375,0.041229248046875,0.3364877998828888,False,False,False,16,19546,24259
z16/19546_24260.png,z16/19546_24260.png,0.017366041739781696,110.1005859375,0.0012664794921875,0.33550190925598145,False,False,False,16,19546,24260
z16/19546_24261.png,z16/19546_24261.png,0.01919942299524943,107.400390625,0.0326385498046875,0.3358190655708313,False,False,False,16,19546,24261
z16/19546_24262.png,z16/19546_24262.png,0.008677510420481364,50.5,0.003631591796875,0.3400242328643799,False,False,False,16,19546,24262
z16/19546_24263.png,z16/19546_24263.png,0.008233040571212769,103.5,0.0005950927734375,0.3377957344055176,False,False,False,16,19546,24263
z16/19546_24264.png,z16/19546_24264.png,0.007276263336340586,139.900390625,0.0048828125,0.3343239724636078,False,False,False,16,19546,24264
z16/19546_24265.png,z16/19546_24265.png,0.012070394555727641,87.599609375,0.0119781494140625,0.33763769268989563,False,False,False,16,19546,24265
z16/19546_24266.png,z16/19546_24266.png,0.020609764258066814,83.0,0.0053253173828125,0.3394315838813782,False,False,False,16,19546,24266
z16/19546_24267.png,z16/19546_24267.png,0.011364687482515972,91.5,0.0242462158203125,0.3421589732170105,False,False,False,16,19546,24267
z16/19546_24268.png,z16/19546_24268.png,0.011531344056129456,68.8994140625,0.0003204345703125,0.3410215675830841,False,False,False,16,19546,24268
z16/19546_24269.png,z16/19546_24269.png,0.012534356117248536,85.19921875,0.0014801025390625,0.3427821099758148,False,False,False,16,19546,24269
z16/19546_24270.png,z16/19546_24270.png,0.011522717277208964,65.1005859375,0.0490570068359375,0.3437005579471588,False,False,False,16,19546,24270
z16/19546_24271.png,z16/19546_24271.png,0.02038087844848633,60.400390625,0.0137939453125,0.34872379899024963,False,False,False,16,19546,24271
z16/19547_24200.png,z16/19547_24200.png,0.002804726113875707,7.0,0.0,0.34063345193862915,False,False,False,16,19547,24200
z16/19547_24201.png,z16/19547_24201.png,0.0077597275376319885,41.099609375,0.012664794921875,0.34147655963897705,False,False,False,16,19547,24201
z16/19547_24202.png,z16/19547_24202.png,0.009501795967419941,34.099609375,0.0,0.3469800353050232,False,False,False,16,19547,24202
z16/19547_24203.png,z16/19547_24203.png,0.0030880577862262724,18.0,0.0,0.3453807234764099,False,False,False,16,19547,24203
z16/19547_24204.png,z16/19547_24204.png,0.003066140909989675,7.2001953125,0.0,0.3414864242076874,False,False,False,16,19547,24204
z16/19547_24205.png,z16/19547_24205.png,0.003578393409649531,8.3994140625,0.0,0.34672313928604126,False,False,False,16,19547,24205
z16/19547_24206.png,z16/19547_24206.png,0.0026235205431779226,12.0,0.0,0.3494964838027954,False,False,False,16,19547,24206
z16/19547_24207.png,z16/19547_24207.png,0.001831630989909172,6.400390625,0.0,0.3415868282318115,False,False,False,16,19547,24207
z16/19547_24208.png,z16/19547_24208.png,0.0018930389235417048,5.7001953125,0.0,0.3486964702606201,False,False,False,16,19547,24208
z16/19547_24209.png,z16/19547_24209.png,0.002030678962667783,5.099609375,0.0,0.34630757570266724,False,False,False,16,19547,24209
z16/19547_24210.png,z16/19547_24210.png,0.003345307956139247,7.2998046875,0.0,0.3474157750606537,False,False,False,16,19547,24210
z16/19547_24211.png,z16/19547_24211.png,0.0007959552109241486,1.5,0.0,0.3458177447319031,False,False,False,16,19547,24211
z16/19547_24212.png,z16/19547_24212.png,0.0017452465991179148,3.099609375,0.0,0.34627291560173035,False,False,False,16,19547,24212
z16/19547_24213.png,z16/19547_24213.png,0.0010666190336147943,1.69921875,0.0,0.341579794883728,False,False,False,16,19547,24213
z16/19547_24214.png,z16/19547_24214.png,0.001479752113421758,1.6005859375,0.0,0.33988672494888306,False,False,False,16,19547,24214
z16/19547_24215.png,z16/19547_24215.png,0.0011681384096542994,1.099609375,0.0,0.3417382836341858,False,False,False,16,19547,24215
z16/19547_24216.png,z16/19547_24216.png,0.001372442146142324,1.7001953125,0.0,0.3446463942527771,False,False,False,16,19547,24216
z16/19547_24217.png,z16/19547_24217.png,0.001692431668440501,3.7001953125,0.0,0.3484562635421753,False,False,False,16,19547,24217
z16/19547_24218.png,z16/19547_24218.png,0.0014069245507319769,2.099609375,0.0,0.34427160024642944,False,False,False,16,19547,24218
z16/19547_24219.png,z16/19547_24219.png,0.001434026410182317,3.0,0.0,0.343051016330719,False,False,False,16,19547,24219
z16/19547_24220.png,z16/19547_24220.png,0.0018432653198639552,3.1005859375,0.0,0.3408396244049072,False,False,False,16,19547,24220
z16/19547_24221.png,z16/19547_24221.png,0.0032872026165326434,7.7001953125,0.0,0.3379664719104767,False,False,False,16,19547,24221
z16/19547_24222.png,z16/19547_24222.png,0.0037397493918736777,12.400390625,0.0,0.33790266513824463,False,False,False,16,19547,24222
z16/19547_24223.png,z16/19547_24223.png,0.0037386889259020486,7.0,0.0,0.34077388048171997,False,False,False,16,19547,24223
z16/19547_24224.png,z16/19547_24224.png,0.0028669240574042,7.400390625,0.0,0.33756640553474426,False,False,False,16,19547,24224
z16/19547_24225.png,z16/19547_24225.png,0.003970781962076823,7.19921875,0.0,0.3413343131542206,False,False,False,16,19547,24225
z16/19547_24226.png,z16/19547_24226.png,0.004137865702311198,8.69921875,0.0,0.34249597787857056,False,False,False,16,19547,24226
z16/19547_24227.png,z16/19547_24227.png,0.003535016626119614,7.1005859375,0.0,0.34259340167045593,False,False,False,16,19547,24227
z16/19547_24228.png,z16/19547_24228.png,0.0020274825394153593,3.5,0.0,0.35355907678604126,False,False,False,16,19547,24228
z16/19547_24229.png,z16/19547_24229.png,0.0015606556087732315,3.099609375,0.0,0.3413656949996948,False,False,False,16,19547,24229
z16/19547_24230.png,z16/19547_24230.png,0.0017391807089249293,5.5,0.0,0.33744823932647705,False,False,False,16,19547,24230
z16/19547_24231.png,z16/19547_24231.png,0.002134258796771367,6.3994140625,0.0,0.34018611907958984,False,False,False,16,19547,24231
z16/19547_24232.png,z16/19547_24232.png,0.0040341826776663465,13.2001953125,0.0,0.33934107422828674,False,False,False,16,19547,24232
z16/19547_24233.png,z16/19547_24233.png,0.0033550769090652465,9.8994140625,0.0,0.3426070511341095,False,False,False,16,19547,24233
z16/19547_24234.png,z16/19547_24234.png,0.0029549531638622282,8.0,0.0,0.34703654050827026,False,False,False,16,19547,24234
z16/19547_24235.png,z16/19547_24235.png,0.003053854654232661,8.6005859375,0.0,0.343305379152298,False,False,False,16,19547,24235
z16/19547_24236.png,z16/19547_24236.png,0.003477443754673004,9.2001953125,0.0,0.3491975963115692,False,False,False,16,19547,24236
z16/19547_24237.png,z16/19547_24237.png,0.0032261783878008523,9.19921875,0.0,0.3444501757621765,False,False,False,16,19547,24237
z16/19547_24238.png,z16/19547_24238.png,0.003365448365608851,8.2001953125,0.0,0.3357059359550476,False,False,False,16,19547,24238
z16/19547_24239.png,z16/19547_24239.png,0.004941988984743754,10.599609375,0.0,0.3413335382938385,False,False,False,16,19547,24239
z16/19547_24240.png,z16/19547_24240.png,0.008404481410980224,14.7998046875,0.0,0.33934444189071655,False,False,False,16,19547,24240
z16/19547_24241.png,z16/19547_24241.png,0.0038347142438093823,6.7001953125,0.0,0.3391220271587372,False,False,False,16,19547,24241
z16/19547_24242.png,z16/19547_24242.png,0.004426921904087067,9.0,0.0,0.3500259220600128,False,False,False,16,19547,24242
z16/19547_24243.png,z16/19547_24243.png,0.00531819760799408,8.7001953125,0.0,0.34435880184173584,False,False,False,16,19547,24243
z16/19547_24244.png,z16/19547_24244.png,0.0027935013175010683,4.2998046875,0.0,0.3393344283103943,False,False,False,16,19547,24244
z16/19547_24245.png,z16/19547_24245.png,0.0068816567460695905,20.400390625,0.0,0.338836133480072,False,False,False,16,19547,24245
z16/19547_24246.png,z16/19547_24246.png,0.004931129515171051,13.2001953125,0.0,0.3454079031944275,False,False,False,16,19547,24246
z16/19547_24247.png,z16/19547_24247.png,0.0025562502443790434,6.5,0.0,0.35609787702560425,False,False,False,16,19547,24247
z16/19547_24248.png,z16/19547_24248.png,0.002291210740804672,6.400390625,0.0,0.3668827414512634,False,False,False,16,19547,24248
z16/19547_24249.png,z16/19547_24249.png,0.0038545648256937664,6.900390625,0.0,0.3509674668312073,False,False,False,16,19547,24249
z16/19547_24250.png,z16/19547_24250.png,0.0025797295073668163,5.5,0.0,0.3474768102169037,False,False,False,16,19547,24250
z16/19547_24251.png,z16/19547_24251.png,0.007079688211282094,12.0,0.0,0.3458094000816345,False,False,False,16,19547,24251
z16/19547_24252.png,z16/19547_24252.png,0.00874837040901184,15.099609375,0.0,0.34105587005615234,False,False,False,16,19547,24252
z16/19547_24253.png,z16/19547_24253.png,0.0037083501617113748,10.099609375,0.0,0.3405022919178009,False,False,False,16,19547,24253
z16/19547_24254.png,z16/19547_24254.png,0.0053619568546613055,9.2998046875,0.0,0.34052860736846924,False,False,False,16,19547,24254
z16/19547_24255.png,z16/19547_24255.png,0.007111866275469462,10.1005859375,0.0,0.33987393975257874,False,False,False,16,19547,24255
z16/19547_24256.png,z16/19547_24256.png,0.005437901119391123,9.69921875,0.0,0.3427145481109619,False,False,False,16,19547,24256
z16/19547_24257.png,z16/19547_24257.png,0.010772725939750672,32.400390625,0.0,0.3452094793319702,False,False,False,16,19547,24257
z16/19547_24258.png,z16/19547_24258.png,0.019123142957687377,146.5,0.0208282470703125,0.3370986580848694,False,False,False,16,19547,24258
z16/19547_24259.png,z16/19547_24259.png,0.022127612431844076,144.0,0.0151214599609375,0.33682405948638916,False,False,False,16,19547,24259
z16/19547_24260.png,z16/19547_24260.png,0.014022998015085856,132.099609375,0.0098419189453125,0.3374515771865845,False,False,False,16,19547,24260
z16/19547_24261.png,z16/19547_24261.png,0.012535158793131511,104.30078125,0.007354736328125,0.3407523036003113,False,False,False,16,19547,24261
z16/19547_24262.png,z16/19547_24262.png,0.01070227026939392,108.0,0.0096893310546875,0.33986160159111023,False,False,False,16,19547,24262
z16/19547_24263.png,z16/19547_24263.png,0.012824934720993043,101.80078125,0.065460205078125,0.33941662311553955,False,False,False,16,19547,24263
z16/19547_24264.png,z16/19547_24264.png,0.011788346370061238,76.099609375,0.0334014892578125,0.3391720652580261,False,False,False,16,19547,24264
z16/19547_24265.png,z16/19547_24265.png,0.009769956270853678,64.900390625,0.01318359375,0.3412100076675415,False,False,False,16,19547,24265
z16/19547_24266.png,z16/19547_24266.png,0.007398349543412526,67.7001953125,0.0008697509765625,0.3421855866909027,False,False,False,16,19547,24266
z16/19547_24267.png,z16/19547_24267.png,0.01014350950717926,73.7001953125,0.0453948974609375,0.3457583487033844,False,False,False,16,19547,24267
z16/19547_24268.png,z16/19547_24268.png,0.015225489934285482,61.3994140625,0.0,0.33835309743881226,False,False,False,16,19547,24268
z16/19547_24269.png,z16/19547_24269.png,0.014580110708872477,40.5,0.0,0.3402656614780426,False,False,False,16,19547,24269
z16/19547_24270.png,z16/19547_24270.png,0.008718534310658773,31.0,0.0,0.3450109660625458,False,False,False,16,19547,24270
z16/19547_24271.png,z16/19547_24271.png,0.006153127551078797,21.3994140625,0.0,0.3417089581489563,False,False,False,16,19547,24271
z16/19548_24200.png,z16/19548_24200.png,0.0015761358042558034,4.3994140625,0.0,0.3482857346534729,False,False,False,16,19548,24200
z16/19548_24201.png,z16/19548_24201.png,0.0035872856775919595,13.400390625,0.0,0.344473659992218,False,False,False,16,19548,24201
z16/19548_24202.png,z16/19548_24202.png,0.011074258883794149,29.2998046875,0.0,0.3453543782234192,False,False,False,16,19548,24202
z16/19548_24203.png,z16/19548_24203.png,0.0022365639607111612,6.900390625,0.0,0.35171934962272644,False,False,False,16,19548,24203
z16/19548_24204.png,z16/19548_24204.png,0.002425891657670339,6.1005859375,0.0,0.34159350395202637,False,False,False,16,19548,24204
z16/19548_24205.png,z16/19548_24205.png,0.004483636220296224,11.900390625,0.0,0.3464944362640381,False,False,False,16,19548,24205
z16/19548_24206.png,z16/19548_24206.png,0.0032841553290685016,7.5,0.0,0.3393622636795044,False,False,False,16,19548,24206
z16/19548_24207.png,z16/19548_24207.png,0.0017312094569206238,2.599609375,0.0,0.339293897151947,False,False,False,16,19548,24207
z16/19548_24208.png,z16/19548_24208.png,0.0022234770158926645,6.69921875,0.0,0.34060919284820557,False,False,False,16,19548,24208
z16/19548_24209.png,z16/19548_24209.png,0.0038681869705518086,9.8994140625,0.0,0.34031063318252563,False,False,False,16,19548,24209
z16/19548_24210.png,z16/19548_24210.png,0.004152778039375941,7.69921875,0.0,0.3426991403102875,False,False,False,16,19548,24210
z16/19548_24211.png,z16/19548_24211.png,0.0,0.0,0.0,0.3396258056163788,False,False,False,16,19548,24211
z16/19548_24212.png,z16/19548_24212.png,0.0028472927709420523,7.5,0.0,0.33778902888298035,False,False,False,16,19548,24212
z16/19548_24213.png,z16/19548_24213.png,0.003166496753692627,7.2998046875,0.0,0.33834463357925415,False,False,False,16,19548,24213
z16/19548_24214.png,z16/19548_24214.png,0.003933405876159668,8.19921875,0.0,0.33670756220817566,False,False,False,16,19548,24214
z16/19548_24215.png,z16/19548_24215.png,0.0028244800865650176,6.6005859375,0.0,0.3412209451198578,False,False,False,16,19548,24215
z16/19548_24216.png,z16/19548_24216.png,0.0022371217608451845,3.7998046875,0.0,0.3377121090888977,False,False,False,16,19548,24216
z16/19548_24217.png,z16/19548_24217.png,0.0011855442076921462,2.0,0.0,0.3392050862312317,False,False,False,16,19548,24217
z16/19548_24218.png,z16/19548_24218.png,0.001255374401807785,1.0,0.0,0.34462928771972656,False,False,False,16,19548,24218
z16/19548_24219.png,z16/19548_24219.png,0.0013556004812320074,1.0,0.0,0.33792591094970703,False,False,False,16,19548,24219
z16/19548_24220.png,z16/19548_24220.png,0.001294447233279546,2.0,0.0,0.3332234025001526,False,False,False,16,19548,24220
z16/19548_24221.png,z16/19548_24221.png,9.770782974859079e-05,0.30078125,0.0,0.3341919779777527,False,False,False,16,19548,24221
z16/19548_24222.png,z16/19548_24222.png,0.0,0.0,0.0,0.33378997445106506,False,False,False,16,19548,24222
z16/19548_24223.png,z16/19548_24223.png,0.0,0.0,0.0,0.33683252334594727,False,False,False,16,19548,24223
z16/19548_24224.png,z16/19548_24224.png,0.0005936598405241966,0.7998046875,0.0,0.338437557220459,False,False,False,16,19548,24224
z16/19548_24225.png,z16/19548_24225.png,0.0015788705398639042,3.0,0.0,0.3410240709781647,False,False,False,16,19548,24225
z16/19548_24226.png,z16/19548_24226.png,0.0021319471299648283,3.1005859375,0.0,0.35697636008262634,False,False,False,16,19548,24226
z16/19548_24227.png,z16/19548_24227.png,0.0022457328935464225,3.7998046875,0.0,0.3444998860359192,False,False,False,16,19548,24227
z16/19548_24228.png,z16/19548_24228.png,0.0017045838137467702,3.5,0.0,0.3586030602455139,False,False,False,16,19548,24228
z16/19548_24229.png,z16/19548_24229.png,0.0012589868158102036,1.1005859375,0.0,0.3392162621021271,False,False,False,16,19548,24229
z16/19548_24230.png,z16/19548_24230.png,0.00131100465854009,1.099609375,0.0,0.3354074954986572,False,False,False,16,19548,24230
z16/19548_24231.png,z16/19548_24231.png,0.0015758316963911056,1.5,0.0,0.34006059169769287,False,False,False,16,19548,24231
z16/19548_24232.png,z16/19548_24232.png,0.001674570639928182,4.099609375,0.0,0.33939558267593384,False,False,False,16,19548,24232
z16/19548_24233.png,z16/19548_24233.png,0.0013658013194799423,1.099609375,0.0,0.3370945155620575,False,False,False,16,19548,24233
z16/19548_24234.png,z16/19548_24234.png,0.0010880805552005769,1.0,0.0,0.34384435415267944,False,False,False,16,19548,24234
z16/19548_24235.png,z16/19548_24235.png,0.0013090353459119797,2.5,0.0,0.34944388270378113,False,False,False,16,19548,24235
z16/19548_24236.png,z16/19548_24236.png,0.00181658702592055,3.0,0.0,0.3472837209701538,False,False,False,16,19548,24236
z16/19548_24237.png,z16/19548_24237.png,0.0042517741521199545,9.5,0.0,0.33800041675567627,False,False,False,16,19548,24237
z16/19548_24238.png,z16/19548_24238.png,0.004223856329917908,10.2998046875,0.0,0.33799055218696594,False,False,False,16,19548,24238
z16/19548_24239.png,z16/19548_24239.png,0.0037748654683430988,7.19921875,0.0,0.34715232253074646,False,False,False,16,19548,24239
z16/19548_24240.png,z16/19548_24240.png,0.006907058755556742,15.1005859375,0.0,0.340440571308136,False,False,False,16,19548,24240
z16/19548_24241.png,z16/19548_24241.png,0.005530024071534475,8.900390625,0.0,0.33910104632377625,False,False,False,16,19548,24241
z16/19548_24242.png,z16/19548_24242.png,0.004823401570320129,9.2001953125,0.0,0.34596705436706543,False,False,False,16,19548,24242
z16/19548_24243.png,z16/19548_24243.png,0.0030826233327388764,8.5,0.0,0.3457269072532654,False,False,False,16,19548,24243
z16/19548_24244.png,z16/19548_24244.png,0.004893193642298381,7.0,0.0,0.34149235486984253,False,False,False,16,19548,24244
z16/19548_24245.png,z16/19548_24245.png,0.006664269665877024,10.2998046875,0.0,0.3406699299812317,False,False,False,16,19548,24245
z16/19548_24246.png,z16/19548_24246.png,0.0047874932487805685,13.2001953125,0.0,0.3564993143081665,False,False,False,16,19548,24246
z16/19548_24247.png,z16/19548_24247.png,0.003877164423465729,5.7998046875,0.0,0.3529547452926636,False,False,False,16,19548,24247
z16/19548_24248.png,z16/19548_24248.png,0.004353139797846476,6.0,0.0,0.36138346791267395,False,False,False,16,19548,24248
z16/19548_24249.png,z16/19548_24249.png,0.004153646280368169,6.2998046875,0.0,0.34267711639404297,False,False,False,16,19548,24249
z16/19548_24250.png,z16/19548_24250.png,0.005680981278419495,8.099609375,0.0,0.34468328952789307,False,False,False,16,19548,24250
z16/19548_24251.png,z16/19548_24251.png,0.004773252705732981,8.900390625,0.0,0.34645307064056396,False,False,False,16,19548,24251
z16/19548_24252.png,z16/19548_24252.png,0.001253424088160197,1.30078125,0.0,0.34576499462127686,False,False,False,16,19548,24252
z16/19548_24253.png,z16/19548_24253.png,0.0011775195598602295,0.900390625,0.0,0.3432807922363281,False,False,False,16,19548,24253
z16/19548_24254.png,z16/19548_24254.png,0.004985831677913666,8.0,0.0,0.3415006995201111,False,False,False,16,19548,24254
z16/19548_24255.png,z16/19548_24255.png,0.005602604647477468,10.099609375,0.0,0.34064218401908875,False,False,False,16,19548,24255
z16/19548_24256.png,z16/19548_24256.png,0.007239446540673574,11.5,0.0,0.3445308804512024,False,False,False,16,19548,24256
z16/19548_24257.png,z16/19548_24257.png,0.00920393963654836,21.6005859375,0.0,0.34294673800468445,False,False,False,16,19548,24257
z16/19548_24258.png,z16/19548_24258.png,0.03689421017964681,189.2998046875,0.0220794677734375,0.3363111615180969,False,False,False,16,19548,24258
z16/19548_24259.png,z16/19548_24259.png,0.014804648359616597,115.2001953125,0.02801513671875,0.3347393274307251,False,False,False,16,19548,24259
z16/19548_24260.png,z16/19548_24260.png,0.009629971782366435,94.7001953125,0.0205230712890625,0.3368261754512787,False,False,False,16,19548,24260
z16/19548_24261.png,z16/19548_24261.png,0.008719549576441447,71.400390625,0.0442047119140625,0.33995872735977173,False,False,False,16,19548,24261
z16/19548_24262.png,z16/19548_24262.png,0.013689514994621278,42.5,0.0,0.34583741426467896,False,False,False,16,19548,24262
z16/19548_24263.png,z16/19548_24263.png,0.01083739697933197,52.69921875,0.03125,0.3414683938026428,False,False,False,16,19548,24263
z16/19548_24264.png,z16/19548_24264.png,0.008022712667783101,88.0,0.0269317626953125,0.34015822410583496,False,False,False,16,19548,24264
z16/19548_24265.png,z16/19548_24265.png,0.0123361736536026,79.0,0.0,0.34390613436698914,False,False,False,16,19548,24265
z16/19548_24266.png,z16/19548_24266.png,0.012112221121788025,36.7001953125,0.0,0.3434705436229706,False,False,False,16,19548,24266
z16/19548_24267.png,z16/19548_24267.png,0.009566218654314677,32.599609375,0.0,0.34369921684265137,False,False,False,16,19548,24267
z16/19548_24268.png,z16/19548_24268.png,0.00738191952308019,35.8994140625,0.0034942626953125,0.33826756477355957,False,False,False,16,19548,24268
z16/19548_24269.png,z16/19548_24269.png,0.005281912287076315,23.7001953125,0.008819580078125,0.3480476438999176,False,False,False,16,19548,24269
z16/19548_24270.png,z16/19548_24270.png,0.004592083394527435,24.599609375,0.0,0.33762359619140625,False,False,False,16,19548,24270
z16/19548_24271.png,z16/19548_24271.png,0.0034191963573296865,10.3994140625,0.0,0.3404403626918793,False,False,False,16,19548,24271
z16/19549_24200.png,z16/19549_24200.png,0.001375080148379008,1.599609375,0.0,0.36349016427993774,False,False,False,16,19549,24200
z16/19549_24201.png,z16/19549_24201.png,0.005460034310817719,20.2998046875,0.0,0.3379533588886261,False,False,False,16,19549,24201
z16/19549_24202.png,z16/19549_24202.png,0.014031214515368144,27.7001953125,0.0,0.3502116799354553,False,False,False,16,19549,24202
z16/19549_24203.png,z16/19549_24203.png,0.0023508183658123016,10.2001953125,0.0,0.36007872223854065,False,False,False,16,19549,24203
z16/19549_24204.png,z16/19549_24204.png,0.0031171105802059174,11.6005859375,0.0,0.36937302350997925,False,False,False,16,19549,24204
z16/19549_24205.png,z16/19549_24205.png,0.002518571416536967,7.5,0.0,0.34558066725730896,False,False,False,16,19549,24205
z16/19549_24206.png,z16/19549_24206.png,0.0020433392375707625,4.7998046875,0.0,0.3413105607032776,False,False,False,16,19549,24206
z16/19549_24207.png,z16/19549_24207.png,0.0030125372111797334,6.7001953125,0.0,0.34575414657592773,False,False,False,16,19549,24207
z16/19549_24208.png,z16/19549_24208.png,0.003811080753803253,6.0,0.0,0.341115266084671,False,False,False,16,19549,24208
z16/19549_24209.png,z16/19549_24209.png,0.002275959402322769,4.7001953125,0.0,0.3481166660785675,False,False,False,16,19549,24209
z16/19549_24210.png,z16/19549_24210.png,0.0007912238438924153,2.19921875,0.0,0.33829963207244873,False,False,False,16,19549,24210
z16/19549_24211.png,z16/19549_24211.png,0.0026246694227059684,4.1005859375,0.0,0.3407599627971649,False,False,False,16,19549,24211
z16/19549_24212.png,z16/19549_24212.png,0.005497828125953674,14.19921875,0.0,0.34064948558807373,False,False,False,16,19549,24212
z16/19549_24213.png,z16/19549_24213.png,0.002465975284576416,7.2001953125,0.0,0.34382164478302,False,False,False,16,19549,24213
z16/19549_24214.png,z16/19549_24214.png,0.0026664609710375466,4.2001953125,0.0,0.33811771869659424,False,False,False,16,19549,24214
z16/19549_24215.png,z16/19549_24215.png,0.0019007325172424316,4.099609375,0.0,0.3366979956626892,False,False,False,16,19549,24215
z16/19549_24216.png,z16/19549_24216.png,0.0017018706848224005,3.099609375,0.0,0.33709970116615295,False,False,False,16,19549,24216
z16/19549_24217.png,z16/19549_24217.png,0.0011517965545256932,1.099609375,0.0,0.3411933183670044,False,False,False,16,19549,24217
z16/19549_24218.png,z16/19549_24218.png,0.0012963753193616866,2.099609375,0.0,0.3529811501502991,False,False,False,16,19549,24218
z16/19549_24219.png,z16/19549_24219.png,0.0012658105542262396,2.0,0.0,0.33856201171875,False,False,False,16,19549,24219
z16/19549_24220.png,z16/19549_24220.png,0.0014001095046599706,3.0,0.0,0.33534592390060425,False,False,False,16,19549,24220
z16/19549_24221.png,z16/19549_24221.png,0.0018631587425867715,3.1005859375,0.0,0.33744147419929504,False,False,False,16,19549,24221
z16/19549_24222.png,z16/19549_24222.png,0.00012192821595817805,0.2998046875,0.0,0.3400293290615082,False,False,False,16,19549,24222
z16/19549_24223.png,z16/19549_24223.png,0.0,0.0,0.0,0.3435209393501282,False,False,False,16,19549,24223
z16/19549_24224.png,z16/19549_24224.png,0.0011500368515650432,2.8994140625,0.0,0.34467485547065735,False,False,False,16,19549,24224
z16/19549_24225.png,z16/19549_24225.png,0.006652149558067322,16.900390625,0.0,0.34485721588134766,False,False,False,16,19549,24225
z16/19549_24226.png,z16/19549_24226.png,0.007576155165831248,19.1005859375,0.0,0.3435928523540497,False,False,False,16,19549,24226
z16/19549_24227.png,z16/19549_24227.png,0.005413484076658885,14.8994140625,0.0,0.34553244709968567,False,False,False,16,19549,24227
z16/19549_24228.png,z16/19549_24228.png,0.00661978820959727,16.3994140625,0.0,0.3441193699836731,False,False,False,16,19549,24228
z16/19549_24229.png,z16/19549_24229.png,0.001691442976395289,3.900390625,0.0,0.3417187035083771,False,False,False,16,19549,24229
z16/19549_24230.png,z16/19549_24230.png,0.0015326395630836486,3.099609375,0.0,0.347363144159317,False,False,False,16,19549,24230
z16/19549_24231.png,z16/19549_24231.png,0.0016473919153213502,3.0,0.0,0.34341803193092346,False,False,False,16,19549,24231
z16/19549_24232.png,z16/19549_24232.png,0.0014225441962480545,3.099609375,0.0,0.34165215492248535,False,False,False,16,19549,24232
z16/19549_24233.png,z16/19549_24233.png,0.002216189354658127,6.0,0.0,0.34568819403648376,False,False,False,16,19549,24233
z16/19549_24234.png,z16/19549_24234.png,0.0011720149467388788,1.0,0.0,0.34335657954216003,False,False,False,16,19549,24234
z16/19549_24235.png,z16/19549_24235.png,0.001627734551827113,2.8994140625,0.0,0.34789562225341797,False,False,False,16,19549,24235
z16/19549_24236.png,z16/19549_24236.png,0.0042116661866505945,12.400390625,0.0,0.3432963192462921,False,False,False,16,19549,24236
z16/19549_24237.png,z16/19549_24237.png,0.004819517831007639,9.0,0.0,0.3366982936859131,False,False,False,16,19549,24237
z16/19549_24238.png,z16/19549_24238.png,0.003209051738182704,8.599609375,0.0,0.346736878156662,False,False,False,16,19549,24238
z16/19549_24239.png,z16/19549_24239.png,0.005532209078470866,15.099609375,0.0,0.3443167507648468,False,False,False,16,19549,24239
z16/19549_24240.png,z16/19549_24240.png,0.005442965030670166,15.5,0.0,0.34222522377967834,False,False,False,16,19549,24240
z16/19549_24241.png,z16/19549_24241.png,0.007867507636547089,9.400390625,0.0,0.34762701392173767,False,False,False,16,19549,24241
z16/19549_24242.png,z16/19549_24242.png,0.00793424944082896,9.7998046875,0.0,0.34664788842201233,False,False,False,16,19549,24242
z16/19549_24243.png,z16/19549_24243.png,0.001533572127421697,2.5,0.0,0.34776633977890015,False,False,False,16,19549,24243
z16/19549_24244.png,z16/19549_24244.png,0.0018304046243429184,4.2001953125,0.0,0.34665101766586304,False,False,False,16,19549,24244
z16/19549_24245.png,z16/19549_24245.png,0.004991127053896586,7.400390625,0.0,0.34583812952041626,False,False,False,16,19549,24245
z16/19549_24246.png,z16/19549_24246.png,0.0045355270306269325,7.2998046875,0.0,0.3537016212940216,False,False,False,16,19549,24246
z16/19549_24247.png,z16/19549_24247.png,0.0017622550328572591,7.099609375,0.0,0.34886983036994934,False,False,False,16,19549,24247
z16/19549_24248.png,z16/19549_24248.png,0.0012802086770534516,1.0,0.0,0.35812270641326904,False,False,False,16,19549,24248
z16/19549_24249.png,z16/19549_24249.png,0.0009712514157096545,0.400390625,0.0,0.3431987166404724,False,False,False,16,19549,24249
z16/19549_24250.png,z16/19549_24250.png,0.0011126615107059478,0.599609375,0.0,0.33534085750579834,False,False,False,16,19549,24250
z16/19549_24251.png,z16/19549_24251.png,0.0009624967351555824,1.7998046875,0.0,0.3469768464565277,False,False,False,16,19549,24251
z16/19549_24252.png,z16/19549_24252.png,0.0015555281192064286,2.19921875,0.0,0.33494728803634644,False,False,False,16,19549,24252
z16/19549_24253.png,z16/19549_24253.png,0.0014423847198486329,5.2998046875,0.0,0.3379576802253723,False,False,False,16,19549,24253
z16/19549_24254.png,z16/19549_24254.png,0.007084876298904419,9.2998046875,0.0,0.34205859899520874,False,False,False,16,19549,24254
z16/19549_24255.png,z16/19549_24255.png,0.004986725250879924,7.5,0.0,0.3488434851169586,False,False,False,16,19549,24255
z16/19549_24256.png,z16/19549_24256.png,0.006077181796232859,9.2998046875,0.0,0.36112943291664124,False,False,False,16,19549,24256
z16/19549_24257.png,z16/19549_24257.png,0.005631797512372335,9.0,0.0,0.3629823327064514,False,False,False,16,19549,24257
z16/19549_24258.png,z16/19549_24258.png,0.026747206846872967,126.400390625,0.0,0.339629590511322,False,False,False,16,19549,24258
z16/19549_24259.png,z16/19549_24259.png,0.015581569075584412,118.0,0.0384979248046875,0.33466771245002747,False,False,False,16,19549,24259
z16/19549_24260.png,z16/19549_24260.png,0.012877389788627625,73.2998046875,0.0,0.3545841872692108,False,False,False,16,19549,24260
z16/19549_24261.png,z16/19549_24261.png,0.011533082524935404,29.2001953125,0.0,0.33821696043014526,False,False,False,16,19549,24261
z16/19549_24262.png,z16/19549_24262.png,0.012800230582555135,46.2998046875,0.031494140625,0.34208303689956665,False,False,False,16,19549,24262
z16/19549_24263.png,z16/19549_24263.png,0.01250267227490743,52.7998046875,0.0,0.3480997383594513,False,False,False,16,19549,24263
z16/19549_24264.png,z16/19549_24264.png,0.011014060179392497,40.2001953125,0.0,0.34509292244911194,False,False,False,16,19549,24264
z16/19549_24265.png,z16/19549_24265.png,0.010275755325953166,21.0,0.0,0.346853107213974,False,False,False,16,19549,24265
z16/19549_24266.png,z16/19549_24266.png,0.008897472421328228,25.30078125,0.0,0.34964659810066223,False,False,False,16,19549,24266
z16/19549_24267.png,z16/19549_24267.png,0.0032473218937714896,11.7998046875,0.0,0.3489025831222534,False,False,False,16,19549,24267
z16/19549_24268.png,z16/19549_24268.png,0.0037676580250263214,23.599609375,0.026031494140625,0.34276703000068665,False,False,False,16,19549,24268
z16/19549_24269.png,z16/19549_24269.png,0.0046900769074757894,30.0,0.0265960693359375,0.35074180364608765,False,False,False,16,19549,24269
z16/19549_24270.png,z16/19549_24270.png,0.005151536564032237,36.599609375,0.0171966552734375,0.3458368480205536,False,False,False,16,19549,24270
z16/19549_24271.png,z16/19549_24271.png,0.005691241224606832,35.5,0.0,0.3427138030529022,False,False,False,16,19549,24271
z16/19550_24200.png,z16/19550_24200.png,0.011006059249242146,31.2001953125,0.0,0.342907577753067,False,False,False,16,19550,24200
z16/19550_24201.png,z16/19550_24201.png,0.011935741702715556,34.19921875,0.0190887451171875,0.3415098488330841,False,False,False,16,19550,24201
z16/19550_24202.png,z16/19550_24202.png,0.010163742303848266,23.7001953125,0.0,0.3494717478752136,False,False,False,16,19550,24202
z16/19550_24203.png,z16/19550_24203.png,0.0018950782716274262,7.2001953125,0.0,0.34105929732322693,False,False,False,16,19550,24203
z16/19550_24204.png,z16/19550_24204.png,0.002840235084295273,6.599609375,0.0,0.34423935413360596,False,False,False,16,19550,24204
z16/19550_24205.png,z16/19550_24205.png,0.003373281409343084,10.5,0.0,0.3423807919025421,False,False,False,16,19550,24205
z16/19550_24206.png,z16/19550_24206.png,0.003576267013947169,6.7001953125,0.0,0.34867653250694275,False,False,False,16,19550,24206
z16/19550_24207.png,z16/19550_24207.png,0.0017289875696102778,3.0,0.0,0.35141462087631226,False,False,False,16,19550,24207
z16/19550_24208.png,z16/19550_24208.png,0.002866265674432119,4.0,0.0,0.3461955189704895,False,False,False,16,19550,24208
z16/19550_24209.png,z16/19550_24209.png,0.002143334597349167,4.0,0.0,0.3506353795528412,False,False,False,16,19550,24209
z16/19550_24210.png,z16/19550_24210.png,0.0013832968970139822,2.099609375,0.0,0.34567224979400635,False,False,False,16,19550,24210
z16/19550_24211.png,z16/19550_24211.png,0.001293407753109932,3.099609375,0.0,0.3431628346443176,False,False,False,16,19550,24211
z16/19550_24212.png,z16/19550_24212.png,0.0061585331956545515,13.69921875,0.0,0.34675881266593933,False,False,False,16,19550,24212
z16/19550_24213.png,z16/19550_24213.png,0.005506240824858347,12.8994140625,0.0,0.3389076292514801,False,False,False,16,19550,24213
z16/19550_24214.png,z16/19550_24214.png,0.0031632823248704273,13.7998046875,0.0,0.33975768089294434,False,False,False,16,19550,24214
z16/19550_24215.png,z16/19550_24215.png,0.004701867202917735,12.2001953125,0.0,0.3401803970336914,False,False,False,16,19550,24215
z16/19550_24216.png,z16/19550_24216.png,0.004953055083751679,11.19921875,0.0,0.3398779630661011,False,False,False,16,19550,24216
z16/19550_24217.png,z16/19550_24217.png,0.005557434260845184,11.7001953125,0.0,0.3418889045715332,False,False,False,16,19550,24217
z16/19550_24218.png,z16/19550_24218.png,0.0021451517939567568,7.19921875,0.0,0.3439391851425171,False,False,False,16,19550,24218
z16/19550_24219.png,z16/19550_24219.png,0.0011676017194986344,2.099609375,0.0,0.3483497202396393,False,False,False,16,19550,24219
z16/19550_24220.png,z16/19550_24220.png,0.0015598781406879424,4.1005859375,0.0,0.3424983620643616,False,False,False,16,19550,24220
z16/19550_24221.png,z16/19550_24221.png,0.0020423044761021933,4.1005859375,0.0,0.33744415640830994,False,False,False,16,19550,24221
z16/19550_24222.png,z16/19550_24222.png,0.002063421408335368,5.2001953125,0.0,0.34624868631362915,False,False,False,16,19550,24222
z16/19550_24223.png,z16/19550_24223.png,0.005829703311125437,12.099609375,0.0,0.34093359112739563,False,False,False,16,19550,24223
z16/19550_24224.png,z16/19550_24224.png,0.00600083072980245,13.099609375,0.0,0.33688029646873474,False,False,False,16,19550,24224
z16/19550_24225.png,z16/19550_24225.png,0.0030843826631704965,11.80078125,0.0,0.33577263355255127,False,False,False,16,19550,24225
z16/19550_24226.png,z16/19550_24226.png,0.0011232022196054458,1.80078125,0.0,0.33405762910842896,False,False,False,16,19550,24226
z16/19550_24227.png,z16/19550_24227.png,0.002321524918079376,5.099609375,0.0,0.3594297468662262,False,False,False,16,19550,24227
z16/19550_24228.png,z16/19550_24228.png,0.005346064269542694,18.0,0.0,0.3486040532588959,False,False,False,16,19550,24228
z16/19550_24229.png,z16/19550_24229.png,0.007368249694506327,18.900390625,0.0,0.3462902307510376,False,False,False,16,19550,24229
z16/19550_24230.png,z16/19550_24230.png,0.007550569872061412,17.099609375,0.0,0.3395652770996094,False,False,False,16,19550,24230
z16/19550_24231.png,z16/19550_24231.png,0.007311510543028514,16.3994140625,0.0,0.33869174122810364,False,False,False,16,19550,24231
z16/19550_24232.png,z16/19550_24232.png,0.007176637649536133,16.0,0.0,0.3424181342124939,False,False,False,16,19550,24232
z16/19550_24233.png,z16/19550_24233.png,0.0068598543604214985,16.099609375,0.0,0.34110116958618164,False,False,False,16,19550,24233
z16/19550_24234.png,z16/19550_24234.png,0.00469211886326472,12.900390625,0.0,0.3453214466571808,False,False,False,16,19550,24234
z16/19550_24235.png,z16/19550_24235.png,0.003950430204470953,9.0,0.0,0.3501753509044647,False,False,False,16,19550,24235
z16/19550_24236.png,z16/19550_24236.png,0.005026893814404806,13.2998046875,0.0,0.3419441282749176,False,False,False,16,19550,24236
z16/19550_24237.png,z16/19550_24237.png,0.00411887193719546,8.7998046875,0.0,0.34528782963752747,False,False,False,16,19550,24237
z16/19550_24238.png,z16/19550_24238.png,0.0039852810402711235,11.099609375,0.0,0.3482893109321594,False,False,False,16,19550,24238
z16/19550_24239.png,z16/19550_24239.png,0.0029329811533292133,5.1005859375,0.0,0.3405801057815552,False,False,False,16,19550,24239
z16/19550_24240.png,z16/19550_24240.png,0.002083449562390645,5.5,0.0,0.34593260288238525,False,False,False,16,19550,24240
z16/19550_24241.png,z16/19550_24241.png,0.003527814894914627,8.900390625,0.0,0.3442365825176239,False,False,False,16,19550,24241
z16/19550_24242.png,z16/19550_24242.png,0.007009750107924143,9.7998046875,0.0,0.3488272428512573,False,False,False,16,19550,24242
z16/19550_24243.png,z16/19550_24243.png,0.0014753433565298717,2.19921875,0.0,0.3446664810180664,False,False,False,16,19550,24243
z16/19550_24244.png,z16/19550_24244.png,0.0014341661085685094,2.0,0.0,0.3465031683444977,False,False,False,16,19550,24244
z16/19550_24245.png,z16/19550_24245.png,0.0027029956380526226,3.400390625,0.0,0.3507324457168579,False,False,False,16,19550,24245
z16/19550_24246.png,z16/19550_24246.png,0.0030692902704079947,4.2998046875,0.0,0.3542082905769348,False,False,False,16,19550,24246
z16/19550_24247.png,z16/19550_24247.png,0.003496316323677699,7.0,0.0,0.3483777344226837,False,False,False,16,19550,24247
z16/19550_24248.png,z16/19550_24248.png,0.0008872316529353459,0.6005859375,0.0,0.34641167521476746,False,False,False,16,19550,24248
z16/19550_24249.png,z16/19550_24249.png,0.0010065032169222833,0.7998046875,0.0,0.33660048246383667,False,False,False,16,19550,24249
z16/19550_24250.png,z16/19550_24250.png,0.001168200746178627,0.7998046875,0.0,0.3452157974243164,False,False,False,16,19550,24250
z16/19550_24251.png,z16/19550_24251.png,0.0012586635847886404,1.099609375,0.0,0.3509226441383362,False,False,False,16,19550,24251
z16/19550_24252.png,z16/19550_24252.png,0.0037702322006225586,9.2998046875,0.0,0.340209037065506,False,False,False,16,19550,24252
z16/19550_24253.png,z16/19550_24253.png,0.005616622666517894,9.400390625,0.0,0.34507113695144653,False,False,False,16,19550,24253
z16/19550_24254.png,z16/19550_24254.png,0.005036589503288269,9.099609375,0.0,0.3582301437854767,False,False,False,16,19550,24254
z16/19550_24255.png,z16/19550_24255.png,0.003598764290412267,13.8994140625,0.0,0.3839505910873413,False,False,False,16,19550,24255
z16/19550_24256.png,z16/19550_24256.png,0.005350001156330109,12.7998046875,0.0,0.37433895468711853,False,False,False,16,19550,24256
z16/19550_24257.png,z16/19550_24257.png,0.007462303837140401,21.3994140625,0.0,0.35347673296928406,False,False,False,16,19550,24257
z16/19550_24258.png,z16/19550_24258.png,0.00610212634007136,9.599609375,0.0,0.3459388315677643,False,False,False,16,19550,24258
z16/19550_24259.png,z16/19550_24259.png,0.01387688120206197,47.5,0.0,0.3379207253456116,False,False,False,16,19550,24259
z16/19550_24260.png,z16/19550_24260.png,0.007819859683513642,30.0,0.0,0.3489780128002167,False,False,False,16,19550,24260
z16/19550_24261.png,z16/19550_24261.png,0.009787396589914957,36.7998046875,0.0,0.33863702416419983,False,False,False,16,19550,24261
z16/19550_24262.png,z16/19550_24262.png,0.008084582289059956,40.7998046875,0.0,0.34478068351745605,False,False,False,16,19550,24262
z16/19550_24263.png,z16/19550_24263.png,0.0067383766174316405,14.400390625,0.0,0.34981441497802734,False,False,False,16,19550,24263
z16/19550_24264.png,z16/19550_24264.png,0.006069360176722208,22.2998046875,0.0,0.3525080680847168,False,False,False,16,19550,24264
z16/19550_24265.png,z16/19550_24265.png,0.004552958408991495,25.2001953125,0.0210418701171875,0.34921643137931824,False,False,False,16,19550,24265
z16/19550_24266.png,z16/19550_24266.png,0.002794378250837326,13.3994140625,0.0,0.36316803097724915,False,False,False,16,19550,24266
z16/19550_24267.png,z16/19550_24267.png,0.0049436107277870175,23.2998046875,0.0,0.34812507033348083,False,False,False,16,19550,24267
z16/19550_24268.png,z16/19550_24268.png,0.003830632815758387,27.400390625,0.000518798828125,0.3537044823169708,False,False,False,16,19550,24268
z16/19550_24269.png,z16/19550_24269.png,0.0028891722361246747,16.599609375,0.0,0.3639267683029175,False,False,False,16,19550,24269
z16/19550_24270.png,z16/19550_24270.png,0.002822439620892207,17.400390625,0.0,0.35309112071990967,False,False,False,16,19550,24270
z16/19550_24271.png,z16/19550_24271.png,0.0029973283410072325,31.2998046875,0.0012664794921875,0.3516484797000885,False,False,False,16,19550,24271
z16/19551_24200.png,z16/19551_24200.png,0.01086198389530182,47.7998046875,0.00823974609375,0.33520227670669556,False,False,False,16,19551,24200
z16/19551_24201.png,z16/19551_24201.png,0.010328256090482076,40.19921875,0.002166748046875,0.33855587244033813,False,False,False,16,19551,24201
z16/19551_24202.png,z16/19551_24202.png,0.004225053389867147,23.7998046875,0.0,0.350569486618042,False,False,False,16,19551,24202
z16/19551_24203.png,z16/19551_24203.png,0.004148682703574499,15.69921875,0.0,0.3496303856372833,False,False,False,16,19551,24203
z16/19551_24204.png,z16/19551_24204.png,0.004426483809947967,17.5,0.0,0.34659937024116516,False,False,False,16,19551,24204
z16/19551_24205.png,z16/19551_24205.png,0.0030134846766789753,11.5,0.0,0.33885282278060913,False,False,False,16,19551,24205
z16/19551_24206.png,z16/19551_24206.png,0.0024804189801216126,6.5,0.0,0.34125128388404846,False,False,False,16,19551,24206
z16/19551_24207.png,z16/19551_24207.png,0.0024328934649626415,5.0,0.0,0.3506161570549011,False,False,False,16,19551,24207
z16/19551_24208.png,z16/19551_24208.png,0.003917561719814936,17.400390625,0.0,0.3437443673610687,False,False,False,16,19551,24208
z16/19551_24209.png,z16/19551_24209.png,0.005864561100800832,17.900390625,0.0,0.34531790018081665,False,False,False,16,19551,24209
z16/19551_24210.png,z16/19551_24210.png,0.002143863340218862,6.7998046875,0.0,0.3556883633136749,False,False,False,16,19551,24210
z16/19551_24211.png,z16/19551_24211.png,0.0018528897315263748,3.099609375,0.0,0.3542572855949402,False,False,False,16,19551,24211
z16/19551_24212.png,z16/19551_24212.png,0.001977388064066569,6.0,0.0,0.345755398273468,False,False,False,16,19551,24212
z16/19551_24213.png,z16/19551_24213.png,0.0072020068764686584,14.099609375,0.0,0.33630210161209106,False,False,False,16,19551,24213
z16/19551_24214.png,z16/19551_24214.png,0.004684033493200938,11.7001953125,0.0,0.33653774857521057,False,False,False,16,19551,24214
z16/19551_24215.png,z16/19551_24215.png,0.0027418144047260283,9.099609375,0.0,0.344429612159729,False,False,False,16,19551,24215
z16/19551_24216.png,z16/19551_24216.png,0.002921456843614578,4.3994140625,0.0,0.33440089225769043,False,False,False,16,19551,24216
z16/19551_24217.png,z16/19551_24217.png,0.0025759510695934295,8.2998046875,0.0,0.3441700339317322,False,False,False,16,19551,24217
z16/19551_24218.png,z16/19551_24218.png,0.0062266225616137184,13.8994140625,0.0,0.3431288003921509,False,False,False,16,19551,24218
z16/19551_24219.png,z16/19551_24219.png,0.0019255604594945908,5.0,0.0,0.3562222123146057,False,False,False,16,19551,24219
z16/19551_24220.png,z16/19551_24220.png,0.002019405116637548,6.099609375,0.0,0.35618653893470764,False,False,False,16,19551,24220
z16/19551_24221.png,z16/19551_24221.png,0.003958611438671748,12.099609375,0.0,0.34503862261772156,False,False,False,16,19551,24221
z16/19551_24222.png,z16/19551_24222.png,0.005845003326733907,12.099609375,0.0,0.3391239047050476,False,False,False,16,19551,24222
z16/19551_24223.png,z16/19551_24223.png,0.003621850162744522,13.30078125,0.0,0.3327893018722534,False,False,False,16,19551,24223
z16/19551_24224.png,z16/19551_24224.png,0.0009656804303328196,1.0,0.0,0.3310825824737549,False,False,False,16,19551,24224
z16/19551_24225.png,z16/19551_24225.png,0.0020218685269355772,3.2001953125,0.0,0.33421260118484497,False,False,False,16,19551,24225
z16/19551_24226.png,z16/19551_24226.png,0.000613033709426721,1.0,0.0,0.3395068049430847,False,False,False,16,19551,24226
z16/19551_24227.png,z16/19551_24227.png,0.0006473539397120476,1.099609375,0.0,0.3496480882167816,False,False,False,16,19551,24227
z16/19551_24228.png,z16/19551_24228.png,0.0026232051352659863,3.900390625,0.0,0.35555797815322876,False,False,False,16,19551,24228
z16/19551_24229.png,z16/19551_24229.png,0.003804460912942886,8.5,0.0,0.34004318714141846,False,False,False,16,19551,24229
z16/19551_24230.png,z16/19551_24230.png,0.003507601221402486,6.3994140625,0.0,0.3568071722984314,False,False,False,16,19551,24230
z16/19551_24231.png,z16/19551_24231.png,0.001836194967230161,3.099609375,0.0,0.3507513105869293,False,False,False,16,19551,24231
z16/19551_24232.png,z16/19551_24232.png,0.002047116309404373,4.7998046875,0.0,0.3416459560394287,False,False,False,16,19551,24232
z16/19551_24233.png,z16/19551_24233.png,0.004862059156099955,14.5,0.0,0.3439510464668274,False,False,False,16,19551,24233
z16/19551_24234.png,z16/19551_24234.png,0.0034626456598440807,7.400390625,0.0,0.3488306999206543,False,False,False,16,19551,24234
z16/19551_24235.png,z16/19551_24235.png,0.001945502186814944,5.2001953125,0.0,0.3613104224205017,False,False,False,16,19551,24235
z16/19551_24236.png,z16/19551_24236.png,0.0025932873288790387,6.5,0.0,0.3517192602157593,False,False,False,16,19551,24236
z16/19551_24237.png,z16/19551_24237.png,0.0018753675123055777,3.1005859375,0.0,0.35442155599594116,False,False,False,16,19551,24237
z16/19551_24238.png,z16/19551_24238.png,0.0018913702418406804,4.0,0.0,0.3512788414955139,False,False,False,16,19551,24238
z16/19551_24239.png,z16/19551_24239.png,0.001619233563542366,3.7001953125,0.0,0.3434569239616394,False,False,False,16,19551,24239
z16/19551_24240.png,z16/19551_24240.png,0.001229526475071907,1.6005859375,0.0,0.3442160189151764,False,False,False,16,19551,24240
z16/19551_24241.png,z16/19551_24241.png,0.0031694963574409483,7.400390625,0.0,0.3383249342441559,False,False,False,16,19551,24241
z16/19551_24242.png,z16/19551_24242.png,0.005549132823944092,9.6005859375,0.0,0.34783628582954407,False,False,False,16,19551,24242
z16/19551_24243.png,z16/19551_24243.png,0.0015017349272966386,2.30078125,0.0,0.3488677144050598,False,False,False,16,19551,24243
z16/19551_24244.png,z16/19551_24244.png,0.001261963943640391,1.6005859375,0.0,0.34643882513046265,False,False,False,16,19551,24244
z16/19551_24245.png,z16/19551_24245.png,0.0029135912656784056,3.900390625,0.0,0.34536582231521606,False,False,False,16,19551,24245
z16/19551_24246.png,z16/19551_24246.png,0.0027189753949642182,3.599609375,0.0,0.34709203243255615,False,False,False,16,19551,24246
z16/19551_24247.png,z16/19551_24247.png,0.0035131434599558514,6.400390625,0.0,0.3472139537334442,False,False,False,16,19551,24247
z16/19551_24248.png,z16/19551_24248.png,0.0015934281051158904,2.3994140625,0.0,0.3471324145793915,False,False,False,16,19551,24248
z16/19551_24249.png,z16/19551_24249.png,0.0017712353418270746,3.5,0.0,0.34405720233917236,False,False,False,16,19551,24249
z16/19551_24250.png,z16/19551_24250.png,0.0027003330488999683,6.19921875,0.0,0.3501676321029663,False,False,False,16,19551,24250
z16/19551_24251.png,z16/19551_24251.png,0.005824830631415049,9.599609375,0.0,0.35029298067092896,False,False,False,16,19551,24251
z16/19551_24252.png,z16/19551_24252.png,0.005850974718729655,9.2998046875,0.0,0.34618204832077026,False,False,False,16,19551,24252
z16/19551_24253.png,z16/19551_24253.png,0.008451480666796367,26.400390625,0.0,0.35016369819641113,False,False,False,16,19551,24253
z16/19551_24254.png,z16/19551_24254.png,0.006789252161979675,41.599609375,0.0,0.35044074058532715,False,False,False,16,19551,24254
z16/19551_24255.png,z16/19551_24255.png,0.00896793007850647,63.0,0.0,0.3610020875930786,False,False,False,16,19551,24255
z16/19551_24256.png,z16/19551_24256.png,0.026747856537501016,101.599609375,0.011993408203125,0.3503604531288147,False,False,False,16,19551,24256
z16/19551_24257.png,z16/19551_24257.png,0.011519241333007812,65.099609375,0.0023956298828125,0.34699374437332153,False,False,False,16,19551,24257
z16/19551_24258.png,z16/19551_24258.png,0.012520793080329894,43.80078125,0.0,0.34848707914352417,False,False,False,16,19551,24258
z16/19551_24259.png,z16/19551_24259.png,0.015308857957522074,53.8994140625,0.0,0.3448927700519562,False,False,False,16,19551,24259
z16/19551_24260.png,z16/19551_24260.png,0.02231587568918864,54.6005859375,0.0,0.343350350856781,False,False,False,16,19551,24260
z16/19551_24261.png,z16/19551_24261.png,0.005844814578692118,11.0,0.0,0.3456992506980896,False,False,False,16,19551,24261
z16/19551_24262.png,z16/19551_24262.png,0.006013544897238414,9.2998046875,0.0,0.3484707176685333,False,False,False,16,19551,24262
z16/19551_24263.png,z16/19551_24263.png,0.007235001027584076,15.7998046875,0.0,0.3518940508365631,False,False,False,16,19551,24263
z16/19551_24264.png,z16/19551_24264.png,0.005777087807655334,29.7001953125,0.044464111328125,0.3539547920227051,False,False,False,16,19551,24264
z16/19551_24265.png,z16/19551_24265.png,0.004882963995138804,17.30078125,0.0,0.3617689609527588,False,False,False,16,19551,24265
z16/19551_24266.png,z16/19551_24266.png,0.003948174913724263,20.1005859375,0.0332183837890625,0.36630979180336,False,False,False,16,19551,24266
z16/19551_24267.png,z16/19551_24267.png,0.004835609098275503,29.2001953125,0.001068115234375,0.3688947260379791,False,False,False,16,19551,24267
z16/19551_24268.png,z16/19551_24268.png,0.003381252537171046,17.099609375,0.0,0.3546574115753174,False,False,False,16,19551,24268
z16/19551_24269.png,z16/19551_24269.png,0.0022901520133018494,13.7998046875,0.0,0.3533850312232971,False,False,False,16,19551,24269
z16/19551_24270.png,z16/19551_24270.png,0.002178153395652771,19.599609375,0.0034332275390625,0.3456183671951294,False,False,False,16,19551,24270
z16/19551_24271.png,z16/19551_24271.png,0.0027355107168356577,19.099609375,0.0,0.3523842692375183,False,False,False,16,19551,24271
z16/19552_24200.png,z16/19552_24200.png,0.008760672807693482,119.0,0.010589599609375,0.3322995901107788,False,False,False,16,19552,24200
z16/19552_24201.png,z16/19552_24201.png,0.007972252368927003,91.7998046875,0.025665283203125,0.33187395334243774,False,False,False,16,19552,24201
z16/19552_24202.png,z16/19552_24202.png,0.013054828842480977,80.5,0.0157623291015625,0.3333894908428192,False,False,False,16,19552,24202
z16/19552_24203.png,z16/19552_24203.png,0.008677856127421061,75.2998046875,0.005950927734375,0.33715033531188965,False,False,False,16,19552,24203
z16/19552_24204.png,z16/19552_24204.png,0.0064889411131540935,62.0,0.0120849609375,0.3521527051925659,False,False,False,16,19552,24204
z16/19552_24205.png,z16/19552_24205.png,0.0057800958553949995,34.5,0.0064697265625,0.3472602963447571,False,False,False,16,19552,24205
z16/19552_24206.png,z16/19552_24206.png,0.004734003543853759,22.69921875,0.0,0.341242253780365,False,False,False,16,19552,24206
z16/19552_24207.png,z16/19552_24207.png,0.00987386703491211,70.400390625,0.0576171875,0.34546390175819397,False,False,False,16,19552,24207
z16/19552_24208.png,z16/19552_24208.png,0.01497714122136434,136.599609375,0.0588531494140625,0.33737146854400635,False,False,False,16,19552,24208
z16/19552_24209.png,z16/19552_24209.png,0.02380886475245158,175.7998046875,0.0153656005859375,0.33362945914268494,False,False,False,16,19552,24209
z16/19552_24210.png,z16/19552_24210.png,0.02395327885945638,127.2998046875,0.034332275390625,0.3384208679199219,False,False,False,16,19552,24210
z16/19552_24211.png,z16/19552_24211.png,0.020111497243245444,95.5,0.0,0.3490552008152008,False,False,False,16,19552,24211
z16/19552_24212.png,z16/19552_24212.png,0.04051391283671061,144.3994140625,0.0,0.33956000208854675,False,False,False,16,19552,24212
z16/19552_24213.png,z16/19552_24213.png,0.009493870536486308,38.7001953125,0.0,0.3413015902042389,False,False,False,16,19552,24213
z16/19552_24214.png,z16/19552_24214.png,0.002995870759089788,10.5,0.0,0.3397480845451355,False,False,False,16,19552,24214
z16/19552_24215.png,z16/19552_24215.png,0.0034993874529997506,11.19921875,0.0,0.3534895181655884,False,False,False,16,19552,24215
z16/19552_24216.png,z16/19552_24216.png,0.00225107545653979,8.2001953125,0.0,0.3460354804992676,False,False,False,16,19552,24216
z16/19552_24217.png,z16/19552_24217.png,0.0018295141557852427,5.3994140625,0.0,0.34440937638282776,False,False,False,16,19552,24217
z16/19552_24218.png,z16/19552_24218.png,0.0039685599505901335,13.7998046875,0.0,0.3467631936073303,False,False,False,16,19552,24218
z16/19552_24219.png,z16/19552_24219.png,0.007916317383448283,15.099609375,0.0,0.34204503893852234,False,False,False,16,19552,24219
z16/19552_24220.png,z16/19552_24220.png,0.006715136269728343,12.19921875,0.0,0.34782472252845764,False,False,False,16,19552,24220
z16/19552_24221.png,z16/19552_24221.png,0.0040444605052471164,10.1005859375,0.0,0.35119161009788513,False,False,False,16,19552,24221
z16/19552_24222.png,z16/19552_24222.png,0.0014223697284857432,1.599609375,0.0,0.330030620098114,False,False,False,16,19552,24222
z16/19552_24223.png,z16/19552_24223.png,0.001383421445886294,2.099609375,0.0,0.33639976382255554,False,False,False,16,19552,24223
z16/19552_24224.png,z16/19552_24224.png,0.0012480725844701132,1.099609375,0.0,0.34171217679977417,False,False,False,16,19552,24224
z16/19552_24225.png,z16/19552_24225.png,0.0015290637811024984,3.0,0.0,0.3377833962440491,False,False,False,16,19552,24225
z16/19552_24226.png,z16/19552_24226.png,0.0011037903527418773,1.0,0.0,0.35641032457351685,False,False,False,16,19552,24226
z16/19552_24227.png,z16/19552_24227.png,0.0041206151247024534,5.69921875,0.0,0.3513337969779968,False,False,False,16,19552,24227
z16/19552_24228.png,z16/19552_24228.png,0.003888184328873952,6.2998046875,0.0,0.3398938477039337,False,False,False,16,19552,24228
z16/19552_24229.png,z16/19552_24229.png,0.005769014855225881,12.5,0.0,0.3490954637527466,False,False,False,16,19552,24229
z16/19552_24230.png,z16/19552_24230.png,0.003541688621044159,8.19921875,0.0,0.34298083186149597,False,False,False,16,19552,24230
z16/19552_24231.png,z16/19552_24231.png,0.004290450115998586,8.5,0.0,0.3498474955558777,False,False,False,16,19552,24231
z16/19552_24232.png,z16/19552_24232.png,0.004371824860572815,8.5,0.0,0.33810651302337646,False,False,False,16,19552,24232
z16/19552_24233.png,z16/19552_24233.png,0.006052627662817637,21.900390625,0.0,0.3485732674598694,False,False,False,16,19552,24233
z16/19552_24234.png,z16/19552_24234.png,0.006133643289407094,25.7001953125,0.0,0.3456760048866272,False,False,False,16,19552,24234
z16/19552_24235.png,z16/19552_24235.png,0.004462973773479461,12.19921875,0.0,0.3510424792766571,False,False,False,16,19552,24235
z16/19552_24236.png,z16/19552_24236.png,0.005004765093326568,9.2001953125,0.0,0.35174986720085144,False,False,False,16,19552,24236
z16/19552_24237.png,z16/19552_24237.png,0.003618768850962321,8.599609375,0.0,0.3476414978504181,False,False,False,16,19552,24237
z16/19552_24238.png,z16/19552_24238.png,0.0016132374604543051,2.80078125,0.0,0.34377285838127136,False,False,False,16,19552,24238
z16/19552_24239.png,z16/19552_24239.png,0.001450266440709432,2.5,0.0,0.3457692861557007,False,False,False,16,19552,24239
z16/19552_24240.png,z16/19552_24240.png,0.0014159212509791057,2.1005859375,0.0,0.34358930587768555,False,False,False,16,19552,24240
z16/19552_24241.png,z16/19552_24241.png,0.0035533892611662545,6.099609375,0.0,0.34586042165756226,False,False,False,16,19552,24241
z16/19552_24242.png,z16/19552_24242.png,0.007424153387546539,9.69921875,0.0,0.34896376729011536,False,False,False,16,19552,24242
z16/19552_24243.png,z16/19552_24243.png,0.0014732037981351218,1.6005859375,0.0,0.3457464277744293,False,False,False,16,19552,24243
z16/19552_24244.png,z16/19552_24244.png,0.001345957691470782,1.8994140625,0.0,0.346263587474823,False,False,False,16,19552,24244
z16/19552_24245.png,z16/19552_24245.png,0.002419836570819219,4.80078125,0.0,0.34852680563926697,False,False,False,16,19552,24245
z16/19552_24246.png,z16/19552_24246.png,0.0016547935704390208,4.0,0.0,0.3463665843009949,False,False,False,16,19552,24246
z16/19552_24247.png,z16/19552_24247.png,0.003417431563138962,3.7998046875,0.0,0.34930363297462463,False,False,False,16,19552,24247
z16/19552_24248.png,z16/19552_24248.png,0.0014211668322483698,2.2001953125,0.0,0.34015193581581116,False,False,False,16,19552,24248
z16/19552_24249.png,z16/19552_24249.png,0.006144875784715017,9.2998046875,0.0,0.34191933274269104,False,False,False,16,19552,24249
z16/19552_24250.png,z16/19552_24250.png,0.006492904822031657,9.5,0.0,0.3456991910934448,False,False,False,16,19552,24250
z16/19552_24251.png,z16/19552_24251.png,0.005175399780273438,9.099609375,0.0,0.35120102763175964,False,False,False,16,19552,24251
z16/19552_24252.png,z16/19552_24252.png,0.0065383409460385645,38.2998046875,0.0,0.3442770838737488,False,False,False,16,19552,24252
z16/19552_24253.png,z16/19552_24253.png,0.007115768392880758,94.0,0.0229644775390625,0.3466438353061676,False,False,False,16,19552,24253
z16/19552_24254.png,z16/19552_24254.png,0.022861782709757486,204.5,0.065155029296875,0.3417520523071289,False,False,False,16,19552,24254
z16/19552_24255.png,z16/19552_24255.png,0.026090612014134724,183.400390625,0.0289306640625,0.33671140670776367,False,False,False,16,19552,24255
z16/19552_24256.png,z16/19552_24256.png,0.015646501382191976,115.69921875,0.0265960693359375,0.3395979106426239,False,False,False,16,19552,24256
z16/19552_24257.png,z16/19552_24257.png,0.009236409266789754,46.30078125,0.0220489501953125,0.35312527418136597,False,False,False,16,19552,24257
z16/19552_24258.png,z16/19552_24258.png,0.006559794644514719,44.2001953125,0.0193328857421875,0.35258978605270386,False,False,False,16,19552,24258
z16/19552_24259.png,z16/19552_24259.png,0.007870279252529144,42.2998046875,0.0,0.337847501039505,False,False,False,16,19552,24259
z16/19552_24260.png,z16/19552_24260.png,0.022973287105560302,52.5,0.0,0.34070321917533875,False,False,False,16,19552,24260
z16/19552_24261.png,z16/19552_24261.png,0.016404603918393452,53.5,0.0,0.338901549577713,False,False,False,16,19552,24261
z16/19552_24262.png,z16/19552_24262.png,0.006605794529120127,19.2998046875,0.0,0.3582310080528259,False,False,False,16,19552,24262
z16/19552_24263.png,z16/19552_24263.png,0.006476052105426788,18.30078125,0.0,0.3530668318271637,False,False,False,16,19552,24263
z16/19552_24264.png,z16/19552_24264.png,0.010095220804214478,26.2001953125,0.0,0.3388616144657135,False,False,False,16,19552,24264
z16/19552_24265.png,z16/19552_24265.png,0.00626490314801534,29.099609375,0.06341552734375,0.3587804138660431,False,False,False,16,19552,24265
z16/19552_24266.png,z16/19552_24266.png,0.006812520325183868,25.7001953125,0.0,0.35203734040260315,False,False,False,16,19552,24266
z16/19552_24267.png,z16/19552_24267.png,0.003494973729054133,13.7001953125,0.0,0.3569449484348297,False,False,False,16,19552,24267
z16/19552_24268.png,z16/19552_24268.png,0.004003060112396876,20.900390625,0.0489959716796875,0.3520834147930145,False,False,False,16,19552,24268
z16/19552_24269.png,z16/19552_24269.png,0.0034263824423154195,22.900390625,0.0112762451171875,0.3541724681854248,False,False,False,16,19552,24269
z16/19552_24270.png,z16/19552_24270.png,0.004354054232438406,25.0,0.0010986328125,0.3580355942249298,False,False,False,16,19552,24270
z16/19552_24271.png,z16/19552_24271.png,0.008120041092236836,32.0,0.0126800537109375,0.3470505475997925,False,False,False,16,19552,24271
z16/19553_24200.png,z16/19553_24200.png,0.013259218136469523,59.5,0.0114898681640625,0.3328719735145569,False,False,False,16,19553,24200
z16/19553_24201.png,z16/19553_24201.png,0.02351972460746765,76.599609375,0.0041351318359375,0.33370232582092285,False,False,False,16,19553,24201
z16/19553_24202.png,z16/19553_24202.png,0.022698165973027547,79.400390625,0.006011962890625,0.33610832691192627,False,False,False,16,19553,24202
z16/19553_24203.png,z16/19553_24203.png,0.01855323910713196,87.2001953125,0.003082275390625,0.3367672264575958,False,False,False,16,19553,24203
z16/19553_24204.png,z16/19553_24204.png,0.017794805765151977,104.099609375,0.00347900390625,0.33910495042800903,False,False,False,16,19553,24204
z16/19553_24205.png,z16/19553_24205.png,0.013856875896453857,86.900390625,0.0245513916015625,0.3465704023838043,False,False,False,16,19553,24205
z16/19553_24206.png,z16/19553_24206.png,0.006603590150674184,72.400390625,0.005279541015625,0.3453453779220581,False,False,False,16,19553,24206
z16/19553_24207.png,z16/19553_24207.png,0.012851835290590922,92.3994140625,0.0040283203125,0.3433185815811157,False,False,False,16,19553,24207
z16/19553_24208.png,z16/19553_24208.png,0.012540580828984578,70.8994140625,0.0004730224609375,0.3375093340873718,False,False,False,16,19553,24208
z16/19553_24209.png,z16/19553_24209.png,0.010782885551452636,80.2998046875,0.003021240234375,0.3357594311237335,False,False,False,16,19553,24209
z16/19553_24210.png,z16/19553_24210.png,0.03465417623519897,181.2998046875,0.023956298828125,0.3329848349094391,False,False,False,16,19553,24210
z16/19553_24211.png,z16/19553_24211.png,0.029723904530207314,145.0,0.084991455078125,0.3340733051300049,False,False,False,16,19553,24211
z16/19553_24212.png,z16/19553_24212.png,0.04720670382181803,161.5,0.0,0.3456105887889862,False,False,False,16,19553,24212
z16/19553_24213.png,z16/19553_24213.png,0.006874890625476837,27.6005859375,0.0,0.3441094756126404,False,False,False,16,19553,24213
z16/19553_24214.png,z16/19553_24214.png,0.006339754660924276,11.2998046875,0.0,0.33978915214538574,False,False,False,16,19553,24214
z16/19553_24215.png,z16/19553_24215.png,0.0083734134833018,11.8994140625,0.0,0.3437831997871399,False,False,False,16,19553,24215
z16/19553_24216.png,z16/19553_24216.png,0.007981472214063009,11.0,0.0,0.3450050354003906,False,False,False,16,19553,24216
z16/19553_24217.png,z16/19553_24217.png,0.007828520238399505,9.400390625,0.0,0.3405650854110718,False,False,False,16,19553,24217
z16/19553_24218.png,z16/19553_24218.png,0.007916795214017232,11.599609375,0.0,0.3402685225009918,False,False,False,16,19553,24218
z16/19553_24219.png,z16/19553_24219.png,0.0058029855291048685,11.3994140625,0.0,0.3375816345214844,False,False,False,16,19553,24219
z16/19553_24220.png,z16/19553_24220.png,0.005625912050406138,11.1005859375,0.0,0.35195234417915344,False,False,False,16,19553,24220
z16/19553_24221.png,z16/19553_24221.png,0.004792119562625885,11.19921875,0.0,0.3547898530960083,False,False,False,16,19553,24221
z16/19553_24222.png,z16/19553_24222.png,0.0014824149509270986,2.2998046875,0.0,0.34687167406082153,False,False,False,16,19553,24222
z16/19553_24223.png,z16/19553_24223.png,0.0015980980048576991,3.7998046875,0.0,0.3460635542869568,False,False,False,16,19553,24223
z16/19553_24224.png,z16/19553_24224.png,0.0016367784390846887,2.099609375,0.0,0.343557208776474,False,False,False,16,19553,24224
z16/19553_24225.png,z16/19553_24225.png,0.0014559193203846613,2.0,0.0,0.3509722650051117,False,False,False,16,19553,24225
z16/19553_24226.png,z16/19553_24226.png,0.0001277353148907423,0.400390625,0.0,0.3585268259048462,False,False,False,16,19553,24226
z16/19553_24227.png,z16/19553_24227.png,0.0035676248371601105,5.900390625,0.0,0.3549423813819885,False,False,False,16,19553,24227
z16/19553_24228.png,z16/19553_24228.png,0.0022828809916973112,5.2001953125,0.0,0.34612858295440674,False,False,False,16,19553,24228
z16/19553_24229.png,z16/19553_24229.png,0.00418791522582372,8.099609375,0.0,0.34881162643432617,False,False,False,16,19553,24229
z16/19553_24230.png,z16/19553_24230.png,0.0037237050632635753,8.099609375,0.0,0.3401588201522827,False,False,False,16,19553,24230
z16/19553_24231.png,z16/19553_24231.png,0.005231220026810964,10.599609375,0.0,0.33743512630462646,False,False,False,16,19553,24231
z16/19553_24232.png,z16/19553_24232.png,0.003754288206497828,9.8994140625,0.0,0.33720871806144714,False,False,False,16,19553,24232
z16/19553_24233.png,z16/19553_24233.png,0.0035461934904257456,8.5,0.0,0.3433818221092224,False,False,False,16,19553,24233
z16/19553_24234.png,z16/19553_24234.png,0.0037275065978368124,8.19921875,0.0,0.3414469361305237,False,False,False,16,19553,24234
z16/19553_24235.png,z16/19553_24235.png,0.003967737903197607,9.3994140625,0.0,0.34549397230148315,False,False,False,16,19553,24235
z16/19553_24236.png,z16/19553_24236.png,0.00480345884958903,10.0,0.0,0.3441924452781677,False,False,False,16,19553,24236
z16/19553_24237.png,z16/19553_24237.png,0.004840182761351268,8.2998046875,0.0,0.3419853746891022,False,False,False,16,19553,24237
z16/19553_24238.png,z16/19553_24238.png,0.006526170670986176,9.3994140625,0.0,0.34361371397972107,False,False,False,16,19553,24238
z16/19553_24239.png,z16/19553_24239.png,0.004920227825641632,9.0,0.0,0.3445265591144562,False,False,False,16,19553,24239
z16/19553_24240.png,z16/19553_24240.png,0.00677890678246816,12.099609375,0.0,0.34462714195251465,False,False,False,16,19553,24240
z16/19553_24241.png,z16/19553_24241.png,0.0057892988125483194,10.7001953125,0.0,0.3478158712387085,False,False,False,16,19553,24241
z16/19553_24242.png,z16/19553_24242.png,0.002595950663089752,5.1005859375,0.0,0.35204607248306274,False,False,False,16,19553,24242
z16/19553_24243.png,z16/19553_24243.png,0.0007768955702582996,0.6005859375,0.0,0.34748831391334534,False,False,False,16,19553,24243
z16/19553_24244.png,z16/19553_24244.png,0.0016889672726392746,3.1005859375,0.0,0.3481224477291107,False,False,False,16,19553,24244
z16/19553_24245.png,z16/19553_24245.png,0.002124928931395213,3.6005859375,0.0,0.35208019614219666,False,False,False,16,19553,24245
z16/19553_24246.png,z16/19553_24246.png,0.004021209230025609,9.599609375,0.0,0.351136177778244,False,False,False,16,19553,24246
z16/19553_24247.png,z16/19553_24247.png,0.005634568134943644,11.8994140625,0.0,0.34705740213394165,False,False,False,16,19553,24247
z16/19553_24248.png,z16/19553_24248.png,0.002078236515323321,3.7001953125,0.0,0.3441048264503479,False,False,False,16,19553,24248
z16/19553_24249.png,z16/19553_24249.png,0.0049642423788706464,8.7998046875,0.0,0.3417018949985504,False,False,False,16,19553,24249
z16/19553_24250.png,z16/19553_24250.png,0.005991699794928233,8.7998046875,0.0,0.34845757484436035,False,False,False,16,19553,24250
z16/19553_24251.png,z16/19553_24251.png,0.009631462891896566,36.8994140625,0.0388641357421875,0.3421750068664551,False,False,False,16,19553,24251
z16/19553_24252.png,z16/19553_24252.png,0.010194271802902222,82.0,0.0057220458984375,0.33894026279449463,False,False,False,16,19553,24252
z16/19553_24253.png,z16/19553_24253.png,0.01223815381526947,174.400390625,0.001312255859375,0.33843904733657837,False,False,False,16,19553,24253
z16/19553_24254.png,z16/19553_24254.png,0.026915804545084635,152.7001953125,0.0189056396484375,0.33817243576049805,False,False,False,16,19553,24254
z16/19553_24255.png,z16/19553_24255.png,0.007449068625768026,150.2001953125,0.01751708984375,0.338056743144989,False,False,False,16,19553,24255
z16/19553_24256.png,z16/19553_24256.png,0.02166887919108073,93.0,0.01312255859375,0.3441478908061981,False,False,False,16,19553,24256
z16/19553_24257.png,z16/19553_24257.png,0.014115145802497864,91.5,0.008758544921875,0.3453085720539093,False,False,False,16,19553,24257
z16/19553_24258.png,z16/19553_24258.png,0.006950703263282776,49.400390625,0.0223541259765625,0.34977999329566956,False,False,False,16,19553,24258
z16/19553_24259.png,z16/19553_24259.png,0.00985994537671407,46.6005859375,0.0068359375,0.3428938686847687,False,False,False,16,19553,24259
z16/19553_24260.png,z16/19553_24260.png,0.008358553051948547,46.5,0.0047454833984375,0.3443939685821533,False,False,False,16,19553,24260
z16/19553_24261.png,z16/19553_24261.png,0.006820245583852132,36.6005859375,0.0,0.3407970368862152,False,False,False,16,19553,24261
z16/19553_24262.png,z16/19553_24262.png,0.009513938426971435,22.599609375,0.0017547607421875,0.34864482283592224,False,False,False,16,19553,24262
z16/19553_24263.png,z16/19553_24263.png,0.006978851060072581,19.2001953125,0.0,0.3471652567386627,False,False,False,16,19553,24263
z16/19553_24264.png,z16/19553_24264.png,0.00955754021803538,24.2001953125,0.0,0.3458244800567627,False,False,False,16,19553,24264
z16/19553_24265.png,z16/19553_24265.png,0.009129321575164795,23.5,0.0,0.344524621963501,False,False,False,16,19553,24265
z16/19553_24266.png,z16/19553_24266.png,0.01007221241792043,25.2998046875,0.0,0.3448196053504944,False,False,False,16,19553,24266
z16/19553_24267.png,z16/19553_24267.png,0.005744117498397827,23.2001953125,0.0,0.3448432683944702,False,False,False,16,19553,24267
z16/19553_24268.png,z16/19553_24268.png,0.0025557272136211397,10.3994140625,0.0,0.34989383816719055,False,False,False,16,19553,24268
z16/19553_24269.png,z16/19553_24269.png,0.0048968493938446045,15.599609375,0.0,0.35315173864364624,False,False,False,16,19553,24269
z16/19553_24270.png,z16/19553_24270.png,0.004558608929316203,18.5,0.0,0.3563472032546997,False,False,False,16,19553,24270
z16/19553_24271.png,z16/19553_24271.png,0.007005864878495535,17.5,0.0184478759765625,0.3487602770328522,False,False,False,16,19553,24271
z16/19554_24200.png,z16/19554_24200.png,0.011063005526860554,57.0,0.0144500732421875,0.3394981026649475,False,False,False,16,19554,24200
z16/19554_24201.png,z16/19554_24201.png,0.006463548541069031,70.5,0.0128326416015625,0.3365267515182495,False,False,False,16,19554,24201
z16/19554_24202.png,z16/19554_24202.png,0.004900117715199788,66.7001953125,0.0096282958984375,0.3374808132648468,False,False,False,16,19554,24202
z16/19554_24203.png,z16/19554_24203.png,0.004945386449495951,64.19921875,0.012420654296875,0.3358290195465088,False,False,False,16,19554,24203
z16/19554_24204.png,z16/19554_24204.png,0.003919309626022975,60.2001953125,0.034881591796875,0.3403029441833496,False,False,False,16,19554,24204
z16/19554_24205.png,z16/19554_24205.png,0.005310186247030894,58.7001953125,0.0209197998046875,0.344979465007782,False,False,False,16,19554,24205
z16/19554_24206.png,z16/19554_24206.png,0.006906268497308095,77.900390625,0.007171630859375,0.3420686721801758,False,False,False,16,19554,24206
z16/19554_24207.png,z16/19554_24207.png,0.008426811297734578,114.099609375,0.0045318603515625,0.3384670615196228,False,False,False,16,19554,24207
z16/19554_24208.png,z16/19554_24208.png,0.008837475379308065,101.2001953125,0.02435302734375,0.33883389830589294,False,False,False,16,19554,24208
z16/19554_24209.png,z16/19554_24209.png,0.008049345016479493,96.2998046875,0.0105743408203125,0.33538031578063965,False,False,False,16,19554,24209
z16/19554_24210.png,z16/19554_24210.png,0.03309531410535176,149.6005859375,0.0,0.3418247401714325,False,False,False,16,19554,24210
z16/19554_24211.png,z16/19554_24211.png,0.003616020083427429,18.2998046875,0.0,0.3513474762439728,False,False,False,16,19554,24211
z16/19554_24212.png,z16/19554_24212.png,0.005129679540793101,10.69921875,0.0,0.34540265798568726,False,False,False,16,19554,24212
z16/19554_24213.png,z16/19554_24213.png,0.005488980809847514,14.900390625,0.0,0.34268808364868164,False,False,False,16,19554,24213
z16/19554_24214.png,z16/19554_24214.png,0.0049324562152226765,11.2998046875,0.0,0.34348568320274353,False,False,False,16,19554,24214
z16/19554_24215.png,z16/19554_24215.png,0.003182732065518697,10.8994140625,0.0,0.35774797201156616,False,False,False,16,19554,24215
z16/19554_24216.png,z16/19554_24216.png,0.0010170476511120797,1.30078125,0.0,0.35266053676605225,False,False,False,16,19554,24216
z16/19554_24217.png,z16/19554_24217.png,0.0009975158299009004,1.5,0.0,0.34470832347869873,False,False,False,16,19554,24217
z16/19554_24218.png,z16/19554_24218.png,0.005935364464918772,10.599609375,0.0,0.3498079776763916,False,False,False,16,19554,24218
z16/19554_24219.png,z16/19554_24219.png,0.006767752269903819,10.7998046875,0.0,0.35438063740730286,False,False,False,16,19554,24219
z16/19554_24220.png,z16/19554_24220.png,0.007326704760392507,11.0,0.0,0.34468138217926025,False,False,False,16,19554,24220
z16/19554_24221.png,z16/19554_24221.png,0.0074978893001874285,10.0,0.0,0.3430894613265991,False,False,False,16,19554,24221
z16/19554_24222.png,z16/19554_24222.png,0.008247962097326915,11.2998046875,0.0,0.3435385227203369,False,False,False,16,19554,24222
z16/19554_24223.png,z16/19554_24223.png,0.006465054055054983,10.7998046875,0.0,0.342046320438385,False,False,False,16,19554,24223
z16/19554_24224.png,z16/19554_24224.png,0.007103188832600912,11.5,0.0,0.3444889783859253,False,False,False,16,19554,24224
z16/19554_24225.png,z16/19554_24225.png,0.004366928339004516,10.8994140625,0.0,0.35489124059677124,False,False,False,16,19554,24225
z16/19554_24226.png,z16/19554_24226.png,0.0013408349206050238,1.0,0.0,0.3557417094707489,False,False,False,16,19554,24226
z16/19554_24227.png,z16/19554_24227.png,0.002555472900470098,5.5,0.0,0.36038637161254883,False,False,False,16,19554,24227
z16/19554_24228.png,z16/19554_24228.png,0.003400380661090215,5.7998046875,0.0,0.35356882214546204,False,False,False,16,19554,24228
z16/19554_24229.png,z16/19554_24229.png,0.005445316433906555,10.2998046875,0.0,0.34391894936561584,False,False,False,16,19554,24229
z16/19554_24230.png,z16/19554_24230.png,0.006770117580890656,16.099609375,0.0,0.3437650501728058,False,False,False,16,19554,24230
z16/19554_24231.png,z16/19554_24231.png,0.004438347121079763,16.099609375,0.0,0.3436702787876129,False,False,False,16,19554,24231
z16/19554_24232.png,z16/19554_24232.png,0.004852157334486643,16.2998046875,0.0,0.3471190333366394,False,False,False,16,19554,24232
z16/19554_24233.png,z16/19554_24233.png,0.010538228352864583,25.7001953125,0.0,0.34499645233154297,False,False,False,16,19554,24233
z16/19554_24234.png,z16/19554_24234.png,0.005185735722382863,25.5,0.0,0.34144461154937744,False,False,False,16,19554,24234
z16/19554_24235.png,z16/19554_24235.png,0.007204673687616984,35.5,0.03253173828125,0.3454189896583557,False,False,False,16,19554,24235
z16/19554_24236.png,z16/19554_24236.png,0.009234436353047689,37.19921875,0.0,0.3497708737850189,False,False,False,16,19554,24236
z16/19554_24237.png,z16/19554_24237.png,0.007158926129341126,28.0,0.0,0.34996798634529114,False,False,False,16,19554,24237
z16/19554_24238.png,z16/19554_24238.png,0.004205882549285889,9.7998046875,0.0,0.3518992066383362,False,False,False,16,19554,24238
z16/19554_24239.png,z16/19554_24239.png,0.005354558924833933,10.0,0.0,0.3589939475059509,False,False,False,16,19554,24239
z16/19554_24240.png,z16/19554_24240.png,0.003706648697455724,11.900390625,0.0,0.35358816385269165,False,False,False,16,19554,24240
z16/19554_24241.png,z16/19554_24241.png,0.001276047651966413,3.2998046875,0.0,0.35362982749938965,False,False,False,16,19554,24241
z16/19554_24242.png,z16/19554_24242.png,0.0010762274265289306,1.2998046875,0.0,0.355206161737442,False,False,False,16,19554,24242
z16/19554_24243.png,z16/19554_24243.png,0.0007581897079944611,0.6005859375,0.0,0.34577253460884094,False,False,False,16,19554,24243
z16/19554_24244.png,z16/19554_24244.png,0.001151817167798678,0.900390625,0.0,0.35149699449539185,False,False,False,16,19554,24244
z16/19554_24245.png,z16/19554_24245.png,0.0014431729912757873,3.6005859375,0.0,0.35539084672927856,False,False,False,16,19554,24245
z16/19554_24246.png,z16/19554_24246.png,0.0033126950263977053,9.400390625,0.0,0.34358182549476624,False,False,False,16,19554,24246
z16/19554_24247.png,z16/19554_24247.png,0.006476844350496928,13.7001953125,0.0,0.3417620062828064,False,False,False,16,19554,24247
z16/19554_24248.png,z16/19554_24248.png,0.005900465945402781,18.599609375,0.0,0.34335824847221375,False,False,False,16,19554,24248
z16/19554_24249.png,z16/19554_24249.png,0.007903521756331126,22.5,0.0,0.3428886830806732,False,False,False,16,19554,24249
z16/19554_24250.png,z16/19554_24250.png,0.004342849552631378,17.2001953125,0.0,0.3396616578102112,False,False,False,16,19554,24250
z16/19554_24251.png,z16/19554_24251.png,0.008106319109598796,47.0,0.0228424072265625,0.3365553021430969,False,False,False,16,19554,24251
z16/19554_24252.png,z16/19554_24252.png,0.005725744863351186,61.69921875,0.012359619140625,0.33864879608154297,False,False,False,16,19554,24252
z16/19554_24253.png,z16/19554_24253.png,0.02274369200070699,138.2998046875,0.018768310546875,0.33817434310913086,False,False,False,16,19554,24253
z16/19554_24254.png,z16/19554_24254.png,0.01493674616018931,146.900390625,0.014129638671875,0.33553850650787354,False,False,False,16,19554,24254
z16/19554_24255.png,z16/19554_24255.png,0.010615948836008708,71.1005859375,0.0341949462890625,0.3417953848838806,False,False,False,16,19554,24255
z16/19554_24256.png,z16/19554_24256.png,0.013080652554829915,73.7998046875,0.0588836669921875,0.3416534960269928,False,False,False,16,19554,24256
z16/19554_24257.png,z16/19554_24257.png,0.007828564941883087,79.5,0.0153961181640625,0.34763801097869873,False,False,False,16,19554,24257
z16/19554_24258.png,z16/19554_24258.png,0.008955431977907817,34.2998046875,0.0100555419921875,0.35422688722610474,False,False,False,16,19554,24258
z16/19554_24259.png,z16/19554_24259.png,0.0084882785876592,21.7998046875,0.0,0.350192666053772,False,False,False,16,19554,24259
z16/19554_24260.png,z16/19554_24260.png,0.010209166010220845,23.2998046875,0.0,0.3448188900947571,False,False,False,16,19554,24260
z16/19554_24261.png,z16/19554_24261.png,0.00972490906715393,23.2001953125,0.0,0.3417811095714569,False,False,False,16,19554,24261
z16/19554_24262.png,z16/19554_24262.png,0.007828155159950256,26.30078125,0.000579833984375,0.3541494309902191,False,False,False,16,19554,24262
z16/19554_24263.png,z16/19554_24263.png,0.00459736833969752,18.900390625,0.0,0.3492884933948517,False,False,False,16,19554,24263
z16/19554_24264.png,z16/19554_24264.png,0.008865477641423543,22.099609375,0.0,0.3486280143260956,False,False,False,16,19554,24264
z16/19554_24265.png,z16/19554_24265.png,0.008084028462568919,31.7001953125,0.0078125,0.3402162790298462,False,False,False,16,19554,24265
z16/19554_24266.png,z16/19554_24266.png,0.006753117839495341,22.8994140625,0.0115203857421875,0.3446308970451355,False,False,False,16,19554,24266
z16/19554_24267.png,z16/19554_24267.png,0.009927687048912049,31.0,0.0257568359375,0.34504392743110657,False,False,False,16,19554,24267
z16/19554_24268.png,z16/19554_24268.png,0.00749178280433019,30.400390625,0.0,0.347234845161438,False,False,False,16,19554,24268
z16/19554_24269.png,z16/19554_24269.png,0.0048888330658276875,25.6005859375,0.0,0.3445173501968384,False,False,False,16,19554,24269
z16/19554_24270.png,z16/19554_24270.png,0.005444072683652242,19.6005859375,0.0,0.3464481830596924,False,False,False,16,19554,24270
z16/19554_24271.png,z16/19554_24271.png,0.004611690839131673,24.5,0.015228271484375,0.3543986976146698,False,False,False,16,19554,24271
z16/19555_24200.png,z16/19555_24200.png,0.008722947041193644,59.0,0.021759033203125,0.33512750267982483,False,False,False,16,19555,24200
z16/19555_24201.png,z16/19555_24201.png,0.00577538013458252,21.2001953125,0.0065765380859375,0.34371426701545715,False,False,False,16,19555,24201
z16/19555_24202.png,z16/19555_24202.png,0.007191416621208191,36.0,0.012847900390625,0.3420925438404083,False,False,False,16,19555,24202
z16/19555_24203.png,z16/19555_24203.png,0.00740042378505071,25.5,0.0378570556640625,0.3443053364753723,False,False,False,16,19555,24203
z16/19555_24204.png,z16/19555_24204.png,0.005504729847113292,24.2998046875,0.00201416015625,0.34987860918045044,False,False,False,16,19555,24204
z16/19555_24205.png,z16/19555_24205.png,0.0073840305209159855,40.7001953125,0.0069580078125,0.3495465815067291,False,False,False,16,19555,24205
z16/19555_24206.png,z16/19555_24206.png,0.00859304964542389,54.30078125,0.0116729736328125,0.34462305903434753,False,False,False,16,19555,24206
z16/19555_24207.png,z16/19555_24207.png,0.009646803140640259,53.400390625,0.01763916015625,0.34694111347198486,False,False,False,16,19555,24207
z16/19555_24208.png,z16/19555_24208.png,0.007859761516253153,50.2001953125,0.020172119140625,0.34441637992858887,False,False,False,16,19555,24208
z16/19555_24209.png,z16/19555_24209.png,0.018167787790298463,77.2001953125,0.0,0.346833199262619,False,False,False,16,19555,24209
z16/19555_24210.png,z16/19555_24210.png,0.011784995595614115,58.7001953125,0.0,0.35273364186286926,False,False,False,16,19555,24210
z16/19555_24211.png,z16/19555_24211.png,0.0044385989507039385,9.2998046875,0.0,0.34671729803085327,False,False,False,16,19555,24211
z16/19555_24212.png,z16/19555_24212.png,0.0045565575361251835,8.2998046875,0.0,0.35032036900520325,False,False,False,16,19555,24212
z16/19555_24213.png,z16/19555_24213.png,0.0005880586182077725,1.099609375,0.0,0.3440377116203308,False,False,False,16,19555,24213
z16/19555_24214.png,z16/19555_24214.png,0.0007698717837532361,1.0,0.0,0.3555779755115509,False,False,False,16,19555,24214
z16/19555_24215.png,z16/19555_24215.png,0.0013960223644971848,2.0,0.0,0.34792423248291016,False,False,False,16,19555,24215
z16/19555_24216.png,z16/19555_24216.png,0.0013329739371935527,2.0,0.0,0.3537891209125519,False,False,False,16,19555,24216
z16/19555_24217.png,z16/19555_24217.png,0.0015965143839518229,3.099609375,0.0,0.3562680780887604,False,False,False,16,19555,24217
z16/19555_24218.png,z16/19555_24218.png,0.0018433719873428346,3.099609375,0.0,0.35282424092292786,False,False,False,16,19555,24218
z16/19555_24219.png,z16/19555_24219.png,0.0013164065778255463,3.3994140625,0.0,0.35574203729629517,False,False,False,16,19555,24219
z16/19555_24220.png,z16/19555_24220.png,0.0007325734943151474,1.0,0.0,0.35107743740081787,False,False,False,16,19555,24220
z16/19555_24221.png,z16/19555_24221.png,0.00037781444067756337,0.900390625,0.0,0.3468112349510193,False,False,False,16,19555,24221
z16/19555_24222.png,z16/19555_24222.png,0.0038126751780509947,9.2998046875,0.0,0.3460938036441803,False,False,False,16,19555,24222
z16/19555_24223.png,z16/19555_24223.png,0.008125567436218261,14.599609375,0.0,0.3415181040763855,False,False,False,16,19555,24223
z16/19555_24224.png,z16/19555_24224.png,0.006748564044634501,14.3994140625,0.0,0.34452348947525024,False,False,False,16,19555,24224
z16/19555_24225.png,z16/19555_24225.png,0.007904909054438273,11.599609375,0.0,0.34101682901382446,False,False,False,16,19555,24225
z16/19555_24226.png,z16/19555_24226.png,0.007633579274018605,10.3994140625,0.0,0.3454541265964508,False,False,False,16,19555,24226
z16/19555_24227.png,z16/19555_24227.png,0.0068778395652771,12.0,0.0,0.34770020842552185,False,False,False,16,19555,24227
z16/19555_24228.png,z16/19555_24228.png,0.005914183954397838,11.8994140625,0.0,0.36320945620536804,False,False,False,16,19555,24228
z16/19555_24229.png,z16/19555_24229.png,0.006938827534516652,10.7001953125,0.0,0.34876686334609985,False,False,False,16,19555,24229
z16/19555_24230.png,z16/19555_24230.png,0.004379103581110637,9.599609375,0.0,0.3418688178062439,False,False,False,16,19555,24230
z16/19555_24231.png,z16/19555_24231.png,0.0063753957549730934,16.5,0.0,0.3435461223125458,False,False,False,16,19555,24231
z16/19555_24232.png,z16/19555_24232.png,0.005955937504768372,9.599609375,0.0,0.339863121509552,False,False,False,16,19555,24232
z16/19555_24233.png,z16/19555_24233.png,0.00843298335870107,61.30078125,0.0352325439453125,0.3451850712299347,False,False,False,16,19555,24233
z16/19555_24234.png,z16/19555_24234.png,0.007940022150675456,51.099609375,0.012359619140625,0.3435630798339844,False,False,False,16,19555,24234
z16/19555_24235.png,z16/19555_24235.png,0.008553322156270344,50.7998046875,0.0020294189453125,0.3396070599555969,False,False,False,16,19555,24235
z16/19555_24236.png,z16/19555_24236.png,0.006660871704419454,30.7998046875,0.00628662109375,0.3390887379646301,False,False,False,16,19555,24236
z16/19555_24237.png,z16/19555_24237.png,0.006385220587253571,40.7001953125,0.0068511962890625,0.3428943455219269,False,False,False,16,19555,24237
z16/19555_24238.png,z16/19555_24238.png,0.0034611751635869343,9.7001953125,0.0,0.34794124960899353,False,False,False,16,19555,24238
z16/19555_24239.png,z16/19555_24239.png,0.0026680452128251394,10.3994140625,0.0,0.3563295602798462,False,False,False,16,19555,24239
z16/19555_24240.png,z16/19555_24240.png,0.0021409052113691967,4.0,0.0,0.3578731417655945,False,False,False,16,19555,24240
z16/19555_24241.png,z16/19555_24241.png,0.0007669710243741672,0.7001953125,0.0,0.34864571690559387,False,False,False,16,19555,24241
z16/19555_24242.png,z16/19555_24242.png,0.00016113628322879473,0.2001953125,0.0,0.3504551649093628,False,False,False,16,19555,24242
z16/19555_24243.png,z16/19555_24243.png,0.0,0.0,0.0,0.34956952929496765,False,False,False,16,19555,24243
z16/19555_24244.png,z16/19555_24244.png,0.0008823501567045848,0.8994140625,0.0,0.3583228290081024,False,False,False,16,19555,24244
z16/19555_24245.png,z16/19555_24245.png,0.0026535396774609882,8.400390625,0.0,0.35512077808380127,False,False,False,16,19555,24245
z16/19555_24246.png,z16/19555_24246.png,0.006205119689305623,16.099609375,0.0,0.34193381667137146,False,False,False,16,19555,24246
z16/19555_24247.png,z16/19555_24247.png,0.004871617257595062,21.8994140625,0.0154571533203125,0.3482680916786194,False,False,False,16,19555,24247
z16/19555_24248.png,z16/19555_24248.png,0.009560375412305196,28.6005859375,0.0,0.35967040061950684,False,False,False,16,19555,24248
z16/19555_24249.png,z16/19555_24249.png,0.009676844875017802,28.900390625,0.0,0.3590940833091736,False,False,False,16,19555,24249
z16/19555_24250.png,z16/19555_24250.png,0.009797124067942302,27.6005859375,0.001800537109375,0.34400516748428345,False,False,False,16,19555,24250
z16/19555_24251.png,z16/19555_24251.png,0.005157752831776937,47.599609375,0.0151214599609375,0.33721861243247986,False,False,False,16,19555,24251
z16/19555_24252.png,z16/19555_24252.png,0.0072824999690055845,88.7998046875,0.0305023193359375,0.33540284633636475,False,False,False,16,19555,24252
z16/19555_24253.png,z16/19555_24253.png,0.025438360373179116,153.099609375,0.00799560546875,0.33639150857925415,False,False,False,16,19555,24253
z16/19555_24254.png,z16/19555_24254.png,0.013204375902811686,96.599609375,0.0073089599609375,0.33538109064102173,False,False,False,16,19555,24254
z16/19555_24255.png,z16/19555_24255.png,0.013460977872212728,90.099609375,0.0377197265625,0.33554890751838684,False,False,False,16,19555,24255
z16/19555_24256.png,z16/19555_24256.png,0.008145976066589355,67.099609375,0.0461883544921875,0.34114310145378113,False,False,False,16,19555,24256
z16/19555_24257.png,z16/19555_24257.png,0.006146451830863953,48.5,0.01226806640625,0.35107094049453735,False,False,False,16,19555,24257
z16/19555_24258.png,z16/19555_24258.png,0.009136833747227987,21.2998046875,0.0,0.35340869426727295,False,False,False,16,19555,24258
z16/19555_24259.png,z16/19555_24259.png,0.008200390140215556,24.900390625,0.0,0.35173749923706055,False,False,False,16,19555,24259
z16/19555_24260.png,z16/19555_24260.png,0.007199965914090474,25.7998046875,0.0,0.34270960092544556,False,False,False,16,19555,24260
z16/19555_24261.png,z16/19555_24261.png,0.00781626949707667,27.6005859375,0.0,0.34176740050315857,False,False,False,16,19555,24261
z16/19555_24262.png,z16/19555_24262.png,0.006723335882027944,34.5,0.00640869140625,0.345237135887146,False,False,False,16,19555,24262
z16/19555_24263.png,z16/19555_24263.png,0.004271094997723897,25.1005859375,0.00274658203125,0.34776294231414795,False,False,False,16,19555,24263
z16/19555_24264.png,z16/19555_24264.png,0.007770182689030966,26.5,0.0012969970703125,0.34422653913497925,False,False,False,16,19555,24264
z16/19555_24265.png,z16/19555_24265.png,0.0032247424125671385,26.5,0.00115966796875,0.34668630361557007,False,False,False,16,19555,24265
z16/19555_24266.png,z16/19555_24266.png,0.005058842897415161,21.599609375,0.003387451171875,0.35012364387512207,False,False,False,16,19555,24266
z16/19555_24267.png,z16/19555_24267.png,0.009356386462847392,25.2998046875,0.04742431640625,0.3511413335800171,False,False,False,16,19555,24267
z16/19555_24268.png,z16/19555_24268.png,0.006847708920637767,19.3994140625,0.0107269287109375,0.34505465626716614,False,False,False,16,19555,24268
z16/19555_24269.png,z16/19555_24269.png,0.005503174662590027,14.19921875,0.0,0.34574341773986816,False,False,False,16,19555,24269
z16/19555_24270.png,z16/19555_24270.png,0.003288536270459493,19.0,0.0054779052734375,0.351360023021698,False,False,False,16,19555,24270
z16/19555_24271.png,z16/19555_24271.png,0.004460660616556803,20.400390625,0.0,0.3447818458080292,False,False,False,16,19555,24271
z16/19556_24200.png,z16/19556_24200.png,0.006892082095146179,59.8994140625,0.0023345947265625,0.34459424018859863,False,False,False,16,19556,24200
z16/19556_24201.png,z16/19556_24201.png,0.006206030150254568,49.7998046875,0.0052032470703125,0.3440279960632324,False,False,False,16,19556,24201
z16/19556_24202.png,z16/19556_24202.png,0.007954985896746317,62.6005859375,0.0027008056640625,0.3429264426231384,False,False,False,16,19556,24202
z16/19556_24203.png,z16/19556_24203.png,0.0073799217740694685,50.5,0.001800537109375,0.34248030185699463,False,False,False,16,19556,24203
z16/19556_24204.png,z16/19556_24204.png,0.007866725822289785,60.2998046875,0.0043182373046875,0.3484630584716797,False,False,False,16,19556,24204
z16/19556_24205.png,z16/19556_24205.png,0.008271999657154083,58.2001953125,0.0043487548828125,0.34604525566101074,False,False,False,16,19556,24205
z16/19556_24206.png,z16/19556_24206.png,0.007714890440305074,63.1005859375,0.00347900390625,0.3439636826515198,False,False,False,16,19556,24206
z16/19556_24207.png,z16/19556_24207.png,0.012672720352808635,42.3994140625,0.0,0.3464135229587555,False,False,False,16,19556,24207
z16/19556_24208.png,z16/19556_24208.png,0.004025495052337647,17.2998046875,0.0,0.35529667139053345,False,False,False,16,19556,24208
z16/19556_24209.png,z16/19556_24209.png,0.0033133747677008313,8.0,0.0,0.350190669298172,False,False,False,16,19556,24209
z16/19556_24210.png,z16/19556_24210.png,0.008456572890281677,27.900390625,0.0,0.34887009859085083,False,False,False,16,19556,24210
z16/19556_24211.png,z16/19556_24211.png,0.01171246866385142,39.0,0.0,0.3500325083732605,False,False,False,16,19556,24211
z16/19556_24212.png,z16/19556_24212.png,0.011379630366961161,36.400390625,0.0,0.3489271104335785,False,False,False,16,19556,24212
z16/19556_24213.png,z16/19556_24213.png,0.011087652047475178,36.900390625,0.0,0.34401923418045044,False,False,False,16,19556,24213
z16/19556_24214.png,z16/19556_24214.png,0.005306406319141388,14.400390625,0.0,0.3441965878009796,False,False,False,16,19556,24214
z16/19556_24215.png,z16/19556_24215.png,0.0014392441759506862,3.7998046875,0.0,0.3510705530643463,False,False,False,16,19556,24215
z16/19556_24216.png,z16/19556_24216.png,0.0009336070468028387,1.400390625,0.0,0.3486209511756897,False,False,False,16,19556,24216
z16/19556_24217.png,z16/19556_24217.png,0.0,0.0,0.0,0.352219820022583,False,False,False,16,19556,24217
z16/19556_24218.png,z16/19556_24218.png,0.00094093456864357,1.0,0.0,0.3444787859916687,False,False,False,16,19556,24218
z16/19556_24219.png,z16/19556_24219.png,0.0017396898319323858,3.099609375,0.0,0.34824132919311523,False,False,False,16,19556,24219
z16/19556_24220.png,z16/19556_24220.png,0.0023945314188798267,3.900390625,0.0,0.3444213271141052,False,False,False,16,19556,24220
z16/19556_24221.png,z16/19556_24221.png,0.004345801969369252,16.599609375,0.0,0.3493199050426483,False,False,False,16,19556,24221
z16/19556_24222.png,z16/19556_24222.png,0.0045705348253250126,17.5,0.0,0.33986642956733704,False,False,False,16,19556,24222
z16/19556_24223.png,z16/19556_24223.png,0.0012049436569213866,1.2001953125,0.0,0.34033599495887756,False,False,False,16,19556,24223
z16/19556_24224.png,z16/19556_24224.png,0.0014751241852839789,2.599609375,0.0,0.3421314060688019,False,False,False,16,19556,24224
z16/19556_24225.png,z16/19556_24225.png,0.0016750744233528772,4.099609375,0.0,0.34608200192451477,False,False,False,16,19556,24225
z16/19556_24226.png,z16/19556_24226.png,0.006372590363025665,13.2001953125,0.0,0.34415367245674133,False,False,False,16,19556,24226
z16/19556_24227.png,z16/19556_24227.png,0.005991122623284658,12.7998046875,0.0,0.34452831745147705,False,False,False,16,19556,24227
z16/19556_24228.png,z16/19556_24228.png,0.003376929958661397,10.0,0.0,0.35121944546699524,False,False,False,16,19556,24228
z16/19556_24229.png,z16/19556_24229.png,0.0034026357034842173,9.2998046875,0.0,0.35253435373306274,False,False,False,16,19556,24229
z16/19556_24230.png,z16/19556_24230.png,0.00818325529495875,19.5,0.0,0.34418997168540955,False,False,False,16,19556,24230
z16/19556_24231.png,z16/19556_24231.png,0.0062341431776682535,16.599609375,0.0,0.3405579924583435,False,False,False,16,19556,24231
z16/19556_24232.png,z16/19556_24232.png,0.009907283385594686,53.5,0.0,0.3392466604709625,False,False,False,16,19556,24232
z16/19556_24233.png,z16/19556_24233.png,0.008438787857691447,98.80078125,0.00079345703125,0.3351631164550781,False,False,False,16,19556,24233
z16/19556_24234.png,z16/19556_24234.png,0.010202732682228089,63.5,0.0070953369140625,0.33668217062950134,False,False,False,16,19556,24234
z16/19556_24235.png,z16/19556_24235.png,0.010766024390856424,79.2001953125,0.0393829345703125,0.3408104479312897,False,False,False,16,19556,24235
z16/19556_24236.png,z16/19556_24236.png,0.00394964317480723,25.5,0.0,0.34726613759994507,False,False,False,16,19556,24236
z16/19556_24237.png,z16/19556_24237.png,0.008243312438329061,39.900390625,0.0173187255859375,0.3408171534538269,False,False,False,16,19556,24237
z16/19556_24238.png,z16/19556_24238.png,0.002717905243237813,18.19921875,0.0,0.34687942266464233,False,False,False,16,19556,24238
z16/19556_24239.png,z16/19556_24239.png,0.0036443519095579785,12.2998046875,0.0,0.3473193645477295,False,False,False,16,19556,24239
z16/19556_24240.png,z16/19556_24240.png,0.004777445395787557,9.19921875,0.0,0.34668031334877014,False,False,False,16,19556,24240
z16/19556_24241.png,z16/19556_24241.png,0.0042081554730733235,8.599609375,0.0,0.34902316331863403,False,False,False,16,19556,24241
z16/19556_24242.png,z16/19556_24242.png,0.004176601270834605,7.400390625,0.0,0.3435976803302765,False,False,False,16,19556,24242
z16/19556_24243.png,z16/19556_24243.png,0.006040811041990916,18.2998046875,0.0,0.3400307893753052,False,False,False,16,19556,24243
z16/19556_24244.png,z16/19556_24244.png,0.005928714076677958,15.7998046875,0.0,0.34199976921081543,False,False,False,16,19556,24244
z16/19556_24245.png,z16/19556_24245.png,0.005378467837969462,17.2998046875,0.0,0.34708231687545776,False,False,False,16,19556,24245
z16/19556_24246.png,z16/19556_24246.png,0.006950182219346364,18.7998046875,0.0,0.3471224308013916,False,False,False,16,19556,24246
z16/19556_24247.png,z16/19556_24247.png,0.0020262392858664195,9.80078125,0.0,0.35941052436828613,False,False,False,16,19556,24247
z16/19556_24248.png,z16/19556_24248.png,0.0024396379788716636,10.6005859375,0.0,0.3595641553401947,False,False,False,16,19556,24248
z16/19556_24249.png,z16/19556_24249.png,0.0025796788434187573,13.2998046875,0.0,0.3616430163383484,False,False,False,16,19556,24249
z16/19556_24250.png,z16/19556_24250.png,0.0025709877411524457,17.69921875,0.0,0.3597724735736847,False,False,False,16,19556,24250
z16/19556_24251.png,z16/19556_24251.png,0.006034065783023834,79.2001953125,0.058624267578125,0.33901384472846985,False,False,False,16,19556,24251
z16/19556_24252.png,z16/19556_24252.png,0.008268304665883382,89.599609375,0.010498046875,0.33526238799095154,False,False,False,16,19556,24252
z16/19556_24253.png,z16/19556_24253.png,0.026017449299494424,115.400390625,0.0238800048828125,0.336050420999527,False,False,False,16,19556,24253
z16/19556_24254.png,z16/19556_24254.png,0.011868122220039367,137.7001953125,0.0062408447265625,0.33444809913635254,False,False,False,16,19556,24254
z16/19556_24255.png,z16/19556_24255.png,0.014855878551801045,79.099609375,0.0035247802734375,0.3351678252220154,False,False,False,16,19556,24255
z16/19556_24256.png,z16/19556_24256.png,0.0113358736038208,84.3994140625,0.0075225830078125,0.3371982276439667,False,False,False,16,19556,24256
z16/19556_24257.png,z16/19556_24257.png,0.008720364173253376,34.900390625,0.0378570556640625,0.35263198614120483,False,False,False,16,19556,24257
z16/19556_24258.png,z16/19556_24258.png,0.008533246318499247,21.099609375,0.0,0.35105273127555847,False,False,False,16,19556,24258
z16/19556_24259.png,z16/19556_24259.png,0.007966991762320201,31.2001953125,0.0,0.34799695014953613,False,False,False,16,19556,24259
z16/19556_24260.png,z16/19556_24260.png,0.008068922658761342,50.0,0.0049896240234375,0.3450621962547302,False,False,False,16,19556,24260
z16/19556_24261.png,z16/19556_24261.png,0.006158276398976644,57.5,0.0009918212890625,0.3507274091243744,False,False,False,16,19556,24261
z16/19556_24262.png,z16/19556_24262.png,0.004658295710881551,35.099609375,0.0079803466796875,0.3520897924900055,False,False,False,16,19556,24262
z16/19556_24263.png,z16/19556_24263.png,0.0023406997323036196,16.80078125,0.0065460205078125,0.3527279496192932,False,False,False,16,19556,24263
z16/19556_24264.png,z16/19556_24264.png,0.004520057141780854,23.400390625,0.0008544921875,0.34704938530921936,False,False,False,16,19556,24264
z16/19556_24265.png,z16/19556_24265.png,0.008853686849276225,29.7001953125,0.0433349609375,0.3458854556083679,False,False,False,16,19556,24265
z16/19556_24266.png,z16/19556_24266.png,0.0061545307437578835,35.5,0.051849365234375,0.3423423171043396,False,False,False,16,19556,24266
z16/19556_24267.png,z16/19556_24267.png,0.0045563648144404095,21.5,0.0,0.3464179039001465,False,False,False,16,19556,24267
z16/19556_24268.png,z16/19556_24268.png,0.004559731980164846,18.400390625,0.0,0.3469371795654297,False,False,False,16,19556,24268
z16/19556_24269.png,z16/19556_24269.png,0.005520237982273102,14.5,0.0,0.34542733430862427,False,False,False,16,19556,24269
z16/19556_24270.png,z16/19556_24270.png,0.0032798108955224355,15.7998046875,0.0,0.34720784425735474,False,False,False,16,19556,24270
z16/19556_24271.png,z16/19556_24271.png,0.0017398130148649216,5.099609375,0.0,0.348097562789917,False,False,False,16,19556,24271
z16/19557_24200.png,z16/19557_24200.png,0.010958109299341838,51.900390625,0.0,0.3487347960472107,False,False,False,16,19557,24200
z16/19557_24201.png,z16/19557_24201.png,0.00536110649506251,37.2998046875,0.0437469482421875,0.34477028250694275,False,False,False,16,19557,24201
z16/19557_24202.png,z16/19557_24202.png,0.007198706765969594,30.5,0.0,0.3492854833602905,False,False,False,16,19557,24202
z16/19557_24203.png,z16/19557_24203.png,0.008751274148623148,33.2001953125,0.0,0.3423248827457428,False,False,False,16,19557,24203
z16/19557_24204.png,z16/19557_24204.png,0.00743596355120341,31.2001953125,0.030792236328125,0.3429774343967438,False,False,False,16,19557,24204
z16/19557_24205.png,z16/19557_24205.png,0.0061464130878448485,18.3994140625,0.0,0.3449808657169342,False,False,False,16,19557,24205
z16/19557_24206.png,z16/19557_24206.png,0.005640379587809245,13.400390625,0.0,0.3520905673503876,False,False,False,16,19557,24206
z16/19557_24207.png,z16/19557_24207.png,0.0039783395826816555,8.2998046875,0.0,0.3418932557106018,False,False,False,16,19557,24207
z16/19557_24208.png,z16/19557_24208.png,0.007056823372840882,25.8994140625,0.0,0.3386117219924927,False,False,False,16,19557,24208
z16/19557_24209.png,z16/19557_24209.png,0.009999595085779826,54.0,0.0677642822265625,0.3447713553905487,False,False,False,16,19557,24209
z16/19557_24210.png,z16/19557_24210.png,0.008482050895690919,47.0,0.0047149658203125,0.340948224067688,False,False,False,16,19557,24210
z16/19557_24211.png,z16/19557_24211.png,0.011613052090009053,71.5,0.0016021728515625,0.3507111668586731,False,False,False,16,19557,24211
z16/19557_24212.png,z16/19557_24212.png,0.0254440704981486,117.7998046875,0.0019989013671875,0.34279340505599976,False,False,False,16,19557,24212
z16/19557_24213.png,z16/19557_24213.png,0.018498178323109946,109.5,0.0064239501953125,0.34292155504226685,False,False,False,16,19557,24213
z16/19557_24214.png,z16/19557_24214.png,0.016186213493347167,80.099609375,0.01025390625,0.3459164798259735,False,False,False,16,19557,24214
z16/19557_24215.png,z16/19557_24215.png,0.005590238173802694,26.1005859375,0.0288543701171875,0.34541285037994385,False,False,False,16,19557,24215
z16/19557_24216.png,z16/19557_24216.png,0.0050758411486943565,19.099609375,0.0,0.34695225954055786,False,False,False,16,19557,24216
z16/19557_24217.png,z16/19557_24217.png,0.0032118995984395343,7.2001953125,0.0,0.34325820207595825,False,False,False,16,19557,24217
z16/19557_24218.png,z16/19557_24218.png,0.0014603945116202037,3.80078125,0.0,0.34549611806869507,False,False,False,16,19557,24218
z16/19557_24219.png,z16/19557_24219.png,0.0018324180195728938,4.5,0.0,0.3446778953075409,False,False,False,16,19557,24219
z16/19557_24220.png,z16/19557_24220.png,0.004336697359879811,8.0,0.0,0.345575213432312,False,False,False,16,19557,24220
z16/19557_24221.png,z16/19557_24221.png,0.003568815936644872,10.30078125,0.0,0.34463027119636536,False,False,False,16,19557,24221
z16/19557_24222.png,z16/19557_24222.png,0.0028329725066820782,9.400390625,0.0,0.33988475799560547,False,False,False,16,19557,24222
z16/19557_24223.png,z16/19557_24223.png,0.002778727064530055,7.0,0.0,0.33942559361457825,False,False,False,16,19557,24223
z16/19557_24224.png,z16/19557_24224.png,0.0016883569459120432,4.099609375,0.0,0.33975547552108765,False,False,False,16,19557,24224
z16/19557_24225.png,z16/19557_24225.png,0.0020395444085200627,5.900390625,0.0,0.3428801894187927,False,False,False,16,19557,24225
z16/19557_24226.png,z16/19557_24226.png,0.004558673997720083,12.5,0.0,0.3452957272529602,False,False,False,16,19557,24226
z16/19557_24227.png,z16/19557_24227.png,0.006272709866364797,19.1005859375,0.0,0.3421344459056854,False,False,False,16,19557,24227
z16/19557_24228.png,z16/19557_24228.png,0.008089053630828857,21.599609375,0.0,0.34381726384162903,False,False,False,16,19557,24228
z16/19557_24229.png,z16/19557_24229.png,0.005005728205045064,13.30078125,0.0,0.3445252776145935,False,False,False,16,19557,24229
z16/19557_24230.png,z16/19557_24230.png,0.004084303975105286,10.099609375,0.0,0.3413332998752594,False,False,False,16,19557,24230
z16/19557_24231.png,z16/19557_24231.png,0.010041292508443196,45.3994140625,0.0,0.3351006507873535,False,False,False,16,19557,24231
z16/19557_24232.png,z16/19557_24232.png,0.007345465322335561,41.8994140625,0.0003204345703125,0.33846503496170044,False,False,False,16,19557,24232
z16/19557_24233.png,z16/19557_24233.png,0.010225315888722738,90.900390625,0.0387420654296875,0.33442386984825134,False,False,False,16,19557,24233
z16/19557_24234.png,z16/19557_24234.png,0.018866840998331705,102.7001953125,0.0561065673828125,0.33607977628707886,False,False,False,16,19557,24234
z16/19557_24235.png,z16/19557_24235.png,0.012273773550987244,70.5,0.0146026611328125,0.33888763189315796,False,False,False,16,19557,24235
z16/19557_24236.png,z16/19557_24236.png,0.003909521549940109,39.5,0.0307769775390625,0.34849709272384644,False,False,False,16,19557,24236
z16/19557_24237.png,z16/19557_24237.png,0.004843809207280477,26.599609375,0.011749267578125,0.34434372186660767,False,False,False,16,19557,24237
z16/19557_24238.png,z16/19557_24238.png,0.0031473929683367412,22.7998046875,0.0,0.348425954580307,False,False,False,16,19557,24238
z16/19557_24239.png,z16/19557_24239.png,0.0020790449033180874,8.3994140625,0.0,0.34124982357025146,False,False,False,16,19557,24239
z16/19557_24240.png,z16/19557_24240.png,0.00233301967382431,5.7001953125,0.0,0.3424292802810669,False,False,False,16,19557,24240
z16/19557_24241.png,z16/19557_24241.png,0.0024033233523368834,5.900390625,0.0,0.3427528738975525,False,False,False,16,19557,24241
z16/19557_24242.png,z16/19557_24242.png,0.0028162012497584027,8.2998046875,0.0,0.34383755922317505,False,False,False,16,19557,24242
z16/19557_24243.png,z16/19557_24243.png,0.004596014817555745,11.0,0.0,0.3420805037021637,False,False,False,16,19557,24243
z16/19557_24244.png,z16/19557_24244.png,0.005208061635494232,15.099609375,0.0,0.34339749813079834,False,False,False,16,19557,24244
z16/19557_24245.png,z16/19557_24245.png,0.005138888955116272,13.1005859375,0.0,0.3523300886154175,False,False,False,16,19557,24245
z16/19557_24246.png,z16/19557_24246.png,0.007132106026013692,15.7998046875,0.0,0.3502773344516754,False,False,False,16,19557,24246
z16/19557_24247.png,z16/19557_24247.png,0.0041507897277673084,14.5,0.0,0.35183295607566833,False,False,False,16,19557,24247
z16/19557_24248.png,z16/19557_24248.png,0.004099981735150019,17.19921875,0.0101776123046875,0.3430556058883667,False,False,False,16,19557,24248
z16/19557_24249.png,z16/19557_24249.png,0.003222402185201645,10.900390625,0.0,0.348553329706192,False,False,False,16,19557,24249
z16/19557_24250.png,z16/19557_24250.png,0.003513829658428828,26.2998046875,0.0096588134765625,0.3576164245605469,False,False,False,16,19557,24250
z16/19557_24251.png,z16/19557_24251.png,0.005935506522655487,60.2998046875,0.0121307373046875,0.3410676419734955,False,False,False,16,19557,24251
z16/19557_24252.png,z16/19557_24252.png,0.007735663155714671,66.7998046875,0.0323944091796875,0.3360273241996765,False,False,False,16,19557,24252
z16/19557_24253.png,z16/19557_24253.png,0.026978792746861775,122.0,0.01165771484375,0.3391280770301819,False,False,False,16,19557,24253
z16/19557_24254.png,z16/19557_24254.png,0.007562228540579478,122.5,0.00640869140625,0.33870550990104675,False,False,False,16,19557,24254
z16/19557_24255.png,z16/19557_24255.png,0.009939709305763244,42.7001953125,0.0048065185546875,0.3466320335865021,False,False,False,16,19557,24255
z16/19557_24256.png,z16/19557_24256.png,0.013302470246950785,52.7001953125,0.0217742919921875,0.3491993844509125,False,False,False,16,19557,24256
z16/19557_24257.png,z16/19557_24257.png,0.008723018566767375,51.2001953125,0.032135009765625,0.35384058952331543,False,False,False,16,19557,24257
z16/19557_24258.png,z16/19557_24258.png,0.008645373582839965,16.0,0.0,0.3471522629261017,False,False,False,16,19557,24258
z16/19557_24259.png,z16/19557_24259.png,0.005527672171592712,31.599609375,0.0267333984375,0.3469041585922241,False,False,False,16,19557,24259
z16/19557_24260.png,z16/19557_24260.png,0.006826745967070262,36.099609375,0.0140228271484375,0.3486456871032715,False,False,False,16,19557,24260
z16/19557_24261.png,z16/19557_24261.png,0.00658210019270579,34.6005859375,0.0028228759765625,0.3454751968383789,False,False,False,16,19557,24261
z16/19557_24262.png,z16/19557_24262.png,0.0041229625542958575,25.7001953125,0.0290069580078125,0.357788622379303,False,False,False,16,19557,24262
z16/19557_24263.png,z16/19557_24263.png,0.002589285373687744,17.0,0.0,0.35533350706100464,False,False,False,16,19557,24263
z16/19557_24264.png,z16/19557_24264.png,0.0060160204768180845,15.5,0.0,0.33804580569267273,False,False,False,16,19557,24264
z16/19557_24265.png,z16/19557_24265.png,0.009930034478505453,38.5,0.0081024169921875,0.341575562953949,False,False,False,16,19557,24265
z16/19557_24266.png,z16/19557_24266.png,0.0058409258723258976,34.19921875,0.0002593994140625,0.346868097782135,False,False,False,16,19557,24266
z16/19557_24267.png,z16/19557_24267.png,0.00548802117506663,18.5,0.0415802001953125,0.3482043743133545,False,False,False,16,19557,24267
z16/19557_24268.png,z16/19557_24268.png,0.004142644753058752,20.2998046875,0.040313720703125,0.34568315744400024,False,False,False,16,19557,24268
z16/19557_24269.png,z16/19557_24269.png,0.00627206414937973,26.0,0.025146484375,0.348078191280365,False,False,False,16,19557,24269
z16/19557_24270.png,z16/19557_24270.png,0.0055068115393320715,13.0,0.0,0.346835732460022,False,False,False,16,19557,24270
z16/19557_24271.png,z16/19557_24271.png,0.0018831465393304824,8.400390625,0.0,0.3445914685726166,False,False,False,16,19557,24271
z16/19558_24200.png,z16/19558_24200.png,0.015827144185702007,24.599609375,0.0,0.343941330909729,False,False,False,16,19558,24200
z16/19558_24201.png,z16/19558_24201.png,0.010657939314842223,25.2001953125,0.0,0.34433919191360474,False,False,False,16,19558,24201
z16/19558_24202.png,z16/19558_24202.png,0.0018298599869012832,7.2998046875,0.0,0.34861642122268677,False,False,False,16,19558,24202
z16/19558_24203.png,z16/19558_24203.png,0.0045851171016693115,18.2998046875,0.0,0.3483657240867615,False,False,False,16,19558,24203
z16/19558_24204.png,z16/19558_24204.png,0.017295593023300172,54.099609375,0.0,0.34667614102363586,False,False,False,16,19558,24204
z16/19558_24205.png,z16/19558_24205.png,0.010337953766187033,46.599609375,0.0,0.33994051814079285,False,False,False,16,19558,24205
z16/19558_24206.png,z16/19558_24206.png,0.01289915641148885,41.2998046875,0.0,0.34229153394699097,False,False,False,16,19558,24206
z16/19558_24207.png,z16/19558_24207.png,0.009397254387537638,35.80078125,0.0303497314453125,0.3427022099494934,False,False,False,16,19558,24207
z16/19558_24208.png,z16/19558_24208.png,0.016459749142328898,72.69921875,0.03338623046875,0.35164499282836914,False,False,False,16,19558,24208
z16/19558_24209.png,z16/19558_24209.png,0.015740212798118592,63.400390625,0.0007171630859375,0.351591557264328,False,False,False,16,19558,24209
z16/19558_24210.png,z16/19558_24210.png,0.010205556948979696,61.599609375,0.015228271484375,0.3478962779045105,False,False,False,16,19558,24210
z16/19558_24211.png,z16/19558_24211.png,0.011208401123682658,75.5,0.004974365234375,0.34523552656173706,False,False,False,16,19558,24211
z16/19558_24212.png,z16/19558_24212.png,0.009897240996360778,52.5,0.0212860107421875,0.3479544520378113,False,False,False,16,19558,24212
z16/19558_24213.png,z16/19558_24213.png,0.012831330299377441,91.099609375,0.00994873046875,0.34798097610473633,False,False,False,16,19558,24213
z16/19558_24214.png,z16/19558_24214.png,0.017964233954747517,88.8994140625,0.0087738037109375,0.35092219710350037,False,False,False,16,19558,24214
z16/19558_24215.png,z16/19558_24215.png,0.02198437452316284,80.7001953125,0.01629638671875,0.3478660583496094,False,False,False,16,19558,24215
z16/19558_24216.png,z16/19558_24216.png,0.03027973175048828,87.599609375,0.014007568359375,0.34482336044311523,False,False,False,16,19558,24216
z16/19558_24217.png,z16/19558_24217.png,0.003467017908891042,22.6005859375,0.0,0.34262600541114807,False,False,False,16,19558,24217
z16/19558_24218.png,z16/19558_24218.png,0.004209667940934499,9.5,0.0,0.34293365478515625,False,False,False,16,19558,24218
z16/19558_24219.png,z16/19558_24219.png,0.002754831810792287,5.900390625,0.0,0.342041939496994,False,False,False,16,19558,24219
z16/19558_24220.png,z16/19558_24220.png,0.0007685023670395215,2.19921875,0.0,0.3465842008590698,False,False,False,16,19558,24220
z16/19558_24221.png,z16/19558_24221.png,0.00210125595331192,4.5,0.0,0.3448134958744049,False,False,False,16,19558,24221
z16/19558_24222.png,z16/19558_24222.png,0.0032413164774576825,8.7998046875,0.0,0.3506624698638916,False,False,False,16,19558,24222
z16/19558_24223.png,z16/19558_24223.png,0.004251306255658467,8.7001953125,0.0,0.3433889150619507,False,False,False,16,19558,24223
z16/19558_24224.png,z16/19558_24224.png,0.005047919849554698,13.6005859375,0.0,0.34335827827453613,False,False,False,16,19558,24224
z16/19558_24225.png,z16/19558_24225.png,0.004744324584801992,13.3994140625,0.0,0.34002023935317993,False,False,False,16,19558,24225
z16/19558_24226.png,z16/19558_24226.png,0.00298417533437411,8.8994140625,0.0,0.34821563959121704,False,False,False,16,19558,24226
z16/19558_24227.png,z16/19558_24227.png,0.003124586244424184,8.400390625,0.0,0.35959863662719727,False,False,False,16,19558,24227
z16/19558_24228.png,z16/19558_24228.png,0.0018470626324415206,3.5,0.0,0.34244054555892944,False,False,False,16,19558,24228
z16/19558_24229.png,z16/19558_24229.png,0.0024772259096304578,5.5,0.0,0.3417641222476959,False,False,False,16,19558,24229
z16/19558_24230.png,z16/19558_24230.png,0.0034095476071039836,8.0,0.0,0.3493288457393646,False,False,False,16,19558,24230
z16/19558_24231.png,z16/19558_24231.png,0.005958107610543569,28.0,0.0,0.34249037504196167,False,False,False,16,19558,24231
z16/19558_24232.png,z16/19558_24232.png,0.012189573049545288,42.0,0.0,0.3380216658115387,False,False,False,16,19558,24232
z16/19558_24233.png,z16/19558_24233.png,0.0066228533784548444,28.6005859375,0.0,0.3408348262310028,False,False,False,16,19558,24233
z16/19558_24234.png,z16/19558_24234.png,0.0021211929619312287,5.5,0.0,0.3357905447483063,False,False,False,16,19558,24234
z16/19558_24235.png,z16/19558_24235.png,0.0022353880107402802,10.0,0.0,0.34101206064224243,False,False,False,16,19558,24235
z16/19558_24236.png,z16/19558_24236.png,0.0019740757842858633,19.0,0.00433349609375,0.349042683839798,False,False,False,16,19558,24236
z16/19558_24237.png,z16/19558_24237.png,0.005082128445307413,25.1005859375,0.0,0.34917640686035156,False,False,False,16,19558,24237
z16/19558_24238.png,z16/19558_24238.png,0.006924976408481598,34.2001953125,0.0258026123046875,0.34179022908210754,False,False,False,16,19558,24238
z16/19558_24239.png,z16/19558_24239.png,0.003194016714890798,21.5,0.0,0.33849260210990906,False,False,False,16,19558,24239
z16/19558_24240.png,z16/19558_24240.png,0.001962297533949216,6.7998046875,0.0,0.34947866201400757,False,False,False,16,19558,24240
z16/19558_24241.png,z16/19558_24241.png,0.001997527480125427,3.900390625,0.0,0.34379690885543823,False,False,False,16,19558,24241
z16/19558_24242.png,z16/19558_24242.png,0.0029846906661987306,9.5,0.0,0.3513045012950897,False,False,False,16,19558,24242
z16/19558_24243.png,z16/19558_24243.png,0.0039022654294967652,12.900390625,0.0,0.3468823730945587,False,False,False,16,19558,24243
z16/19558_24244.png,z16/19558_24244.png,0.0024678580462932586,7.6005859375,0.0,0.3396274447441101,False,False,False,16,19558,24244
z16/19558_24245.png,z16/19558_24245.png,0.002198639512062073,6.2998046875,0.0,0.3528050184249878,False,False,False,16,19558,24245
z16/19558_24246.png,z16/19558_24246.png,0.0035843051970005035,11.7001953125,0.0,0.36521944403648376,False,False,False,16,19558,24246
z16/19558_24247.png,z16/19558_24247.png,0.006151252488295237,13.7001953125,0.0,0.35457900166511536,False,False,False,16,19558,24247
z16/19558_24248.png,z16/19558_24248.png,0.005233625074227651,14.0,0.0,0.3460947871208191,False,False,False,16,19558,24248
z16/19558_24249.png,z16/19558_24249.png,0.0037864282727241515,13.2998046875,0.0,0.3411220610141754,False,False,False,16,19558,24249
z16/19558_24250.png,z16/19558_24250.png,0.003778410206238429,26.400390625,0.0070343017578125,0.34204238653182983,False,False,False,16,19558,24250
z16/19558_24251.png,z16/19558_24251.png,0.007622834543387095,50.7998046875,0.0317535400390625,0.34242549538612366,False,False,False,16,19558,24251
z16/19558_24252.png,z16/19558_24252.png,0.008139596879482269,86.1005859375,0.0228271484375,0.33629268407821655,False,False,False,16,19558,24252
z16/19558_24253.png,z16/19558_24253.png,0.018218022584915162,113.2998046875,0.0429840087890625,0.3346768915653229,False,False,False,16,19558,24253
z16/19558_24254.png,z16/19558_24254.png,0.008459243178367614,125.7998046875,0.011932373046875,0.33496448397636414,False,False,False,16,19558,24254
z16/19558_24255.png,z16/19558_24255.png,0.009624557693799336,33.0,0.0478515625,0.35278943181037903,False,False,False,16,19558,24255
z16/19558_24256.png,z16/19558_24256.png,0.010953192909558615,37.0,0.016357421875,0.34819915890693665,False,False,False,16,19558,24256
z16/19558_24257.png,z16/19558_24257.png,0.011168444156646728,44.7001953125,0.0283966064453125,0.3554461598396301,False,False,False,16,19558,24257
z16/19558_24258.png,z16/19558_24258.png,0.0077235360940297445,23.2001953125,0.0,0.3486154079437256,False,False,False,16,19558,24258
z16/19558_24259.png,z16/19558_24259.png,0.005379371345043182,21.900390625,0.041748046875,0.34845706820487976,False,False,False,16,19558,24259
z16/19558_24260.png,z16/19558_24260.png,0.004540437956651052,15.400390625,0.0,0.3423904478549957,False,False,False,16,19558,24260
z16/19558_24261.png,z16/19558_24261.png,0.004019845277070999,14.599609375,0.01641845703125,0.3455832898616791,False,False,False,16,19558,24261
z16/19558_24262.png,z16/19558_24262.png,0.0031852131088574726,14.1005859375,0.0,0.3546583652496338,False,False,False,16,19558,24262
z16/19558_24263.png,z16/19558_24263.png,0.0025641930600007377,12.400390625,0.0,0.35031092166900635,False,False,False,16,19558,24263
z16/19558_24264.png,z16/19558_24264.png,0.006223029394944509,37.80078125,0.0076904296875,0.34371283650398254,False,False,False,16,19558,24264
z16/19558_24265.png,z16/19558_24265.png,0.007434183855851492,37.900390625,0.0,0.34008076786994934,False,False,False,16,19558,24265
z16/19558_24266.png,z16/19558_24266.png,0.003557918220758438,20.900390625,0.0055694580078125,0.35046306252479553,False,False,False,16,19558,24266
z16/19558_24267.png,z16/19558_24267.png,0.004839458068211873,35.5,0.0108795166015625,0.3548326790332794,False,False,False,16,19558,24267
z16/19558_24268.png,z16/19558_24268.png,0.004382501045862834,32.2001953125,0.0194549560546875,0.35263651609420776,False,False,False,16,19558,24268
z16/19558_24269.png,z16/19558_24269.png,0.003788472463687261,17.30078125,0.0,0.34477880597114563,False,False,False,16,19558,24269
z16/19558_24270.png,z16/19558_24270.png,0.004239124059677124,16.7001953125,0.0,0.3472099006175995,False,False,False,16,19558,24270
z16/19558_24271.png,z16/19558_24271.png,0.005615788201491038,12.8994140625,0.0,0.34704509377479553,False,False,False,16,19558,24271
z16/19559_24200.png,z16/19559_24200.png,0.007385507225990295,41.5,0.0,0.34022942185401917,False,False,False,16,19559,24200
z16/19559_24201.png,z16/19559_24201.png,0.011623295148213704,29.3994140625,0.0,0.3413737714290619,False,False,False,16,19559,24201
z16/19559_24202.png,z16/19559_24202.png,0.009982016682624818,19.900390625,0.0,0.34307610988616943,False,False,False,16,19559,24202
z16/19559_24203.png,z16/19559_24203.png,0.016212077935536702,42.7998046875,0.0,0.3440445065498352,False,False,False,16,19559,24203
z16/19559_24204.png,z16/19559_24204.png,0.01299651265144348,62.099609375,0.027008056640625,0.3495302200317383,False,False,False,16,19559,24204
z16/19559_24205.png,z16/19559_24205.png,0.007125195364157359,36.400390625,0.0027008056640625,0.3592517077922821,False,False,False,16,19559,24205
z16/19559_24206.png,z16/19559_24206.png,0.004245151082674662,28.7001953125,0.0,0.3545999825000763,False,False,False,16,19559,24206
z16/19559_24207.png,z16/19559_24207.png,0.01203843355178833,67.6005859375,0.0013885498046875,0.34215420484542847,False,False,False,16,19559,24207
z16/19559_24208.png,z16/19559_24208.png,0.010532752672831217,81.7998046875,0.003997802734375,0.3511554002761841,False,False,False,16,19559,24208
z16/19559_24209.png,z16/19559_24209.png,0.00885996421178182,62.1005859375,0.0062713623046875,0.34929102659225464,False,False,False,16,19559,24209
z16/19559_24210.png,z16/19559_24210.png,0.009890065590540568,89.900390625,0.005767822265625,0.34182479977607727,False,False,False,16,19559,24210
z16/19559_24211.png,z16/19559_24211.png,0.01654372215270996,70.2998046875,0.0023040771484375,0.3487187325954437,False,False,False,16,19559,24211
z16/19559_24212.png,z16/19559_24212.png,0.015689804156621297,107.2998046875,0.0542755126953125,0.34773412346839905,False,False,False,16,19559,24212
z16/19559_24213.png,z16/19559_24213.png,0.018299349149068198,135.80078125,0.03057861328125,0.34556353092193604,False,False,False,16,19559,24213
z16/19559_24214.png,z16/19559_24214.png,0.012214646736780802,99.80078125,0.0026397705078125,0.3445942997932434,False,False,False,16,19559,24214
z16/19559_24215.png,z16/19559_24215.png,0.01425809363524119,95.2001953125,0.0070953369140625,0.3493750989437103,False,False,False,16,19559,24215
z16/19559_24216.png,z16/19559_24216.png,0.01660282015800476,92.2998046875,0.017547607421875,0.3519527018070221,False,False,False,16,19559,24216
z16/19559_24217.png,z16/19559_24217.png,0.02322835326194763,82.69921875,0.043365478515625,0.3494296371936798,False,False,False,16,19559,24217
z16/19559_24218.png,z16/19559_24218.png,0.010160964727401734,33.2001953125,0.0031585693359375,0.34304943680763245,False,False,False,16,19559,24218
z16/19559_24219.png,z16/19559_24219.png,0.006626942257086436,16.2001953125,0.0,0.34051254391670227,False,False,False,16,19559,24219
z16/19559_24220.png,z16/19559_24220.png,0.0011512434730927149,2.099609375,0.0,0.34442511200904846,False,False,False,16,19559,24220
z16/19559_24221.png,z16/19559_24221.png,0.0011618352184693018,2.2998046875,0.0,0.34114328026771545,False,False,False,16,19559,24221
z16/19559_24222.png,z16/19559_24222.png,0.0033629941443602245,7.7998046875,0.0,0.342630535364151,False,False,False,16,19559,24222
z16/19559_24223.png,z16/19559_24223.png,0.003181268523136775,10.3994140625,0.0,0.34592902660369873,False,False,False,16,19559,24223
z16/19559_24224.png,z16/19559_24224.png,0.002418707062800725,4.400390625,0.0,0.34664660692214966,False,False,False,16,19559,24224
z16/19559_24225.png,z16/19559_24225.png,0.0011899920801321665,1.599609375,0.0,0.3444196879863739,False,False,False,16,19559,24225
z16/19559_24226.png,z16/19559_24226.png,0.0012534625828266143,2.6005859375,0.0,0.3491452634334564,False,False,False,16,19559,24226
z16/19559_24227.png,z16/19559_24227.png,0.00112546905875206,2.0,0.0,0.3576031029224396,False,False,False,16,19559,24227
z16/19559_24228.png,z16/19559_24228.png,0.0013774303098519644,1.1005859375,0.0,0.36025384068489075,False,False,False,16,19559,24228
z16/19559_24229.png,z16/19559_24229.png,0.0027091493209203082,6.2001953125,0.0,0.35688042640686035,False,False,False,16,19559,24229
z16/19559_24230.png,z16/19559_24230.png,0.0020553889373938245,4.099609375,0.0,0.35820335149765015,False,False,False,16,19559,24230
z16/19559_24231.png,z16/19559_24231.png,0.0017973976830641428,4.0,0.0,0.3574543297290802,False,False,False,16,19559,24231
z16/19559_24232.png,z16/19559_24232.png,0.0022670465211073556,5.400390625,0.0,0.34548163414001465,False,False,False,16,19559,24232
z16/19559_24233.png,z16/19559_24233.png,0.0017443488041559855,3.7998046875,0.0,0.3376471996307373,False,False,False,16,19559,24233
z16/19559_24234.png,z16/19559_24234.png,0.0018042718370755513,6.3994140625,0.0,0.3365579843521118,False,False,False,16,19559,24234
z16/19559_24235.png,z16/19559_24235.png,0.0034507445991039274,18.1005859375,0.0,0.3461688458919525,False,False,False,16,19559,24235
z16/19559_24236.png,z16/19559_24236.png,0.0030703864991664886,13.599609375,0.0,0.34947001934051514,False,False,False,16,19559,24236
z16/19559_24237.png,z16/19559_24237.png,0.0029002944628397625,20.7001953125,0.0293121337890625,0.34988290071487427,False,False,False,16,19559,24237
z16/19559_24238.png,z16/19559_24238.png,0.0053775355219841,32.2001953125,0.0184326171875,0.3418436646461487,False,False,False,16,19559,24238
z16/19559_24239.png,z16/19559_24239.png,0.002532259871562322,11.80078125,0.0,0.3388907015323639,False,False,False,16,19559,24239
z16/19559_24240.png,z16/19559_24240.png,0.001941125343243281,6.0,0.0,0.33790379762649536,False,False,False,16,19559,24240
z16/19559_24241.png,z16/19559_24241.png,0.002062253033121427,4.30078125,0.0,0.3439789116382599,False,False,False,16,19559,24241
z16/19559_24242.png,z16/19559_24242.png,0.0027851852277914683,8.7998046875,0.0,0.3674781918525696,False,False,False,16,19559,24242
z16/19559_24243.png,z16/19559_24243.png,0.0030999002357323963,10.2001953125,0.0,0.34878602623939514,False,False,False,16,19559,24243
z16/19559_24244.png,z16/19559_24244.png,0.003116295238335927,11.6005859375,0.0,0.34105581045150757,False,False,False,16,19559,24244
z16/19559_24245.png,z16/19559_24245.png,0.0041601650416851045,11.19921875,0.0,0.36011219024658203,False,False,False,16,19559,24245
z16/19559_24246.png,z16/19559_24246.png,0.0018390650550524394,4.5,0.0,0.3512643575668335,False,False,False,16,19559,24246
z16/19559_24247.png,z16/19559_24247.png,0.0022323615849018097,7.900390625,0.0,0.36574676632881165,False,False,False,16,19559,24247
z16/19559_24248.png,z16/19559_24248.png,0.00542900562286377,14.599609375,0.0,0.3517445921897888,False,False,False,16,19559,24248
z16/19559_24249.png,z16/19559_24249.png,0.0036478124558925627,12.2998046875,0.0,0.34539616107940674,False,False,False,16,19559,24249
z16/19559_24250.png,z16/19559_24250.png,0.006155823667844136,52.599609375,0.0079345703125,0.34466618299484253,False,False,False,16,19559,24250
z16/19559_24251.png,z16/19559_24251.png,0.012462350726127624,94.0,0.0159454345703125,0.339445024728775,False,False,False,16,19559,24251
z16/19559_24252.png,z16/19559_24252.png,0.009641059239705404,87.099609375,0.0066070556640625,0.3382789194583893,False,False,False,16,19559,24252
z16/19559_24253.png,z16/19559_24253.png,0.01632075309753418,116.7001953125,0.0046234130859375,0.33401960134506226,False,False,False,16,19559,24253
z16/19559_24254.png,z16/19559_24254.png,0.008918008208274842,104.2001953125,0.0256805419921875,0.3345666527748108,False,False,False,16,19559,24254
z16/19559_24255.png,z16/19559_24255.png,0.00902815858523051,36.30078125,0.00665283203125,0.3508695065975189,False,False,False,16,19559,24255
z16/19559_24256.png,z16/19559_24256.png,0.007649172842502594,41.7001953125,0.001556396484375,0.3499941825866699,False,False,False,16,19559,24256
z16/19559_24257.png,z16/19559_24257.png,0.009776767094930012,54.900390625,0.0121917724609375,0.3554546535015106,False,False,False,16,19559,24257
z16/19559_24258.png,z16/19559_24258.png,0.0018669961641232173,5.2001953125,0.0,0.353208065032959,False,False,False,16,19559,24258
z16/19559_24259.png,z16/19559_24259.png,0.004400987923145294,17.900390625,0.0,0.3438136577606201,False,False,False,16,19559,24259
z16/19559_24260.png,z16/19559_24260.png,0.0038145368297894796,11.599609375,0.0,0.34213951230049133,False,False,False,16,19559,24260
z16/19559_24261.png,z16/19559_24261.png,0.0048289676507314045,45.2998046875,0.01141357421875,0.3465363681316376,False,False,False,16,19559,24261
z16/19559_24262.png,z16/19559_24262.png,0.004381727675596873,38.0,0.0045928955078125,0.3484412729740143,False,False,False,16,19559,24262
z16/19559_24263.png,z16/19559_24263.png,0.003501960635185242,35.7001953125,0.0084381103515625,0.3559930920600891,False,False,False,16,19559,24263
z16/19559_24264.png,z16/19559_24264.png,0.004940224687258402,35.2998046875,0.0301361083984375,0.35207080841064453,False,False,False,16,19559,24264
z16/19559_24265.png,z16/19559_24265.png,0.006759829819202423,37.5,0.0081787109375,0.34619268774986267,False,False,False,16,19559,24265
z16/19559_24266.png,z16/19559_24266.png,0.0065584893027941385,43.599609375,0.0262451171875,0.35209381580352783,False,False,False,16,19559,24266
z16/19559_24267.png,z16/19559_24267.png,0.0038860288759072622,14.80078125,0.0,0.3470887243747711,False,False,False,16,19559,24267
z16/19559_24268.png,z16/19559_24268.png,0.002840241293112437,14.7001953125,0.0,0.3438608646392822,False,False,False,16,19559,24268
z16/19559_24269.png,z16/19559_24269.png,0.0025986323753992716,6.8994140625,0.0,0.34893882274627686,False,False,False,16,19559,24269
z16/19559_24270.png,z16/19559_24270.png,0.0019764327754577,9.6005859375,0.0,0.34170734882354736,False,False,False,16,19559,24270
z16/19559_24271.png,z16/19559_24271.png,0.00506603866815567,12.099609375,0.0,0.34654200077056885,False,False,False,16,19559,24271
z16/19560_24200.png,z16/19560_24200.png,0.008585535486539205,56.0,0.0403594970703125,0.3337855935096741,False,False,False,16,19560,24200
z16/19560_24201.png,z16/19560_24201.png,0.012748689452807108,43.19921875,0.0081787109375,0.34332287311553955,False,False,False,16,19560,24201
z16/19560_24202.png,z16/19560_24202.png,0.015416528781255085,48.099609375,0.00396728515625,0.3374216556549072,False,False,False,16,19560,24202
z16/19560_24203.png,z16/19560_24203.png,0.006645214060942332,28.5,0.00177001953125,0.344703733921051,False,False,False,16,19560,24203
z16/19560_24204.png,z16/19560_24204.png,0.007619831462701162,20.1005859375,0.00457763671875,0.3522294759750366,False,False,False,16,19560,24204
z16/19560_24205.png,z16/19560_24205.png,0.003767763823270798,19.2001953125,0.0057830810546875,0.3641577661037445,False,False,False,16,19560,24205
z16/19560_24206.png,z16/19560_24206.png,0.009018500645955404,28.1005859375,0.0122528076171875,0.34870854020118713,False,False,False,16,19560,24206
z16/19560_24207.png,z16/19560_24207.png,0.008770685394605,74.2001953125,0.0351104736328125,0.33601030707359314,False,False,False,16,19560,24207
z16/19560_24208.png,z16/19560_24208.png,0.011846142013867696,58.2998046875,0.0046844482421875,0.3415347933769226,False,False,False,16,19560,24208
z16/19560_24209.png,z16/19560_24209.png,0.008428601423899333,61.7998046875,0.01116943359375,0.3423364460468292,False,False,False,16,19560,24209
z16/19560_24210.png,z16/19560_24210.png,0.013044858972231546,57.900390625,0.00347900390625,0.3451627194881439,False,False,False,16,19560,24210
z16/19560_24211.png,z16/19560_24211.png,0.009177230795224508,49.0,0.0019378662109375,0.35169538855552673,False,False,False,16,19560,24211
z16/19560_24212.png,z16/19560_24212.png,0.009723182519276936,99.0,0.013671875,0.34729307889938354,False,False,False,16,19560,24212
z16/19560_24213.png,z16/19560_24213.png,0.014657121896743775,81.3994140625,0.0006103515625,0.34410369396209717,False,False,False,16,19560,24213
z16/19560_24214.png,z16/19560_24214.png,0.01729167898495992,109.5,0.0046539306640625,0.3467405140399933,False,False,False,16,19560,24214
z16/19560_24215.png,z16/19560_24215.png,0.013129805525143942,88.3994140625,7.62939453125e-05,0.3469991385936737,False,False,False,16,19560,24215
z16/19560_24216.png,z16/19560_24216.png,0.016033724943796793,98.2998046875,0.0104217529296875,0.3442362844944,False,False,False,16,19560,24216
z16/19560_24217.png,z16/19560_24217.png,0.020401122172673543,132.900390625,0.018798828125,0.34390580654144287,False,False,False,16,19560,24217
z16/19560_24218.png,z16/19560_24218.png,0.01100040078163147,38.7998046875,0.0,0.35866156220436096,False,False,False,16,19560,24218
z16/19560_24219.png,z16/19560_24219.png,0.008959564566612243,43.900390625,0.0,0.34009602665901184,False,False,False,16,19560,24219
z16/19560_24220.png,z16/19560_24220.png,0.005721448858579,25.2001953125,0.0,0.34494921565055847,False,False,False,16,19560,24220
z16/19560_24221.png,z16/19560_24221.png,0.002790039281050364,10.7998046875,0.0,0.3381361961364746,False,False,False,16,19560,24221
z16/19560_24222.png,z16/19560_24222.png,0.0016621777166922888,4.5,0.0,0.34410735964775085,False,False,False,16,19560,24222
z16/19560_24223.png,z16/19560_24223.png,0.001001246211429437,1.099609375,0.0,0.3362289369106293,False,False,False,16,19560,24223
z16/19560_24224.png,z16/19560_24224.png,0.002477340151866277,7.0,0.0,0.33755192160606384,False,False,False,16,19560,24224
z16/19560_24225.png,z16/19560_24225.png,0.0017011474817991256,2.8994140625,0.0,0.344142347574234,False,False,False,16,19560,24225
z16/19560_24226.png,z16/19560_24226.png,0.0014641056458155313,2.3994140625,0.0,0.35190844535827637,False,False,False,16,19560,24226
z16/19560_24227.png,z16/19560_24227.png,0.0011243944366772969,1.400390625,0.0,0.3648402690887451,False,False,False,16,19560,24227
z16/19560_24228.png,z16/19560_24228.png,0.001256433998545011,1.099609375,0.0,0.349203884601593,False,False,False,16,19560,24228
z16/19560_24229.png,z16/19560_24229.png,0.0020617083956797917,3.7998046875,0.0,0.3476700782775879,False,False,False,16,19560,24229
z16/19560_24230.png,z16/19560_24230.png,0.0016930966327587764,3.099609375,0.0,0.3509771525859833,False,False,False,16,19560,24230
z16/19560_24231.png,z16/19560_24231.png,0.002003881086905797,5.0,0.0,0.3606068789958954,False,False,False,16,19560,24231
z16/19560_24232.png,z16/19560_24232.png,0.0018552483369906744,5.099609375,0.0,0.35574889183044434,False,False,False,16,19560,24232
z16/19560_24233.png,z16/19560_24233.png,0.0023697863022486367,5.3994140625,0.0,0.33876025676727295,False,False,False,16,19560,24233
z16/19560_24234.png,z16/19560_24234.png,0.002241712063550949,5.5,0.0,0.34581661224365234,False,False,False,16,19560,24234
z16/19560_24235.png,z16/19560_24235.png,0.0024762794375419615,15.5,0.0,0.3519003987312317,False,False,False,16,19560,24235
z16/19560_24236.png,z16/19560_24236.png,0.0028283797204494477,15.1005859375,0.008941650390625,0.35164445638656616,False,False,False,16,19560,24236
z16/19560_24237.png,z16/19560_24237.png,0.0029481910169124603,15.400390625,0.0,0.3515593409538269,False,False,False,16,19560,24237
z16/19560_24238.png,z16/19560_24238.png,0.002893315007289251,15.8994140625,0.0,0.3433018922805786,False,False,False,16,19560,24238
z16/19560_24239.png,z16/19560_24239.png,0.0021481769780317943,10.0,0.0,0.34214943647384644,False,False,False,16,19560,24239
z16/19560_24240.png,z16/19560_24240.png,0.0017965871840715409,5.8994140625,0.0,0.3413875699043274,False,False,False,16,19560,24240
z16/19560_24241.png,z16/19560_24241.png,0.0018451777597268423,6.5,0.0,0.3503558933734894,False,False,False,16,19560,24241
z16/19560_24242.png,z16/19560_24242.png,0.0021586050589879353,10.3994140625,0.0,0.3591148555278778,False,False,False,16,19560,24242
z16/19560_24243.png,z16/19560_24243.png,0.0036862599352995556,11.0,0.0,0.3577125072479248,False,False,False,16,19560,24243
z16/19560_24244.png,z16/19560_24244.png,0.003522286812464396,10.900390625,0.0,0.3513641953468323,False,False,False,16,19560,24244
z16/19560_24245.png,z16/19560_24245.png,0.002760896583398183,7.69921875,0.0,0.3561270236968994,False,False,False,16,19560,24245
z16/19560_24246.png,z16/19560_24246.png,0.0026636118690172832,10.599609375,0.0,0.3657439351081848,False,False,False,16,19560,24246
z16/19560_24247.png,z16/19560_24247.png,0.001829410841067632,8.30078125,0.0,0.36235469579696655,False,False,False,16,19560,24247
z16/19560_24248.png,z16/19560_24248.png,0.0026307602723439536,10.099609375,0.0,0.3564686179161072,False,False,False,16,19560,24248
z16/19560_24249.png,z16/19560_24249.png,0.003938707709312439,17.7998046875,0.00469970703125,0.3549639880657196,False,False,False,16,19560,24249
z16/19560_24250.png,z16/19560_24250.png,0.007778033117453257,64.5,0.02734375,0.3411049246788025,False,False,False,16,19560,24250
z16/19560_24251.png,z16/19560_24251.png,0.014647027850151062,108.19921875,0.0128936767578125,0.3367976248264313,False,False,False,16,19560,24251
z16/19560_24252.png,z16/19560_24252.png,0.015449825922648113,103.599609375,0.0068206787109375,0.3402720093727112,False,False,False,16,19560,24252
z16/19560_24253.png,z16/19560_24253.png,0.01829960544904073,89.400390625,0.0162353515625,0.33578434586524963,False,False,False,16,19560,24253
z16/19560_24254.png,z16/19560_24254.png,0.01122358242670695,117.0,0.014068603515625,0.3362652063369751,False,False,False,16,19560,24254
z16/19560_24255.png,z16/19560_24255.png,0.009711556633313497,55.7001953125,0.003936767578125,0.34341681003570557,False,False,False,16,19560,24255
z16/19560_24256.png,z16/19560_24256.png,0.008360196153322856,57.6005859375,0.0010223388671875,0.34520798921585083,False,False,False,16,19560,24256
z16/19560_24257.png,z16/19560_24257.png,0.010142563780148824,52.400390625,0.01947021484375,0.34908005595207214,False,False,False,16,19560,24257
z16/19560_24258.png,z16/19560_24258.png,0.01452056368192037,24.2001953125,0.0,0.3451894223690033,False,False,False,16,19560,24258
z16/19560_24259.png,z16/19560_24259.png,0.00879852573076884,19.2998046875,0.0,0.34285926818847656,False,False,False,16,19560,24259
z16/19560_24260.png,z16/19560_24260.png,0.007712393502394358,45.900390625,0.0,0.34789562225341797,False,False,False,16,19560,24260
z16/19560_24261.png,z16/19560_24261.png,0.006285949548085531,50.19921875,0.0003814697265625,0.34861576557159424,False,False,False,16,19560,24261
z16/19560_24262.png,z16/19560_24262.png,0.00319372887412707,17.5,0.0,0.34464484453201294,False,False,False,16,19560,24262
z16/19560_24263.png,z16/19560_24263.png,0.0030242445568243663,21.0,0.0,0.3462492823600769,False,False,False,16,19560,24263
z16/19560_24264.png,z16/19560_24264.png,0.0067131325602531435,32.099609375,0.0016326904296875,0.3483092784881592,False,False,False,16,19560,24264
z16/19560_24265.png,z16/19560_24265.png,0.006692193448543549,34.2998046875,0.0166168212890625,0.33785560727119446,False,False,False,16,19560,24265
z16/19560_24266.png,z16/19560_24266.png,0.007441869874795278,38.3994140625,0.0155181884765625,0.3472560942173004,False,False,False,16,19560,24266
z16/19560_24267.png,z16/19560_24267.png,0.002824204663435618,19.0,0.01275634765625,0.35687822103500366,False,False,False,16,19560,24267
z16/19560_24268.png,z16/19560_24268.png,0.0027040588359038037,8.7998046875,0.0,0.3441162109375,False,False,False,16,19560,24268
z16/19560_24269.png,z16/19560_24269.png,0.0020807594060897826,6.0,0.0,0.3426435589790344,False,False,False,16,19560,24269
z16/19560_24270.png,z16/19560_24270.png,0.002123726656039556,7.599609375,0.0,0.34362712502479553,False,False,False,16,19560,24270
z16/19560_24271.png,z16/19560_24271.png,0.004987622300783793,24.2998046875,0.0,0.3436647653579712,False,False,False,16,19560,24271
z16/19561_24200.png,z16/19561_24200.png,0.0067139198382695515,37.599609375,0.020477294921875,0.34103482961654663,False,False,False,16,19561,24200
z16/19561_24201.png,z16/19561_24201.png,0.009407398104667664,41.19921875,0.0066375732421875,0.3418481647968292,False,False,False,16,19561,24201
z16/19561_24202.png,z16/19561_24202.png,0.006552777687708537,42.599609375,0.0018463134765625,0.3476950526237488,False,False,False,16,19561,24202
z16/19561_24203.png,z16/19561_24203.png,0.006658292313416799,19.900390625,0.0,0.35507673025131226,False,False,False,16,19561,24203
z16/19561_24204.png,z16/19561_24204.png,0.006442985932032267,24.599609375,0.00872802734375,0.34930673241615295,False,False,False,16,19561,24204
z16/19561_24205.png,z16/19561_24205.png,0.01058310071627299,70.5,0.0068511962890625,0.3456704914569855,False,False,False,16,19561,24205
z16/19561_24206.png,z16/19561_24206.png,0.009628921747207642,63.099609375,0.0072021484375,0.35489973425865173,False,False,False,16,19561,24206
z16/19561_24207.png,z16/19561_24207.png,0.017947657903035482,146.099609375,1.52587890625e-05,0.3443034291267395,False,False,False,16,19561,24207
z16/19561_24208.png,z16/19561_24208.png,0.02559812863667806,117.7001953125,0.002288818359375,0.3479708135128021,False,False,False,16,19561,24208
z16/19561_24209.png,z16/19561_24209.png,0.008731488386789958,73.3994140625,0.0105133056640625,0.3410177230834961,False,False,False,16,19561,24209
z16/19561_24210.png,z16/19561_24210.png,0.008525851368904113,54.2998046875,0.001007080078125,0.3378545939922333,False,False,False,16,19561,24210
z16/19561_24211.png,z16/19561_24211.png,0.007077922920385996,42.2001953125,0.0023040771484375,0.3466569185256958,False,False,False,16,19561,24211
z16/19561_24212.png,z16/19561_24212.png,0.006747933228810629,63.7998046875,0.00115966796875,0.3415091931819916,False,False,False,16,19561,24212
z16/19561_24213.png,z16/19561_24213.png,0.011424039800961813,66.2001953125,0.000518798828125,0.34618207812309265,False,False,False,16,19561,24213
z16/19561_24214.png,z16/19561_24214.png,0.017895857493082683,80.3994140625,0.002899169921875,0.35012689232826233,False,False,False,16,19561,24214
z16/19561_24215.png,z16/19561_24215.png,0.017502158880233765,86.599609375,0.0051116943359375,0.34856703877449036,False,False,False,16,19561,24215
z16/19561_24216.png,z16/19561_24216.png,0.017684346437454222,145.2001953125,0.0010223388671875,0.342523992061615,False,False,False,16,19561,24216
z16/19561_24217.png,z16/19561_24217.png,0.018571605285008747,123.099609375,0.0075531005859375,0.34463322162628174,False,False,False,16,19561,24217
z16/19561_24218.png,z16/19561_24218.png,0.029407906532287597,94.2998046875,0.0,0.3434925675392151,False,False,False,16,19561,24218
z16/19561_24219.png,z16/19561_24219.png,0.0049875105420748396,22.69921875,0.0,0.339106023311615,False,False,False,16,19561,24219
z16/19561_24220.png,z16/19561_24220.png,0.013570406039555867,40.5,0.00128173828125,0.34054073691368103,False,False,False,16,19561,24220
z16/19561_24221.png,z16/19561_24221.png,0.010541472832361858,36.3994140625,0.016998291015625,0.3456440567970276,False,False,False,16,19561,24221
z16/19561_24222.png,z16/19561_24222.png,0.0021987895170847574,5.6005859375,0.0,0.34144115447998047,False,False,False,16,19561,24222
z16/19561_24223.png,z16/19561_24223.png,0.0013018033156792324,1.099609375,0.0,0.3450140655040741,False,False,False,16,19561,24223
z16/19561_24224.png,z16/19561_24224.png,0.001751134917140007,3.7998046875,0.0,0.340961217880249,False,False,False,16,19561,24224
z16/19561_24225.png,z16/19561_24225.png,0.0012589217474063238,1.7998046875,0.0,0.3509475588798523,False,False,False,16,19561,24225
z16/19561_24226.png,z16/19561_24226.png,0.001602558046579361,3.7998046875,0.0,0.3485148847103119,False,False,False,16,19561,24226
z16/19561_24227.png,z16/19561_24227.png,0.0011112586905558904,2.400390625,0.0,0.35024112462997437,False,False,False,16,19561,24227
z16/19561_24228.png,z16/19561_24228.png,0.0014041780183712642,2.099609375,0.0,0.3553486168384552,False,False,False,16,19561,24228
z16/19561_24229.png,z16/19561_24229.png,0.0014510332296291987,2.099609375,0.0,0.3523847758769989,False,False,False,16,19561,24229
z16/19561_24230.png,z16/19561_24230.png,0.001878144343694051,5.0,0.0,0.3583018183708191,False,False,False,16,19561,24230
z16/19561_24231.png,z16/19561_24231.png,0.002150904138882955,4.400390625,0.0,0.3484521806240082,False,False,False,16,19561,24231
z16/19561_24232.png,z16/19561_24232.png,0.0019070671250422796,3.0,0.0,0.35057660937309265,False,False,False,16,19561,24232
z16/19561_24233.png,z16/19561_24233.png,0.00473029613494873,8.7001953125,0.0,0.3423047661781311,False,False,False,16,19561,24233
z16/19561_24234.png,z16/19561_24234.png,0.001345495382944743,2.2001953125,0.0,0.34326478838920593,False,False,False,16,19561,24234
z16/19561_24235.png,z16/19561_24235.png,0.002630529304345449,7.5,0.0,0.34561997652053833,False,False,False,16,19561,24235
z16/19561_24236.png,z16/19561_24236.png,0.002203669399023056,17.7001953125,0.0,0.3474894165992737,False,False,False,16,19561,24236
z16/19561_24237.png,z16/19561_24237.png,0.0017188056061665216,15.599609375,0.017425537109375,0.34769147634506226,False,False,False,16,19561,24237
z16/19561_24238.png,z16/19561_24238.png,0.0018858694781859716,7.6005859375,0.0,0.34192416071891785,False,False,False,16,19561,24238
z16/19561_24239.png,z16/19561_24239.png,0.0018557785699764887,7.6005859375,0.0,0.3397676944732666,False,False,False,16,19561,24239
z16/19561_24240.png,z16/19561_24240.png,0.0016729178527990977,3.3994140625,0.0,0.3383115231990814,False,False,False,16,19561,24240
z16/19561_24241.png,z16/19561_24241.png,0.0020461087425549824,6.7001953125,0.0,0.3480602204799652,False,False,False,16,19561,24241
z16/19561_24242.png,z16/19561_24242.png,0.0030418768525123595,13.2001953125,0.0,0.3702930808067322,False,False,False,16,19561,24242
z16/19561_24243.png,z16/19561_24243.png,0.004149012267589569,12.7001953125,0.0,0.35288557410240173,False,False,False,16,19561,24243
z16/19561_24244.png,z16/19561_24244.png,0.0033573436240355173,14.2001953125,0.0,0.34768733382225037,False,False,False,16,19561,24244
z16/19561_24245.png,z16/19561_24245.png,0.0020737738658984503,12.30078125,0.0,0.3521914780139923,False,False,False,16,19561,24245
z16/19561_24246.png,z16/19561_24246.png,0.0024024133880933126,19.900390625,0.023590087890625,0.3506512939929962,False,False,False,16,19561,24246
z16/19561_24247.png,z16/19561_24247.png,0.0025798484683036806,18.5,0.0,0.3450038433074951,False,False,False,16,19561,24247
z16/19561_24248.png,z16/19561_24248.png,0.002258920669555664,13.2001953125,0.0,0.34086155891418457,False,False,False,16,19561,24248
z16/19561_24249.png,z16/19561_24249.png,0.004658798376719157,22.3994140625,0.0097198486328125,0.354999840259552,False,False,False,16,19561,24249
z16/19561_24250.png,z16/19561_24250.png,0.0063204223910967505,64.900390625,0.0075836181640625,0.3386653661727905,False,False,False,16,19561,24250
z16/19561_24251.png,z16/19561_24251.png,0.010009820262591044,99.1005859375,0.0078887939453125,0.3386196494102478,False,False,False,16,19561,24251
z16/19561_24252.png,z16/19561_24252.png,0.03633641004562378,145.7001953125,0.0089569091796875,0.34005212783813477,False,False,False,16,19561,24252
z16/19561_24253.png,z16/19561_24253.png,0.01571640372276306,145.900390625,0.002471923828125,0.3343204855918884,False,False,False,16,19561,24253
z16/19561_24254.png,z16/19561_24254.png,0.011749076843261718,117.7001953125,0.0713348388671875,0.3435368835926056,False,False,False,16,19561,24254
z16/19561_24255.png,z16/19561_24255.png,0.006877953310807546,52.2998046875,0.0443878173828125,0.347353994846344,False,False,False,16,19561,24255
z16/19561_24256.png,z16/19561_24256.png,0.00928579866886139,53.7998046875,0.006256103515625,0.34101709723472595,False,False,False,16,19561,24256
z16/19561_24257.png,z16/19561_24257.png,0.008996001879374186,34.8994140625,0.00262451171875,0.3453276753425598,False,False,False,16,19561,24257
z16/19561_24258.png,z16/19561_24258.png,0.013096798459688823,28.0,0.029388427734375,0.345379501581192,False,False,False,16,19561,24258
z16/19561_24259.png,z16/19561_24259.png,0.00799351284901301,48.7001953125,0.0101165771484375,0.3451804220676422,False,False,False,16,19561,24259
z16/19561_24260.png,z16/19561_24260.png,0.007807566225528717,44.19921875,0.013275146484375,0.3497445285320282,False,False,False,16,19561,24260
z16/19561_24261.png,z16/19561_24261.png,0.008827037612597148,38.2001953125,0.0201873779296875,0.35357680916786194,False,False,False,16,19561,24261
z16/19561_24262.png,z16/19561_24262.png,0.008824596802393595,39.2001953125,0.0612945556640625,0.3459779620170593,False,False,False,16,19561,24262
z16/19561_24263.png,z16/19561_24263.png,0.004594514767328898,33.2001953125,0.007080078125,0.35082167387008667,False,False,False,16,19561,24263
z16/19561_24264.png,z16/19561_24264.png,0.0021650890509287515,18.7001953125,0.0053863525390625,0.3482814431190491,False,False,False,16,19561,24264
z16/19561_24265.png,z16/19561_24265.png,0.0027649618685245516,17.5,0.0,0.34306609630584717,False,False,False,16,19561,24265
z16/19561_24266.png,z16/19561_24266.png,0.006717362999916076,20.3994140625,0.0,0.3502664864063263,False,False,False,16,19561,24266
z16/19561_24267.png,z16/19561_24267.png,0.002206394573052724,7.8994140625,0.0,0.34785157442092896,False,False,False,16,19561,24267
z16/19561_24268.png,z16/19561_24268.png,0.002154524375995,3.400390625,0.0,0.3438538610935211,False,False,False,16,19561,24268
z16/19561_24269.png,z16/19561_24269.png,0.001642678181330363,3.0,0.0,0.348105788230896,False,False,False,16,19561,24269
z16/19561_24270.png,z16/19561_24270.png,0.0019131874044736226,5.30078125,0.0,0.3397948145866394,False,False,False,16,19561,24270
z16/19561_24271.png,z16/19561_24271.png,0.0062718465924263,28.400390625,0.0,0.3477000892162323,False,False,False,16,19561,24271
z16/19562_24200.png,z16/19562_24200.png,0.005595678091049194,20.3994140625,0.01715087890625,0.3441642224788666,False,False,False,16,19562,24200
z16/19562_24201.png,z16/19562_24201.png,0.004588470856348673,11.7998046875,0.0,0.3583928346633911,False,False,False,16,19562,24201
z16/19562_24202.png,z16/19562_24202.png,0.007972559829552969,36.8994140625,0.0,0.34858524799346924,False,False,False,16,19562,24202
z16/19562_24203.png,z16/19562_24203.png,0.008245387176672617,57.7998046875,0.01947021484375,0.3423854410648346,False,False,False,16,19562,24203
z16/19562_24204.png,z16/19562_24204.png,0.019869279861450196,117.5,0.0574188232421875,0.3429117500782013,False,False,False,16,19562,24204
z16/19562_24205.png,z16/19562_24205.png,0.019086798032124836,100.2001953125,0.0041351318359375,0.35024017095565796,False,False,False,16,19562,24205
z16/19562_24206.png,z16/19562_24206.png,0.012258247534434,53.7998046875,0.0,0.3462197780609131,False,False,False,16,19562,24206
z16/19562_24207.png,z16/19562_24207.png,0.021953735748926798,234.1005859375,0.0498809814453125,0.341494619846344,False,False,False,16,19562,24207
z16/19562_24208.png,z16/19562_24208.png,0.01751887599627177,171.2001953125,0.0508270263671875,0.33869194984436035,False,False,False,16,19562,24208
z16/19562_24209.png,z16/19562_24209.png,0.026383880774180093,159.6005859375,0.00579833984375,0.3390673100948334,False,False,False,16,19562,24209
z16/19562_24210.png,z16/19562_24210.png,0.02176806131998698,136.2998046875,0.00152587890625,0.3453780710697174,False,False,False,16,19562,24210
z16/19562_24211.png,z16/19562_24211.png,0.007828088104724884,40.7001953125,0.01702880859375,0.34372392296791077,False,False,False,16,19562,24211
z16/19562_24212.png,z16/19562_24212.png,0.00933402379353841,56.1005859375,0.003662109375,0.34339451789855957,False,False,False,16,19562,24212
z16/19562_24213.png,z16/19562_24213.png,0.009515735507011413,78.400390625,0.0119476318359375,0.3407425284385681,False,False,False,16,19562,24213
z16/19562_24214.png,z16/19562_24214.png,0.009684784213701884,93.8994140625,0.014251708984375,0.34663575887680054,False,False,False,16,19562,24214
z16/19562_24215.png,z16/19562_24215.png,0.012874887386957804,142.6005859375,0.0103302001953125,0.3461701273918152,False,False,False,16,19562,24215
z16/19562_24216.png,z16/19562_24216.png,0.01956273118654887,153.900390625,0.0029296875,0.3410652279853821,False,False,False,16,19562,24216
z16/19562_24217.png,z16/19562_24217.png,0.009513055284818014,96.0,0.0236968994140625,0.34819790720939636,False,False,False,16,19562,24217
z16/19562_24218.png,z16/19562_24218.png,0.024337206284205118,101.2998046875,0.0,0.3436993360519409,False,False,False,16,19562,24218
z16/19562_24219.png,z16/19562_24219.png,0.009613117575645447,23.3994140625,0.0,0.340876042842865,False,False,False,16,19562,24219
z16/19562_24220.png,z16/19562_24220.png,0.01715011994043986,35.099609375,0.0013885498046875,0.339275985956192,False,False,False,16,19562,24220
z16/19562_24221.png,z16/19562_24221.png,0.006034099062283834,39.2998046875,0.009674072265625,0.3467489778995514,False,False,False,16,19562,24221
z16/19562_24222.png,z16/19562_24222.png,0.001983746389547984,5.1005859375,0.0,0.33997073769569397,False,False,False,16,19562,24222
z16/19562_24223.png,z16/19562_24223.png,0.00035894615575671196,0.7998046875,0.0,0.34523817896842957,False,False,False,16,19562,24223
z16/19562_24224.png,z16/19562_24224.png,0.0014203579475482305,2.099609375,0.0,0.34158819913864136,False,False,False,16,19562,24224
z16/19562_24225.png,z16/19562_24225.png,0.001707462469736735,3.099609375,0.0,0.3491145074367523,False,False,False,16,19562,24225
z16/19562_24226.png,z16/19562_24226.png,0.0021681030591328937,3.2001953125,0.0,0.3396030068397522,False,False,False,16,19562,24226
z16/19562_24227.png,z16/19562_24227.png,0.0036381493012110394,6.8994140625,0.0,0.3435785472393036,False,False,False,16,19562,24227
z16/19562_24228.png,z16/19562_24228.png,0.0026831587155659994,4.5,0.0,0.34460872411727905,False,False,False,16,19562,24228
z16/19562_24229.png,z16/19562_24229.png,0.0013472935805718103,2.099609375,0.0,0.3485220670700073,False,False,False,16,19562,24229
z16/19562_24230.png,z16/19562_24230.png,0.0022987529635429384,4.3994140625,0.0,0.34917792677879333,False,False,False,16,19562,24230
z16/19562_24231.png,z16/19562_24231.png,0.002768858273824056,5.2998046875,0.0,0.3441929519176483,False,False,False,16,19562,24231
z16/19562_24232.png,z16/19562_24232.png,0.0023037083446979523,4.2001953125,0.0,0.3493478000164032,False,False,False,16,19562,24232
z16/19562_24233.png,z16/19562_24233.png,0.005666011075178782,9.2001953125,0.0,0.34502536058425903,False,False,False,16,19562,24233
z16/19562_24234.png,z16/19562_24234.png,0.002747048685948054,5.0,0.0,0.35036301612854004,False,False,False,16,19562,24234
z16/19562_24235.png,z16/19562_24235.png,0.0011837548265854517,1.900390625,0.0,0.3524477183818817,False,False,False,16,19562,24235
z16/19562_24236.png,z16/19562_24236.png,0.0017894194771846136,4.1005859375,0.0,0.34332555532455444,False,False,False,16,19562,24236
z16/19562_24237.png,z16/19562_24237.png,0.0022218565146128336,6.099609375,0.0,0.3406465947628021,False,False,False,16,19562,24237
z16/19562_24238.png,z16/19562_24238.png,0.0022635151942571002,6.400390625,0.0,0.3418736159801483,False,False,False,16,19562,24238
z16/19562_24239.png,z16/19562_24239.png,0.0021471152702967327,6.5,0.0,0.3416731059551239,False,False,False,16,19562,24239
z16/19562_24240.png,z16/19562_24240.png,0.0027756047745545703,7.8994140625,0.0,0.3412568271160126,False,False,False,16,19562,24240
z16/19562_24241.png,z16/19562_24241.png,0.0017549683650334676,4.099609375,0.0,0.3432370126247406,False,False,False,16,19562,24241
z16/19562_24242.png,z16/19562_24242.png,0.00239185964067777,7.400390625,0.0,0.36528128385543823,False,False,False,16,19562,24242
z16/19562_24243.png,z16/19562_24243.png,0.004519833624362946,11.900390625,0.0,0.35725611448287964,False,False,False,16,19562,24243
z16/19562_24244.png,z16/19562_24244.png,0.0036234805981318154,12.900390625,0.0,0.3557277023792267,False,False,False,16,19562,24244
z16/19562_24245.png,z16/19562_24245.png,0.003473975757757823,12.099609375,0.0,0.3562159538269043,False,False,False,16,19562,24245
z16/19562_24246.png,z16/19562_24246.png,0.0023436794678370156,19.8994140625,0.0099639892578125,0.3518606722354889,False,False,False,16,19562,24246
z16/19562_24247.png,z16/19562_24247.png,0.002025137220819791,16.099609375,0.0099945068359375,0.3533342778682709,False,False,False,16,19562,24247
z16/19562_24248.png,z16/19562_24248.png,0.0021964050829410553,11.2001953125,0.0,0.3428601920604706,False,False,False,16,19562,24248
z16/19562_24249.png,z16/19562_24249.png,0.004577639698982239,31.6005859375,0.0058441162109375,0.36523956060409546,False,False,False,16,19562,24249
z16/19562_24250.png,z16/19562_24250.png,0.00441787044207255,33.3994140625,0.023651123046875,0.3510351777076721,False,False,False,16,19562,24250
z16/19562_24251.png,z16/19562_24251.png,0.005420813461144766,64.5,0.0633392333984375,0.34816935658454895,False,False,False,16,19562,24251
z16/19562_24252.png,z16/19562_24252.png,0.010804569721221924,82.5,0.0044403076171875,0.34043943881988525,False,False,False,16,19562,24252
z16/19562_24253.png,z16/19562_24253.png,0.02459098696708679,117.0,0.0093841552734375,0.33741018176078796,False,False,False,16,19562,24253
z16/19562_24254.png,z16/19562_24254.png,0.012973838051160176,86.599609375,0.0044708251953125,0.3399756848812103,False,False,False,16,19562,24254
z16/19562_24255.png,z16/19562_24255.png,0.005917260547478994,36.0,0.0092315673828125,0.3582834303379059,False,False,False,16,19562,24255
z16/19562_24256.png,z16/19562_24256.png,0.00975316067536672,69.5,0.03265380859375,0.3527623116970062,False,False,False,16,19562,24256
z16/19562_24257.png,z16/19562_24257.png,0.009272750218709309,47.0,0.0,0.34907066822052,False,False,False,16,19562,24257
z16/19562_24258.png,z16/19562_24258.png,0.011042111118634542,35.5,0.00262451171875,0.3510814309120178,False,False,False,16,19562,24258
z16/19562_24259.png,z16/19562_24259.png,0.006616123517354329,29.599609375,0.0034942626953125,0.3528389036655426,False,False,False,16,19562,24259
z16/19562_24260.png,z16/19562_24260.png,0.005213001867135366,20.099609375,0.0,0.35031580924987793,False,False,False,16,19562,24260
z16/19562_24261.png,z16/19562_24261.png,0.007457599540551503,18.2001953125,0.0,0.3500958979129791,False,False,False,16,19562,24261
z16/19562_24262.png,z16/19562_24262.png,0.008256672819455465,27.099609375,0.0,0.3396957218647003,False,False,False,16,19562,24262
z16/19562_24263.png,z16/19562_24263.png,0.007764967779318492,22.69921875,0.0,0.34262531995773315,False,False,False,16,19562,24263
z16/19562_24264.png,z16/19562_24264.png,0.004676232735315959,22.7001953125,0.0072479248046875,0.35393038392066956,False,False,False,16,19562,24264
z16/19562_24265.png,z16/19562_24265.png,0.009242546558380128,38.0,0.0091094970703125,0.34230849146842957,False,False,False,16,19562,24265
z16/19562_24266.png,z16/19562_24266.png,0.006700382630030314,32.7001953125,0.0081329345703125,0.3468848466873169,False,False,False,16,19562,24266
z16/19562_24267.png,z16/19562_24267.png,0.002507214993238449,10.6005859375,0.0,0.34150320291519165,False,False,False,16,19562,24267
z16/19562_24268.png,z16/19562_24268.png,0.0036763196190198262,16.5,0.0,0.3516688346862793,False,False,False,16,19562,24268
z16/19562_24269.png,z16/19562_24269.png,0.0039577489097913105,15.099609375,0.0,0.3549846410751343,False,False,False,16,19562,24269
z16/19562_24270.png,z16/19562_24270.png,0.002450913190841675,10.0,0.0,0.3526293635368347,False,False,False,16,19562,24270
z16/19562_24271.png,z16/19562_24271.png,0.0024095026155312857,6.5,0.0,0.3477674722671509,False,False,False,16,19562,24271
z16/19563_24200.png,z16/19563_24200.png,0.005386266609032949,25.2998046875,0.0012664794921875,0.3508901596069336,False,False,False,16,19563,24200
z16/19563_24201.png,z16/19563_24201.png,0.005113659302393595,20.400390625,0.0,0.3485304117202759,False,False,False,16,19563,24201
z16/19563_24202.png,z16/19563_24202.png,0.006041223804155986,22.0,0.008544921875,0.34953203797340393,False,False,False,16,19563,24202
z16/19563_24203.png,z16/19563_24203.png,0.006685677170753479,36.69921875,0.014984130859375,0.35015669465065,False,False,False,16,19563,24203
z16/19563_24204.png,z16/19563_24204.png,0.010480797290802002,85.400390625,0.0224761962890625,0.34089088439941406,False,False,False,16,19563,24204
z16/19563_24205.png,z16/19563_24205.png,0.008290635546048482,64.1005859375,0.0032196044921875,0.34395307302474976,False,False,False,16,19563,24205
z16/19563_24206.png,z16/19563_24206.png,0.01879712740580241,94.400390625,0.002349853515625,0.3391733467578888,False,False,False,16,19563,24206
z16/19563_24207.png,z16/19563_24207.png,0.01918140649795532,177.30078125,0.0039520263671875,0.33916589617729187,False,False,False,16,19563,24207
z16/19563_24208.png,z16/19563_24208.png,0.018388464053471883,154.0,0.009490966796875,0.33795714378356934,False,False,False,16,19563,24208
z16/19563_24209.png,z16/19563_24209.png,0.014403346180915832,132.099609375,0.0095672607421875,0.34162262082099915,False,False,False,16,19563,24209
z16/19563_24210.png,z16/19563_24210.png,0.023223793506622313,115.7001953125,0.051788330078125,0.34045305848121643,False,False,False,16,19563,24210
z16/19563_24211.png,z16/19563_24211.png,0.013257978359858195,77.19921875,0.0020294189453125,0.3393978774547577,False,False,False,16,19563,24211
z16/19563_24212.png,z16/19563_24212.png,0.012922375400861105,71.6005859375,0.022369384765625,0.34115463495254517,False,False,False,16,19563,24212
z16/19563_24213.png,z16/19563_24213.png,0.012455556790033977,79.900390625,0.018646240234375,0.3402135372161865,False,False,False,16,19563,24213
z16/19563_24214.png,z16/19563_24214.png,0.00901880164941152,56.7001953125,0.0079193115234375,0.3458181619644165,False,False,False,16,19563,24214
z16/19563_24215.png,z16/19563_24215.png,0.009953940908114115,87.2998046875,0.0379791259765625,0.35048526525497437,False,False,False,16,19563,24215
z16/19563_24216.png,z16/19563_24216.png,0.020401481787363687,116.099609375,0.06024169921875,0.345095694065094,False,False,False,16,19563,24216
z16/19563_24217.png,z16/19563_24217.png,0.009168882171312969,37.6005859375,0.0,0.3584376573562622,False,False,False,16,19563,24217
z16/19563_24218.png,z16/19563_24218.png,0.007133656243483225,31.0,0.0,0.3506937325000763,False,False,False,16,19563,24218
z16/19563_24219.png,z16/19563_24219.png,0.011054255565007528,21.8994140625,0.0,0.3511595129966736,False,False,False,16,19563,24219
z16/19563_24220.png,z16/19563_24220.png,0.003385213017463684,9.19921875,0.0,0.34437096118927,False,False,False,16,19563,24220
z16/19563_24221.png,z16/19563_24221.png,0.006175299982229868,42.7998046875,0.001312255859375,0.34182310104370117,False,False,False,16,19563,24221
z16/19563_24222.png,z16/19563_24222.png,0.007074226438999176,39.69921875,0.0,0.3446216285228729,False,False,False,16,19563,24222
z16/19563_24223.png,z16/19563_24223.png,0.004922338823477427,21.6005859375,0.0,0.3453018069267273,False,False,False,16,19563,24223
z16/19563_24224.png,z16/19563_24224.png,0.003769831856091817,9.099609375,0.0,0.33907341957092285,False,False,False,16,19563,24224
z16/19563_24225.png,z16/19563_24225.png,0.0021479251484076184,6.80078125,0.0,0.3486049175262451,False,False,False,16,19563,24225
z16/19563_24226.png,z16/19563_24226.png,0.002816857397556305,8.7001953125,0.0,0.341389924287796,False,False,False,16,19563,24226
z16/19563_24227.png,z16/19563_24227.png,0.0022863020499547322,10.2998046875,0.0,0.3463737368583679,False,False,False,16,19563,24227
z16/19563_24228.png,z16/19563_24228.png,0.0024188093841075895,6.7998046875,0.0,0.3491057753562927,False,False,False,16,19563,24228
z16/19563_24229.png,z16/19563_24229.png,0.003652555743853251,7.599609375,0.0,0.3414731025695801,False,False,False,16,19563,24229
z16/19563_24230.png,z16/19563_24230.png,0.0034844217201073966,15.900390625,0.0,0.3402828276157379,False,False,False,16,19563,24230
z16/19563_24231.png,z16/19563_24231.png,0.003322228292624156,18.2998046875,0.0,0.3414011597633362,False,False,False,16,19563,24231
z16/19563_24232.png,z16/19563_24232.png,0.003458234171072642,15.7001953125,0.0,0.36112233996391296,False,False,False,16,19563,24232
z16/19563_24233.png,z16/19563_24233.png,0.002600868542989095,7.400390625,0.0,0.3717837929725647,False,False,False,16,19563,24233
z16/19563_24234.png,z16/19563_24234.png,0.002213039994239807,6.400390625,0.0,0.3480425775051117,False,False,False,16,19563,24234
z16/19563_24235.png,z16/19563_24235.png,0.0020864961047967275,7.400390625,0.0,0.3529771864414215,False,False,False,16,19563,24235
z16/19563_24236.png,z16/19563_24236.png,0.0018601650993029276,6.599609375,0.0,0.3412095606327057,False,False,False,16,19563,24236
z16/19563_24237.png,z16/19563_24237.png,0.002086477478345235,12.900390625,0.0,0.33998531103134155,False,False,False,16,19563,24237
z16/19563_24238.png,z16/19563_24238.png,0.00247745414574941,11.400390625,0.0,0.34345293045043945,False,False,False,16,19563,24238
z16/19563_24239.png,z16/19563_24239.png,0.002623716741800308,20.5,0.0062255859375,0.34340527653694153,False,False,False,16,19563,24239
z16/19563_24240.png,z16/19563_24240.png,0.0033167811731497445,21.7998046875,0.009033203125,0.34771016240119934,False,False,False,16,19563,24240
z16/19563_24241.png,z16/19563_24241.png,0.002929157018661499,18.5,0.004119873046875,0.35313406586647034,False,False,False,16,19563,24241
z16/19563_24242.png,z16/19563_24242.png,0.001934314767519633,15.2001953125,0.0,0.3470527231693268,False,False,False,16,19563,24242
z16/19563_24243.png,z16/19563_24243.png,0.002176192154486974,11.7998046875,0.0,0.3469001054763794,False,False,False,16,19563,24243
z16/19563_24244.png,z16/19563_24244.png,0.00334813396135966,8.7998046875,0.0,0.3520263731479645,False,False,False,16,19563,24244
z16/19563_24245.png,z16/19563_24245.png,0.002277067055304845,10.7998046875,0.0,0.3584064245223999,False,False,False,16,19563,24245
z16/19563_24246.png,z16/19563_24246.png,0.0024487065772215524,19.7001953125,0.0,0.35140201449394226,False,False,False,16,19563,24246
z16/19563_24247.png,z16/19563_24247.png,0.0018490790079037347,24.099609375,0.0007781982421875,0.3533785343170166,False,False,False,16,19563,24247
z16/19563_24248.png,z16/19563_24248.png,0.00170252559085687,16.7998046875,0.0,0.345758855342865,False,False,False,16,19563,24248
z16/19563_24249.png,z16/19563_24249.png,0.005661073327064514,34.7001953125,0.001129150390625,0.35102057456970215,False,False,False,16,19563,24249
z16/19563_24250.png,z16/19563_24250.png,0.004156287014484406,22.6005859375,0.0052947998046875,0.3530879318714142,False,False,False,16,19563,24250
z16/19563_24251.png,z16/19563_24251.png,0.005087420344352722,47.400390625,0.0167388916015625,0.34883788228034973,False,False,False,16,19563,24251
z16/19563_24252.png,z16/19563_24252.png,0.00786303033431371,66.400390625,0.0008087158203125,0.34313857555389404,False,False,False,16,19563,24252
z16/19563_24253.png,z16/19563_24253.png,0.020465219020843507,139.1005859375,0.0055084228515625,0.3384692072868347,False,False,False,16,19563,24253
z16/19563_24254.png,z16/19563_24254.png,0.013935962319374084,111.400390625,0.0711517333984375,0.339375376701355,False,False,False,16,19563,24254
z16/19563_24255.png,z16/19563_24255.png,0.004748388131459554,17.6005859375,0.006683349609375,0.35288557410240173,False,False,False,16,19563,24255
z16/19563_24256.png,z16/19563_24256.png,0.008110237121582032,51.1005859375,0.0063934326171875,0.3448982238769531,False,False,False,16,19563,24256
z16/19563_24257.png,z16/19563_24257.png,0.006427411735057831,37.900390625,0.0166778564453125,0.34986692667007446,False,False,False,16,19563,24257
z16/19563_24258.png,z16/19563_24258.png,0.011055347323417664,30.2998046875,0.0,0.3485248386859894,False,False,False,16,19563,24258
z16/19563_24259.png,z16/19563_24259.png,0.006689532597859701,25.2998046875,0.0063629150390625,0.348579078912735,False,False,False,16,19563,24259
z16/19563_24260.png,z16/19563_24260.png,0.003638068089882533,11.80078125,0.0,0.35205599665641785,False,False,False,16,19563,24260
z16/19563_24261.png,z16/19563_24261.png,0.005996489524841308,11.7998046875,0.0,0.35777342319488525,False,False,False,16,19563,24261
z16/19563_24262.png,z16/19563_24262.png,0.005742964645226796,34.7001953125,0.02740478515625,0.3515666127204895,False,False,False,16,19563,24262
z16/19563_24263.png,z16/19563_24263.png,0.005647442738215129,29.5,0.00537109375,0.3484933078289032,False,False,False,16,19563,24263
z16/19563_24264.png,z16/19563_24264.png,0.0036906746526559195,15.30078125,0.0150299072265625,0.3563504219055176,False,False,False,16,19563,24264
z16/19563_24265.png,z16/19563_24265.png,0.004148471852143606,23.1005859375,0.0518951416015625,0.34827640652656555,False,False,False,16,19563,24265
z16/19563_24266.png,z16/19563_24266.png,0.0031061182419459027,15.3994140625,0.0,0.34401363134384155,False,False,False,16,19563,24266
z16/19563_24267.png,z16/19563_24267.png,0.005470095078150431,23.0,0.031585693359375,0.3469323515892029,False,False,False,16,19563,24267
z16/19563_24268.png,z16/19563_24268.png,0.003734843929608663,19.0,0.0,0.3498380780220032,False,False,False,16,19563,24268
z16/19563_24269.png,z16/19563_24269.png,0.0024283754328886667,8.900390625,0.0,0.3502455949783325,False,False,False,16,19563,24269
z16/19563_24270.png,z16/19563_24270.png,0.0022356276710828143,8.6005859375,0.0,0.35344815254211426,False,False,False,16,19563,24270
z16/19563_24271.png,z16/19563_24271.png,0.004340350131193797,16.599609375,0.0,0.3533899784088135,False,False,False,16,19563,24271
z16/19564_24200.png,z16/19564_24200.png,0.007650259137153626,24.2998046875,0.0,0.34321677684783936,False,False,False,16,19564,24200
z16/19564_24201.png,z16/19564_24201.png,0.011407124002774556,23.19921875,0.0,0.34782716631889343,False,False,False,16,19564,24201
z16/19564_24202.png,z16/19564_24202.png,0.011185221870740255,33.0,0.0013885498046875,0.3453933000564575,False,False,False,16,19564,24202
z16/19564_24203.png,z16/19564_24203.png,0.015502870082855225,32.1005859375,0.00164794921875,0.34318146109580994,False,False,False,16,19564,24203
z16/19564_24204.png,z16/19564_24204.png,0.010357055068016052,41.5,0.0,0.3502782881259918,False,False,False,16,19564,24204
z16/19564_24205.png,z16/19564_24205.png,0.013372859358787537,97.900390625,0.01190185546875,0.34530338644981384,False,False,False,16,19564,24205
z16/19564_24206.png,z16/19564_24206.png,0.015702189008394877,111.0,0.043365478515625,0.3392019271850586,False,False,False,16,19564,24206
z16/19564_24207.png,z16/19564_24207.png,0.0190823495388031,125.5,0.0161590576171875,0.336933434009552,False,False,False,16,19564,24207
z16/19564_24208.png,z16/19564_24208.png,0.020922571420669556,178.6005859375,0.0218658447265625,0.3413429856300354,False,False,False,16,19564,24208
z16/19564_24209.png,z16/19564_24209.png,0.015968701243400572,117.2001953125,9.1552734375e-05,0.3426058888435364,False,False,False,16,19564,24209
z16/19564_24210.png,z16/19564_24210.png,0.01288284659385681,84.5,0.000244140625,0.3366927206516266,False,False,False,16,19564,24210
z16/19564_24211.png,z16/19564_24211.png,0.013442182540893554,130.099609375,0.0023345947265625,0.3376041054725647,False,False,False,16,19564,24211
z16/19564_24212.png,z16/19564_24212.png,0.012298229336738586,133.099609375,0.00347900390625,0.33685794472694397,False,False,False,16,19564,24212
z16/19564_24213.png,z16/19564_24213.png,0.011459890007972717,81.2998046875,0.0373077392578125,0.34467360377311707,False,False,False,16,19564,24213
z16/19564_24214.png,z16/19564_24214.png,0.012207421660423278,52.2001953125,0.005279541015625,0.3543056845664978,False,False,False,16,19564,24214
z16/19564_24215.png,z16/19564_24215.png,0.00554971843957901,29.900390625,0.020294189453125,0.35297003388404846,False,False,False,16,19564,24215
z16/19564_24216.png,z16/19564_24216.png,0.0020671861867109934,5.900390625,0.0,0.36038222908973694,False,False,False,16,19564,24216
z16/19564_24217.png,z16/19564_24217.png,0.002293697247902552,5.1005859375,0.0,0.36400729417800903,False,False,False,16,19564,24217
z16/19564_24218.png,z16/19564_24218.png,0.0056733732422192895,16.900390625,0.0,0.3519206643104553,False,False,False,16,19564,24218
z16/19564_24219.png,z16/19564_24219.png,0.006839268406232198,26.7998046875,0.0,0.3447471261024475,False,False,False,16,19564,24219
z16/19564_24220.png,z16/19564_24220.png,0.007087143262227377,30.69921875,0.0275726318359375,0.3474451005458832,False,False,False,16,19564,24220
z16/19564_24221.png,z16/19564_24221.png,0.010151875019073487,53.1005859375,0.0074310302734375,0.3435160517692566,False,False,False,16,19564,24221
z16/19564_24222.png,z16/19564_24222.png,0.009066359202067057,40.69921875,0.001495361328125,0.3453202247619629,False,False,False,16,19564,24222
z16/19564_24223.png,z16/19564_24223.png,0.007412249843279521,37.099609375,0.0175323486328125,0.3455355763435364,False,False,False,16,19564,24223
z16/19564_24224.png,z16/19564_24224.png,0.005661218861738841,29.7001953125,0.006256103515625,0.3492351472377777,False,False,False,16,19564,24224
z16/19564_24225.png,z16/19564_24225.png,0.005086860060691834,16.0,0.01202392578125,0.3514978587627411,False,False,False,16,19564,24225
z16/19564_24226.png,z16/19564_24226.png,0.0036099505921204883,13.0,0.0,0.34381240606307983,False,False,False,16,19564,24226
z16/19564_24227.png,z16/19564_24227.png,0.005226625005404154,14.6005859375,0.0,0.3465975224971771,False,False,False,16,19564,24227
z16/19564_24228.png,z16/19564_24228.png,0.002451250453790029,16.2998046875,0.0,0.3533945679664612,False,False,False,16,19564,24228
z16/19564_24229.png,z16/19564_24229.png,0.0037448349098364512,19.099609375,0.0235443115234375,0.34763303399086,False,False,False,16,19564,24229
z16/19564_24230.png,z16/19564_24230.png,0.0035806698103745776,20.599609375,0.0,0.3463026285171509,False,False,False,16,19564,24230
z16/19564_24231.png,z16/19564_24231.png,0.004458605249722799,13.3994140625,0.0,0.34238696098327637,False,False,False,16,19564,24231
z16/19564_24232.png,z16/19564_24232.png,0.005458658436934153,22.8994140625,0.0,0.3437182307243347,False,False,False,16,19564,24232
z16/19564_24233.png,z16/19564_24233.png,0.003676848610242208,25.7998046875,0.001434326171875,0.348633736371994,False,False,False,16,19564,24233
z16/19564_24234.png,z16/19564_24234.png,0.0038098509112993876,32.5,0.0363922119140625,0.3473564684391022,False,False,False,16,19564,24234
z16/19564_24235.png,z16/19564_24235.png,0.004601767659187317,31.7001953125,0.016632080078125,0.34923020005226135,False,False,False,16,19564,24235
z16/19564_24236.png,z16/19564_24236.png,0.003422757734855016,31.2001953125,0.0186004638671875,0.34836140275001526,False,False,False,16,19564,24236
z16/19564_24237.png,z16/19564_24237.png,0.0024513207376003266,27.2001953125,0.002471923828125,0.3506001830101013,False,False,False,16,19564,24237
z16/19564_24238.png,z16/19564_24238.png,0.0024830224613348645,22.0,0.0026092529296875,0.3535039722919464,False,False,False,16,19564,24238
z16/19564_24239.png,z16/19564_24239.png,0.0023542940616607666,16.7998046875,0.0,0.3504655659198761,False,False,False,16,19564,24239
z16/19564_24240.png,z16/19564_24240.png,0.0029660262167453765,20.7998046875,0.0024261474609375,0.34824761748313904,False,False,False,16,19564,24240
z16/19564_24241.png,z16/19564_24241.png,0.0031888713439305622,25.400390625,0.0081024169921875,0.3566663861274719,False,False,False,16,19564,24241
z16/19564_24242.png,z16/19564_24242.png,0.0020118982841571174,9.0,0.0,0.35358691215515137,False,False,False,16,19564,24242
z16/19564_24243.png,z16/19564_24243.png,0.0029665452738602957,10.2001953125,0.0,0.3490579128265381,False,False,False,16,19564,24243
z16/19564_24244.png,z16/19564_24244.png,0.0035755686461925507,11.400390625,0.0,0.35219746828079224,False,False,False,16,19564,24244
z16/19564_24245.png,z16/19564_24245.png,0.0021773782869180043,9.2998046875,0.0,0.35502752661705017,False,False,False,16,19564,24245
z16/19564_24246.png,z16/19564_24246.png,0.0021046054859956104,18.2998046875,0.003753662109375,0.35213997960090637,False,False,False,16,19564,24246
z16/19564_24247.png,z16/19564_24247.png,0.0021704542140165966,14.8994140625,0.0,0.35206466913223267,False,False,False,16,19564,24247
z16/19564_24248.png,z16/19564_24248.png,0.003838839878638585,22.6005859375,0.0045013427734375,0.35223639011383057,False,False,False,16,19564,24248
z16/19564_24249.png,z16/19564_24249.png,0.004330652952194214,22.8994140625,0.0053558349609375,0.34579718112945557,False,False,False,16,19564,24249
z16/19564_24250.png,z16/19564_24250.png,0.005320618549982707,30.1005859375,0.0031585693359375,0.3448912799358368,False,False,False,16,19564,24250
z16/19564_24251.png,z16/19564_24251.png,0.008313338458538055,53.400390625,0.0167236328125,0.3462551236152649,False,False,False,16,19564,24251
z16/19564_24252.png,z16/19564_24252.png,0.006378063062826792,53.1005859375,0.0001983642578125,0.3406490385532379,False,False,False,16,19564,24252
z16/19564_24253.png,z16/19564_24253.png,0.0320849080880483,150.599609375,0.028228759765625,0.3417113721370697,False,False,False,16,19564,24253
z16/19564_24254.png,z16/19564_24254.png,0.01662570834159851,111.7998046875,0.0251312255859375,0.3429603576660156,False,False,False,16,19564,24254
z16/19564_24255.png,z16/19564_24255.png,0.00789678394794464,41.2001953125,0.0172119140625,0.34750810265541077,False,False,False,16,19564,24255
z16/19564_24256.png,z16/19564_24256.png,0.007520008087158203,61.5,0.0244903564453125,0.3422619700431824,False,False,False,16,19564,24256
z16/19564_24257.png,z16/19564_24257.png,0.005522644023100535,59.3994140625,0.012298583984375,0.3504772186279297,False,False,False,16,19564,24257
z16/19564_24258.png,z16/19564_24258.png,0.009193300207455953,25.2998046875,0.0,0.3441571593284607,False,False,False,16,19564,24258
z16/19564_24259.png,z16/19564_24259.png,0.004499593377113342,15.2001953125,0.0,0.3492599129676819,False,False,False,16,19564,24259
z16/19564_24260.png,z16/19564_24260.png,0.002993936588366826,11.400390625,0.0,0.3528706431388855,False,False,False,16,19564,24260
z16/19564_24261.png,z16/19564_24261.png,0.005568412939707438,15.400390625,0.0,0.34958648681640625,False,False,False,16,19564,24261
z16/19564_24262.png,z16/19564_24262.png,0.004665698111057282,14.0,0.0,0.3488713800907135,False,False,False,16,19564,24262
z16/19564_24263.png,z16/19564_24263.png,0.001815015822649002,4.5,0.0,0.3467012047767639,False,False,False,16,19564,24263
z16/19564_24264.png,z16/19564_24264.png,0.002115710328022639,6.2998046875,0.0,0.35353267192840576,False,False,False,16,19564,24264
z16/19564_24265.png,z16/19564_24265.png,0.002615021914243698,9.5,0.0,0.3484865725040436,False,False,False,16,19564,24265
z16/19564_24266.png,z16/19564_24266.png,0.004309328397115072,19.099609375,0.0,0.3465435802936554,False,False,False,16,19564,24266
z16/19564_24267.png,z16/19564_24267.png,0.005917005737622579,24.400390625,0.0223236083984375,0.3451347351074219,False,False,False,16,19564,24267
z16/19564_24268.png,z16/19564_24268.png,0.0037816837430000305,14.5,0.0077362060546875,0.3635064363479614,False,False,False,16,19564,24268
z16/19564_24269.png,z16/19564_24269.png,0.0040081207950909935,15.7998046875,0.0,0.35178032517433167,False,False,False,16,19564,24269
z16/19564_24270.png,z16/19564_24270.png,0.0038929204146067303,18.2998046875,0.0,0.3459663391113281,False,False,False,16,19564,24270
z16/19564_24271.png,z16/19564_24271.png,0.0022320623199144998,14.0,0.0,0.36248528957366943,False,False,False,16,19564,24271
z16/19565_24200.png,z16/19565_24200.png,0.014070502916971843,51.2998046875,0.0244903564453125,0.34293514490127563,False,False,False,16,19565,24200
z16/19565_24201.png,z16/19565_24201.png,0.0113158384958903,107.7001953125,0.0531463623046875,0.34116053581237793,False,False,False,16,19565,24201
z16/19565_24202.png,z16/19565_24202.png,0.010132238268852234,91.099609375,0.0061492919921875,0.3369973301887512,False,False,False,16,19565,24202
z16/19565_24203.png,z16/19565_24203.png,0.01387129823366801,79.80078125,0.0,0.3361186683177948,False,False,False,16,19565,24203
z16/19565_24204.png,z16/19565_24204.png,0.013370033105214436,56.599609375,0.0262603759765625,0.34185418486595154,False,False,False,16,19565,24204
z16/19565_24205.png,z16/19565_24205.png,0.01082963248093923,26.7001953125,0.0,0.3445744514465332,False,False,False,16,19565,24205
z16/19565_24206.png,z16/19565_24206.png,0.020951521396636964,122.900390625,0.0016632080078125,0.34393560886383057,False,False,False,16,19565,24206
z16/19565_24207.png,z16/19565_24207.png,0.038745804627736406,176.7998046875,0.0301971435546875,0.34029701352119446,False,False,False,16,19565,24207
z16/19565_24208.png,z16/19565_24208.png,0.027362348635991414,242.0,0.0458831787109375,0.3385511040687561,False,False,False,16,19565,24208
z16/19565_24209.png,z16/19565_24209.png,0.025277666250864663,222.7001953125,0.0215301513671875,0.336626261472702,False,False,False,16,19565,24209
z16/19565_24210.png,z16/19565_24210.png,0.02566442092259725,171.7001953125,0.023681640625,0.33801591396331787,False,False,False,16,19565,24210
z16/19565_24211.png,z16/19565_24211.png,0.026909367243448893,161.5,0.0018157958984375,0.3383084535598755,False,False,False,16,19565,24211
z16/19565_24212.png,z16/19565_24212.png,0.016272737582524618,140.1005859375,0.0027313232421875,0.3393052816390991,False,False,False,16,19565,24212
z16/19565_24213.png,z16/19565_24213.png,0.012585314114888509,87.5,0.0299835205078125,0.3444285988807678,False,False,False,16,19565,24213
z16/19565_24214.png,z16/19565_24214.png,0.018024770418802898,69.099609375,0.05517578125,0.3459416925907135,False,False,False,16,19565,24214
z16/19565_24215.png,z16/19565_24215.png,0.010084223747253419,45.1005859375,0.0,0.34540170431137085,False,False,False,16,19565,24215
z16/19565_24216.png,z16/19565_24216.png,0.014927513400713603,48.7001953125,0.0,0.35092616081237793,False,False,False,16,19565,24216
z16/19565_24217.png,z16/19565_24217.png,0.012888302405675253,36.599609375,0.0,0.3553023040294647,False,False,False,16,19565,24217
z16/19565_24218.png,z16/19565_24218.png,0.008684662977854411,30.099609375,0.015411376953125,0.3466812074184418,False,False,False,16,19565,24218
z16/19565_24219.png,z16/19565_24219.png,0.0074743121862411496,35.3994140625,0.00677490234375,0.3445514738559723,False,False,False,16,19565,24219
z16/19565_24220.png,z16/19565_24220.png,0.007212880253791809,42.099609375,0.0131988525390625,0.34650716185569763,False,False,False,16,19565,24220
z16/19565_24221.png,z16/19565_24221.png,0.00912502408027649,41.7001953125,0.018646240234375,0.34821414947509766,False,False,False,16,19565,24221
z16/19565_24222.png,z16/19565_24222.png,0.008276306092739105,44.599609375,0.0129241943359375,0.3456718623638153,False,False,False,16,19565,24222
z16/19565_24223.png,z16/19565_24223.png,0.007471549014250438,28.1005859375,0.0153045654296875,0.34361904859542847,False,False,False,16,19565,24223
z16/19565_24224.png,z16/19565_24224.png,0.003963238000869751,23.7998046875,0.0077667236328125,0.3507147431373596,False,False,False,16,19565,24224
z16/19565_24225.png,z16/19565_24225.png,0.00524069865544637,24.7998046875,0.0,0.34345436096191406,False,False,False,16,19565,24225
z16/19565_24226.png,z16/19565_24226.png,0.005715188880761464,20.5,0.0,0.3417840898036957,False,False,False,16,19565,24226
z16/19565_24227.png,z16/19565_24227.png,0.007581846912701925,24.30078125,0.0147552490234375,0.3528468906879425,False,False,False,16,19565,24227
z16/19565_24228.png,z16/19565_24228.png,0.003359772264957428,23.3994140625,0.0027923583984375,0.3562198281288147,False,False,False,16,19565,24228
z16/19565_24229.png,z16/19565_24229.png,0.004345021148522695,21.8994140625,0.002349853515625,0.35143595933914185,False,False,False,16,19565,24229
z16/19565_24230.png,z16/19565_24230.png,0.008014407257239025,55.5,0.00823974609375,0.3443261981010437,False,False,False,16,19565,24230
z16/19565_24231.png,z16/19565_24231.png,0.011808509627978006,60.7998046875,0.0053558349609375,0.3423175811767578,False,False,False,16,19565,24231
z16/19565_24232.png,z16/19565_24232.png,0.0051921506722768145,38.0,0.0,0.3464171588420868,False,False,False,16,19565,24232
z16/19565_24233.png,z16/19565_24233.png,0.00400559256474177,17.7001953125,0.0,0.3470870852470398,False,False,False,16,19565,24233
z16/19565_24234.png,z16/19565_24234.png,0.003133478264013926,16.0,0.0,0.3478652238845825,False,False,False,16,19565,24234
z16/19565_24235.png,z16/19565_24235.png,0.003000619759162267,18.7001953125,0.0,0.3481958210468292,False,False,False,16,19565,24235
z16/19565_24236.png,z16/19565_24236.png,0.0038365766406059263,22.400390625,0.0,0.3501647114753723,False,False,False,16,19565,24236
z16/19565_24237.png,z16/19565_24237.png,0.002561786025762558,12.599609375,0.0,0.3503730893135071,False,False,False,16,19565,24237
z16/19565_24238.png,z16/19565_24238.png,0.0033676519989967344,21.0,0.0096893310546875,0.3633963167667389,False,False,False,16,19565,24238
z16/19565_24239.png,z16/19565_24239.png,0.002903964122136434,26.7998046875,0.002899169921875,0.34913185238838196,False,False,False,16,19565,24239
z16/19565_24240.png,z16/19565_24240.png,0.0036046788096427917,26.2001953125,0.0187225341796875,0.34917718172073364,False,False,False,16,19565,24240
z16/19565_24241.png,z16/19565_24241.png,0.00435397873322169,19.7998046875,0.0,0.3522019684314728,False,False,False,16,19565,24241
z16/19565_24242.png,z16/19565_24242.png,0.0049504448970158895,19.7998046875,0.0,0.3507365882396698,False,False,False,16,19565,24242
z16/19565_24243.png,z16/19565_24243.png,0.0031454794108867644,8.400390625,0.0,0.3465779423713684,False,False,False,16,19565,24243
z16/19565_24244.png,z16/19565_24244.png,0.003518067548672358,9.2001953125,0.0,0.3490002751350403,False,False,False,16,19565,24244
z16/19565_24245.png,z16/19565_24245.png,0.0021014995872974396,11.80078125,0.0,0.35386863350868225,False,False,False,16,19565,24245
z16/19565_24246.png,z16/19565_24246.png,0.0022568081816037497,15.2001953125,0.0,0.34924519062042236,False,False,False,16,19565,24246
z16/19565_24247.png,z16/19565_24247.png,0.0030890611310799916,23.7998046875,0.0,0.3455859422683716,False,False,False,16,19565,24247
z16/19565_24248.png,z16/19565_24248.png,0.0028060257434844972,21.2998046875,0.0,0.3493805229663849,False,False,False,16,19565,24248
z16/19565_24249.png,z16/19565_24249.png,0.0036473748584588367,22.1005859375,0.0169677734375,0.34466469287872314,False,False,False,16,19565,24249
z16/19565_24250.png,z16/19565_24250.png,0.007112414141496022,35.2001953125,0.04833984375,0.3506861925125122,False,False,False,16,19565,24250
z16/19565_24251.png,z16/19565_24251.png,0.011536044875780742,59.900390625,0.0184783935546875,0.347332626581192,False,False,False,16,19565,24251
z16/19565_24252.png,z16/19565_24252.png,0.010546733935674032,64.6005859375,0.012969970703125,0.3426162898540497,False,False,False,16,19565,24252
z16/19565_24253.png,z16/19565_24253.png,0.03134920597076416,105.6005859375,0.0247344970703125,0.34167060256004333,False,False,False,16,19565,24253
z16/19565_24254.png,z16/19565_24254.png,0.011605497201283772,74.5,0.0030517578125,0.34319812059402466,False,False,False,16,19565,24254
z16/19565_24255.png,z16/19565_24255.png,0.00889606773853302,37.400390625,0.01287841796875,0.34068048000335693,False,False,False,16,19565,24255
z16/19565_24256.png,z16/19565_24256.png,0.007634670535723368,52.80078125,0.003173828125,0.3374776244163513,False,False,False,16,19565,24256
z16/19565_24257.png,z16/19565_24257.png,0.006051943202813466,58.7998046875,0.054229736328125,0.34722766280174255,False,False,False,16,19565,24257
z16/19565_24258.png,z16/19565_24258.png,0.006173243125279744,27.099609375,0.0,0.3508852422237396,False,False,False,16,19565,24258
z16/19565_24259.png,z16/19565_24259.png,0.005140125751495361,17.2998046875,0.0,0.3507888913154602,False,False,False,16,19565,24259
z16/19565_24260.png,z16/19565_24260.png,0.003285024563471476,11.7998046875,0.0,0.3524070084095001,False,False,False,16,19565,24260
z16/19565_24261.png,z16/19565_24261.png,0.0031353121002515158,6.7001953125,0.0,0.35885170102119446,False,False,False,16,19565,24261
z16/19565_24262.png,z16/19565_24262.png,0.001862130934993426,3.5,0.0,0.36239320039749146,False,False,False,16,19565,24262
z16/19565_24263.png,z16/19565_24263.png,0.0016218344370524088,3.2998046875,0.0,0.3645697236061096,False,False,False,16,19565,24263
z16/19565_24264.png,z16/19565_24264.png,0.0029054065545399983,10.69921875,0.0,0.35338878631591797,False,False,False,16,19565,24264
z16/19565_24265.png,z16/19565_24265.png,0.0075905183951059975,36.6005859375,0.0,0.34620124101638794,False,False,False,16,19565,24265
z16/19565_24266.png,z16/19565_24266.png,0.006260960300763448,30.099609375,0.005584716796875,0.34909775853157043,False,False,False,16,19565,24266
z16/19565_24267.png,z16/19565_24267.png,0.003728568305571874,29.2001953125,0.0028533935546875,0.3570842146873474,False,False,False,16,19565,24267
z16/19565_24268.png,z16/19565_24268.png,0.004674879213174184,25.0,0.029144287109375,0.3856692612171173,False,False,False,16,19565,24268
z16/19565_24269.png,z16/19565_24269.png,0.006420149902502696,20.0,0.0,0.3566374182701111,False,False,False,16,19565,24269
z16/19565_24270.png,z16/19565_24270.png,0.006276219586531321,21.7998046875,0.0,0.3492090106010437,False,False,False,16,19565,24270
z16/19565_24271.png,z16/19565_24271.png,0.0040545346836249035,19.7998046875,0.0,0.3514770567417145,False,False,False,16,19565,24271
z16/19566_24200.png,z16/19566_24200.png,0.009575114647547404,128.400390625,0.0553436279296875,0.34068387746810913,False,False,False,16,19566,24200
z16/19566_24201.png,z16/19566_24201.png,0.018513431151707966,104.7998046875,0.0488128662109375,0.3380048871040344,False,False,False,16,19566,24201
z16/19566_24202.png,z16/19566_24202.png,0.008256521821022034,95.6005859375,0.00439453125,0.3353300094604492,False,False,False,16,19566,24202
z16/19566_24203.png,z16/19566_24203.png,0.00694112628698349,98.900390625,0.0372314453125,0.33389830589294434,False,False,False,16,19566,24203
z16/19566_24204.png,z16/19566_24204.png,0.0112370898326238,118.099609375,0.008514404296875,0.33789128065109253,False,False,False,16,19566,24204
z16/19566_24205.png,z16/19566_24205.png,0.012572047114372254,52.7998046875,0.0,0.34837812185287476,False,False,False,16,19566,24205
z16/19566_24206.png,z16/19566_24206.png,0.006787219146887461,28.3994140625,0.0,0.34792059659957886,False,False,False,16,19566,24206
z16/19566_24207.png,z16/19566_24207.png,0.005915975073973337,19.0,0.0,0.34617674350738525,False,False,False,16,19566,24207
z16/19566_24208.png,z16/19566_24208.png,0.0117238054672877,22.900390625,0.008026123046875,0.34803035855293274,False,False,False,16,19566,24208
z16/19566_24209.png,z16/19566_24209.png,0.02077130675315857,56.2998046875,0.0274200439453125,0.3490445911884308,False,False,False,16,19566,24209
z16/19566_24210.png,z16/19566_24210.png,0.020726899305979412,89.7998046875,0.022216796875,0.34784120321273804,False,False,False,16,19566,24210
z16/19566_24211.png,z16/19566_24211.png,0.02283145785331726,104.5,0.016845703125,0.3490171730518341,False,False,False,16,19566,24211
z16/19566_24212.png,z16/19566_24212.png,0.022576731443405152,105.1005859375,0.0538787841796875,0.34676647186279297,False,False,False,16,19566,24212
z16/19566_24213.png,z16/19566_24213.png,0.013891834020614623,53.2001953125,0.033294677734375,0.3451582193374634,False,False,False,16,19566,24213
z16/19566_24214.png,z16/19566_24214.png,0.009547923008600872,46.099609375,0.0,0.34941819310188293,False,False,False,16,19566,24214
z16/19566_24215.png,z16/19566_24215.png,0.00875108540058136,60.2001953125,0.012939453125,0.3479558825492859,False,False,False,16,19566,24215
z16/19566_24216.png,z16/19566_24216.png,0.011825073758761089,50.1005859375,0.045684814453125,0.342479407787323,False,False,False,16,19566,24216
z16/19566_24217.png,z16/19566_24217.png,0.012206308046976725,44.1005859375,0.0115966796875,0.3419543206691742,False,False,False,16,19566,24217
z16/19566_24218.png,z16/19566_24218.png,0.011146346728006998,49.0,0.0240325927734375,0.34584492444992065,False,False,False,16,19566,24218
z16/19566_24219.png,z16/19566_24219.png,0.009593563278516133,38.900390625,0.054656982421875,0.34360262751579285,False,False,False,16,19566,24219
z16/19566_24220.png,z16/19566_24220.png,0.005096245308717092,26.0,0.0039215087890625,0.3493053913116455,False,False,False,16,19566,24220
z16/19566_24221.png,z16/19566_24221.png,0.005531264841556549,24.8994140625,0.0167388916015625,0.3447888493537903,False,False,False,16,19566,24221
z16/19566_24222.png,z16/19566_24222.png,0.004764905571937561,26.7001953125,0.055206298828125,0.3413976728916168,False,False,False,16,19566,24222
z16/19566_24223.png,z16/19566_24223.png,0.00539733370145162,34.5,0.0,0.33894842863082886,False,False,False,16,19566,24223
z16/19566_24224.png,z16/19566_24224.png,0.007333694398403168,48.0,0.001983642578125,0.34921568632125854,False,False,False,16,19566,24224
z16/19566_24225.png,z16/19566_24225.png,0.013935860991477967,45.0,0.0,0.33965474367141724,False,False,False,16,19566,24225
z16/19566_24226.png,z16/19566_24226.png,0.010876964529355366,44.8994140625,0.002593994140625,0.3424741327762604,False,False,False,16,19566,24226
z16/19566_24227.png,z16/19566_24227.png,0.004333224892616272,18.400390625,0.0,0.3486718237400055,False,False,False,16,19566,24227
z16/19566_24228.png,z16/19566_24228.png,0.0025091851751009625,18.5,0.0,0.35059505701065063,False,False,False,16,19566,24228
z16/19566_24229.png,z16/19566_24229.png,0.003594158589839935,28.6005859375,0.0022735595703125,0.3481976091861725,False,False,False,16,19566,24229
z16/19566_24230.png,z16/19566_24230.png,0.004330444832642873,37.7001953125,0.005523681640625,0.34337571263313293,False,False,False,16,19566,24230
z16/19566_24231.png,z16/19566_24231.png,0.005543869237105052,25.2998046875,0.00457763671875,0.345022976398468,False,False,False,16,19566,24231
z16/19566_24232.png,z16/19566_24232.png,0.007980710764726003,42.2001953125,0.0021209716796875,0.34869545698165894,False,False,False,16,19566,24232
z16/19566_24233.png,z16/19566_24233.png,0.009718396266301473,40.400390625,0.01763916015625,0.3473019003868103,False,False,False,16,19566,24233
z16/19566_24234.png,z16/19566_24234.png,0.0028668873012065886,9.6005859375,0.0,0.3501121997833252,False,False,False,16,19566,24234
z16/19566_24235.png,z16/19566_24235.png,0.004785457750161489,18.400390625,0.0,0.34217414259910583,False,False,False,16,19566,24235
z16/19566_24236.png,z16/19566_24236.png,0.004781564076741536,25.1005859375,0.0108489990234375,0.35164961218833923,False,False,False,16,19566,24236
z16/19566_24237.png,z16/19566_24237.png,0.0071865384777386986,44.400390625,0.001312255859375,0.3564860224723816,False,False,False,16,19566,24237
z16/19566_24238.png,z16/19566_24238.png,0.0032757262388865152,25.599609375,0.0133819580078125,0.34224933385849,False,False,False,16,19566,24238
z16/19566_24239.png,z16/19566_24239.png,0.0051728824774424234,23.69921875,0.0067291259765625,0.353232204914093,False,False,False,16,19566,24239
z16/19566_24240.png,z16/19566_24240.png,0.003044337034225464,13.099609375,0.0,0.3551193177700043,False,False,False,16,19566,24240
z16/19566_24241.png,z16/19566_24241.png,0.0045730854074160256,31.400390625,0.0314178466796875,0.34262189269065857,False,False,False,16,19566,24241
z16/19566_24242.png,z16/19566_24242.png,0.0033688351511955263,28.2998046875,0.02093505859375,0.35484275221824646,False,False,False,16,19566,24242
z16/19566_24243.png,z16/19566_24243.png,0.002918990949789683,15.5,0.0,0.3493286371231079,False,False,False,16,19566,24243
z16/19566_24244.png,z16/19566_24244.png,0.002392045160134633,6.7001953125,0.0,0.35003793239593506,False,False,False,16,19566,24244
z16/19566_24245.png,z16/19566_24245.png,0.00288668821255366,8.099609375,0.0,0.3456946015357971,False,False,False,16,19566,24245
z16/19566_24246.png,z16/19566_24246.png,0.0019959200173616408,9.099609375,0.0,0.35892945528030396,False,False,False,16,19566,24246
z16/19566_24247.png,z16/19566_24247.png,0.0019058653463919957,5.7998046875,0.0,0.3460655212402344,False,False,False,16,19566,24247
z16/19566_24248.png,z16/19566_24248.png,0.0021797438462575276,8.0,0.0,0.3522133231163025,False,False,False,16,19566,24248
z16/19566_24249.png,z16/19566_24249.png,0.004921486477057139,46.900390625,0.046356201171875,0.3501070737838745,False,False,False,16,19566,24249
z16/19566_24250.png,z16/19566_24250.png,0.008584050337473552,33.5,0.0302276611328125,0.3440325856208801,False,False,False,16,19566,24250
z16/19566_24251.png,z16/19566_24251.png,0.00783862421909968,56.6005859375,0.0114898681640625,0.34399160742759705,False,False,False,16,19566,24251
z16/19566_24252.png,z16/19566_24252.png,0.00753554900487264,76.8994140625,0.009307861328125,0.3380541503429413,False,False,False,16,19566,24252
z16/19566_24253.png,z16/19566_24253.png,0.018654324611028037,117.400390625,0.065582275390625,0.3364841341972351,False,False,False,16,19566,24253
z16/19566_24254.png,z16/19566_24254.png,0.009834480285644532,90.0,0.0132293701171875,0.33776259422302246,False,False,False,16,19566,24254
z16/19566_24255.png,z16/19566_24255.png,0.007291335860888163,36.2001953125,0.0263214111328125,0.3501531481742859,False,False,False,16,19566,24255
z16/19566_24256.png,z16/19566_24256.png,0.008348799745241801,43.5,0.0214080810546875,0.3538179397583008,False,False,False,16,19566,24256
z16/19566_24257.png,z16/19566_24257.png,0.00555789719025294,25.2001953125,0.0249481201171875,0.3622003197669983,False,False,False,16,19566,24257
z16/19566_24258.png,z16/19566_24258.png,0.00592230757077535,21.7998046875,0.007476806640625,0.35954952239990234,False,False,False,16,19566,24258
z16/19566_24259.png,z16/19566_24259.png,0.004702012240886688,11.0,0.0,0.3543705344200134,False,False,False,16,19566,24259
z16/19566_24260.png,z16/19566_24260.png,0.002742605904738108,7.5,0.0,0.3503251075744629,False,False,False,16,19566,24260
z16/19566_24261.png,z16/19566_24261.png,0.005359514057636261,16.7001953125,0.0,0.3490491211414337,False,False,False,16,19566,24261
z16/19566_24262.png,z16/19566_24262.png,0.009158942103385925,21.5,0.0,0.34749162197113037,False,False,False,16,19566,24262
z16/19566_24263.png,z16/19566_24263.png,0.007218935588995615,30.7998046875,0.0,0.34584304690361023,False,False,False,16,19566,24263
z16/19566_24264.png,z16/19566_24264.png,0.005750388900438944,30.7001953125,0.0377349853515625,0.35039427876472473,False,False,False,16,19566,24264
z16/19566_24265.png,z16/19566_24265.png,0.0054745326439539594,18.0,0.0192718505859375,0.3530210852622986,False,False,False,16,19566,24265
z16/19566_24266.png,z16/19566_24266.png,0.0048017809788386025,24.0,0.0,0.3506467640399933,False,False,False,16,19566,24266
z16/19566_24267.png,z16/19566_24267.png,0.00618610829114914,29.69921875,0.0,0.3491043448448181,False,False,False,16,19566,24267
z16/19566_24268.png,z16/19566_24268.png,0.004276445011297861,12.099609375,0.0,0.3478511869907379,False,False,False,16,19566,24268
z16/19566_24269.png,z16/19566_24269.png,0.0033569527169068653,12.0,0.0,0.3427686393260956,False,False,False,16,19566,24269
z16/19566_24270.png,z16/19566_24270.png,0.0026467176775137585,7.400390625,0.0,0.3444104790687561,False,False,False,16,19566,24270
z16/19566_24271.png,z16/19566_24271.png,0.0070638969540596005,19.2001953125,0.0,0.34503039717674255,False,False,False,16,19566,24271
z16/19567_24200.png,z16/19567_24200.png,0.012363023559252421,104.7001953125,0.01605224609375,0.3376689553260803,False,False,False,16,19567,24200
z16/19567_24201.png,z16/19567_24201.png,0.016475456953048705,65.8994140625,0.0381927490234375,0.342154324054718,False,False,False,16,19567,24201
z16/19567_24202.png,z16/19567_24202.png,0.011168877283732096,128.0,0.00341796875,0.3362801969051361,False,False,False,16,19567,24202
z16/19567_24203.png,z16/19567_24203.png,0.00951978365580241,57.400390625,0.003143310546875,0.333601176738739,False,False,False,16,19567,24203
z16/19567_24204.png,z16/19567_24204.png,0.010575162370999654,101.0,0.006072998046875,0.3409644365310669,False,False,False,16,19567,24204
z16/19567_24205.png,z16/19567_24205.png,0.011822441220283508,107.099609375,0.0203399658203125,0.3437933027744293,False,False,False,16,19567,24205
z16/19567_24206.png,z16/19567_24206.png,0.015034495790799459,123.2001953125,0.0087738037109375,0.3442426323890686,False,False,False,16,19567,24206
z16/19567_24207.png,z16/19567_24207.png,0.014731699228286743,79.1005859375,0.0457305908203125,0.34638962149620056,False,False,False,16,19567,24207
z16/19567_24208.png,z16/19567_24208.png,0.011160606145858764,70.5,0.0459442138671875,0.34660226106643677,False,False,False,16,19567,24208
z16/19567_24209.png,z16/19567_24209.png,0.014117993911107381,91.0,0.0216217041015625,0.3441713750362396,False,False,False,16,19567,24209
z16/19567_24210.png,z16/19567_24210.png,0.016724522908528647,82.2998046875,0.0302886962890625,0.34768950939178467,False,False,False,16,19567,24210
z16/19567_24211.png,z16/19567_24211.png,0.01073551078637441,49.19921875,0.0,0.3454100489616394,False,False,False,16,19567,24211
z16/19567_24212.png,z16/19567_24212.png,0.008916356166203817,50.900390625,0.000701904296875,0.3472694456577301,False,False,False,16,19567,24212
z16/19567_24213.png,z16/19567_24213.png,0.01006727119286855,65.7998046875,0.0018768310546875,0.3470664620399475,False,False,False,16,19567,24213
z16/19567_24214.png,z16/19567_24214.png,0.009333194295565287,54.19921875,0.0009918212890625,0.35338905453681946,False,False,False,16,19567,24214
z16/19567_24215.png,z16/19567_24215.png,0.014822012186050415,84.099609375,0.0188751220703125,0.34859803318977356,False,False,False,16,19567,24215
z16/19567_24216.png,z16/19567_24216.png,0.0065017615755399065,41.1005859375,0.0075531005859375,0.34472787380218506,False,False,False,16,19567,24216
z16/19567_24217.png,z16/19567_24217.png,0.010373241702715556,69.0,0.0535125732421875,0.34823620319366455,False,False,False,16,19567,24217
z16/19567_24218.png,z16/19567_24218.png,0.007100417216618856,40.3994140625,0.0232391357421875,0.3483765721321106,False,False,False,16,19567,24218
z16/19567_24219.png,z16/19567_24219.png,0.005885789791742961,38.19921875,0.0341339111328125,0.34395650029182434,False,False,False,16,19567,24219
z16/19567_24220.png,z16/19567_24220.png,0.0058175663153330484,37.2998046875,0.007080078125,0.3462465703487396,False,False,False,16,19567,24220
z16/19567_24221.png,z16/19567_24221.png,0.004157852629820506,16.1005859375,0.0,0.347526878118515,False,False,False,16,19567,24221
z16/19567_24222.png,z16/19567_24222.png,0.0036685121556123096,24.7998046875,0.0076446533203125,0.34975239634513855,False,False,False,16,19567,24222
z16/19567_24223.png,z16/19567_24223.png,0.004217593868573507,23.2001953125,0.0,0.34443530440330505,False,False,False,16,19567,24223
z16/19567_24224.png,z16/19567_24224.png,0.0071178774038950605,24.0,0.032379150390625,0.34044480323791504,False,False,False,16,19567,24224
z16/19567_24225.png,z16/19567_24225.png,0.011367661754290263,38.2001953125,0.0,0.33883851766586304,False,False,False,16,19567,24225
z16/19567_24226.png,z16/19567_24226.png,0.010921163360277812,40.900390625,0.0,0.34418684244155884,False,False,False,16,19567,24226
z16/19567_24227.png,z16/19567_24227.png,0.008392379681269328,31.6005859375,0.0,0.3444596529006958,False,False,False,16,19567,24227
z16/19567_24228.png,z16/19567_24228.png,0.0031236020227273305,18.099609375,0.0,0.34537604451179504,False,False,False,16,19567,24228
z16/19567_24229.png,z16/19567_24229.png,0.004029188553492228,29.7998046875,0.000579833984375,0.3455178737640381,False,False,False,16,19567,24229
z16/19567_24230.png,z16/19567_24230.png,0.0034382681051890055,14.7001953125,0.0,0.3419989347457886,False,False,False,16,19567,24230
z16/19567_24231.png,z16/19567_24231.png,0.0059072608749071755,29.69921875,0.0356903076171875,0.3395267128944397,False,False,False,16,19567,24231
z16/19567_24232.png,z16/19567_24232.png,0.006560818354288737,33.2001953125,0.0247802734375,0.34326988458633423,False,False,False,16,19567,24232
z16/19567_24233.png,z16/19567_24233.png,0.007004583378632864,23.2001953125,0.0,0.34974205493927,False,False,False,16,19567,24233
z16/19567_24234.png,z16/19567_24234.png,0.0027423198024431866,9.099609375,0.0,0.3562396764755249,False,False,False,16,19567,24234
z16/19567_24235.png,z16/19567_24235.png,0.0035372259716192882,36.19921875,0.00634765625,0.34915828704833984,False,False,False,16,19567,24235
z16/19567_24236.png,z16/19567_24236.png,0.0033169140418370566,36.2001953125,0.0268707275390625,0.34426090121269226,False,False,False,16,19567,24236
z16/19567_24237.png,z16/19567_24237.png,0.0037994069357713063,34.80078125,0.0032958984375,0.35405433177948,False,False,False,16,19567,24237
z16/19567_24238.png,z16/19567_24238.png,0.0025411191085974376,16.7998046875,0.0,0.34041792154312134,False,False,False,16,19567,24238
z16/19567_24239.png,z16/19567_24239.png,0.0037474699318408968,12.8994140625,0.0,0.3425840139389038,False,False,False,16,19567,24239
z16/19567_24240.png,z16/19567_24240.png,0.002687632292509079,23.099609375,0.0100250244140625,0.346171110868454,False,False,False,16,19567,24240
z16/19567_24241.png,z16/19567_24241.png,0.003289918601512909,18.400390625,0.0,0.3462866544723511,False,False,False,16,19567,24241
z16/19567_24242.png,z16/19567_24242.png,0.005477775633335113,42.8994140625,0.000823974609375,0.3462839126586914,False,False,False,16,19567,24242
z16/19567_24243.png,z16/19567_24243.png,0.0036400996148586275,34.19921875,0.0162811279296875,0.3398560583591461,False,False,False,16,19567,24243
z16/19567_24244.png,z16/19567_24244.png,0.0036032612125078836,10.7001953125,0.0,0.348764032125473,False,False,False,16,19567,24244
z16/19567_24245.png,z16/19567_24245.png,0.0027333217362562816,8.400390625,0.0,0.3471625745296478,False,False,False,16,19567,24245
z16/19567_24246.png,z16/19567_24246.png,0.0024898762504259745,7.0,0.0,0.348190575838089,False,False,False,16,19567,24246
z16/19567_24247.png,z16/19567_24247.png,0.002595593531926473,4.2001953125,0.0,0.34461966156959534,False,False,False,16,19567,24247
z16/19567_24248.png,z16/19567_24248.png,0.002041853095094363,10.80078125,0.0,0.350885808467865,False,False,False,16,19567,24248
z16/19567_24249.png,z16/19567_24249.png,0.008545469244321187,64.0,0.034332275390625,0.34833037853240967,False,False,False,16,19567,24249
z16/19567_24250.png,z16/19567_24250.png,0.010233628749847411,45.5,0.0028076171875,0.34901943802833557,False,False,False,16,19567,24250
z16/19567_24251.png,z16/19567_24251.png,0.007724736134211222,56.8994140625,0.02911376953125,0.339839369058609,False,False,False,16,19567,24251
z16/19567_24252.png,z16/19567_24252.png,0.018063328663508096,189.7998046875,0.0146942138671875,0.33740970492362976,False,False,False,16,19567,24252
z16/19567_24253.png,z16/19567_24253.png,0.018123239278793335,138.400390625,0.003875732421875,0.33583003282546997,False,False,False,16,19567,24253
z16/19567_24254.png,z16/19567_24254.png,0.016814510027567547,100.7998046875,0.0299835205078125,0.3373674750328064,False,False,False,16,19567,24254
z16/19567_24255.png,z16/19567_24255.png,0.009564295411109924,61.30078125,0.0206146240234375,0.3444792330265045,False,False,False,16,19567,24255
z16/19567_24256.png,z16/19567_24256.png,0.009283021092414856,51.2001953125,0.00946044921875,0.3418393135070801,False,False,False,16,19567,24256
z16/19567_24257.png,z16/19567_24257.png,0.008478445808092754,43.400390625,0.015716552734375,0.34553462266921997,False,False,False,16,19567,24257
z16/19567_24258.png,z16/19567_24258.png,0.007978047927220662,28.8994140625,0.0,0.3442060351371765,False,False,False,16,19567,24258
z16/19567_24259.png,z16/19567_24259.png,0.0063108265399932865,13.400390625,0.0472564697265625,0.3482864797115326,False,False,False,16,19567,24259
z16/19567_24260.png,z16/19567_24260.png,0.0029662917057673138,11.7998046875,0.0,0.35018467903137207,False,False,False,16,19567,24260
z16/19567_24261.png,z16/19567_24261.png,0.0075276235739390055,31.599609375,0.0124359130859375,0.34677258133888245,False,False,False,16,19567,24261
z16/19567_24262.png,z16/19567_24262.png,0.007115211089452108,26.7001953125,0.0074615478515625,0.34876370429992676,False,False,False,16,19567,24262
z16/19567_24263.png,z16/19567_24263.png,0.005143068234125773,27.599609375,0.0234375,0.34800076484680176,False,False,False,16,19567,24263
z16/19567_24264.png,z16/19567_24264.png,0.00463034709294637,27.7998046875,0.0,0.34731367230415344,False,False,False,16,19567,24264
z16/19567_24265.png,z16/19567_24265.png,0.0027366640667120614,10.5,0.0,0.3440820574760437,False,False,False,16,19567,24265
z16/19567_24266.png,z16/19567_24266.png,0.0026235654950141907,10.2001953125,0.0,0.3536728322505951,False,False,False,16,19567,24266
z16/19567_24267.png,z16/19567_24267.png,0.00666850358247757,32.400390625,0.0,0.34715089201927185,False,False,False,16,19567,24267
z16/19567_24268.png,z16/19567_24268.png,0.004784790178140004,34.6005859375,0.002349853515625,0.34659135341644287,False,False,False,16,19567,24268
z16/19567_24269.png,z16/19567_24269.png,0.0033704434831937154,26.099609375,0.0052032470703125,0.3555057644844055,False,False,False,16,19567,24269
z16/19567_24270.png,z16/19567_24270.png,0.0023761582871278126,18.7998046875,0.0048828125,0.35941988229751587,False,False,False,16,19567,24270
z16/19567_24271.png,z16/19567_24271.png,0.0020886788765589396,4.6005859375,0.0,0.34274381399154663,False,False,False,16,19567,24271
z16/19568_24200.png,z16/19568_24200.png,0.008043000102043152,64.30078125,0.0085601806640625,0.35027146339416504,False,False,False,16,19568,24200
z16/19568_24201.png,z16/19568_24201.png,0.014027900497118632,48.3994140625,0.0173492431640625,0.3431982398033142,False,False,False,16,19568,24201
z16/19568_24202.png,z16/19568_24202.png,0.00888784130414327,151.0,0.0038909912109375,0.3407208025455475,False,False,False,16,19568,24202
z16/19568_24203.png,z16/19568_24203.png,0.014402481913566589,87.400390625,0.00311279296875,0.3371167778968811,False,False,False,16,19568,24203
z16/19568_24204.png,z16/19568_24204.png,0.015819665789604188,86.0,0.024261474609375,0.34279340505599976,False,False,False,16,19568,24204
z16/19568_24205.png,z16/19568_24205.png,0.008086580038070678,74.0,0.0644683837890625,0.33973726630210876,False,False,False,16,19568,24205
z16/19568_24206.png,z16/19568_24206.png,0.010546021660168966,55.2998046875,0.000701904296875,0.33989211916923523,False,False,False,16,19568,24206
z16/19568_24207.png,z16/19568_24207.png,0.014840456843376159,108.80078125,0.0272979736328125,0.33801814913749695,False,False,False,16,19568,24207
z16/19568_24208.png,z16/19568_24208.png,0.008881624539693196,37.099609375,0.0057220458984375,0.3431641757488251,False,False,False,16,19568,24208
z16/19568_24209.png,z16/19568_24209.png,0.013468883434931437,75.7998046875,0.031585693359375,0.3417438268661499,False,False,False,16,19568,24209
z16/19568_24210.png,z16/19568_24210.png,0.012911166747411091,91.30078125,0.0034027099609375,0.34125447273254395,False,False,False,16,19568,24210
z16/19568_24211.png,z16/19568_24211.png,0.015461629629135132,134.3994140625,0.0247802734375,0.3421737551689148,False,False,False,16,19568,24211
z16/19568_24212.png,z16/19568_24212.png,0.014579005042711894,87.2998046875,0.0302734375,0.35092154145240784,False,False,False,16,19568,24212
z16/19568_24213.png,z16/19568_24213.png,0.005985381702582042,32.400390625,0.00537109375,0.3518693447113037,False,False,False,16,19568,24213
z16/19568_24214.png,z16/19568_24214.png,0.004717839260896047,12.2998046875,0.0,0.3516048491001129,False,False,False,16,19568,24214
z16/19568_24215.png,z16/19568_24215.png,0.014302318294843039,45.3994140625,0.0,0.34689760208129883,False,False,False,16,19568,24215
z16/19568_24216.png,z16/19568_24216.png,0.00509005586306254,22.8994140625,0.0,0.34320729970932007,False,False,False,16,19568,24216
z16/19568_24217.png,z16/19568_24217.png,0.008841732144355774,40.2001953125,0.0671844482421875,0.34288468956947327,False,False,False,16,19568,24217
z16/19568_24218.png,z16/19568_24218.png,0.007826770345369974,50.7998046875,0.016845703125,0.34355390071868896,False,False,False,16,19568,24218
z16/19568_24219.png,z16/19568_24219.png,0.0063448697328567505,46.19921875,0.0116729736328125,0.34574076533317566,False,False,False,16,19568,24219
z16/19568_24220.png,z16/19568_24220.png,0.0075552011529604595,36.900390625,0.04718017578125,0.3455369472503662,False,False,False,16,19568,24220
z16/19568_24221.png,z16/19568_24221.png,0.006395369271437327,28.599609375,0.0023956298828125,0.3447269797325134,False,False,False,16,19568,24221
z16/19568_24222.png,z16/19568_24222.png,0.007392124831676483,31.7998046875,0.0228271484375,0.34409299492836,False,False,False,16,19568,24222
z16/19568_24223.png,z16/19568_24223.png,0.008369914690653483,55.5,0.0252838134765625,0.34457629919052124,False,False,False,16,19568,24223
z16/19568_24224.png,z16/19568_24224.png,0.009843018651008607,38.7001953125,0.007080078125,0.3412562310695648,False,False,False,16,19568,24224
z16/19568_24225.png,z16/19568_24225.png,0.011984499295552571,47.099609375,0.0052642822265625,0.34018629789352417,False,False,False,16,19568,24225
z16/19568_24226.png,z16/19568_24226.png,0.007454574108123779,36.2998046875,0.00347900390625,0.33997318148612976,False,False,False,16,19568,24226
z16/19568_24227.png,z16/19568_24227.png,0.006327861547470092,28.30078125,0.0,0.34624722599983215,False,False,False,16,19568,24227
z16/19568_24228.png,z16/19568_24228.png,0.004859140515327454,24.7998046875,0.0,0.34324851632118225,False,False,False,16,19568,24228
z16/19568_24229.png,z16/19568_24229.png,0.004530527194341024,28.400390625,0.0,0.33997368812561035,False,False,False,16,19568,24229
z16/19568_24230.png,z16/19568_24230.png,0.003936940183242162,37.099609375,0.0065155029296875,0.34319522976875305,False,False,False,16,19568,24230
z16/19568_24231.png,z16/19568_24231.png,0.006317128737767537,52.5,0.00213623046875,0.34235572814941406,False,False,False,16,19568,24231
z16/19568_24232.png,z16/19568_24232.png,0.004438331723213196,36.0,0.001312255859375,0.34226393699645996,False,False,False,16,19568,24232
z16/19568_24233.png,z16/19568_24233.png,0.005738940338293711,40.400390625,0.0074462890625,0.34174084663391113,False,False,False,16,19568,24233
z16/19568_24234.png,z16/19568_24234.png,0.004253079990545908,39.2001953125,0.00146484375,0.34508660435676575,False,False,False,16,19568,24234
z16/19568_24235.png,z16/19568_24235.png,0.004518368343512217,28.900390625,0.029052734375,0.3453749120235443,False,False,False,16,19568,24235
z16/19568_24236.png,z16/19568_24236.png,0.0020351431022087732,11.19921875,0.0,0.3450600206851959,False,False,False,16,19568,24236
z16/19568_24237.png,z16/19568_24237.png,0.00229238619407018,14.1005859375,0.0,0.345656156539917,False,False,False,16,19568,24237
z16/19568_24238.png,z16/19568_24238.png,0.004532851775487264,29.6005859375,0.003509521484375,0.3459356129169464,False,False,False,16,19568,24238
z16/19568_24239.png,z16/19568_24239.png,0.007383405168851217,32.7998046875,0.0,0.3470757007598877,False,False,False,16,19568,24239
z16/19568_24240.png,z16/19568_24240.png,0.003172793487707774,24.6005859375,0.0031585693359375,0.3478713631629944,False,False,False,16,19568,24240
z16/19568_24241.png,z16/19568_24241.png,0.003540567308664322,17.0,0.0,0.34670573472976685,False,False,False,16,19568,24241
z16/19568_24242.png,z16/19568_24242.png,0.004112963130076726,36.400390625,0.002593994140625,0.34475821256637573,False,False,False,16,19568,24242
z16/19568_24243.png,z16/19568_24243.png,0.006264785925547282,28.5,0.00103759765625,0.3491043150424957,False,False,False,16,19568,24243
z16/19568_24244.png,z16/19568_24244.png,0.004783610502878825,27.8994140625,0.01031494140625,0.3494771718978882,False,False,False,16,19568,24244
z16/19568_24245.png,z16/19568_24245.png,0.003339186559120814,18.69921875,0.0,0.3467153310775757,False,False,False,16,19568,24245
z16/19568_24246.png,z16/19568_24246.png,0.003562327722708384,27.2998046875,0.0,0.3465377688407898,False,False,False,16,19568,24246
z16/19568_24247.png,z16/19568_24247.png,0.005262606839338938,29.7998046875,0.0,0.3538847863674164,False,False,False,16,19568,24247
z16/19568_24248.png,z16/19568_24248.png,0.002532182882229487,18.7998046875,0.0,0.34873414039611816,False,False,False,16,19568,24248
z16/19568_24249.png,z16/19568_24249.png,0.0047643154859542845,43.1005859375,0.018280029296875,0.3540800213813782,False,False,False,16,19568,24249
z16/19568_24250.png,z16/19568_24250.png,0.007541775206724803,44.400390625,0.001068115234375,0.3505936861038208,False,False,False,16,19568,24250
z16/19568_24251.png,z16/19568_24251.png,0.0076494008302688595,69.2998046875,0.0494232177734375,0.3435450494289398,False,False,False,16,19568,24251
z16/19568_24252.png,z16/19568_24252.png,0.016127134362856548,152.80078125,0.003204345703125,0.335218220949173,False,False,False,16,19568,24252
z16/19568_24253.png,z16/19568_24253.png,0.02141185204188029,153.0,0.056243896484375,0.33646875619888306,False,False,False,16,19568,24253
z16/19568_24254.png,z16/19568_24254.png,0.012211551268895468,82.0,0.0073394775390625,0.3363908529281616,False,False,False,16,19568,24254
z16/19568_24255.png,z16/19568_24255.png,0.009075685342152914,50.400390625,0.000640869140625,0.33647119998931885,False,False,False,16,19568,24255
z16/19568_24256.png,z16/19568_24256.png,0.007637102405230204,63.400390625,0.0238800048828125,0.34079766273498535,False,False,False,16,19568,24256
z16/19568_24257.png,z16/19568_24257.png,0.008130434652169545,47.7001953125,0.0103912353515625,0.34430450201034546,False,False,False,16,19568,24257
z16/19568_24258.png,z16/19568_24258.png,0.007565068205197653,42.1005859375,0.018707275390625,0.3492629826068878,False,False,False,16,19568,24258
z16/19568_24259.png,z16/19568_24259.png,0.006391669809818268,17.7998046875,0.0,0.3536785840988159,False,False,False,16,19568,24259
z16/19568_24260.png,z16/19568_24260.png,0.003675573567549388,8.7998046875,0.0,0.34838634729385376,False,False,False,16,19568,24260
z16/19568_24261.png,z16/19568_24261.png,0.0032904858390490213,9.7998046875,0.0,0.3492322564125061,False,False,False,16,19568,24261
z16/19568_24262.png,z16/19568_24262.png,0.0043067534764607745,11.19921875,0.0,0.3483639359474182,False,False,False,16,19568,24262
z16/19568_24263.png,z16/19568_24263.png,0.0032579476634661355,12.900390625,0.0,0.34458285570144653,False,False,False,16,19568,24263
z16/19568_24264.png,z16/19568_24264.png,0.0038562431931495667,15.2001953125,0.0,0.35054534673690796,False,False,False,16,19568,24264
z16/19568_24265.png,z16/19568_24265.png,0.007292420665423075,30.599609375,0.010345458984375,0.3503187894821167,False,False,False,16,19568,24265
z16/19568_24266.png,z16/19568_24266.png,0.006042993068695069,32.2001953125,0.0134124755859375,0.34679359197616577,False,False,False,16,19568,24266
z16/19568_24267.png,z16/19568_24267.png,0.00638016015291214,29.80078125,0.03497314453125,0.3409111797809601,False,False,False,16,19568,24267
z16/19568_24268.png,z16/19568_24268.png,0.0051878482103347775,22.2001953125,0.002288818359375,0.33994707465171814,False,False,False,16,19568,24268
z16/19568_24269.png,z16/19568_24269.png,0.0035945939520994822,24.5,0.0070037841796875,0.34538379311561584,False,False,False,16,19568,24269
z16/19568_24270.png,z16/19568_24270.png,0.00277899627884229,17.900390625,0.0189971923828125,0.35741472244262695,False,False,False,16,19568,24270
z16/19568_24271.png,z16/19568_24271.png,0.006810436149438223,25.30078125,0.0,0.3428875803947449,False,False,False,16,19568,24271
z16/19569_24200.png,z16/19569_24200.png,0.005891545116901398,78.19921875,0.0052337646484375,0.3447994291782379,False,False,False,16,19569,24200
z16/19569_24201.png,z16/19569_24201.png,0.006803755462169647,108.599609375,0.0236968994140625,0.3439660668373108,False,False,False,16,19569,24201
z16/19569_24202.png,z16/19569_24202.png,0.014646841088930766,87.2998046875,0.010009765625,0.3445599377155304,False,False,False,16,19569,24202
z16/19569_24203.png,z16/19569_24203.png,0.008432961503664653,83.7001953125,0.0558929443359375,0.34198009967803955,False,False,False,16,19569,24203
z16/19569_24204.png,z16/19569_24204.png,0.004537931581338247,30.7998046875,0.0145111083984375,0.34781768918037415,False,False,False,16,19569,24204
z16/19569_24205.png,z16/19569_24205.png,0.008327135443687439,66.599609375,0.02801513671875,0.3423857092857361,False,False,False,16,19569,24205
z16/19569_24206.png,z16/19569_24206.png,0.011772885918617249,67.2001953125,0.001190185546875,0.34495729207992554,False,False,False,16,19569,24206
z16/19569_24207.png,z16/19569_24207.png,0.008932922283808391,60.5,0.0074005126953125,0.3400319814682007,False,False,False,16,19569,24207
z16/19569_24208.png,z16/19569_24208.png,0.01301840841770172,62.0,0.0081329345703125,0.33903375267982483,False,False,False,16,19569,24208
z16/19569_24209.png,z16/19569_24209.png,0.012124772866566975,46.7001953125,0.0091094970703125,0.344025194644928,False,False,False,16,19569,24209
z16/19569_24210.png,z16/19569_24210.png,0.011478480696678162,102.5,0.0454559326171875,0.3403092324733734,False,False,False,16,19569,24210
z16/19569_24211.png,z16/19569_24211.png,0.013019517064094543,111.099609375,0.0418701171875,0.34020164608955383,False,False,False,16,19569,24211
z16/19569_24212.png,z16/19569_24212.png,0.012552320957183838,86.80078125,0.0070343017578125,0.34578031301498413,False,False,False,16,19569,24212
z16/19569_24213.png,z16/19569_24213.png,0.007269428670406341,27.099609375,0.00543212890625,0.35142233967781067,False,False,False,16,19569,24213
z16/19569_24214.png,z16/19569_24214.png,0.007007317245006561,27.2998046875,0.01397705078125,0.35300254821777344,False,False,False,16,19569,24214
z16/19569_24215.png,z16/19569_24215.png,0.00830511301755905,31.69921875,0.0179595947265625,0.34626030921936035,False,False,False,16,19569,24215
z16/19569_24216.png,z16/19569_24216.png,0.006199508408705394,19.7001953125,0.0,0.3429495692253113,False,False,False,16,19569,24216
z16/19569_24217.png,z16/19569_24217.png,0.008371073007583617,33.7998046875,0.0465850830078125,0.3423081338405609,False,False,False,16,19569,24217
z16/19569_24218.png,z16/19569_24218.png,0.008853201071421306,41.19921875,0.001068115234375,0.34937912225723267,False,False,False,16,19569,24218
z16/19569_24219.png,z16/19569_24219.png,0.007293452819188436,41.400390625,0.0037078857421875,0.3484747111797333,False,False,False,16,19569,24219
z16/19569_24220.png,z16/19569_24220.png,0.005777046581109365,36.900390625,0.009429931640625,0.3480251133441925,False,False,False,16,19569,24220
z16/19569_24221.png,z16/19569_24221.png,0.006686180830001831,40.1005859375,0.044464111328125,0.3495153486728668,False,False,False,16,19569,24221
z16/19569_24222.png,z16/19569_24222.png,0.007784728209177653,42.6005859375,0.016632080078125,0.34672442078590393,False,False,False,16,19569,24222
z16/19569_24223.png,z16/19569_24223.png,0.009505780537923177,45.5,0.016143798828125,0.3427099883556366,False,False,False,16,19569,24223
z16/19569_24224.png,z16/19569_24224.png,0.006946122149626414,57.400390625,0.0265960693359375,0.34455037117004395,False,False,False,16,19569,24224
z16/19569_24225.png,z16/19569_24225.png,0.007748474180698395,34.7998046875,0.0022125244140625,0.3400196433067322,False,False,False,16,19569,24225
z16/19569_24226.png,z16/19569_24226.png,0.007501835624376933,46.099609375,0.012298583984375,0.3368479013442993,False,False,False,16,19569,24226
z16/19569_24227.png,z16/19569_24227.png,0.0066752895712852475,52.8994140625,0.0274200439453125,0.34004464745521545,False,False,False,16,19569,24227
z16/19569_24228.png,z16/19569_24228.png,0.006863283614317576,29.3994140625,0.0,0.3453051447868347,False,False,False,16,19569,24228
z16/19569_24229.png,z16/19569_24229.png,0.006439766784509023,25.099609375,0.0140838623046875,0.3465617895126343,False,False,False,16,19569,24229
z16/19569_24230.png,z16/19569_24230.png,0.006645160416762034,16.0,0.0,0.3398069143295288,False,False,False,16,19569,24230
z16/19569_24231.png,z16/19569_24231.png,0.003948072592417399,19.3994140625,0.0,0.3411656320095062,False,False,False,16,19569,24231
z16/19569_24232.png,z16/19569_24232.png,0.0035665611426035563,23.0,0.0,0.34936273097991943,False,False,False,16,19569,24232
z16/19569_24233.png,z16/19569_24233.png,0.007823204000790914,34.6005859375,0.0107574462890625,0.3464308977127075,False,False,False,16,19569,24233
z16/19569_24234.png,z16/19569_24234.png,0.004308196405569713,23.900390625,0.0472412109375,0.348143607378006,False,False,False,16,19569,24234
z16/19569_24235.png,z16/19569_24235.png,0.0021367957194646198,11.3994140625,0.0,0.3469834625720978,False,False,False,16,19569,24235
z16/19569_24236.png,z16/19569_24236.png,0.0017297028253475824,5.2001953125,0.0,0.3475254476070404,False,False,False,16,19569,24236
z16/19569_24237.png,z16/19569_24237.png,0.001880356048544248,5.2998046875,0.0,0.348177045583725,False,False,False,16,19569,24237
z16/19569_24238.png,z16/19569_24238.png,0.0024343845744927723,9.099609375,0.0,0.34590864181518555,False,False,False,16,19569,24238
z16/19569_24239.png,z16/19569_24239.png,0.0029273909827073415,8.5,0.0,0.3452441394329071,False,False,False,16,19569,24239
z16/19569_24240.png,z16/19569_24240.png,0.0032983680566151937,15.7998046875,0.0,0.33979830145835876,False,False,False,16,19569,24240
z16/19569_24241.png,z16/19569_24241.png,0.004094561686118444,18.7001953125,0.0,0.3505490720272064,False,False,False,16,19569,24241
z16/19569_24242.png,z16/19569_24242.png,0.003673122078180313,16.2001953125,0.0,0.3597308099269867,False,False,False,16,19569,24242
z16/19569_24243.png,z16/19569_24243.png,0.002996258685986201,17.2001953125,0.0,0.3630686402320862,False,False,False,16,19569,24243
z16/19569_24244.png,z16/19569_24244.png,0.0031681858003139497,21.2998046875,0.0404052734375,0.3571822941303253,False,False,False,16,19569,24244
z16/19569_24245.png,z16/19569_24245.png,0.003002905348936717,16.599609375,0.0392303466796875,0.36218762397766113,False,False,False,16,19569,24245
z16/19569_24246.png,z16/19569_24246.png,0.005170068144798279,46.2001953125,0.0198822021484375,0.35451093316078186,False,False,False,16,19569,24246
z16/19569_24247.png,z16/19569_24247.png,0.005895562966664632,34.099609375,0.0430145263671875,0.35426899790763855,False,False,False,16,19569,24247
z16/19569_24248.png,z16/19569_24248.png,0.006327808399995168,31.7001953125,0.032745361328125,0.34877124428749084,False,False,False,16,19569,24248
z16/19569_24249.png,z16/19569_24249.png,0.004759092132250468,21.6005859375,0.0,0.35288697481155396,False,False,False,16,19569,24249
z16/19569_24250.png,z16/19569_24250.png,0.006604643166065216,45.3994140625,0.0425872802734375,0.34842216968536377,False,False,False,16,19569,24250
z16/19569_24251.png,z16/19569_24251.png,0.0088483860095342,60.6005859375,0.0060882568359375,0.35036981105804443,False,False,False,16,19569,24251
z16/19569_24252.png,z16/19569_24252.png,0.01630695958932241,88.599609375,0.0413970947265625,0.33699578046798706,False,False,False,16,19569,24252
z16/19569_24253.png,z16/19569_24253.png,0.013021350900332133,67.2998046875,0.0413055419921875,0.33488017320632935,False,False,False,16,19569,24253
z16/19569_24254.png,z16/19569_24254.png,0.009307771921157837,52.5,0.0366058349609375,0.3374359607696533,False,False,False,16,19569,24254
z16/19569_24255.png,z16/19569_24255.png,0.009352993965148926,39.6005859375,0.0154876708984375,0.34198132157325745,False,False,False,16,19569,24255
z16/19569_24256.png,z16/19569_24256.png,0.009148979187011718,48.2998046875,0.0343780517578125,0.3433152437210083,False,False,False,16,19569,24256
z16/19569_24257.png,z16/19569_24257.png,0.0072324216365814206,45.7001953125,0.0380706787109375,0.3489370346069336,False,False,False,16,19569,24257
z16/19569_24258.png,z16/19569_24258.png,0.008768865466117859,40.8994140625,0.029205322265625,0.35330721735954285,False,False,False,16,19569,24258
z16/19569_24259.png,z16/19569_24259.png,0.008495493729909261,21.0,0.0,0.3526598811149597,False,False,False,16,19569,24259
z16/19569_24260.png,z16/19569_24260.png,0.003297414630651474,8.6005859375,0.0,0.34768232703208923,False,False,False,16,19569,24260
z16/19569_24261.png,z16/19569_24261.png,0.004064964999755224,9.1005859375,0.0,0.3666997253894806,False,False,False,16,19569,24261
z16/19569_24262.png,z16/19569_24262.png,0.0015231657773256302,2.2001953125,0.0,0.3489280045032501,False,False,False,16,19569,24262
z16/19569_24263.png,z16/19569_24263.png,0.0018591539313395817,3.0,0.0,0.34907394647598267,False,False,False,16,19569,24263
z16/19569_24264.png,z16/19569_24264.png,0.0052654152115186054,19.599609375,0.0,0.3519795835018158,False,False,False,16,19569,24264
z16/19569_24265.png,z16/19569_24265.png,0.008134065568447113,37.69921875,0.0261993408203125,0.35330381989479065,False,False,False,16,19569,24265
z16/19569_24266.png,z16/19569_24266.png,0.004965622723102569,21.5,0.00457763671875,0.3472638428211212,False,False,False,16,19569,24266
z16/19569_24267.png,z16/19569_24267.png,0.004363601406415303,14.1005859375,0.0,0.3420242667198181,False,False,False,16,19569,24267
z16/19569_24268.png,z16/19569_24268.png,0.003103172282377879,11.7998046875,0.0,0.33629310131073,False,False,False,16,19569,24268
z16/19569_24269.png,z16/19569_24269.png,0.0023666876057783764,17.5,0.0059967041015625,0.3454614281654358,False,False,False,16,19569,24269
z16/19569_24270.png,z16/19569_24270.png,0.003652539352575938,21.2998046875,0.0009307861328125,0.35327062010765076,False,False,False,16,19569,24270
z16/19569_24271.png,z16/19569_24271.png,0.003301038344701131,27.2001953125,0.000335693359375,0.35146093368530273,False,False,False,16,19569,24271
z16/19570_24200.png,z16/19570_24200.png,0.009688790639241536,57.7001953125,0.0064544677734375,0.345930814743042,False,False,False,16,19570,24200
z16/19570_24201.png,z16/19570_24201.png,0.008515711625417073,84.599609375,0.008392333984375,0.34480810165405273,False,False,False,16,19570,24201
z16/19570_24202.png,z16/19570_24202.png,0.007226146260897319,59.099609375,0.0560760498046875,0.34054386615753174,False,False,False,16,19570,24202
z16/19570_24203.png,z16/19570_24203.png,0.00793320635954539,53.7001953125,0.0567779541015625,0.33914119005203247,False,False,False,16,19570,24203
z16/19570_24204.png,z16/19570_24204.png,0.007684481640656789,83.400390625,0.0314178466796875,0.34319502115249634,False,False,False,16,19570,24204
z16/19570_24205.png,z16/19570_24205.png,0.004232976337273916,57.7998046875,0.0043487548828125,0.34662604331970215,False,False,False,16,19570,24205
z16/19570_24206.png,z16/19570_24206.png,0.004551460345586141,47.099609375,0.0002288818359375,0.3434034585952759,False,False,False,16,19570,24206
z16/19570_24207.png,z16/19570_24207.png,0.0060692330201466875,34.6005859375,0.017364501953125,0.3439787030220032,False,False,False,16,19570,24207
z16/19570_24208.png,z16/19570_24208.png,0.007224189241727194,51.099609375,0.0089874267578125,0.3470727503299713,False,False,False,16,19570,24208
z16/19570_24209.png,z16/19570_24209.png,0.011048173904418946,62.400390625,0.0357666015625,0.343357115983963,False,False,False,16,19570,24209
z16/19570_24210.png,z16/19570_24210.png,0.008553423484166463,39.5,0.0,0.34309712052345276,False,False,False,16,19570,24210
z16/19570_24211.png,z16/19570_24211.png,0.006227123737335205,31.099609375,0.0183868408203125,0.3425164520740509,False,False,False,16,19570,24211
z16/19570_24212.png,z16/19570_24212.png,0.007071867088476817,44.2001953125,0.027740478515625,0.34647446870803833,False,False,False,16,19570,24212
z16/19570_24213.png,z16/19570_24213.png,0.006860545774300893,42.69921875,0.029632568359375,0.3477203845977783,False,False,False,16,19570,24213
z16/19570_24214.png,z16/19570_24214.png,0.006949952741463979,34.099609375,0.00531005859375,0.3490886092185974,False,False,False,16,19570,24214
z16/19570_24215.png,z16/19570_24215.png,0.005394930640856425,20.1005859375,0.0102386474609375,0.3465275168418884,False,False,False,16,19570,24215
z16/19570_24216.png,z16/19570_24216.png,0.006604977448781331,30.5,0.0148773193359375,0.34585729241371155,False,False,False,16,19570,24216
z16/19570_24217.png,z16/19570_24217.png,0.00929679274559021,57.5,0.0321502685546875,0.3446936011314392,False,False,False,16,19570,24217
z16/19570_24218.png,z16/19570_24218.png,0.006222456693649292,55.30078125,0.040496826171875,0.34954753518104553,False,False,False,16,19570,24218
z16/19570_24219.png,z16/19570_24219.png,0.005884146193663279,30.2001953125,0.0,0.3442736268043518,False,False,False,16,19570,24219
z16/19570_24220.png,z16/19570_24220.png,0.00452226847410202,26.6005859375,0.045623779296875,0.3473343551158905,False,False,False,16,19570,24220
z16/19570_24221.png,z16/19570_24221.png,0.004716735084851583,25.7998046875,0.0008544921875,0.3494061827659607,False,False,False,16,19570,24221
z16/19570_24222.png,z16/19570_24222.png,0.011964619159698486,41.0,0.02105712890625,0.34409022331237793,False,False,False,16,19570,24222
z16/19570_24223.png,z16/19570_24223.png,0.010283937056859335,62.2001953125,0.0155029296875,0.35147804021835327,False,False,False,16,19570,24223
z16/19570_24224.png,z16/19570_24224.png,0.005021049578984579,34.19921875,4.57763671875e-05,0.34233909845352173,False,False,False,16,19570,24224
z16/19570_24225.png,z16/19570_24225.png,0.0032119974493980408,14.19921875,0.0,0.34241312742233276,False,False,False,16,19570,24225
z16/19570_24226.png,z16/19570_24226.png,0.0029389952619870503,19.0,0.002105712890625,0.34036752581596375,False,False,False,16,19570,24226
z16/19570_24227.png,z16/19570_24227.png,0.007146401206652323,40.0,6.103515625e-05,0.34735894203186035,False,False,False,16,19570,24227
z16/19570_24228.png,z16/19570_24228.png,0.0062789450089136755,52.2998046875,0.0182037353515625,0.3392592668533325,False,False,False,16,19570,24228
z16/19570_24229.png,z16/19570_24229.png,0.00823871543010076,35.7998046875,0.0043182373046875,0.3420957326889038,False,False,False,16,19570,24229
z16/19570_24230.png,z16/19570_24230.png,0.005887869000434876,23.2001953125,0.0,0.34400510787963867,False,False,False,16,19570,24230
z16/19570_24231.png,z16/19570_24231.png,0.002872434755166372,12.7001953125,0.0,0.34341293573379517,False,False,False,16,19570,24231
z16/19570_24232.png,z16/19570_24232.png,0.0038414905468622845,25.900390625,0.0,0.35281556844711304,False,False,False,16,19570,24232
z16/19570_24233.png,z16/19570_24233.png,0.003366067012151082,21.6005859375,0.0,0.3415313959121704,False,False,False,16,19570,24233
z16/19570_24234.png,z16/19570_24234.png,0.003447946657737096,17.099609375,0.0,0.36107927560806274,False,False,False,16,19570,24234
z16/19570_24235.png,z16/19570_24235.png,0.002242470035950343,8.7001953125,0.0,0.35025128722190857,False,False,False,16,19570,24235
z16/19570_24236.png,z16/19570_24236.png,0.0023125144342581432,6.7001953125,0.0,0.3455561399459839,False,False,False,16,19570,24236
z16/19570_24237.png,z16/19570_24237.png,0.0017138400425513586,3.6005859375,0.0,0.34573251008987427,False,False,False,16,19570,24237
z16/19570_24238.png,z16/19570_24238.png,0.001304494837919871,1.6005859375,0.0,0.3448280692100525,False,False,False,16,19570,24238
z16/19570_24239.png,z16/19570_24239.png,0.0023327387869358064,3.900390625,0.0,0.34273210167884827,False,False,False,16,19570,24239
z16/19570_24240.png,z16/19570_24240.png,0.0026464936633904773,5.2001953125,0.0,0.3430773913860321,False,False,False,16,19570,24240
z16/19570_24241.png,z16/19570_24241.png,0.004010588675737381,6.599609375,0.0,0.3397400975227356,False,False,False,16,19570,24241
z16/19570_24242.png,z16/19570_24242.png,0.001849340150753657,5.1005859375,0.0,0.3460574448108673,False,False,False,16,19570,24242
z16/19570_24243.png,z16/19570_24243.png,0.0015122144172588984,2.5,0.0,0.3468608260154724,False,False,False,16,19570,24243
z16/19570_24244.png,z16/19570_24244.png,0.0017224621027708054,2.80078125,0.0,0.34533050656318665,False,False,False,16,19570,24244
z16/19570_24245.png,z16/19570_24245.png,0.0018105323115984598,5.099609375,0.0,0.3541366755962372,False,False,False,16,19570,24245
z16/19570_24246.png,z16/19570_24246.png,0.0036861327787240344,21.0,0.0,0.34607383608818054,False,False,False,16,19570,24246
z16/19570_24247.png,z16/19570_24247.png,0.0035182860990365344,30.599609375,0.0389862060546875,0.3513876795768738,False,False,False,16,19570,24247
z16/19570_24248.png,z16/19570_24248.png,0.0035794911285241446,27.599609375,0.0158233642578125,0.3569194972515106,False,False,False,16,19570,24248
z16/19570_24249.png,z16/19570_24249.png,0.003389093279838562,20.099609375,0.0106048583984375,0.3498690128326416,False,False,False,16,19570,24249
z16/19570_24250.png,z16/19570_24250.png,0.006864532331625621,48.400390625,0.0123291015625,0.34694311022758484,False,False,False,16,19570,24250
z16/19570_24251.png,z16/19570_24251.png,0.014805795749028523,64.900390625,0.0244598388671875,0.3461534082889557,False,False,False,16,19570,24251
z16/19570_24252.png,z16/19570_24252.png,0.01335544486840566,118.7998046875,0.0054779052734375,0.33649173378944397,False,False,False,16,19570,24252
z16/19570_24253.png,z16/19570_24253.png,0.01401440401871999,84.5,0.003082275390625,0.3354946970939636,False,False,False,16,19570,24253
z16/19570_24254.png,z16/19570_24254.png,0.012196297446886698,90.5,0.0041046142578125,0.3355785608291626,False,False,False,16,19570,24254
z16/19570_24255.png,z16/19570_24255.png,0.010451916853586833,76.8994140625,0.0184478759765625,0.3353317677974701,False,False,False,16,19570,24255
z16/19570_24256.png,z16/19570_24256.png,0.010517477989196777,57.6005859375,0.0360260009765625,0.3452143967151642,False,False,False,16,19570,24256
z16/19570_24257.png,z16/19570_24257.png,0.0108476589123408,59.7001953125,0.02728271484375,0.3485529124736786,False,False,False,16,19570,24257
z16/19570_24258.png,z16/19570_24258.png,0.00875738263130188,40.3994140625,0.017791748046875,0.3538387715816498,False,False,False,16,19570,24258
z16/19570_24259.png,z16/19570_24259.png,0.0030178502202033997,12.599609375,0.0,0.35084807872772217,False,False,False,16,19570,24259
z16/19570_24260.png,z16/19570_24260.png,0.003152571866909663,8.099609375,0.0,0.3484659194946289,False,False,False,16,19570,24260
z16/19570_24261.png,z16/19570_24261.png,0.002070127179225286,4.900390625,0.0,0.3499108552932739,False,False,False,16,19570,24261
z16/19570_24262.png,z16/19570_24262.png,0.001763435329000155,4.2001953125,0.0,0.346901535987854,False,False,False,16,19570,24262
z16/19570_24263.png,z16/19570_24263.png,0.0016042546679576237,3.5,0.0,0.34387674927711487,False,False,False,16,19570,24263
z16/19570_24264.png,z16/19570_24264.png,0.004972576101620992,20.3994140625,0.0,0.34395042061805725,False,False,False,16,19570,24264
z16/19570_24265.png,z16/19570_24265.png,0.006237620611985525,41.5,0.053985595703125,0.34039485454559326,False,False,False,16,19570,24265
z16/19570_24266.png,z16/19570_24266.png,0.006973937650521596,37.900390625,0.0235137939453125,0.338839590549469,False,False,False,16,19570,24266
z16/19570_24267.png,z16/19570_24267.png,0.00596404621998469,38.2001953125,0.032501220703125,0.34065574407577515,False,False,False,16,19570,24267
z16/19570_24268.png,z16/19570_24268.png,0.004472810526688894,23.400390625,0.009185791015625,0.33636271953582764,False,False,False,16,19570,24268
z16/19570_24269.png,z16/19570_24269.png,0.002755915621916453,19.5,0.035369873046875,0.34072956442832947,False,False,False,16,19570,24269
z16/19570_24270.png,z16/19570_24270.png,0.0024456953008969626,13.5,0.0,0.3448261320590973,False,False,False,16,19570,24270
z16/19570_24271.png,z16/19570_24271.png,0.0026964105665683745,14.8994140625,0.0,0.34401559829711914,False,False,False,16,19570,24271
z16/19571_24200.png,z16/19571_24200.png,0.00678744117418925,55.2998046875,0.0157470703125,0.34187012910842896,False,False,False,16,19571,24200
z16/19571_24201.png,z16/19571_24201.png,0.006595303118228912,61.099609375,0.0035552978515625,0.34442776441574097,False,False,False,16,19571,24201
z16/19571_24202.png,z16/19571_24202.png,0.00949699580669403,67.7001953125,0.0089263916015625,0.3455740809440613,False,False,False,16,19571,24202
z16/19571_24203.png,z16/19571_24203.png,0.007445637881755829,46.599609375,0.0349884033203125,0.34315025806427,False,False,False,16,19571,24203
z16/19571_24204.png,z16/19571_24204.png,0.009698287645975748,115.1005859375,0.0395660400390625,0.3411600589752197,False,False,False,16,19571,24204
z16/19571_24205.png,z16/19571_24205.png,0.0074322437246640526,48.30078125,0.016387939453125,0.34320682287216187,False,False,False,16,19571,24205
z16/19571_24206.png,z16/19571_24206.png,0.00448450893163681,32.400390625,0.0001068115234375,0.3465014398097992,False,False,False,16,19571,24206
z16/19571_24207.png,z16/19571_24207.png,0.004785315195719401,41.400390625,0.003204345703125,0.3426205813884735,False,False,False,16,19571,24207
z16/19571_24208.png,z16/19571_24208.png,0.006202212969462077,57.5,0.0034027099609375,0.348024845123291,False,False,False,16,19571,24208
z16/19571_24209.png,z16/19571_24209.png,0.016911260286966958,82.7998046875,0.0064849853515625,0.34724023938179016,False,False,False,16,19571,24209
z16/19571_24210.png,z16/19571_24210.png,0.00801187107960383,124.7998046875,0.0430755615234375,0.34139955043792725,False,False,False,16,19571,24210
z16/19571_24211.png,z16/19571_24211.png,0.008932865659395854,151.400390625,0.0271759033203125,0.33701249957084656,False,False,False,16,19571,24211
z16/19571_24212.png,z16/19571_24212.png,0.01035797397295634,98.6005859375,0.0186004638671875,0.3416460454463959,False,False,False,16,19571,24212
z16/19571_24213.png,z16/19571_24213.png,0.01124194860458374,76.2998046875,0.003875732421875,0.3411993980407715,False,False,False,16,19571,24213
z16/19571_24214.png,z16/19571_24214.png,0.00965321163336436,96.7998046875,0.0277099609375,0.343435138463974,False,False,False,16,19571,24214
z16/19571_24215.png,z16/19571_24215.png,0.008719522754351299,91.7001953125,0.0460968017578125,0.34255772829055786,False,False,False,16,19571,24215
z16/19571_24216.png,z16/19571_24216.png,0.00670614093542099,74.7998046875,0.006378173828125,0.34209099411964417,False,False,False,16,19571,24216
z16/19571_24217.png,z16/19571_24217.png,0.005832189321517944,39.5,0.0131988525390625,0.34434208273887634,False,False,False,16,19571,24217
z16/19571_24218.png,z16/19571_24218.png,0.0063122992714246115,24.7001953125,0.0,0.34847116470336914,False,False,False,16,19571,24218
z16/19571_24219.png,z16/19571_24219.png,0.0018634241074323653,6.599609375,0.0,0.3486562669277191,False,False,False,16,19571,24219
z16/19571_24220.png,z16/19571_24220.png,0.003911752502123515,12.5,0.0,0.34254318475723267,False,False,False,16,19571,24220
z16/19571_24221.png,z16/19571_24221.png,0.00766167292992274,19.5,0.0,0.34550419449806213,False,False,False,16,19571,24221
z16/19571_24222.png,z16/19571_24222.png,0.010760851701100667,42.30078125,0.033538818359375,0.341895192861557,False,False,False,16,19571,24222
z16/19571_24223.png,z16/19571_24223.png,0.007409442961215973,42.7998046875,0.0,0.34539514780044556,False,False,False,16,19571,24223
z16/19571_24224.png,z16/19571_24224.png,0.007027753194173177,39.400390625,0.013916015625,0.3443443775177002,False,False,False,16,19571,24224
z16/19571_24225.png,z16/19571_24225.png,0.0046365797519683834,21.5,0.0,0.34033203125,False,False,False,16,19571,24225
z16/19571_24226.png,z16/19571_24226.png,0.002857073893149694,22.2001953125,0.0045928955078125,0.3378280997276306,False,False,False,16,19571,24226
z16/19571_24227.png,z16/19571_24227.png,0.005050005515416464,24.2998046875,0.0,0.3393617570400238,False,False,False,16,19571,24227
z16/19571_24228.png,z16/19571_24228.png,0.004655272265275319,40.0,1.52587890625e-05,0.33870846033096313,False,False,False,16,19571,24228
z16/19571_24229.png,z16/19571_24229.png,0.005330224335193634,59.7001953125,0.00762939453125,0.34567153453826904,False,False,False,16,19571,24229
z16/19571_24230.png,z16/19571_24230.png,0.006953577697277069,44.0,0.0204620361328125,0.34397092461586,False,False,False,16,19571,24230
z16/19571_24231.png,z16/19571_24231.png,0.005327087144056956,14.69921875,0.0,0.3503481447696686,False,False,False,16,19571,24231
z16/19571_24232.png,z16/19571_24232.png,0.0038240604102611543,12.8994140625,0.0,0.3527076244354248,False,False,False,16,19571,24232
z16/19571_24233.png,z16/19571_24233.png,0.003591484079758326,13.5,0.0,0.3392176628112793,False,False,False,16,19571,24233
z16/19571_24234.png,z16/19571_24234.png,0.00252491757273674,9.3994140625,0.0,0.3568512201309204,False,False,False,16,19571,24234
z16/19571_24235.png,z16/19571_24235.png,0.002275669574737549,7.0,0.0,0.34164175391197205,False,False,False,16,19571,24235
z16/19571_24236.png,z16/19571_24236.png,0.002208958814541499,6.599609375,0.0,0.34677472710609436,False,False,False,16,19571,24236
z16/19571_24237.png,z16/19571_24237.png,0.0013851919521888098,2.6005859375,0.0,0.34292134642601013,False,False,False,16,19571,24237
z16/19571_24238.png,z16/19571_24238.png,0.0034078503648440044,8.900390625,0.0,0.342858225107193,False,False,False,16,19571,24238
z16/19571_24239.png,z16/19571_24239.png,0.0026425582667191825,12.1005859375,0.0,0.3403833508491516,False,False,False,16,19571,24239
z16/19571_24240.png,z16/19571_24240.png,0.003313970814148585,18.900390625,0.0,0.3445568382740021,False,False,False,16,19571,24240
z16/19571_24241.png,z16/19571_24241.png,0.003927621990442276,24.400390625,0.0,0.3460848033428192,False,False,False,16,19571,24241
z16/19571_24242.png,z16/19571_24242.png,0.002197221666574478,9.900390625,0.0,0.3441280424594879,False,False,False,16,19571,24242
z16/19571_24243.png,z16/19571_24243.png,0.0018404589345057806,5.0,0.0,0.3435472249984741,False,False,False,16,19571,24243
z16/19571_24244.png,z16/19571_24244.png,0.00136143962542216,2.400390625,0.0,0.350814551115036,False,False,False,16,19571,24244
z16/19571_24245.png,z16/19571_24245.png,0.0014069187144438425,2.0,0.0,0.35018542408943176,False,False,False,16,19571,24245
z16/19571_24246.png,z16/19571_24246.png,0.001261254275838534,1.7998046875,0.0,0.347239226102829,False,False,False,16,19571,24246
z16/19571_24247.png,z16/19571_24247.png,0.0020417068153619766,5.5,0.0,0.3431096076965332,False,False,False,16,19571,24247
z16/19571_24248.png,z16/19571_24248.png,0.001958629364768664,7.5,0.0,0.3487006425857544,False,False,False,16,19571,24248
z16/19571_24249.png,z16/19571_24249.png,0.0025981714328130088,20.5,0.01641845703125,0.34556281566619873,False,False,False,16,19571,24249
z16/19571_24250.png,z16/19571_24250.png,0.004887681702772776,36.2998046875,0.00421142578125,0.3498784303665161,False,False,False,16,19571,24250
z16/19571_24251.png,z16/19571_24251.png,0.0071696350971857704,42.2998046875,0.0005950927734375,0.35121142864227295,False,False,False,16,19571,24251
z16/19571_24252.png,z16/19571_24252.png,0.011267658074696858,101.8994140625,0.008453369140625,0.33540457487106323,False,False,False,16,19571,24252
z16/19571_24253.png,z16/19571_24253.png,0.011715537309646607,89.2001953125,0.0299835205078125,0.3326438069343567,False,False,False,16,19571,24253
z16/19571_24254.png,z16/19571_24254.png,0.010908269882202148,84.7001953125,0.015045166015625,0.33328428864479065,False,False,False,16,19571,24254
z16/19571_24255.png,z16/19571_24255.png,0.011181605855623881,40.900390625,0.0118408203125,0.33670324087142944,False,False,False,16,19571,24255
z16/19571_24256.png,z16/19571_24256.png,0.008696804443995157,31.0,0.02093505859375,0.3377469480037689,False,False,False,16,19571,24256
z16/19571_24257.png,z16/19571_24257.png,0.007315583030382792,27.80078125,0.011474609375,0.35258570313453674,False,False,False,16,19571,24257
z16/19571_24258.png,z16/19571_24258.png,0.007280778884887695,23.099609375,0.0266571044921875,0.351146399974823,False,False,False,16,19571,24258
z16/19571_24259.png,z16/19571_24259.png,0.006810622413953146,10.2998046875,0.0,0.34478840231895447,False,False,False,16,19571,24259
z16/19571_24260.png,z16/19571_24260.png,0.0023195738593737285,8.0,0.0,0.34653976559638977,False,False,False,16,19571,24260
z16/19571_24261.png,z16/19571_24261.png,0.003777536501487096,13.900390625,0.0,0.3470792770385742,False,False,False,16,19571,24261
z16/19571_24262.png,z16/19571_24262.png,0.004669704536596934,15.400390625,0.0,0.34539610147476196,False,False,False,16,19571,24262
z16/19571_24263.png,z16/19571_24263.png,0.0024797357618808746,6.7998046875,0.0,0.3401353061199188,False,False,False,16,19571,24263
z16/19571_24264.png,z16/19571_24264.png,0.0018153121074040732,4.2998046875,0.0,0.3490666449069977,False,False,False,16,19571,24264
z16/19571_24265.png,z16/19571_24265.png,0.004972354074319204,22.599609375,0.0,0.3467802405357361,False,False,False,16,19571,24265
z16/19571_24266.png,z16/19571_24266.png,0.010956722497940063,52.599609375,0.03955078125,0.3379104733467102,False,False,False,16,19571,24266
z16/19571_24267.png,z16/19571_24267.png,0.005984542767206827,52.400390625,0.037322998046875,0.3370562791824341,False,False,False,16,19571,24267
z16/19571_24268.png,z16/19571_24268.png,0.003601413716872533,35.7001953125,0.0470733642578125,0.3359968066215515,False,False,False,16,19571,24268
z16/19571_24269.png,z16/19571_24269.png,0.003206795205672582,25.2001953125,0.009765625,0.3408655822277069,False,False,False,16,19571,24269
z16/19571_24270.png,z16/19571_24270.png,0.0030763487021128336,12.2998046875,0.0,0.3424258232116699,False,False,False,16,19571,24270
z16/19571_24271.png,z16/19571_24271.png,0.003047615041335424,7.2998046875,0.0,0.34845077991485596,False,False,False,16,19571,24271
z16/19572_24200.png,z16/19572_24200.png,0.0050760388374328615,46.3994140625,0.006072998046875,0.3445415496826172,False,False,False,16,19572,24200
z16/19572_24201.png,z16/19572_24201.png,0.007937703033288319,66.2998046875,0.0498046875,0.34405311942100525,False,False,False,16,19572,24201
z16/19572_24202.png,z16/19572_24202.png,0.00458816389242808,89.7001953125,0.02001953125,0.3454160690307617,False,False,False,16,19572,24202
z16/19572_24203.png,z16/19572_24203.png,0.006388950844605764,102.2998046875,0.0410308837890625,0.34794193506240845,False,False,False,16,19572,24203
z16/19572_24204.png,z16/19572_24204.png,0.008447825908660889,80.400390625,0.0393829345703125,0.3408206105232239,False,False,False,16,19572,24204
z16/19572_24205.png,z16/19572_24205.png,0.006592611471811931,70.2001953125,0.018951416015625,0.3428303897380829,False,False,False,16,19572,24205
z16/19572_24206.png,z16/19572_24206.png,0.006255436440308889,45.80078125,0.01593017578125,0.34873145818710327,False,False,False,16,19572,24206
z16/19572_24207.png,z16/19572_24207.png,0.015806506077448528,63.6005859375,0.0044708251953125,0.34675687551498413,False,False,False,16,19572,24207
z16/19572_24208.png,z16/19572_24208.png,0.013021678725878397,56.2998046875,0.01605224609375,0.35269874334335327,False,False,False,16,19572,24208
z16/19572_24209.png,z16/19572_24209.png,0.01832310954729716,124.19921875,0.003936767578125,0.34892576932907104,False,False,False,16,19572,24209
z16/19572_24210.png,z16/19572_24210.png,0.011287971337636312,100.599609375,0.0008087158203125,0.3451482057571411,False,False,False,16,19572,24210
z16/19572_24211.png,z16/19572_24211.png,0.008001736799875895,58.400390625,0.000762939453125,0.3463321924209595,False,False,False,16,19572,24211
z16/19572_24212.png,z16/19572_24212.png,0.005391669273376465,76.900390625,0.0112152099609375,0.33959195017814636,False,False,False,16,19572,24212
z16/19572_24213.png,z16/19572_24213.png,0.008069110413392385,80.2001953125,0.00360107421875,0.3401421904563904,False,False,False,16,19572,24213
z16/19572_24214.png,z16/19572_24214.png,0.007933211326599122,84.5,0.0037994384765625,0.3407307267189026,False,False,False,16,19572,24214
z16/19572_24215.png,z16/19572_24215.png,0.006974680225054423,97.5,0.0101165771484375,0.33841413259506226,False,False,False,16,19572,24215
z16/19572_24216.png,z16/19572_24216.png,0.0063531766335169475,82.0,0.0136260986328125,0.3404742479324341,False,False,False,16,19572,24216
z16/19572_24217.png,z16/19572_24217.png,0.005175092319647471,41.099609375,0.0210723876953125,0.3466311991214752,False,False,False,16,19572,24217
z16/19572_24218.png,z16/19572_24218.png,0.006725213428338369,51.5,0.043182373046875,0.3476528525352478,False,False,False,16,19572,24218
z16/19572_24219.png,z16/19572_24219.png,0.008954447507858277,47.1005859375,0.0,0.34964171051979065,False,False,False,16,19572,24219
z16/19572_24220.png,z16/19572_24220.png,0.0052809601028760275,24.8994140625,0.0,0.34574705362319946,False,False,False,16,19572,24220
z16/19572_24221.png,z16/19572_24221.png,0.006531112392743428,36.2001953125,0.0182342529296875,0.34975287318229675,False,False,False,16,19572,24221
z16/19572_24222.png,z16/19572_24222.png,0.010208045442899069,36.7998046875,0.014556884765625,0.3489171266555786,False,False,False,16,19572,24222
z16/19572_24223.png,z16/19572_24223.png,0.005843042333920797,17.7001953125,0.0,0.349020779132843,False,False,False,16,19572,24223
z16/19572_24224.png,z16/19572_24224.png,0.005929682155450185,23.2001953125,0.0,0.34255534410476685,False,False,False,16,19572,24224
z16/19572_24225.png,z16/19572_24225.png,0.006872970362504323,37.2001953125,0.0001678466796875,0.338685542345047,False,False,False,16,19572,24225
z16/19572_24226.png,z16/19572_24226.png,0.0053486476341883344,49.2998046875,0.0032196044921875,0.34089791774749756,False,False,False,16,19572,24226
z16/19572_24227.png,z16/19572_24227.png,0.005290829141934713,41.0,0.0352020263671875,0.3409517705440521,False,False,False,16,19572,24227
z16/19572_24228.png,z16/19572_24228.png,0.005220029254754384,41.1005859375,0.02880859375,0.3414500653743744,False,False,False,16,19572,24228
z16/19572_24229.png,z16/19572_24229.png,0.004517589509487152,24.099609375,0.003509521484375,0.3464778661727905,False,False,False,16,19572,24229
z16/19572_24230.png,z16/19572_24230.png,0.005094391107559204,40.400390625,0.01043701171875,0.344131737947464,False,False,False,16,19572,24230
z16/19572_24231.png,z16/19572_24231.png,0.010599990685780844,25.400390625,0.00408935546875,0.3482542932033539,False,False,False,16,19572,24231
z16/19572_24232.png,z16/19572_24232.png,0.008652466535568237,30.2998046875,0.0,0.34760111570358276,False,False,False,16,19572,24232
z16/19572_24233.png,z16/19572_24233.png,0.009183562795321147,30.3994140625,0.0,0.3509899377822876,False,False,False,16,19572,24233
z16/19572_24234.png,z16/19572_24234.png,0.0021070681512355806,8.400390625,0.0,0.3637932240962982,False,False,False,16,19572,24234
z16/19572_24235.png,z16/19572_24235.png,0.0024567792812983194,14.599609375,0.0,0.3454588055610657,False,False,False,16,19572,24235
z16/19572_24236.png,z16/19572_24236.png,0.004811188081900278,22.5,0.0,0.3484715223312378,False,False,False,16,19572,24236
z16/19572_24237.png,z16/19572_24237.png,0.003610325356324514,20.2998046875,0.0,0.3454791307449341,False,False,False,16,19572,24237
z16/19572_24238.png,z16/19572_24238.png,0.004518643021583557,32.099609375,0.0399932861328125,0.3466629981994629,False,False,False,16,19572,24238
z16/19572_24239.png,z16/19572_24239.png,0.004786898195743561,29.5,0.0116424560546875,0.3458626866340637,False,False,False,16,19572,24239
z16/19572_24240.png,z16/19572_24240.png,0.005150505403677622,32.2998046875,0.0054168701171875,0.3448645770549774,False,False,False,16,19572,24240
z16/19572_24241.png,z16/19572_24241.png,0.004355973998705546,25.400390625,0.0,0.3484124541282654,False,False,False,16,19572,24241
z16/19572_24242.png,z16/19572_24242.png,0.00533861368894577,31.0,0.0273284912109375,0.3450612723827362,False,False,False,16,19572,24242
z16/19572_24243.png,z16/19572_24243.png,0.005470185478528341,32.30078125,0.0138397216796875,0.3457394540309906,False,False,False,16,19572,24243
z16/19572_24244.png,z16/19572_24244.png,0.00654639055331548,35.1005859375,0.0,0.3505864143371582,False,False,False,16,19572,24244
z16/19572_24245.png,z16/19572_24245.png,0.0016943210115035374,2.7001953125,0.0,0.34736916422843933,False,False,False,16,19572,24245
z16/19572_24246.png,z16/19572_24246.png,0.0012858014553785325,1.5,0.0,0.350796639919281,False,False,False,16,19572,24246
z16/19572_24247.png,z16/19572_24247.png,0.001373851423462232,2.3994140625,0.0,0.34641778469085693,False,False,False,16,19572,24247
z16/19572_24248.png,z16/19572_24248.png,0.0017363843818505606,4.7998046875,0.0,0.3419174551963806,False,False,False,16,19572,24248
z16/19572_24249.png,z16/19572_24249.png,0.0021571946640809377,11.30078125,0.0,0.3427050709724426,False,False,False,16,19572,24249
z16/19572_24250.png,z16/19572_24250.png,0.00388961856563886,26.6005859375,0.021148681640625,0.3432687520980835,False,False,False,16,19572,24250
z16/19572_24251.png,z16/19572_24251.png,0.007162811358769735,61.900390625,0.01580810546875,0.33970004320144653,False,False,False,16,19572,24251
z16/19572_24252.png,z16/19572_24252.png,0.01573016345500946,147.5,0.006744384765625,0.336887389421463,False,False,False,16,19572,24252
z16/19572_24253.png,z16/19572_24253.png,0.016131168603897093,95.5,0.0167694091796875,0.3329642713069916,False,False,False,16,19572,24253
z16/19572_24254.png,z16/19572_24254.png,0.00967782735824585,90.7998046875,0.0077972412109375,0.3338395357131958,False,False,False,16,19572,24254
z16/19572_24255.png,z16/19572_24255.png,0.010438177982966106,54.7998046875,0.0328216552734375,0.3428524136543274,False,False,False,16,19572,24255
z16/19572_24256.png,z16/19572_24256.png,0.009269627928733825,36.7001953125,0.0,0.3445088267326355,False,False,False,16,19572,24256
z16/19572_24257.png,z16/19572_24257.png,0.008903160691261292,30.2001953125,0.0,0.34673458337783813,False,False,False,16,19572,24257
z16/19572_24258.png,z16/19572_24258.png,0.006138737003008525,17.19921875,0.022613525390625,0.34595587849617004,False,False,False,16,19572,24258
z16/19572_24259.png,z16/19572_24259.png,0.006580040355523427,9.400390625,0.0,0.3427971601486206,False,False,False,16,19572,24259
z16/19572_24260.png,z16/19572_24260.png,0.0030119684835275013,6.900390625,0.0,0.3500964641571045,False,False,False,16,19572,24260
z16/19572_24261.png,z16/19572_24261.png,0.005553504824638367,11.2001953125,0.0,0.3416995704174042,False,False,False,16,19572,24261
z16/19572_24262.png,z16/19572_24262.png,0.0028409548103809357,10.7998046875,0.0,0.34334754943847656,False,False,False,16,19572,24262
z16/19572_24263.png,z16/19572_24263.png,0.0017085641622543335,2.1005859375,0.0,0.34072643518447876,False,False,False,16,19572,24263
z16/19572_24264.png,z16/19572_24264.png,0.0023407417039076487,5.099609375,0.0,0.3478238582611084,False,False,False,16,19572,24264
z16/19572_24265.png,z16/19572_24265.png,0.002320465197165807,4.900390625,0.0,0.3482166528701782,False,False,False,16,19572,24265
z16/19572_24266.png,z16/19572_24266.png,0.0029375349481900533,10.2001953125,0.0,0.33916643261909485,False,False,False,16,19572,24266
z16/19572_24267.png,z16/19572_24267.png,0.004352754354476929,9.7001953125,0.0,0.33964967727661133,False,False,False,16,19572,24267
z16/19572_24268.png,z16/19572_24268.png,0.0063190410534540815,29.8994140625,0.033905029296875,0.3350650370121002,False,False,False,16,19572,24268
z16/19572_24269.png,z16/19572_24269.png,0.0049079984426498415,24.1005859375,0.0,0.3420647382736206,False,False,False,16,19572,24269
z16/19572_24270.png,z16/19572_24270.png,0.00440315306186676,9.7001953125,0.0,0.34553155303001404,False,False,False,16,19572,24270
z16/19572_24271.png,z16/19572_24271.png,0.0018098017821709315,2.900390625,0.0,0.3507474660873413,False,False,False,16,19572,24271
z16/19573_24200.png,z16/19573_24200.png,0.006027566889921824,46.8994140625,0.00494384765625,0.34206175804138184,False,False,False,16,19573,24200
z16/19573_24201.png,z16/19573_24201.png,0.004958454767862956,75.5,0.001708984375,0.34595924615859985,False,False,False,16,19573,24201
z16/19573_24202.png,z16/19573_24202.png,0.00995309352874756,79.0,0.0074615478515625,0.3419750928878784,False,False,False,16,19573,24202
z16/19573_24203.png,z16/19573_24203.png,0.006701638301213582,65.7998046875,0.0158538818359375,0.34475696086883545,False,False,False,16,19573,24203
z16/19573_24204.png,z16/19573_24204.png,0.008263391753037771,57.6005859375,0.0437164306640625,0.343880295753479,False,False,False,16,19573,24204
z16/19573_24205.png,z16/19573_24205.png,0.008249308168888091,39.3994140625,0.0284423828125,0.3440002202987671,False,False,False,16,19573,24205
z16/19573_24206.png,z16/19573_24206.png,0.01323828895886739,81.400390625,0.057861328125,0.3448466360569,False,False,False,16,19573,24206
z16/19573_24207.png,z16/19573_24207.png,0.0222156822681427,96.2998046875,0.0143890380859375,0.3523290157318115,False,False,False,16,19573,24207
z16/19573_24208.png,z16/19573_24208.png,0.006892637411753336,81.2001953125,0.000457763671875,0.3446181118488312,False,False,False,16,19573,24208
z16/19573_24209.png,z16/19573_24209.png,0.006778641045093537,56.80078125,0.0024261474609375,0.3421388864517212,False,False,False,16,19573,24209
z16/19573_24210.png,z16/19573_24210.png,0.005659942825635274,37.7001953125,0.00140380859375,0.3415760397911072,False,False,False,16,19573,24210
z16/19573_24211.png,z16/19573_24211.png,0.007088916003704071,50.80078125,0.012451171875,0.33925408124923706,False,False,False,16,19573,24211
z16/19573_24212.png,z16/19573_24212.png,0.0064833770195643105,34.400390625,0.0032806396484375,0.34119778871536255,False,False,False,16,19573,24212
z16/19573_24213.png,z16/19573_24213.png,0.008197061717510223,58.5,0.03070068359375,0.34396061301231384,False,False,False,16,19573,24213
z16/19573_24214.png,z16/19573_24214.png,0.00706334114074707,77.400390625,0.036468505859375,0.34273070096969604,False,False,False,16,19573,24214
z16/19573_24215.png,z16/19573_24215.png,0.005250415702660879,50.7998046875,0.0105133056640625,0.3431910276412964,False,False,False,16,19573,24215
z16/19573_24216.png,z16/19573_24216.png,0.005685919523239135,71.6005859375,0.005889892578125,0.3404434323310852,False,False,False,16,19573,24216
z16/19573_24217.png,z16/19573_24217.png,0.0052227631211280824,62.599609375,0.0067901611328125,0.3379892408847809,False,False,False,16,19573,24217
z16/19573_24218.png,z16/19573_24218.png,0.005574345588684082,48.2001953125,0.001678466796875,0.346412718296051,False,False,False,16,19573,24218
z16/19573_24219.png,z16/19573_24219.png,0.00808772047360738,56.1005859375,0.0122222900390625,0.3501257002353668,False,False,False,16,19573,24219
z16/19573_24220.png,z16/19573_24220.png,0.00687565803527832,58.2998046875,0.0041351318359375,0.3473922312259674,False,False,False,16,19573,24220
z16/19573_24221.png,z16/19573_24221.png,0.010439159472783406,106.5,0.0145111083984375,0.3460497260093689,False,False,False,16,19573,24221
z16/19573_24222.png,z16/19573_24222.png,0.015499784549077352,101.7998046875,0.023040771484375,0.33970674872398376,False,False,False,16,19573,24222
z16/19573_24223.png,z16/19573_24223.png,0.005973343551158905,46.0,0.0281982421875,0.34734299778938293,False,False,False,16,19573,24223
z16/19573_24224.png,z16/19573_24224.png,0.004807009299596151,22.900390625,0.0,0.353782594203949,False,False,False,16,19573,24224
z16/19573_24225.png,z16/19573_24225.png,0.0086850106716156,47.900390625,0.0054931640625,0.3458390235900879,False,False,False,16,19573,24225
z16/19573_24226.png,z16/19573_24226.png,0.012028870979944865,56.400390625,0.012115478515625,0.3472687304019928,False,False,False,16,19573,24226
z16/19573_24227.png,z16/19573_24227.png,0.01217900812625885,65.5,0.0125579833984375,0.34328436851501465,False,False,False,16,19573,24227
z16/19573_24228.png,z16/19573_24228.png,0.013920871416727702,84.5,0.0212554931640625,0.3440101742744446,False,False,False,16,19573,24228
z16/19573_24229.png,z16/19573_24229.png,0.010491310556729635,87.2001953125,0.0262298583984375,0.3502282202243805,False,False,False,16,19573,24229
z16/19573_24230.png,z16/19573_24230.png,0.007099662224451701,52.400390625,0.030670166015625,0.3418646454811096,False,False,False,16,19573,24230
z16/19573_24231.png,z16/19573_24231.png,0.0065757960081100466,40.7998046875,0.0020294189453125,0.34215644001960754,False,False,False,16,19573,24231
z16/19573_24232.png,z16/19573_24232.png,0.0042679135998090105,22.099609375,0.0088348388671875,0.35025882720947266,False,False,False,16,19573,24232
z16/19573_24233.png,z16/19573_24233.png,0.00898488461971283,38.5,0.033355712890625,0.35514041781425476,False,False,False,16,19573,24233
z16/19573_24234.png,z16/19573_24234.png,0.010633760690689087,33.69921875,0.0,0.36148256063461304,False,False,False,16,19573,24234
z16/19573_24235.png,z16/19573_24235.png,0.004319530228773753,22.8994140625,0.0,0.34836307168006897,False,False,False,16,19573,24235
z16/19573_24236.png,z16/19573_24236.png,0.004512134194374085,28.7001953125,0.0,0.349497526884079,False,False,False,16,19573,24236
z16/19573_24237.png,z16/19573_24237.png,0.005783069133758545,31.7998046875,0.0,0.34718090295791626,False,False,False,16,19573,24237
z16/19573_24238.png,z16/19573_24238.png,0.004863506555557251,17.0,0.0,0.3523879051208496,False,False,False,16,19573,24238
z16/19573_24239.png,z16/19573_24239.png,0.009806718428929646,23.5,0.0022430419921875,0.3572610020637512,False,False,False,16,19573,24239
z16/19573_24240.png,z16/19573_24240.png,0.007362889746824901,16.2001953125,0.0,0.34898969531059265,False,False,False,16,19573,24240
z16/19573_24241.png,z16/19573_24241.png,0.00396546944975853,13.2998046875,0.0,0.34481900930404663,False,False,False,16,19573,24241
z16/19573_24242.png,z16/19573_24242.png,0.006997430821259817,27.7001953125,0.0099029541015625,0.35045748949050903,False,False,False,16,19573,24242
z16/19573_24243.png,z16/19573_24243.png,0.0059080297748247785,29.099609375,0.0,0.3490532338619232,False,False,False,16,19573,24243
z16/19573_24244.png,z16/19573_24244.png,0.006809320052464803,36.599609375,0.0054931640625,0.3485545814037323,False,False,False,16,19573,24244
z16/19573_24245.png,z16/19573_24245.png,0.0017631591608126959,5.0,0.0,0.3375309705734253,False,False,False,16,19573,24245
z16/19573_24246.png,z16/19573_24246.png,0.001538811499873797,2.599609375,0.0,0.3434363603591919,False,False,False,16,19573,24246
z16/19573_24247.png,z16/19573_24247.png,0.0017810386916001638,3.30078125,0.0,0.35358065366744995,False,False,False,16,19573,24247
z16/19573_24248.png,z16/19573_24248.png,0.0018820355335871378,5.7998046875,0.0,0.3501703143119812,False,False,False,16,19573,24248
z16/19573_24249.png,z16/19573_24249.png,0.0019748744865258536,10.099609375,0.0,0.34849804639816284,False,False,False,16,19573,24249
z16/19573_24250.png,z16/19573_24250.png,0.005780404806137085,37.1005859375,0.01959228515625,0.3428206741809845,False,False,False,16,19573,24250
z16/19573_24251.png,z16/19573_24251.png,0.007154795527458191,68.2998046875,0.0067901611328125,0.33731576800346375,False,False,False,16,19573,24251
z16/19573_24252.png,z16/19573_24252.png,0.025034389893213906,135.8994140625,0.0333251953125,0.33572903275489807,False,False,False,16,19573,24252
z16/19573_24253.png,z16/19573_24253.png,0.024503600597381592,138.30078125,0.031494140625,0.33336538076400757,False,False,False,16,19573,24253
z16/19573_24254.png,z16/19573_24254.png,0.018385197718938193,99.0,0.0197906494140625,0.33983224630355835,False,False,False,16,19573,24254
z16/19573_24255.png,z16/19573_24255.png,0.01092668076356252,31.2001953125,0.019744873046875,0.33821266889572144,False,False,False,16,19573,24255
z16/19573_24256.png,z16/19573_24256.png,0.009667651851971944,34.2998046875,0.0140380859375,0.3496060371398926,False,False,False,16,19573,24256
z16/19573_24257.png,z16/19573_24257.png,0.010080880920092265,36.8994140625,0.0173187255859375,0.34988802671432495,False,False,False,16,19573,24257
z16/19573_24258.png,z16/19573_24258.png,0.00726471741994222,27.3994140625,0.006439208984375,0.34964221715927124,False,False,False,16,19573,24258
z16/19573_24259.png,z16/19573_24259.png,0.006931921343008677,15.099609375,0.0,0.3453482687473297,False,False,False,16,19573,24259
z16/19573_24260.png,z16/19573_24260.png,0.0036615923047065733,6.30078125,0.0,0.34749937057495117,False,False,False,16,19573,24260
z16/19573_24261.png,z16/19573_24261.png,0.0019702237099409104,6.7001953125,0.0,0.35532331466674805,False,False,False,16,19573,24261
z16/19573_24262.png,z16/19573_24262.png,0.0017615042626857758,3.599609375,0.0,0.3461032509803772,False,False,False,16,19573,24262
z16/19573_24263.png,z16/19573_24263.png,0.0012340808908144632,1.2001953125,0.0,0.34890028834342957,False,False,False,16,19573,24263
z16/19573_24264.png,z16/19573_24264.png,0.0032205353180567425,14.5,0.0,0.34579604864120483,False,False,False,16,19573,24264
z16/19573_24265.png,z16/19573_24265.png,0.005928715070088704,24.0,0.0,0.340742826461792,False,False,False,16,19573,24265
z16/19573_24266.png,z16/19573_24266.png,0.0042653704682985944,16.2998046875,0.0,0.3393781781196594,False,False,False,16,19573,24266
z16/19573_24267.png,z16/19573_24267.png,0.005431570112705231,32.69921875,0.0,0.3412112891674042,False,False,False,16,19573,24267
z16/19573_24268.png,z16/19573_24268.png,0.008814803759256999,39.6005859375,0.0,0.34092968702316284,False,False,False,16,19573,24268
z16/19573_24269.png,z16/19573_24269.png,0.005948992570241293,24.0,0.0,0.342484712600708,False,False,False,16,19573,24269
z16/19573_24270.png,z16/19573_24270.png,0.006241017580032348,20.099609375,0.0,0.3459852337837219,False,False,False,16,19573,24270
z16/19573_24271.png,z16/19573_24271.png,0.006863639255364736,20.5,0.0,0.35067006945610046,False,False,False,16,19573,24271
z16/19574_24200.png,z16/19574_24200.png,0.0037702687084674837,26.7998046875,0.0048370361328125,0.35190585255622864,False,False,False,16,19574,24200
z16/19574_24201.png,z16/19574_24201.png,0.013249686360359192,59.1005859375,0.0,0.34479576349258423,False,False,False,16,19574,24201
z16/19574_24202.png,z16/19574_24202.png,0.009695048133532206,70.2001953125,0.008026123046875,0.3460991084575653,False,False,False,16,19574,24202
z16/19574_24203.png,z16/19574_24203.png,0.007157175739606222,60.2001953125,0.0020599365234375,0.3443807363510132,False,False,False,16,19574,24203
z16/19574_24204.png,z16/19574_24204.png,0.007008144756158193,89.69921875,0.001617431640625,0.3425675630569458,False,False,False,16,19574,24204
z16/19574_24205.png,z16/19574_24205.png,0.009619584679603577,90.5,0.025177001953125,0.348213255405426,False,False,False,16,19574,24205
z16/19574_24206.png,z16/19574_24206.png,0.010937305291493733,58.7998046875,0.0302276611328125,0.34563010931015015,False,False,False,16,19574,24206
z16/19574_24207.png,z16/19574_24207.png,0.00742024431626002,44.6005859375,0.0041656494140625,0.3458476662635803,False,False,False,16,19574,24207
z16/19574_24208.png,z16/19574_24208.png,0.005910439789295197,83.400390625,0.049468994140625,0.34519970417022705,False,False,False,16,19574,24208
z16/19574_24209.png,z16/19574_24209.png,0.004583269854386647,79.2001953125,0.01141357421875,0.3406085669994354,False,False,False,16,19574,24209
z16/19574_24210.png,z16/19574_24210.png,0.006704313556353251,84.0,0.009979248046875,0.3327924907207489,False,False,False,16,19574,24210
z16/19574_24211.png,z16/19574_24211.png,0.00813036213318507,63.2001953125,0.0175628662109375,0.3347975015640259,False,False,False,16,19574,24211
z16/19574_24212.png,z16/19574_24212.png,0.004887240131696066,53.599609375,0.0102081298828125,0.33338624238967896,False,False,False,16,19574,24212
z16/19574_24213.png,z16/19574_24213.png,0.005937795837720235,68.0,0.0021514892578125,0.33603420853614807,False,False,False,16,19574,24213
z16/19574_24214.png,z16/19574_24214.png,0.005094672739505768,61.8994140625,0.0297393798828125,0.34019210934638977,False,False,False,16,19574,24214
z16/19574_24215.png,z16/19574_24215.png,0.0036895677447319032,59.2998046875,0.009368896484375,0.3395882248878479,False,False,False,16,19574,24215
z16/19574_24216.png,z16/19574_24216.png,0.003894041975339254,63.5,0.043060302734375,0.33969977498054504,False,False,False,16,19574,24216
z16/19574_24217.png,z16/19574_24217.png,0.006130383412043253,45.0,0.01220703125,0.34333571791648865,False,False,False,16,19574,24217
z16/19574_24218.png,z16/19574_24218.png,0.008057699104150136,54.0,0.0082244873046875,0.3511067032814026,False,False,False,16,19574,24218
z16/19574_24219.png,z16/19574_24219.png,0.007521212100982666,51.0,0.019866943359375,0.3546885848045349,False,False,False,16,19574,24219
z16/19574_24220.png,z16/19574_24220.png,0.010410833358764648,70.0,0.00616455078125,0.3499698042869568,False,False,False,16,19574,24220
z16/19574_24221.png,z16/19574_24221.png,0.00870844026406606,92.400390625,0.004425048828125,0.3455422818660736,False,False,False,16,19574,24221
z16/19574_24222.png,z16/19574_24222.png,0.008294885357220968,80.0,0.0007476806640625,0.34644800424575806,False,False,False,16,19574,24222
z16/19574_24223.png,z16/19574_24223.png,0.007237742344538371,86.3994140625,0.0064544677734375,0.3447134494781494,False,False,False,16,19574,24223
z16/19574_24224.png,z16/19574_24224.png,0.005321712295214335,44.599609375,0.0164642333984375,0.35183554887771606,False,False,False,16,19574,24224
z16/19574_24225.png,z16/19574_24225.png,0.0060015802582105,46.7001953125,0.01873779296875,0.3478659987449646,False,False,False,16,19574,24225
z16/19574_24226.png,z16/19574_24226.png,0.007252337535222372,101.900390625,0.0269622802734375,0.344355970621109,False,False,False,16,19574,24226
z16/19574_24227.png,z16/19574_24227.png,0.00900978147983551,111.8994140625,0.0214080810546875,0.3415240943431854,False,False,False,16,19574,24227
z16/19574_24228.png,z16/19574_24228.png,0.008696999152501423,94.0,0.0229949951171875,0.34248238801956177,False,False,False,16,19574,24228
z16/19574_24229.png,z16/19574_24229.png,0.007971285780270895,99.5,0.0407562255859375,0.34346267580986023,False,False,False,16,19574,24229
z16/19574_24230.png,z16/19574_24230.png,0.007253288229306539,104.099609375,0.015960693359375,0.3352759778499603,False,False,False,16,19574,24230
z16/19574_24231.png,z16/19574_24231.png,0.008226943016052247,114.80078125,0.0048828125,0.33573099970817566,False,False,False,16,19574,24231
z16/19574_24232.png,z16/19574_24232.png,0.009608196218808492,80.5,0.0050048828125,0.3441622257232666,False,False,False,16,19574,24232
z16/19574_24233.png,z16/19574_24233.png,0.0084119846423467,66.1005859375,0.00665283203125,0.3472067415714264,False,False,False,16,19574,24233
z16/19574_24234.png,z16/19574_24234.png,0.009482372800509136,67.2001953125,0.0087127685546875,0.34975406527519226,False,False,False,16,19574,24234
z16/19574_24235.png,z16/19574_24235.png,0.00731815646092097,38.2998046875,0.0030975341796875,0.34928110241889954,False,False,False,16,19574,24235
z16/19574_24236.png,z16/19574_24236.png,0.0078016981482505795,36.5,0.0,0.35508668422698975,False,False,False,16,19574,24236
z16/19574_24237.png,z16/19574_24237.png,0.006297871470451355,29.400390625,0.0,0.3504202961921692,False,False,False,16,19574,24237
z16/19574_24238.png,z16/19574_24238.png,0.004119971394538879,22.8994140625,0.0,0.3518419861793518,False,False,False,16,19574,24238
z16/19574_24239.png,z16/19574_24239.png,0.004328510165214539,21.2998046875,0.0,0.3529273271560669,False,False,False,16,19574,24239
z16/19574_24240.png,z16/19574_24240.png,0.005005774895350138,17.2998046875,0.0,0.35338708758354187,False,False,False,16,19574,24240
z16/19574_24241.png,z16/19574_24241.png,0.006612459818522136,25.6005859375,0.0100250244140625,0.3483494222164154,False,False,False,16,19574,24241
z16/19574_24242.png,z16/19574_24242.png,0.009877755244572958,28.5,0.0,0.34815433621406555,False,False,False,16,19574,24242
z16/19574_24243.png,z16/19574_24243.png,0.007885810732841492,30.900390625,0.0,0.35029250383377075,False,False,False,16,19574,24243
z16/19574_24244.png,z16/19574_24244.png,0.0036003371079762776,54.2998046875,0.0004425048828125,0.34598976373672485,False,False,False,16,19574,24244
z16/19574_24245.png,z16/19574_24245.png,0.005028381943702698,32.19921875,0.0,0.3365444839000702,False,False,False,16,19574,24245
z16/19574_24246.png,z16/19574_24246.png,0.0017629393686850866,3.3994140625,0.0,0.34031736850738525,False,False,False,16,19574,24246
z16/19574_24247.png,z16/19574_24247.png,0.0017846160878737768,4.0,0.0,0.35416537523269653,False,False,False,16,19574,24247
z16/19574_24248.png,z16/19574_24248.png,0.0013553620626529058,2.5,0.0,0.35071954131126404,False,False,False,16,19574,24248
z16/19574_24249.png,z16/19574_24249.png,0.0037406474351882935,8.7998046875,0.0,0.3398974537849426,False,False,False,16,19574,24249
z16/19574_24250.png,z16/19574_24250.png,0.003522857278585434,27.80078125,0.004791259765625,0.34410518407821655,False,False,False,16,19574,24250
z16/19574_24251.png,z16/19574_24251.png,0.0069222529729207356,70.8994140625,0.0425872802734375,0.34321823716163635,False,False,False,16,19574,24251
z16/19574_24252.png,z16/19574_24252.png,0.016198198994000754,90.2001953125,0.053741455078125,0.34089019894599915,False,False,False,16,19574,24252
z16/19574_24253.png,z16/19574_24253.png,0.01591839889685313,68.7001953125,0.0534210205078125,0.3415236175060272,False,False,False,16,19574,24253
z16/19574_24254.png,z16/19574_24254.png,0.008789061506589254,28.2998046875,0.0,0.3438790440559387,False,False,False,16,19574,24254
z16/19574_24255.png,z16/19574_24255.png,0.010746459166208902,56.3994140625,0.00732421875,0.33713194727897644,False,False,False,16,19574,24255
z16/19574_24256.png,z16/19574_24256.png,0.010399122039477031,50.6005859375,0.0028533935546875,0.3354586958885193,False,False,False,16,19574,24256
z16/19574_24257.png,z16/19574_24257.png,0.009696432948112487,54.5,0.005340576171875,0.3399539589881897,False,False,False,16,19574,24257
z16/19574_24258.png,z16/19574_24258.png,0.009423676133155822,56.2001953125,0.019256591796875,0.34626615047454834,False,False,False,16,19574,24258
z16/19574_24259.png,z16/19574_24259.png,0.008140509327252706,20.099609375,0.0,0.34740352630615234,False,False,False,16,19574,24259
z16/19574_24260.png,z16/19574_24260.png,0.004755152265230814,19.0,0.0,0.3477543592453003,False,False,False,16,19574,24260
z16/19574_24261.png,z16/19574_24261.png,0.0021165254215399425,6.400390625,0.0,0.34202301502227783,False,False,False,16,19574,24261
z16/19574_24262.png,z16/19574_24262.png,0.0016593565543492636,3.0,0.0,0.344002366065979,False,False,False,16,19574,24262
z16/19574_24263.png,z16/19574_24263.png,0.002044228588541349,4.0,0.0,0.34186774492263794,False,False,False,16,19574,24263
z16/19574_24264.png,z16/19574_24264.png,0.006504745781421661,30.900390625,0.0,0.34867537021636963,False,False,False,16,19574,24264
z16/19574_24265.png,z16/19574_24265.png,0.00795337309439977,40.7998046875,0.0226287841796875,0.34063369035720825,False,False,False,16,19574,24265
z16/19574_24266.png,z16/19574_24266.png,0.009510070085525513,36.599609375,0.0161895751953125,0.34354981780052185,False,False,False,16,19574,24266
z16/19574_24267.png,z16/19574_24267.png,0.008430481950441996,80.5,0.0641326904296875,0.337127685546875,False,False,False,16,19574,24267
z16/19574_24268.png,z16/19574_24268.png,0.010416934887568155,67.5,0.02069091796875,0.33486372232437134,False,False,False,16,19574,24268
z16/19574_24269.png,z16/19574_24269.png,0.0052109162012736005,26.1005859375,0.0263824462890625,0.3398323357105255,False,False,False,16,19574,24269
z16/19574_24270.png,z16/19574_24270.png,0.0064473738272984825,38.7998046875,0.0027313232421875,0.3394203782081604,False,False,False,16,19574,24270
z16/19574_24271.png,z16/19574_24271.png,0.005521313846111297,35.80078125,0.0045013427734375,0.33631202578544617,False,False,False,16,19574,24271
z16/19575_24200.png,z16/19575_24200.png,0.005084276696046193,37.7001953125,0.0482635498046875,0.3487902283668518,False,False,False,16,19575,24200
z16/19575_24201.png,z16/19575_24201.png,0.00542761633793513,49.7998046875,0.0233917236328125,0.3429819345474243,False,False,False,16,19575,24201
z16/19575_24202.png,z16/19575_24202.png,0.003552382936080297,53.7001953125,0.0024871826171875,0.34498631954193115,False,False,False,16,19575,24202
z16/19575_24203.png,z16/19575_24203.png,0.005330343047777812,42.6005859375,0.0023193359375,0.34747910499572754,False,False,False,16,19575,24203
z16/19575_24204.png,z16/19575_24204.png,0.008100152512391408,67.2998046875,0.0037994384765625,0.34618908166885376,False,False,False,16,19575,24204
z16/19575_24205.png,z16/19575_24205.png,0.00657875786225001,78.0,0.01666259765625,0.3465234935283661,False,False,False,16,19575,24205
z16/19575_24206.png,z16/19575_24206.png,0.009599773089090984,48.900390625,0.0526885986328125,0.3453138470649719,False,False,False,16,19575,24206
z16/19575_24207.png,z16/19575_24207.png,0.007565746208031973,69.5,0.07366943359375,0.3526696562767029,False,False,False,16,19575,24207
z16/19575_24208.png,z16/19575_24208.png,0.005562971532344818,100.099609375,0.0017547607421875,0.34806931018829346,False,False,False,16,19575,24208
z16/19575_24209.png,z16/19575_24209.png,0.004483995338280995,104.900390625,0.002166748046875,0.3412947952747345,False,False,False,16,19575,24209
z16/19575_24210.png,z16/19575_24210.png,0.005762383341789246,66.2001953125,0.0001678466796875,0.33802443742752075,False,False,False,16,19575,24210
z16/19575_24211.png,z16/19575_24211.png,0.007131331165631612,42.0,0.0022430419921875,0.3408742845058441,False,False,False,16,19575,24211
z16/19575_24212.png,z16/19575_24212.png,0.006974121431509653,55.7998046875,0.0054168701171875,0.33967125415802,False,False,False,16,19575,24212
z16/19575_24213.png,z16/19575_24213.png,0.006804475684960684,73.80078125,0.0181884765625,0.33891215920448303,False,False,False,16,19575,24213
z16/19575_24214.png,z16/19575_24214.png,0.007668209075927734,64.900390625,0.0037078857421875,0.34344547986984253,False,False,False,16,19575,24214
z16/19575_24215.png,z16/19575_24215.png,0.013080471754074096,80.5,7.62939453125e-05,0.34639257192611694,False,False,False,16,19575,24215
z16/19575_24216.png,z16/19575_24216.png,0.014350340763727824,93.30078125,0.0192413330078125,0.34493082761764526,False,False,False,16,19575,24216
z16/19575_24217.png,z16/19575_24217.png,0.008406330148379009,56.400390625,0.0379486083984375,0.3496473431587219,False,False,False,16,19575,24217
z16/19575_24218.png,z16/19575_24218.png,0.0072216530640920006,29.0,0.006256103515625,0.3587477505207062,False,False,False,16,19575,24218
z16/19575_24219.png,z16/19575_24219.png,0.004767617086569468,58.2001953125,0.0544281005859375,0.3470054864883423,False,False,False,16,19575,24219
z16/19575_24220.png,z16/19575_24220.png,0.004896623392899831,80.5,0.0081329345703125,0.34673094749450684,False,False,False,16,19575,24220
z16/19575_24221.png,z16/19575_24221.png,0.00758833388487498,55.3994140625,0.0069732666015625,0.352145254611969,False,False,False,16,19575,24221
z16/19575_24222.png,z16/19575_24222.png,0.004732285936673482,43.2001953125,0.0029449462890625,0.34951484203338623,False,False,False,16,19575,24222
z16/19575_24223.png,z16/19575_24223.png,0.008130996922651927,59.400390625,0.01385498046875,0.34534916281700134,False,False,False,16,19575,24223
z16/19575_24224.png,z16/19575_24224.png,0.005407838026682535,54.2998046875,0.030853271484375,0.34405505657196045,False,False,False,16,19575,24224
z16/19575_24225.png,z16/19575_24225.png,0.008060019711653392,42.3994140625,0.0055389404296875,0.35479864478111267,False,False,False,16,19575,24225
z16/19575_24226.png,z16/19575_24226.png,0.007558547953764597,74.2998046875,0.02178955078125,0.3518121838569641,False,False,False,16,19575,24226
z16/19575_24227.png,z16/19575_24227.png,0.014052072167396545,64.099609375,0.065032958984375,0.34832677245140076,False,False,False,16,19575,24227
z16/19575_24228.png,z16/19575_24228.png,0.011045929789543153,59.7001953125,0.01849365234375,0.34495291113853455,False,False,False,16,19575,24228
z16/19575_24229.png,z16/19575_24229.png,0.008670224746068319,59.5,0.0283203125,0.34745630621910095,False,False,False,16,19575,24229
z16/19575_24230.png,z16/19575_24230.png,0.009967705607414246,72.7001953125,0.0237884521484375,0.34824612736701965,False,False,False,16,19575,24230
z16/19575_24231.png,z16/19575_24231.png,0.009779072801272074,84.400390625,0.0311431884765625,0.3458317816257477,False,False,False,16,19575,24231
z16/19575_24232.png,z16/19575_24232.png,0.0098012775182724,83.7001953125,0.007354736328125,0.34378737211227417,False,False,False,16,19575,24232
z16/19575_24233.png,z16/19575_24233.png,0.00900970995426178,85.2998046875,0.00885009765625,0.34566205739974976,False,False,False,16,19575,24233
z16/19575_24234.png,z16/19575_24234.png,0.01373068888982137,80.7998046875,0.0253143310546875,0.35074350237846375,False,False,False,16,19575,24234
z16/19575_24235.png,z16/19575_24235.png,0.004685072104136149,41.2998046875,0.00244140625,0.35059618949890137,False,False,False,16,19575,24235
z16/19575_24236.png,z16/19575_24236.png,0.006143943468729655,21.5,0.0117645263671875,0.35019969940185547,False,False,False,16,19575,24236
z16/19575_24237.png,z16/19575_24237.png,0.005110583702723185,44.5,0.0292816162109375,0.34545159339904785,False,False,False,16,19575,24237
z16/19575_24238.png,z16/19575_24238.png,0.006215518712997437,53.0,0.00445556640625,0.3428370952606201,False,False,False,16,19575,24238
z16/19575_24239.png,z16/19575_24239.png,0.007155451675256093,60.5,0.006378173828125,0.34794384241104126,False,False,False,16,19575,24239
z16/19575_24240.png,z16/19575_24240.png,0.009532742698987325,44.5,0.0071258544921875,0.35631975531578064,False,False,False,16,19575,24240
z16/19575_24241.png,z16/19575_24241.png,0.003870052844285965,14.2001953125,0.0,0.3521091341972351,False,False,False,16,19575,24241
z16/19575_24242.png,z16/19575_24242.png,0.0028441958129405975,12.7998046875,0.0,0.3446580469608307,False,False,False,16,19575,24242
z16/19575_24243.png,z16/19575_24243.png,0.0022374168038368225,10.900390625,0.0,0.34670019149780273,False,False,False,16,19575,24243
z16/19575_24244.png,z16/19575_24244.png,0.003277670095364253,31.599609375,0.0001373291015625,0.34718427062034607,False,False,False,16,19575,24244
z16/19575_24245.png,z16/19575_24245.png,0.004171522955099742,54.7998046875,0.0147247314453125,0.34159940481185913,False,False,False,16,19575,24245
z16/19575_24246.png,z16/19575_24246.png,0.0036328576505184175,30.400390625,0.0,0.34619754552841187,False,False,False,16,19575,24246
z16/19575_24247.png,z16/19575_24247.png,0.001951698213815689,7.5,0.0,0.34633874893188477,False,False,False,16,19575,24247
z16/19575_24248.png,z16/19575_24248.png,0.002662266790866852,6.5,0.0,0.34632208943367004,False,False,False,16,19575,24248
z16/19575_24249.png,z16/19575_24249.png,0.0025084880491097767,6.599609375,0.0,0.3382187783718109,False,False,False,16,19575,24249
z16/19575_24250.png,z16/19575_24250.png,0.005316156148910523,44.7998046875,0.0287017822265625,0.3446158766746521,False,False,False,16,19575,24250
z16/19575_24251.png,z16/19575_24251.png,0.008931297063827514,58.2001953125,0.01776123046875,0.34280818700790405,False,False,False,16,19575,24251
z16/19575_24252.png,z16/19575_24252.png,0.009626296162605286,46.7998046875,0.0008087158203125,0.35225361585617065,False,False,False,16,19575,24252
z16/19575_24253.png,z16/19575_24253.png,0.009344559907913209,37.2001953125,0.0261688232421875,0.35109010338783264,False,False,False,16,19575,24253
z16/19575_24254.png,z16/19575_24254.png,0.013495424389839172,64.900390625,0.0118408203125,0.3447250723838806,False,False,False,16,19575,24254
z16/19575_24255.png,z16/19575_24255.png,0.010989254713058472,44.099609375,0.020355224609375,0.3311811089515686,False,False,False,16,19575,24255
z16/19575_24256.png,z16/19575_24256.png,0.010430664817492167,42.7998046875,0.0314788818359375,0.3321649134159088,False,False,False,16,19575,24256
z16/19575_24257.png,z16/19575_24257.png,0.011587791641553243,49.0,0.00421142578125,0.3365938067436218,False,False,False,16,19575,24257
z16/19575_24258.png,z16/19575_24258.png,0.008103778958320618,36.099609375,0.0096588134765625,0.34548452496528625,False,False,False,16,19575,24258
z16/19575_24259.png,z16/19575_24259.png,0.004979753990968069,14.5,0.0,0.34475550055503845,False,False,False,16,19575,24259
z16/19575_24260.png,z16/19575_24260.png,0.004189736644426982,13.1005859375,0.0,0.3351209759712219,False,False,False,16,19575,24260
z16/19575_24261.png,z16/19575_24261.png,0.002875591566165288,3.5,0.0,0.3371393084526062,False,False,False,16,19575,24261
z16/19575_24262.png,z16/19575_24262.png,0.0025129581491152445,2.80078125,0.0,0.33808743953704834,False,False,False,16,19575,24262
z16/19575_24263.png,z16/19575_24263.png,0.002268957843383153,4.2998046875,0.0,0.33815914392471313,False,False,False,16,19575,24263
z16/19575_24264.png,z16/19575_24264.png,0.005252335468928019,6.2998046875,0.0,0.34099408984184265,False,False,False,16,19575,24264
z16/19575_24265.png,z16/19575_24265.png,0.009474895397822062,36.900390625,0.0,0.3408016562461853,False,False,False,16,19575,24265
z16/19575_24266.png,z16/19575_24266.png,0.00941291054089864,37.5,0.00830078125,0.33640530705451965,False,False,False,16,19575,24266
z16/19575_24267.png,z16/19575_24267.png,0.006044990321000417,27.2001953125,0.0285186767578125,0.338933527469635,False,False,False,16,19575,24267
z16/19575_24268.png,z16/19575_24268.png,0.006278714040915171,37.5,0.0191802978515625,0.331678569316864,False,False,False,16,19575,24268
z16/19575_24269.png,z16/19575_24269.png,0.005833532909552256,27.80078125,0.0169525146484375,0.3461955487728119,False,False,False,16,19575,24269
z16/19575_24270.png,z16/19575_24270.png,0.005631408095359803,65.2998046875,0.0587005615234375,0.3367948830127716,False,False,False,16,19575,24270
z16/19575_24271.png,z16/19575_24271.png,0.008205829560756684,65.2998046875,0.0122222900390625,0.331859827041626,False,False,False,16,19575,24271
z16/19576_24200.png,z16/19576_24200.png,0.006471786896387736,47.400390625,0.008758544921875,0.351883202791214,False,False,False,16,19576,24200
z16/19576_24201.png,z16/19576_24201.png,0.004935134947299957,69.400390625,0.001220703125,0.33937913179397583,False,False,False,16,19576,24201
z16/19576_24202.png,z16/19576_24202.png,0.005601788063844045,42.5,0.006866455078125,0.33658427000045776,False,False,False,16,19576,24202
z16/19576_24203.png,z16/19576_24203.png,0.00674053281545639,42.6005859375,0.0001983642578125,0.35085922479629517,False,False,False,16,19576,24203
z16/19576_24204.png,z16/19576_24204.png,0.009172672033309936,98.2998046875,0.0598602294921875,0.3507615923881531,False,False,False,16,19576,24204
z16/19576_24205.png,z16/19576_24205.png,0.009156499306360881,90.2001953125,0.0466766357421875,0.3467866778373718,False,False,False,16,19576,24205
z16/19576_24206.png,z16/19576_24206.png,0.004767128825187683,61.099609375,0.0509185791015625,0.3434211313724518,False,False,False,16,19576,24206
z16/19576_24207.png,z16/19576_24207.png,0.006544186671574911,65.1005859375,0.0209503173828125,0.34932780265808105,False,False,False,16,19576,24207
z16/19576_24208.png,z16/19576_24208.png,0.003692028671503067,65.2001953125,0.0023193359375,0.35167771577835083,False,False,False,16,19576,24208
z16/19576_24209.png,z16/19576_24209.png,0.006248380243778229,86.5,0.05743408203125,0.3426116108894348,False,False,False,16,19576,24209
z16/19576_24210.png,z16/19576_24210.png,0.005306772391001384,51.5,0.0009307861328125,0.341105580329895,False,False,False,16,19576,24210
z16/19576_24211.png,z16/19576_24211.png,0.005940577387809754,35.7998046875,0.012908935546875,0.3404478132724762,False,False,False,16,19576,24211
z16/19576_24212.png,z16/19576_24212.png,0.007346583406130472,52.69921875,0.006072998046875,0.34101685881614685,False,False,False,16,19576,24212
z16/19576_24213.png,z16/19576_24213.png,0.010239318013191223,87.900390625,0.0015411376953125,0.3387261629104614,False,False,False,16,19576,24213
z16/19576_24214.png,z16/19576_24214.png,0.008077380061149598,94.3994140625,0.00592041015625,0.3432933986186981,False,False,False,16,19576,24214
z16/19576_24215.png,z16/19576_24215.png,0.007515791555245717,62.7998046875,0.0249176025390625,0.34893637895584106,False,False,False,16,19576,24215
z16/19576_24216.png,z16/19576_24216.png,0.00637134462594986,35.2998046875,0.00970458984375,0.3522087335586548,False,False,False,16,19576,24216
z16/19576_24217.png,z16/19576_24217.png,0.007505540549755096,29.8994140625,0.0088653564453125,0.3515028953552246,False,False,False,16,19576,24217
z16/19576_24218.png,z16/19576_24218.png,0.00578231563170751,55.7998046875,0.0092315673828125,0.35093173384666443,False,False,False,16,19576,24218
z16/19576_24219.png,z16/19576_24219.png,0.00503317266702652,68.7001953125,0.0021209716796875,0.3409803509712219,False,False,False,16,19576,24219
z16/19576_24220.png,z16/19576_24220.png,0.005245334406693777,38.599609375,0.0005950927734375,0.3457617163658142,False,False,False,16,19576,24220
z16/19576_24221.png,z16/19576_24221.png,0.008056187132994334,52.7998046875,0.0191497802734375,0.3492535650730133,False,False,False,16,19576,24221
z16/19576_24222.png,z16/19576_24222.png,0.006584835549195607,44.2998046875,0.0085601806640625,0.3536452353000641,False,False,False,16,19576,24222
z16/19576_24223.png,z16/19576_24223.png,0.0068873355786005655,65.6005859375,0.00347900390625,0.341855525970459,False,False,False,16,19576,24223
z16/19576_24224.png,z16/19576_24224.png,0.007360081374645233,80.099609375,0.0119171142578125,0.34080594778060913,False,False,False,16,19576,24224
z16/19576_24225.png,z16/19576_24225.png,0.010139318307240804,59.5,0.005096435546875,0.3599570691585541,False,False,False,16,19576,24225
z16/19576_24226.png,z16/19576_24226.png,0.011520805954933166,61.0,0.0025787353515625,0.3515249490737915,False,False,False,16,19576,24226
z16/19576_24227.png,z16/19576_24227.png,0.008814000089963277,40.7001953125,0.019287109375,0.345717191696167,False,False,False,16,19576,24227
z16/19576_24228.png,z16/19576_24228.png,0.008101053535938263,49.0,0.0237579345703125,0.34144559502601624,False,False,False,16,19576,24228
z16/19576_24229.png,z16/19576_24229.png,0.010170542200406392,57.900390625,0.0008544921875,0.34443122148513794,False,False,False,16,19576,24229
z16/19576_24230.png,z16/19576_24230.png,0.009441484014193218,64.0,0.005615234375,0.34404703974723816,False,False,False,16,19576,24230
z16/19576_24231.png,z16/19576_24231.png,0.010066919525464376,59.80078125,0.0027923583984375,0.34481480717658997,False,False,False,16,19576,24231
z16/19576_24232.png,z16/19576_24232.png,0.016222819685935974,90.900390625,0.0363616943359375,0.34088850021362305,False,False,False,16,19576,24232
z16/19576_24233.png,z16/19576_24233.png,0.015838664770126343,126.19921875,0.0069427490234375,0.34742146730422974,False,False,False,16,19576,24233
z16/19576_24234.png,z16/19576_24234.png,0.014515166481335958,61.7998046875,0.0271453857421875,0.35880523920059204,False,False,False,16,19576,24234
z16/19576_24235.png,z16/19576_24235.png,0.008539880315462748,55.0,0.017181396484375,0.3494553864002228,False,False,False,16,19576,24235
z16/19576_24236.png,z16/19576_24236.png,0.005361024538675944,62.599609375,0.010223388671875,0.3441673517227173,False,False,False,16,19576,24236
z16/19576_24237.png,z16/19576_24237.png,0.003664056708415349,64.7998046875,0.00384521484375,0.3345761001110077,False,False,False,16,19576,24237
z16/19576_24238.png,z16/19576_24238.png,0.0053350696961085,67.0,0.003662109375,0.34233492612838745,False,False,False,16,19576,24238
z16/19576_24239.png,z16/19576_24239.png,0.00673151562611262,75.7001953125,0.0155792236328125,0.34235769510269165,False,False,False,16,19576,24239
z16/19576_24240.png,z16/19576_24240.png,0.006995191673437754,43.599609375,0.03509521484375,0.3472355604171753,False,False,False,16,19576,24240
z16/19576_24241.png,z16/19576_24241.png,0.004680126408735911,33.1005859375,0.01239013671875,0.35106799006462097,False,False,False,16,19576,24241
z16/19576_24242.png,z16/19576_24242.png,0.004380974670251211,13.5,0.0,0.34819698333740234,False,False,False,16,19576,24242
z16/19576_24243.png,z16/19576_24243.png,0.0036489335199197132,17.6005859375,0.0,0.34636566042900085,False,False,False,16,19576,24243
z16/19576_24244.png,z16/19576_24244.png,0.004292735954125723,20.6005859375,0.0,0.3403685688972473,False,False,False,16,19576,24244
z16/19576_24245.png,z16/19576_24245.png,0.0073227991660435995,29.599609375,0.0009307861328125,0.3485422730445862,False,False,False,16,19576,24245
z16/19576_24246.png,z16/19576_24246.png,0.010859206318855286,43.7001953125,0.0191192626953125,0.3519006073474884,False,False,False,16,19576,24246
z16/19576_24247.png,z16/19576_24247.png,0.0035646672050158182,15.2001953125,0.0,0.34881818294525146,False,False,False,16,19576,24247
z16/19576_24248.png,z16/19576_24248.png,0.0027814291417598723,12.0,0.0,0.34730666875839233,False,False,False,16,19576,24248
z16/19576_24249.png,z16/19576_24249.png,0.004171924789746603,12.2998046875,0.0,0.3365471065044403,False,False,False,16,19576,24249
z16/19576_24250.png,z16/19576_24250.png,0.00669501672188441,45.7998046875,0.043914794921875,0.34231770038604736,False,False,False,16,19576,24250
z16/19576_24251.png,z16/19576_24251.png,0.00815964291493098,38.5,0.0019989013671875,0.34273529052734375,False,False,False,16,19576,24251
z16/19576_24252.png,z16/19576_24252.png,0.007497820754845937,53.19921875,0.0378570556640625,0.33557814359664917,False,False,False,16,19576,24252
z16/19576_24253.png,z16/19576_24253.png,0.008325876792271932,35.2001953125,0.0,0.34169748425483704,False,False,False,16,19576,24253
z16/19576_24254.png,z16/19576_24254.png,0.015616171558698018,67.0,0.0,0.3349189758300781,False,False,False,16,19576,24254
z16/19576_24255.png,z16/19576_24255.png,0.007659486432870229,40.2998046875,0.0099334716796875,0.3328397870063782,False,False,False,16,19576,24255
z16/19576_24256.png,z16/19576_24256.png,0.012203646699587505,63.5,0.0177001953125,0.33213621377944946,False,False,False,16,19576,24256
z16/19576_24257.png,z16/19576_24257.png,0.010688626766204834,51.599609375,0.0,0.34035807847976685,False,False,False,16,19576,24257
z16/19576_24258.png,z16/19576_24258.png,0.008771605292956034,23.1005859375,0.02532958984375,0.34959518909454346,False,False,False,16,19576,24258
z16/19576_24259.png,z16/19576_24259.png,0.004220692813396454,10.2998046875,0.0,0.345983624458313,False,False,False,16,19576,24259
z16/19576_24260.png,z16/19576_24260.png,0.0050033579270044965,14.099609375,0.0,0.3464089334011078,False,False,False,16,19576,24260
z16/19576_24261.png,z16/19576_24261.png,0.0033287922541300457,3.0,0.0,0.34612876176834106,False,False,False,16,19576,24261
z16/19576_24262.png,z16/19576_24262.png,0.0027612512310345966,5.2001953125,0.0,0.3376835286617279,False,False,False,16,19576,24262
z16/19576_24263.png,z16/19576_24263.png,0.0042827879389127094,7.0,0.0,0.34190478920936584,False,False,False,16,19576,24263
z16/19576_24264.png,z16/19576_24264.png,0.006446057558059692,32.7001953125,0.0,0.3403320908546448,False,False,False,16,19576,24264
z16/19576_24265.png,z16/19576_24265.png,0.006704760094483693,50.099609375,0.0190887451171875,0.3330443799495697,False,False,False,16,19576,24265
z16/19576_24266.png,z16/19576_24266.png,0.004820295671621958,33.5,0.001556396484375,0.33061397075653076,False,False,False,16,19576,24266
z16/19576_24267.png,z16/19576_24267.png,0.007505955795447032,61.2998046875,0.0547027587890625,0.32879796624183655,False,False,False,16,19576,24267
z16/19576_24268.png,z16/19576_24268.png,0.004302094380060832,64.900390625,0.014404296875,0.3275567591190338,False,False,False,16,19576,24268
z16/19576_24269.png,z16/19576_24269.png,0.007264187435309092,56.599609375,0.0135650634765625,0.3335469663143158,False,False,False,16,19576,24269
z16/19576_24270.png,z16/19576_24270.png,0.0036555680135885874,49.7998046875,0.0203399658203125,0.3321015536785126,False,False,False,16,19576,24270
z16/19576_24271.png,z16/19576_24271.png,0.0068321744600931805,42.19921875,0.00152587890625,0.3319219648838043,False,False,False,16,19576,24271
z16/19577_24200.png,z16/19577_24200.png,0.008377451697985332,49.599609375,0.0017547607421875,0.3449908494949341,False,False,False,16,19577,24200
z16/19577_24201.png,z16/19577_24201.png,0.004416820406913757,22.2001953125,0.0029296875,0.33807095885276794,False,False,False,16,19577,24201
z16/19577_24202.png,z16/19577_24202.png,0.005714614192644755,47.400390625,0.0091705322265625,0.34356993436813354,False,False,False,16,19577,24202
z16/19577_24203.png,z16/19577_24203.png,0.0052960177262624105,57.599609375,0.021484375,0.34564805030822754,False,False,False,16,19577,24203
z16/19577_24204.png,z16/19577_24204.png,0.006351757049560547,51.0,0.018768310546875,0.3494642674922943,False,False,False,16,19577,24204
z16/19577_24205.png,z16/19577_24205.png,0.004797019561131795,66.1005859375,0.0160980224609375,0.35355523228645325,False,False,False,16,19577,24205
z16/19577_24206.png,z16/19577_24206.png,0.005791203180948893,54.400390625,0.00225830078125,0.34854233264923096,False,False,False,16,19577,24206
z16/19577_24207.png,z16/19577_24207.png,0.008448900779088338,51.7998046875,0.003570556640625,0.34935352206230164,False,False,False,16,19577,24207
z16/19577_24208.png,z16/19577_24208.png,0.00820659597714742,77.599609375,0.0150299072265625,0.34580323100090027,False,False,False,16,19577,24208
z16/19577_24209.png,z16/19577_24209.png,0.007607775926589966,71.2001953125,0.0327606201171875,0.3428274393081665,False,False,False,16,19577,24209
z16/19577_24210.png,z16/19577_24210.png,0.005199527243773142,49.400390625,0.00262451171875,0.3430013656616211,False,False,False,16,19577,24210
z16/19577_24211.png,z16/19577_24211.png,0.005544314285119375,22.7998046875,0.00421142578125,0.35146042704582214,False,False,False,16,19577,24211
z16/19577_24212.png,z16/19577_24212.png,0.00729351689418157,70.0,0.009918212890625,0.3417234718799591,False,False,False,16,19577,24212
z16/19577_24213.png,z16/19577_24213.png,0.005337218443552653,52.099609375,0.0334320068359375,0.3477371335029602,False,False,False,16,19577,24213
z16/19577_24214.png,z16/19577_24214.png,0.005670052766799927,67.1005859375,0.002838134765625,0.34472140669822693,False,False,False,16,19577,24214
z16/19577_24215.png,z16/19577_24215.png,0.009394988417625427,59.2998046875,0.0092926025390625,0.3468084931373596,False,False,False,16,19577,24215
z16/19577_24216.png,z16/19577_24216.png,0.006797736386458079,67.400390625,0.0283660888671875,0.3461894989013672,False,False,False,16,19577,24216
z16/19577_24217.png,z16/19577_24217.png,0.00943226416905721,67.099609375,0.045745849609375,0.35084614157676697,False,False,False,16,19577,24217
z16/19577_24218.png,z16/19577_24218.png,0.005507354935010274,64.19921875,0.01318359375,0.34584084153175354,False,False,False,16,19577,24218
z16/19577_24219.png,z16/19577_24219.png,0.005126870175202688,46.2001953125,0.00054931640625,0.3461778461933136,False,False,False,16,19577,24219
z16/19577_24220.png,z16/19577_24220.png,0.005855765442053477,32.900390625,0.0074920654296875,0.343838095664978,False,False,False,16,19577,24220
z16/19577_24221.png,z16/19577_24221.png,0.006080001095930735,43.5,0.0072021484375,0.3488267660140991,False,False,False,16,19577,24221
z16/19577_24222.png,z16/19577_24222.png,0.007259415090084076,48.0,0.007537841796875,0.3440857529640198,False,False,False,16,19577,24222
z16/19577_24223.png,z16/19577_24223.png,0.005803016324838002,35.900390625,0.0002593994140625,0.3457297086715698,False,False,False,16,19577,24223
z16/19577_24224.png,z16/19577_24224.png,0.006422481934229533,47.0,0.0124664306640625,0.35168957710266113,False,False,False,16,19577,24224
z16/19577_24225.png,z16/19577_24225.png,0.007023307184378306,64.69921875,0.02642822265625,0.35194632411003113,False,False,False,16,19577,24225
z16/19577_24226.png,z16/19577_24226.png,0.0074930946032206215,66.7998046875,0.0045928955078125,0.3419387936592102,False,False,False,16,19577,24226
z16/19577_24227.png,z16/19577_24227.png,0.00798596888780594,60.7998046875,0.0270843505859375,0.3370147943496704,False,False,False,16,19577,24227
z16/19577_24228.png,z16/19577_24228.png,0.004968969027201334,51.5,0.005279541015625,0.33488327264785767,False,False,False,16,19577,24228
z16/19577_24229.png,z16/19577_24229.png,0.003831774741411209,34.1005859375,0.0021514892578125,0.33761781454086304,False,False,False,16,19577,24229
z16/19577_24230.png,z16/19577_24230.png,0.009509733319282532,55.7001953125,0.0001068115234375,0.3407135009765625,False,False,False,16,19577,24230
z16/19577_24231.png,z16/19577_24231.png,0.010254786411921183,79.7001953125,0.012420654296875,0.3468284606933594,False,False,False,16,19577,24231
z16/19577_24232.png,z16/19577_24232.png,0.005900765458742778,71.099609375,0.0315399169921875,0.3499451279640198,False,False,False,16,19577,24232
z16/19577_24233.png,z16/19577_24233.png,0.0068834145863850916,42.599609375,0.0035247802734375,0.35586869716644287,False,False,False,16,19577,24233
z16/19577_24234.png,z16/19577_24234.png,0.009574031829833985,53.599609375,0.007659912109375,0.359881728887558,False,False,False,16,19577,24234
z16/19577_24235.png,z16/19577_24235.png,0.0026518091559410094,46.400390625,0.005584716796875,0.3425830602645874,False,False,False,16,19577,24235
z16/19577_24236.png,z16/19577_24236.png,0.0039383269846439365,57.2001953125,0.0056304931640625,0.3423904478549957,False,False,False,16,19577,24236
z16/19577_24237.png,z16/19577_24237.png,0.00539403756459554,59.599609375,0.00396728515625,0.34555989503860474,False,False,False,16,19577,24237
z16/19577_24238.png,z16/19577_24238.png,0.008416480819384257,54.3994140625,0.0199737548828125,0.3420464098453522,False,False,False,16,19577,24238
z16/19577_24239.png,z16/19577_24239.png,0.008331867059071858,95.099609375,0.0003509521484375,0.3351357877254486,False,False,False,16,19577,24239
z16/19577_24240.png,z16/19577_24240.png,0.007423796753088633,90.7998046875,0.0035552978515625,0.33661991357803345,False,False,False,16,19577,24240
z16/19577_24241.png,z16/19577_24241.png,0.008123367031415304,89.0,0.03302001953125,0.3438076376914978,False,False,False,16,19577,24241
z16/19577_24242.png,z16/19577_24242.png,0.007130713760852813,60.6005859375,0.0189056396484375,0.3406679034233093,False,False,False,16,19577,24242
z16/19577_24243.png,z16/19577_24243.png,0.005550469954808553,44.2998046875,0.008026123046875,0.34391409158706665,False,False,False,16,19577,24243
z16/19577_24244.png,z16/19577_24244.png,0.006887114048004151,23.7998046875,0.0,0.3431084454059601,False,False,False,16,19577,24244
z16/19577_24245.png,z16/19577_24245.png,0.012531740466753642,32.1005859375,0.00048828125,0.34741246700286865,False,False,False,16,19577,24245
z16/19577_24246.png,z16/19577_24246.png,0.010477090875307718,39.2998046875,0.034698486328125,0.3397674262523651,False,False,False,16,19577,24246
z16/19577_24247.png,z16/19577_24247.png,0.006326735019683838,22.7998046875,0.0,0.35394760966300964,False,False,False,16,19577,24247
z16/19577_24248.png,z16/19577_24248.png,0.0038163440922896067,17.69921875,0.018707275390625,0.3497193455696106,False,False,False,16,19577,24248
z16/19577_24249.png,z16/19577_24249.png,0.0036246555546919504,19.1005859375,0.0,0.339219868183136,False,False,False,16,19577,24249
z16/19577_24250.png,z16/19577_24250.png,0.006645892560482025,64.5,0.0278778076171875,0.34260842204093933,False,False,False,16,19577,24250
z16/19577_24251.png,z16/19577_24251.png,0.01160026490688324,64.2998046875,0.0078582763671875,0.3442975878715515,False,False,False,16,19577,24251
z16/19577_24252.png,z16/19577_24252.png,0.010983180006345112,35.0,0.023284912109375,0.3509390354156494,False,False,False,16,19577,24252
z16/19577_24253.png,z16/19577_24253.png,0.008062154551347097,31.6005859375,0.0099639892578125,0.34894976019859314,False,False,False,16,19577,24253
z16/19577_24254.png,z16/19577_24254.png,0.009289346138636271,45.900390625,0.0125885009765625,0.34609848260879517,False,False,False,16,19577,24254
z16/19577_24255.png,z16/19577_24255.png,0.006808216373125712,49.30078125,0.0039215087890625,0.3432919681072235,False,False,False,16,19577,24255
z16/19577_24256.png,z16/19577_24256.png,0.008685643474260965,41.099609375,0.015869140625,0.34126734733581543,False,False,False,16,19577,24256
z16/19577_24257.png,z16/19577_24257.png,0.009171994527180989,22.7998046875,0.0,0.3427603244781494,False,False,False,16,19577,24257
z16/19577_24258.png,z16/19577_24258.png,0.006674154102802277,23.7001953125,0.0,0.3446599245071411,False,False,False,16,19577,24258
z16/19577_24259.png,z16/19577_24259.png,0.0029767525692780813,6.0,0.0,0.3447939157485962,False,False,False,16,19577,24259
z16/19577_24260.png,z16/19577_24260.png,0.002396554748217265,4.6005859375,0.0,0.3414054811000824,False,False,False,16,19577,24260
z16/19577_24261.png,z16/19577_24261.png,0.002854081988334656,7.2998046875,0.0,0.335054486989975,False,False,False,16,19577,24261
z16/19577_24262.png,z16/19577_24262.png,0.0027884585162003834,7.1005859375,0.0,0.33613088726997375,False,False,False,16,19577,24262
z16/19577_24263.png,z16/19577_24263.png,0.006252003709475199,25.0,0.0,0.3419983983039856,False,False,False,16,19577,24263
z16/19577_24264.png,z16/19577_24264.png,0.00774970551331838,39.599609375,0.010894775390625,0.33915242552757263,False,False,False,16,19577,24264
z16/19577_24265.png,z16/19577_24265.png,0.007349735498428345,46.1005859375,0.005523681640625,0.3301112949848175,False,False,False,16,19577,24265
z16/19577_24266.png,z16/19577_24266.png,0.0069643194476763405,54.7998046875,0.0438385009765625,0.3270152807235718,False,False,False,16,19577,24266
z16/19577_24267.png,z16/19577_24267.png,0.00720280905564626,79.6005859375,0.0026702880859375,0.3264491856098175,False,False,False,16,19577,24267
z16/19577_24268.png,z16/19577_24268.png,0.006156528492768606,84.400390625,0.007904052734375,0.3255837559700012,False,False,False,16,19577,24268
z16/19577_24269.png,z16/19577_24269.png,0.007620893915494283,71.3994140625,0.0035400390625,0.3331335783004761,False,False,False,16,19577,24269
z16/19577_24270.png,z16/19577_24270.png,0.006160077452659607,53.8994140625,0.034088134765625,0.33438190817832947,False,False,False,16,19577,24270
z16/19577_24271.png,z16/19577_24271.png,0.006482950349648794,43.900390625,0.0197296142578125,0.3334828019142151,False,False,False,16,19577,24271
z16/19578_24200.png,z16/19578_24200.png,0.003862572213013967,39.7001953125,0.003814697265625,0.3383060395717621,False,False,False,16,19578,24200
z16/19578_24201.png,z16/19578_24201.png,0.0052667796611785885,48.8994140625,0.0005035400390625,0.3425106406211853,False,False,False,16,19578,24201
z16/19578_24202.png,z16/19578_24202.png,0.006882760922114054,59.5,0.0007171630859375,0.34360453486442566,False,False,False,16,19578,24202
z16/19578_24203.png,z16/19578_24203.png,0.004988925158977508,54.900390625,0.0069427490234375,0.3489786386489868,False,False,False,16,19578,24203
z16/19578_24204.png,z16/19578_24204.png,0.008464676141738892,38.2998046875,0.01678466796875,0.3517361879348755,False,False,False,16,19578,24204
z16/19578_24205.png,z16/19578_24205.png,0.0033329124252001446,56.5,0.0041046142578125,0.34900447726249695,False,False,False,16,19578,24205
z16/19578_24206.png,z16/19578_24206.png,0.0046541805068651835,44.2001953125,0.0142669677734375,0.3474023640155792,False,False,False,16,19578,24206
z16/19578_24207.png,z16/19578_24207.png,0.004005315154790879,61.599609375,0.011077880859375,0.34666967391967773,False,False,False,16,19578,24207
z16/19578_24208.png,z16/19578_24208.png,0.00953217049439748,79.80078125,0.0236358642578125,0.34978678822517395,False,False,False,16,19578,24208
z16/19578_24209.png,z16/19578_24209.png,0.013804555932680766,73.0,0.0088958740234375,0.3441220223903656,False,False,False,16,19578,24209
z16/19578_24210.png,z16/19578_24210.png,0.010665636261304219,73.19921875,0.0,0.3451542854309082,False,False,False,16,19578,24210
z16/19578_24211.png,z16/19578_24211.png,0.008009650806585947,57.5,0.0011749267578125,0.34378668665885925,False,False,False,16,19578,24211
z16/19578_24212.png,z16/19578_24212.png,0.004284337162971497,38.2001953125,0.0049285888671875,0.3398869037628174,False,False,False,16,19578,24212
z16/19578_24213.png,z16/19578_24213.png,0.004595329364140828,33.7998046875,0.000244140625,0.3404901921749115,False,False,False,16,19578,24213
z16/19578_24214.png,z16/19578_24214.png,0.011942262450853983,59.900390625,0.0018310546875,0.3437054753303528,False,False,False,16,19578,24214
z16/19578_24215.png,z16/19578_24215.png,0.011354332168896994,65.2998046875,0.002227783203125,0.34327974915504456,False,False,False,16,19578,24215
z16/19578_24216.png,z16/19578_24216.png,0.006296277542908986,67.0,0.002044677734375,0.3430074155330658,False,False,False,16,19578,24216
z16/19578_24217.png,z16/19578_24217.png,0.010548182328542073,60.900390625,0.0285797119140625,0.3536134958267212,False,False,False,16,19578,24217
z16/19578_24218.png,z16/19578_24218.png,0.0047396635015805565,39.2998046875,0.007080078125,0.3455570340156555,False,False,False,16,19578,24218
z16/19578_24219.png,z16/19578_24219.png,0.005659952759742737,37.7001953125,0.0053558349609375,0.34781306982040405,False,False,False,16,19578,24219
z16/19578_24220.png,z16/19578_24220.png,0.005775140722592672,35.0,0.0041351318359375,0.34805458784103394,False,False,False,16,19578,24220
z16/19578_24221.png,z16/19578_24221.png,0.006016558408737183,38.19921875,0.0042266845703125,0.3507542908191681,False,False,False,16,19578,24221
z16/19578_24222.png,z16/19578_24222.png,0.004683182636896769,28.099609375,0.012359619140625,0.3483280539512634,False,False,False,16,19578,24222
z16/19578_24223.png,z16/19578_24223.png,0.005368046462535858,38.6005859375,0.0017547607421875,0.3503669500350952,False,False,False,16,19578,24223
z16/19578_24224.png,z16/19578_24224.png,0.0071395014723141985,44.5,0.007598876953125,0.35017669200897217,False,False,False,16,19578,24224
z16/19578_24225.png,z16/19578_24225.png,0.005783155560493469,52.5,0.0004119873046875,0.3418959081172943,False,False,False,16,19578,24225
z16/19578_24226.png,z16/19578_24226.png,0.0045564661423365274,46.2001953125,0.0134124755859375,0.33926084637641907,False,False,False,16,19578,24226
z16/19578_24227.png,z16/19578_24227.png,0.0063128873705863954,47.2001953125,0.0059661865234375,0.3389089107513428,False,False,False,16,19578,24227
z16/19578_24228.png,z16/19578_24228.png,0.00503765344619751,38.80078125,0.0027008056640625,0.3357532024383545,False,False,False,16,19578,24228
z16/19578_24229.png,z16/19578_24229.png,0.0040035776793956755,33.0,0.0016326904296875,0.34085381031036377,False,False,False,16,19578,24229
z16/19578_24230.png,z16/19578_24230.png,0.007878384987513224,71.400390625,0.00048828125,0.34042924642562866,False,False,False,16,19578,24230
z16/19578_24231.png,z16/19578_24231.png,0.006275831162929535,69.099609375,0.0110626220703125,0.3416694402694702,False,False,False,16,19578,24231
z16/19578_24232.png,z16/19578_24232.png,0.004126602411270141,46.7001953125,0.0118255615234375,0.34303849935531616,False,False,False,16,19578,24232
z16/19578_24233.png,z16/19578_24233.png,0.0032846614718437194,25.400390625,0.0016021728515625,0.34678030014038086,False,False,False,16,19578,24233
z16/19578_24234.png,z16/19578_24234.png,0.010359567403793336,35.2998046875,0.013031005859375,0.35684409737586975,False,False,False,16,19578,24234
z16/19578_24235.png,z16/19578_24235.png,0.004805640379587809,52.80078125,0.0053863525390625,0.3480742871761322,False,False,False,16,19578,24235
z16/19578_24236.png,z16/19578_24236.png,0.002046124885479609,38.2001953125,0.01068115234375,0.34335052967071533,False,False,False,16,19578,24236
z16/19578_24237.png,z16/19578_24237.png,0.0025686301290988923,40.5,0.01239013671875,0.3428797423839569,False,False,False,16,19578,24237
z16/19578_24238.png,z16/19578_24238.png,0.005166003108024597,29.2001953125,0.00115966796875,0.3413211405277252,False,False,False,16,19578,24238
z16/19578_24239.png,z16/19578_24239.png,0.006421709557374319,59.5,0.001708984375,0.34125813841819763,False,False,False,16,19578,24239
z16/19578_24240.png,z16/19578_24240.png,0.007089775303999583,85.900390625,0.0168914794921875,0.3368426561355591,False,False,False,16,19578,24240
z16/19578_24241.png,z16/19578_24241.png,0.010276899735132853,85.7998046875,0.001861572265625,0.33535319566726685,False,False,False,16,19578,24241
z16/19578_24242.png,z16/19578_24242.png,0.010710630814234416,115.099609375,0.009185791015625,0.3363461196422577,False,False,False,16,19578,24242
z16/19578_24243.png,z16/19578_24243.png,0.011595202485720317,106.900390625,0.0225830078125,0.3407336175441742,False,False,False,16,19578,24243
z16/19578_24244.png,z16/19578_24244.png,0.011870317657788594,74.7001953125,0.0,0.33986619114875793,False,False,False,16,19578,24244
z16/19578_24245.png,z16/19578_24245.png,0.005037271976470947,24.900390625,0.0,0.3412458598613739,False,False,False,16,19578,24245
z16/19578_24246.png,z16/19578_24246.png,0.008280960222085318,37.0,0.0138702392578125,0.34506839513778687,False,False,False,16,19578,24246
z16/19578_24247.png,z16/19578_24247.png,0.005608563621838887,19.5,0.0,0.34921348094940186,False,False,False,16,19578,24247
z16/19578_24248.png,z16/19578_24248.png,0.00449045052131017,16.900390625,0.0,0.3450077176094055,False,False,False,16,19578,24248
z16/19578_24249.png,z16/19578_24249.png,0.003888466705878576,23.5,0.0,0.3404151499271393,False,False,False,16,19578,24249
z16/19578_24250.png,z16/19578_24250.png,0.00737271656592687,72.6005859375,0.00946044921875,0.34296518564224243,False,False,False,16,19578,24250
z16/19578_24251.png,z16/19578_24251.png,0.008688189586003621,47.400390625,0.0233306884765625,0.34751948714256287,False,False,False,16,19578,24251
z16/19578_24252.png,z16/19578_24252.png,0.007638968527317047,36.0,0.0,0.346096932888031,False,False,False,16,19578,24252
z16/19578_24253.png,z16/19578_24253.png,0.008386348684628805,25.900390625,0.0,0.3439854383468628,False,False,False,16,19578,24253
z16/19578_24254.png,z16/19578_24254.png,0.008258430163065593,25.8994140625,0.0,0.34319254755973816,False,False,False,16,19578,24254
z16/19578_24255.png,z16/19578_24255.png,0.004564434289932251,13.3994140625,0.0,0.3534570038318634,False,False,False,16,19578,24255
z16/19578_24256.png,z16/19578_24256.png,0.00804169476032257,21.2001953125,0.0,0.34923452138900757,False,False,False,16,19578,24256
z16/19578_24257.png,z16/19578_24257.png,0.007648334403832753,19.19921875,0.0,0.34339019656181335,False,False,False,16,19578,24257
z16/19578_24258.png,z16/19578_24258.png,0.0022468616565068564,6.80078125,0.0,0.3417453467845917,False,False,False,16,19578,24258
z16/19578_24259.png,z16/19578_24259.png,0.002097442497809728,6.19921875,0.0,0.34475409984588623,False,False,False,16,19578,24259
z16/19578_24260.png,z16/19578_24260.png,0.0024849548935890198,6.7998046875,0.0,0.342501699924469,False,False,False,16,19578,24260
z16/19578_24261.png,z16/19578_24261.png,0.0032624011238416035,8.7998046875,0.0,0.34173327684402466,False,False,False,16,19578,24261
z16/19578_24262.png,z16/19578_24262.png,0.004569149017333985,17.900390625,0.0079345703125,0.3410644829273224,False,False,False,16,19578,24262
z16/19578_24263.png,z16/19578_24263.png,0.00640078733364741,22.599609375,0.0,0.3377096652984619,False,False,False,16,19578,24263
z16/19578_24264.png,z16/19578_24264.png,0.01051844358444214,41.3994140625,0.002838134765625,0.3395839035511017,False,False,False,16,19578,24264
z16/19578_24265.png,z16/19578_24265.png,0.00498071163892746,33.19921875,0.0028228759765625,0.3337840139865875,False,False,False,16,19578,24265
z16/19578_24266.png,z16/19578_24266.png,0.007037807504336039,66.3994140625,0.05865478515625,0.32603538036346436,False,False,False,16,19578,24266
z16/19578_24267.png,z16/19578_24267.png,0.00832766741514206,49.5,0.00189208984375,0.3262707591056824,False,False,False,16,19578,24267
z16/19578_24268.png,z16/19578_24268.png,0.008766744534174602,57.400390625,7.62939453125e-05,0.32902249693870544,False,False,False,16,19578,24268
z16/19578_24269.png,z16/19578_24269.png,0.00882257918516795,52.5,0.0357513427734375,0.3310343325138092,False,False,False,16,19578,24269
z16/19578_24270.png,z16/19578_24270.png,0.0060230558117230736,43.599609375,0.023956298828125,0.33372560143470764,False,False,False,16,19578,24270
z16/19578_24271.png,z16/19578_24271.png,0.005075737337271373,34.5,0.0276641845703125,0.3339689075946808,False,False,False,16,19578,24271
z16/19579_24200.png,z16/19579_24200.png,0.006515867511431376,40.099609375,0.01812744140625,0.3490326702594757,False,False,False,16,19579,24200
z16/19579_24201.png,z16/19579_24201.png,0.0049050688743591305,44.7998046875,0.044708251953125,0.3472973108291626,False,False,False,16,19579,24201
z16/19579_24202.png,z16/19579_24202.png,0.0046761910120646155,36.400390625,0.013214111328125,0.3535131812095642,False,False,False,16,19579,24202
z16/19579_24203.png,z16/19579_24203.png,0.003105109433333079,21.400390625,0.0,0.35551899671554565,False,False,False,16,19579,24203
z16/19579_24204.png,z16/19579_24204.png,0.005174712340037028,32.2001953125,0.0,0.3517518639564514,False,False,False,16,19579,24204
z16/19579_24205.png,z16/19579_24205.png,0.0053741122285525,76.900390625,0.0115814208984375,0.3470913767814636,False,False,False,16,19579,24205
z16/19579_24206.png,z16/19579_24206.png,0.007201878726482392,56.7001953125,0.0362548828125,0.3436647355556488,False,False,False,16,19579,24206
z16/19579_24207.png,z16/19579_24207.png,0.006650171677271525,65.0,0.043243408203125,0.34869831800460815,False,False,False,16,19579,24207
z16/19579_24208.png,z16/19579_24208.png,0.005105469624201457,32.30078125,0.0054168701171875,0.3521328866481781,False,False,False,16,19579,24208
z16/19579_24209.png,z16/19579_24209.png,0.007596219579378764,24.7001953125,0.0,0.35258057713508606,False,False,False,16,19579,24209
z16/19579_24210.png,z16/19579_24210.png,0.004652089873949687,28.7001953125,0.0623016357421875,0.348399817943573,False,False,False,16,19579,24210
z16/19579_24211.png,z16/19579_24211.png,0.0042211547493934635,30.2001953125,0.0006256103515625,0.343844473361969,False,False,False,16,19579,24211
z16/19579_24212.png,z16/19579_24212.png,0.006473313768704732,25.3994140625,0.0010223388671875,0.34279367327690125,False,False,False,16,19579,24212
z16/19579_24213.png,z16/19579_24213.png,0.007425617178281148,44.400390625,0.0073394775390625,0.3419015407562256,False,False,False,16,19579,24213
z16/19579_24214.png,z16/19579_24214.png,0.00570461501677831,42.7998046875,0.0006561279296875,0.33905667066574097,False,False,False,16,19579,24214
z16/19579_24215.png,z16/19579_24215.png,0.003344328949848811,29.1005859375,0.0010833740234375,0.3376307189464569,False,False,False,16,19579,24215
z16/19579_24216.png,z16/19579_24216.png,0.005280382434527079,50.7001953125,0.002349853515625,0.33686360716819763,False,False,False,16,19579,24216
z16/19579_24217.png,z16/19579_24217.png,0.009124318758646647,49.7998046875,0.0135498046875,0.3501770496368408,False,False,False,16,19579,24217
z16/19579_24218.png,z16/19579_24218.png,0.003666287660598755,35.7998046875,0.0050506591796875,0.3488664925098419,False,False,False,16,19579,24218
z16/19579_24219.png,z16/19579_24219.png,0.0037077094117800393,41.7998046875,0.0097198486328125,0.34237924218177795,False,False,False,16,19579,24219
z16/19579_24220.png,z16/19579_24220.png,0.004655788838863373,30.69921875,0.0193328857421875,0.3526974022388458,False,False,False,16,19579,24220
z16/19579_24221.png,z16/19579_24221.png,0.0028907522559165955,12.7001953125,0.0,0.34783270955085754,False,False,False,16,19579,24221
z16/19579_24222.png,z16/19579_24222.png,0.0022871094445387524,17.7001953125,0.002532958984375,0.34524619579315186,False,False,False,16,19579,24222
z16/19579_24223.png,z16/19579_24223.png,0.0030716640253861745,24.69921875,0.0006256103515625,0.34011518955230713,False,False,False,16,19579,24223
z16/19579_24224.png,z16/19579_24224.png,0.005852942168712616,33.2998046875,0.003173828125,0.34967583417892456,False,False,False,16,19579,24224
z16/19579_24225.png,z16/19579_24225.png,0.002266158660252889,33.5,0.015625,0.3390069305896759,False,False,False,16,19579,24225
z16/19579_24226.png,z16/19579_24226.png,0.0030184440314769746,29.7001953125,0.01690673828125,0.3391345739364624,False,False,False,16,19579,24226
z16/19579_24227.png,z16/19579_24227.png,0.007082105179627736,42.6005859375,0.0142974853515625,0.33804965019226074,False,False,False,16,19579,24227
z16/19579_24228.png,z16/19579_24228.png,0.00827595591545105,55.099609375,0.0187225341796875,0.3399127423763275,False,False,False,16,19579,24228
z16/19579_24229.png,z16/19579_24229.png,0.005512336393197378,44.599609375,0.0033416748046875,0.342987984418869,False,False,False,16,19579,24229
z16/19579_24230.png,z16/19579_24230.png,0.00651081254084905,40.6005859375,0.00390625,0.34642571210861206,False,False,False,16,19579,24230
z16/19579_24231.png,z16/19579_24231.png,0.00819248507420222,49.099609375,0.0110626220703125,0.3501009941101074,False,False,False,16,19579,24231
z16/19579_24232.png,z16/19579_24232.png,0.008338756362597148,29.900390625,0.0045928955078125,0.3509935438632965,False,False,False,16,19579,24232
z16/19579_24233.png,z16/19579_24233.png,0.006592280169328054,34.2998046875,0.0300140380859375,0.348888635635376,False,False,False,16,19579,24233
z16/19579_24234.png,z16/19579_24234.png,0.008281172315279643,47.6005859375,0.003753662109375,0.36062926054000854,False,False,False,16,19579,24234
z16/19579_24235.png,z16/19579_24235.png,0.008173693716526032,51.2001953125,0.004058837890625,0.3553864657878876,False,False,False,16,19579,24235
z16/19579_24236.png,z16/19579_24236.png,0.002564262847105662,53.1005859375,0.008636474609375,0.33971652388572693,False,False,False,16,19579,24236
z16/19579_24237.png,z16/19579_24237.png,0.005066613852977753,57.7998046875,0.0021514892578125,0.341100811958313,False,False,False,16,19579,24237
z16/19579_24238.png,z16/19579_24238.png,0.009105629722277324,65.599609375,0.0133819580078125,0.3401965796947479,False,False,False,16,19579,24238
z16/19579_24239.png,z16/19579_24239.png,0.008054211735725403,45.400390625,0.0013885498046875,0.34372782707214355,False,False,False,16,19579,24239
z16/19579_24240.png,z16/19579_24240.png,0.007898165285587311,49.5,0.070068359375,0.3410431742668152,False,False,False,16,19579,24240
z16/19579_24241.png,z16/19579_24241.png,0.007254015902678172,41.900390625,0.0327911376953125,0.3394356667995453,False,False,False,16,19579,24241
z16/19579_24242.png,z16/19579_24242.png,0.011487901210784912,81.5,0.01239013671875,0.33726733922958374,False,False,False,16,19579,24242
z16/19579_24243.png,z16/19579_24243.png,0.006086568037668864,72.0,0.0034027099609375,0.3345709443092346,False,False,False,16,19579,24243
z16/19579_24244.png,z16/19579_24244.png,0.005359474321206411,62.3994140625,0.0260009765625,0.3387102782726288,False,False,False,16,19579,24244
z16/19579_24245.png,z16/19579_24245.png,0.006649592518806457,32.3994140625,0.000579833984375,0.34214869141578674,False,False,False,16,19579,24245
z16/19579_24246.png,z16/19579_24246.png,0.010940980911254884,32.0,0.0038604736328125,0.34421077370643616,False,False,False,16,19579,24246
z16/19579_24247.png,z16/19579_24247.png,0.008542996644973756,37.8994140625,0.0,0.3423008620738983,False,False,False,16,19579,24247
z16/19579_24248.png,z16/19579_24248.png,0.002510738621155421,17.400390625,0.0,0.34247109293937683,False,False,False,16,19579,24248
z16/19579_24249.png,z16/19579_24249.png,0.003823011616865794,43.5,0.034698486328125,0.3569309115409851,False,False,False,16,19579,24249
z16/19579_24250.png,z16/19579_24250.png,0.005611523985862732,51.5,0.0042877197265625,0.35067325830459595,False,False,False,16,19579,24250
z16/19579_24251.png,z16/19579_24251.png,0.006459632019201914,25.7001953125,0.0318756103515625,0.35704588890075684,False,False,False,16,19579,24251
z16/19579_24252.png,z16/19579_24252.png,0.007564373314380646,22.2998046875,0.0,0.34802311658859253,False,False,False,16,19579,24252
z16/19579_24253.png,z16/19579_24253.png,0.006056781609853109,18.400390625,0.0,0.3421576917171478,False,False,False,16,19579,24253
z16/19579_24254.png,z16/19579_24254.png,0.0076765884955724084,30.5,0.0335845947265625,0.34835049510002136,False,False,False,16,19579,24254
z16/19579_24255.png,z16/19579_24255.png,0.005568294723828634,27.5,0.0,0.3514578938484192,False,False,False,16,19579,24255
z16/19579_24256.png,z16/19579_24256.png,0.0037126230696837106,13.2001953125,0.0,0.34276264905929565,False,False,False,16,19579,24256
z16/19579_24257.png,z16/19579_24257.png,0.003968683878580729,8.900390625,0.0,0.3435518741607666,False,False,False,16,19579,24257
z16/19579_24258.png,z16/19579_24258.png,0.004878215988477071,18.69921875,0.0,0.34271910786628723,False,False,False,16,19579,24258
z16/19579_24259.png,z16/19579_24259.png,0.004993610084056854,18.80078125,0.0149688720703125,0.34394028782844543,False,False,False,16,19579,24259
z16/19579_24260.png,z16/19579_24260.png,0.003272475798924764,16.2998046875,0.0,0.33899253606796265,False,False,False,16,19579,24260
z16/19579_24261.png,z16/19579_24261.png,0.00336551566918691,11.2998046875,0.0,0.3386109173297882,False,False,False,16,19579,24261
z16/19579_24262.png,z16/19579_24262.png,0.0075751562913258874,29.0,0.0,0.3382229804992676,False,False,False,16,19579,24262
z16/19579_24263.png,z16/19579_24263.png,0.008061841626962026,29.7998046875,0.0028839111328125,0.336772620677948,False,False,False,16,19579,24263
z16/19579_24264.png,z16/19579_24264.png,0.008537339170773824,55.099609375,0.037445068359375,0.33627334237098694,False,False,False,16,19579,24264
z16/19579_24265.png,z16/19579_24265.png,0.0063047632575035095,65.0,0.0185394287109375,0.3345578908920288,False,False,False,16,19579,24265
z16/19579_24266.png,z16/19579_24266.png,0.00900410811106364,66.0,0.00164794921875,0.3326249420642853,False,False,False,16,19579,24266
z16/19579_24267.png,z16/19579_24267.png,0.004818067451318105,27.3994140625,0.0079803466796875,0.3316335380077362,False,False,False,16,19579,24267
z16/19579_24268.png,z16/19579_24268.png,0.003407535950342814,23.0,0.0246429443359375,0.33154749870300293,False,False,False,16,19579,24268
z16/19579_24269.png,z16/19579_24269.png,0.004516189793745676,42.8994140625,0.0317230224609375,0.33327144384384155,False,False,False,16,19579,24269
z16/19579_24270.png,z16/19579_24270.png,0.00455863873163859,40.5,0.0030059814453125,0.33184346556663513,False,False,False,16,19579,24270
z16/19579_24271.png,z16/19579_24271.png,0.003578600287437439,32.5,0.000762939453125,0.33902591466903687,False,False,False,16,19579,24271
z16/19580_24200.png,z16/19580_24200.png,0.0037362001836299895,18.5,0.0059051513671875,0.3529832363128662,False,False,False,16,19580,24200
z16/19580_24201.png,z16/19580_24201.png,0.00408691664536794,20.5,0.0,0.3490133285522461,False,False,False,16,19580,24201
z16/19580_24202.png,z16/19580_24202.png,0.0035317808389663695,34.099609375,0.0002288818359375,0.34783217310905457,False,False,False,16,19580,24202
z16/19580_24203.png,z16/19580_24203.png,0.004462184011936187,26.0,0.0,0.35014572739601135,False,False,False,16,19580,24203
z16/19580_24204.png,z16/19580_24204.png,0.0067663460969924925,27.69921875,0.007080078125,0.349869966506958,False,False,False,16,19580,24204
z16/19580_24205.png,z16/19580_24205.png,0.007514379421869914,85.80078125,0.0449371337890625,0.3471122086048126,False,False,False,16,19580,24205
z16/19580_24206.png,z16/19580_24206.png,0.006472057600816091,57.599609375,0.010833740234375,0.3517298102378845,False,False,False,16,19580,24206
z16/19580_24207.png,z16/19580_24207.png,0.005998967587947846,47.30078125,0.00567626953125,0.3465842604637146,False,False,False,16,19580,24207
z16/19580_24208.png,z16/19580_24208.png,0.006658891340096792,21.7998046875,0.0,0.35339680314064026,False,False,False,16,19580,24208
z16/19580_24209.png,z16/19580_24209.png,0.0039855775733788805,21.19921875,0.0,0.35598164796829224,False,False,False,16,19580,24209
z16/19580_24210.png,z16/19580_24210.png,0.005523429314295451,38.7001953125,0.03515625,0.35160523653030396,False,False,False,16,19580,24210
z16/19580_24211.png,z16/19580_24211.png,0.005154273410638174,39.2001953125,0.0026397705078125,0.3462350368499756,False,False,False,16,19580,24211
z16/19580_24212.png,z16/19580_24212.png,0.004097660879294077,18.900390625,0.00225830078125,0.34546536207199097,False,False,False,16,19580,24212
z16/19580_24213.png,z16/19580_24213.png,0.00338668500383695,31.5,0.01361083984375,0.34143465757369995,False,False,False,16,19580,24213
z16/19580_24214.png,z16/19580_24214.png,0.005236825346946717,31.2998046875,0.0001373291015625,0.34176093339920044,False,False,False,16,19580,24214
z16/19580_24215.png,z16/19580_24215.png,0.006882288555304209,44.099609375,0.006622314453125,0.341776967048645,False,False,False,16,19580,24215
z16/19580_24216.png,z16/19580_24216.png,0.005723675588766733,37.7998046875,0.0165863037109375,0.3454381823539734,False,False,False,16,19580,24216
z16/19580_24217.png,z16/19580_24217.png,0.006741471588611603,36.400390625,0.0037689208984375,0.3508758544921875,False,False,False,16,19580,24217
z16/19580_24218.png,z16/19580_24218.png,0.003080731381972631,26.7998046875,0.0004425048828125,0.3518036901950836,False,False,False,16,19580,24218
z16/19580_24219.png,z16/19580_24219.png,0.004085431744654974,26.2998046875,0.0022125244140625,0.34588101506233215,False,False,False,16,19580,24219
z16/19580_24220.png,z16/19580_24220.png,0.00373678853114446,22.599609375,0.00726318359375,0.3431268334388733,False,False,False,16,19580,24220
z16/19580_24221.png,z16/19580_24221.png,0.002564963201681773,16.1005859375,0.0,0.34757721424102783,False,False,False,16,19580,24221
z16/19580_24222.png,z16/19580_24222.png,0.003397408127784729,13.900390625,0.0,0.34673869609832764,False,False,False,16,19580,24222
z16/19580_24223.png,z16/19580_24223.png,0.004073224713404973,18.5,0.0,0.347843736410141,False,False,False,16,19580,24223
z16/19580_24224.png,z16/19580_24224.png,0.005500839650630951,18.7001953125,0.0,0.34637415409088135,False,False,False,16,19580,24224
z16/19580_24225.png,z16/19580_24225.png,0.003484709560871124,23.5,0.0,0.3459257185459137,False,False,False,16,19580,24225
z16/19580_24226.png,z16/19580_24226.png,0.0036698728799819946,17.0,0.0,0.34328436851501465,False,False,False,16,19580,24226
z16/19580_24227.png,z16/19580_24227.png,0.003765915830930074,25.1005859375,0.0,0.34227490425109863,False,False,False,16,19580,24227
z16/19580_24228.png,z16/19580_24228.png,0.0030585862696170807,26.1005859375,0.0100555419921875,0.339087575674057,False,False,False,16,19580,24228
z16/19580_24229.png,z16/19580_24229.png,0.0033485027650992077,44.5,0.02923583984375,0.34035980701446533,False,False,False,16,19580,24229
z16/19580_24230.png,z16/19580_24230.png,0.004003831247488657,66.3994140625,0.0102691650390625,0.3553773760795593,False,False,False,16,19580,24230
z16/19580_24231.png,z16/19580_24231.png,0.006980930765469869,82.5,0.0090484619140625,0.35046547651290894,False,False,False,16,19580,24231
z16/19580_24232.png,z16/19580_24232.png,0.005016840994358063,47.2001953125,0.00848388671875,0.3534945845603943,False,False,False,16,19580,24232
z16/19580_24233.png,z16/19580_24233.png,0.004972673952579498,38.69921875,0.021026611328125,0.35631799697875977,False,False,False,16,19580,24233
z16/19580_24234.png,z16/19580_24234.png,0.009667912125587463,42.0,0.00421142578125,0.3564920425415039,False,False,False,16,19580,24234
z16/19580_24235.png,z16/19580_24235.png,0.005324812730153402,26.6005859375,0.0256805419921875,0.36029019951820374,False,False,False,16,19580,24235
z16/19580_24236.png,z16/19580_24236.png,0.004472966492176056,30.0,0.03326416015625,0.3474527895450592,False,False,False,16,19580,24236
z16/19580_24237.png,z16/19580_24237.png,0.006346546113491058,52.0,0.055694580078125,0.34022077918052673,False,False,False,16,19580,24237
z16/19580_24238.png,z16/19580_24238.png,0.006983336309591929,59.0,0.0021514892578125,0.34210553765296936,False,False,False,16,19580,24238
z16/19580_24239.png,z16/19580_24239.png,0.004631836215655009,25.7998046875,0.0092315673828125,0.34100139141082764,False,False,False,16,19580,24239
z16/19580_24240.png,z16/19580_24240.png,0.004771112898985545,26.400390625,0.0033416748046875,0.3398854732513428,False,False,False,16,19580,24240
z16/19580_24241.png,z16/19580_24241.png,0.007540839910507202,40.6005859375,0.000335693359375,0.3466835021972656,False,False,False,16,19580,24241
z16/19580_24242.png,z16/19580_24242.png,0.009779797991116841,77.7001953125,0.0190887451171875,0.34014418721199036,False,False,False,16,19580,24242
z16/19580_24243.png,z16/19580_24243.png,0.01007865071296692,64.6005859375,0.031829833984375,0.3407873809337616,False,False,False,16,19580,24243
z16/19580_24244.png,z16/19580_24244.png,0.009085157513618469,62.2998046875,0.0434417724609375,0.3423510193824768,False,False,False,16,19580,24244
z16/19580_24245.png,z16/19580_24245.png,0.004882338146368663,73.400390625,0.0384063720703125,0.336509108543396,False,False,False,16,19580,24245
z16/19580_24246.png,z16/19580_24246.png,0.0049071162939071655,59.7001953125,0.0051116943359375,0.337877094745636,False,False,False,16,19580,24246
z16/19580_24247.png,z16/19580_24247.png,0.012770573298136393,81.7998046875,0.0147857666015625,0.3393184542655945,False,False,False,16,19580,24247
z16/19580_24248.png,z16/19580_24248.png,0.008579438924789429,38.0,0.0446624755859375,0.34153279662132263,False,False,False,16,19580,24248
z16/19580_24249.png,z16/19580_24249.png,0.007312282919883728,60.7998046875,0.0220184326171875,0.3515421152114868,False,False,False,16,19580,24249
z16/19580_24250.png,z16/19580_24250.png,0.007434556384881338,53.599609375,0.0074615478515625,0.3447026312351227,False,False,False,16,19580,24250
z16/19580_24251.png,z16/19580_24251.png,0.005656823515892029,48.1005859375,0.0099945068359375,0.3401418924331665,False,False,False,16,19580,24251
z16/19580_24252.png,z16/19580_24252.png,0.007269412279129028,36.400390625,0.0206451416015625,0.34365832805633545,False,False,False,16,19580,24252
z16/19580_24253.png,z16/19580_24253.png,0.0090293288230896,28.19921875,0.0,0.3430146276950836,False,False,False,16,19580,24253
z16/19580_24254.png,z16/19580_24254.png,0.004851438601811727,21.2998046875,0.0,0.3466682434082031,False,False,False,16,19580,24254
z16/19580_24255.png,z16/19580_24255.png,0.006234030922253927,27.599609375,0.0,0.34778648614883423,False,False,False,16,19580,24255
z16/19580_24256.png,z16/19580_24256.png,0.0050454164544741316,25.19921875,0.0,0.3443937301635742,False,False,False,16,19580,24256
z16/19580_24257.png,z16/19580_24257.png,0.004046713809172312,26.2998046875,0.0040283203125,0.3399145305156708,False,False,False,16,19580,24257
z16/19580_24258.png,z16/19580_24258.png,0.007119383414586385,36.099609375,0.004119873046875,0.341275691986084,False,False,False,16,19580,24258
z16/19580_24259.png,z16/19580_24259.png,0.003817795713742574,14.30078125,0.0,0.3403840661048889,False,False,False,16,19580,24259
z16/19580_24260.png,z16/19580_24260.png,0.004507252077261607,16.0,0.0,0.3387203812599182,False,False,False,16,19580,24260
z16/19580_24261.png,z16/19580_24261.png,0.006672438979148865,27.5,0.036529541015625,0.33908408880233765,False,False,False,16,19580,24261
z16/19580_24262.png,z16/19580_24262.png,0.005710582435131073,28.2001953125,0.0126190185546875,0.3406130075454712,False,False,False,16,19580,24262
z16/19580_24263.png,z16/19580_24263.png,0.005700536568959554,38.19921875,0.00146484375,0.336300253868103,False,False,False,16,19580,24263
z16/19580_24264.png,z16/19580_24264.png,0.005989144742488861,68.900390625,0.00384521484375,0.32772764563560486,False,False,False,16,19580,24264
z16/19580_24265.png,z16/19580_24265.png,0.005122002462546031,50.5,0.017303466796875,0.33114007115364075,False,False,False,16,19580,24265
z16/19580_24266.png,z16/19580_24266.png,0.005266964435577393,44.5,0.000396728515625,0.3309033513069153,False,False,False,16,19580,24266
z16/19580_24267.png,z16/19580_24267.png,0.00466490238904953,17.8994140625,0.0142059326171875,0.3343392014503479,False,False,False,16,19580,24267
z16/19580_24268.png,z16/19580_24268.png,0.0032473435004552204,20.599609375,0.0041351318359375,0.3322383463382721,False,False,False,16,19580,24268
z16/19580_24269.png,z16/19580_24269.png,0.008429249127705893,41.5,0.001220703125,0.33943861722946167,False,False,False,16,19580,24269
z16/19580_24270.png,z16/19580_24270.png,0.0040405010183652244,28.5,0.0004119873046875,0.33491963148117065,False,False,False,16,19580,24270
z16/19580_24271.png,z16/19580_24271.png,0.0037613113721211753,34.2998046875,0.00335693359375,0.3398458659648895,False,False,False,16,19580,24271
z16/19581_24200.png,z16/19581_24200.png,0.002311662832895915,18.7001953125,0.0077362060546875,0.3568759560585022,False,False,False,16,19581,24200
z16/19581_24201.png,z16/19581_24201.png,0.002794609715541204,17.400390625,0.0,0.3626784384250641,False,False,False,16,19581,24201
z16/19581_24202.png,z16/19581_24202.png,0.0028508253395557403,18.2998046875,0.0,0.3591165244579315,False,False,False,16,19581,24202
z16/19581_24203.png,z16/19581_24203.png,0.0029625706374645233,18.0,0.0,0.3545750081539154,False,False,False,16,19581,24203
z16/19581_24204.png,z16/19581_24204.png,0.00716670552889506,19.80078125,0.0,0.33738982677459717,False,False,False,16,19581,24204
z16/19581_24205.png,z16/19581_24205.png,0.004428842663764953,62.5,0.061309814453125,0.34331685304641724,False,False,False,16,19581,24205
z16/19581_24206.png,z16/19581_24206.png,0.005717555681864421,44.30078125,0.0014190673828125,0.3502535820007324,False,False,False,16,19581,24206
z16/19581_24207.png,z16/19581_24207.png,0.004318298399448394,24.7998046875,0.0,0.35059264302253723,False,False,False,16,19581,24207
z16/19581_24208.png,z16/19581_24208.png,0.0039334927995999655,26.2001953125,0.0129547119140625,0.35057610273361206,False,False,False,16,19581,24208
z16/19581_24209.png,z16/19581_24209.png,0.0034405397872130077,20.7998046875,0.0053253173828125,0.3486982583999634,False,False,False,16,19581,24209
z16/19581_24210.png,z16/19581_24210.png,0.004143879562616348,24.900390625,0.0016632080078125,0.34702765941619873,False,False,False,16,19581,24210
z16/19581_24211.png,z16/19581_24211.png,0.00332124928633372,22.30078125,0.0151519775390625,0.34710824489593506,False,False,False,16,19581,24211
z16/19581_24212.png,z16/19581_24212.png,0.0027785641451676685,15.400390625,0.0,0.3489938974380493,False,False,False,16,19581,24212
z16/19581_24213.png,z16/19581_24213.png,0.0032107919454574586,26.0,0.019287109375,0.34024858474731445,False,False,False,16,19581,24213
z16/19581_24214.png,z16/19581_24214.png,0.0034703525404135385,21.7001953125,0.0010833740234375,0.3420308232307434,False,False,False,16,19581,24214
z16/19581_24215.png,z16/19581_24215.png,0.0038378998637199403,23.2998046875,0.002532958984375,0.35372090339660645,False,False,False,16,19581,24215
z16/19581_24216.png,z16/19581_24216.png,0.005806536475817362,17.30078125,0.0084991455078125,0.35532456636428833,False,False,False,16,19581,24216
z16/19581_24217.png,z16/19581_24217.png,0.005925713976224264,43.900390625,0.0042724609375,0.3465980291366577,False,False,False,16,19581,24217
z16/19581_24218.png,z16/19581_24218.png,0.004011870423952738,52.400390625,0.0519866943359375,0.3376600742340088,False,False,False,16,19581,24218
z16/19581_24219.png,z16/19581_24219.png,0.003721238176027934,42.2998046875,0.001129150390625,0.33535489439964294,False,False,False,16,19581,24219
z16/19581_24220.png,z16/19581_24220.png,0.0033738183478514354,33.2001953125,0.0067291259765625,0.3396890163421631,False,False,False,16,19581,24220
z16/19581_24221.png,z16/19581_24221.png,0.003907388697067897,28.5,0.0020904541015625,0.34347328543663025,False,False,False,16,19581,24221
z16/19581_24222.png,z16/19581_24222.png,0.0041042221089204155,34.1005859375,0.0027313232421875,0.3463687598705292,False,False,False,16,19581,24222
z16/19581_24223.png,z16/19581_24223.png,0.002446255832910538,17.8994140625,0.016204833984375,0.3548824191093445,False,False,False,16,19581,24223
z16/19581_24224.png,z16/19581_24224.png,0.0048709208766619366,29.5,0.0364532470703125,0.34749528765678406,False,False,False,16,19581,24224
z16/19581_24225.png,z16/19581_24225.png,0.0058714603384335835,38.2001953125,0.028411865234375,0.35237616300582886,False,False,False,16,19581,24225
z16/19581_24226.png,z16/19581_24226.png,0.00676168700059255,42.5,0.019622802734375,0.3461712896823883,False,False,False,16,19581,24226
z16/19581_24227.png,z16/19581_24227.png,0.0058845644195874534,44.2001953125,0.006072998046875,0.3376242518424988,False,False,False,16,19581,24227
z16/19581_24228.png,z16/19581_24228.png,0.0028590453167756397,19.80078125,0.000518798828125,0.3430115580558777,False,False,False,16,19581,24228
z16/19581_24229.png,z16/19581_24229.png,0.0026565683384736378,19.0,0.0,0.34856465458869934,False,False,False,16,19581,24229
z16/19581_24230.png,z16/19581_24230.png,0.003937724977731705,22.7001953125,0.001312255859375,0.3421921133995056,False,False,False,16,19581,24230
z16/19581_24231.png,z16/19581_24231.png,0.005281425019105276,66.2001953125,0.00146484375,0.3441038131713867,False,False,False,16,19581,24231
z16/19581_24232.png,z16/19581_24232.png,0.008895677328109742,36.8994140625,0.0111083984375,0.35640600323677063,False,False,False,16,19581,24232
z16/19581_24233.png,z16/19581_24233.png,0.007435786227385203,40.5,0.00775146484375,0.35529619455337524,False,False,False,16,19581,24233
z16/19581_24234.png,z16/19581_24234.png,0.009032770991325378,47.7998046875,0.002960205078125,0.34677809476852417,False,False,False,16,19581,24234
z16/19581_24235.png,z16/19581_24235.png,0.006126536925633749,59.400390625,0.0076751708984375,0.34736311435699463,False,False,False,16,19581,24235
z16/19581_24236.png,z16/19581_24236.png,0.005660347640514374,77.2998046875,0.0471038818359375,0.34078553318977356,False,False,False,16,19581,24236
z16/19581_24237.png,z16/19581_24237.png,0.008358522256215414,98.2998046875,0.0009002685546875,0.339472234249115,False,False,False,16,19581,24237
z16/19581_24238.png,z16/19581_24238.png,0.008420078953107198,64.0,0.0011749267578125,0.34324386715888977,False,False,False,16,19581,24238
z16/19581_24239.png,z16/19581_24239.png,0.005428666869799296,33.1005859375,0.0012664794921875,0.34512588381767273,False,False,False,16,19581,24239
z16/19581_24240.png,z16/19581_24240.png,0.010873568058013917,46.400390625,0.020050048828125,0.34598207473754883,False,False,False,16,19581,24240
z16/19581_24241.png,z16/19581_24241.png,0.008870963255564373,44.5,0.021942138671875,0.34301209449768066,False,False,False,16,19581,24241
z16/19581_24242.png,z16/19581_24242.png,0.017350314060846965,67.2998046875,0.0067291259765625,0.34377896785736084,False,False,False,16,19581,24242
z16/19581_24243.png,z16/19581_24243.png,0.007133464018503825,64.400390625,0.000701904296875,0.336891770362854,False,False,False,16,19581,24243
z16/19581_24244.png,z16/19581_24244.png,0.008722791075706482,69.400390625,0.002777099609375,0.3341582715511322,False,False,False,16,19581,24244
z16/19581_24245.png,z16/19581_24245.png,0.010810015598932902,88.400390625,0.0029296875,0.334887832403183,False,False,False,16,19581,24245
z16/19581_24246.png,z16/19581_24246.png,0.011373515923817952,87.7001953125,0.040985107421875,0.33565273880958557,False,False,False,16,19581,24246
z16/19581_24247.png,z16/19581_24247.png,0.010816468795140585,72.1005859375,0.0078887939453125,0.33761081099510193,False,False,False,16,19581,24247
z16/19581_24248.png,z16/19581_24248.png,0.010487155119578043,49.900390625,0.006866455078125,0.33740174770355225,False,False,False,16,19581,24248
z16/19581_24249.png,z16/19581_24249.png,0.009790294369061788,61.2001953125,0.030242919921875,0.3433952331542969,False,False,False,16,19581,24249
z16/19581_24250.png,z16/19581_24250.png,0.015194861094156902,80.1005859375,0.0703277587890625,0.3401600420475006,False,False,False,16,19581,24250
z16/19581_24251.png,z16/19581_24251.png,0.018064697583516438,66.19921875,0.030792236328125,0.34207725524902344,False,False,False,16,19581,24251
z16/19581_24252.png,z16/19581_24252.png,0.012907111644744873,54.7001953125,0.0,0.3430173099040985,False,False,False,16,19581,24252
z16/19581_24253.png,z16/19581_24253.png,0.003613407909870148,5.400390625,0.0,0.33079659938812256,False,False,False,16,19581,24253
z16/19581_24254.png,z16/19581_24254.png,0.001998509218295415,6.3994140625,0.0,0.3482759892940521,False,False,False,16,19581,24254
z16/19581_24255.png,z16/19581_24255.png,0.00432627151409785,11.7998046875,0.0,0.34636229276657104,False,False,False,16,19581,24255
z16/19581_24256.png,z16/19581_24256.png,0.005447883407274882,23.5,0.0505218505859375,0.3414742350578308,False,False,False,16,19581,24256
z16/19581_24257.png,z16/19581_24257.png,0.003873826066652934,11.5,0.0,0.34547749161720276,False,False,False,16,19581,24257
z16/19581_24258.png,z16/19581_24258.png,0.0045240908861160275,16.0,0.0,0.3456529378890991,False,False,False,16,19581,24258
z16/19581_24259.png,z16/19581_24259.png,0.0032318005959192913,10.7998046875,0.0,0.3443034589290619,False,False,False,16,19581,24259
z16/19581_24260.png,z16/19581_24260.png,0.004080924888451894,11.6005859375,0.0,0.3511963486671448,False,False,False,16,19581,24260
z16/19581_24261.png,z16/19581_24261.png,0.005610666672388713,26.7001953125,0.0,0.3415834903717041,False,False,False,16,19581,24261
z16/19581_24262.png,z16/19581_24262.png,0.007426327466964722,49.0,0.0234222412109375,0.33623233437538147,False,False,False,16,19581,24262
z16/19581_24263.png,z16/19581_24263.png,0.0049629777669906614,60.7998046875,0.0045166015625,0.33160507678985596,False,False,False,16,19581,24263
z16/19581_24264.png,z16/19581_24264.png,0.00608824739853541,53.2998046875,0.0044403076171875,0.3315284550189972,False,False,False,16,19581,24264
z16/19581_24265.png,z16/19581_24265.png,0.005832692484060923,51.0,0.0115814208984375,0.331531286239624,False,False,False,16,19581,24265
z16/19581_24266.png,z16/19581_24266.png,0.005824172993501028,35.2998046875,0.0123748779296875,0.33752426505088806,False,False,False,16,19581,24266
z16/19581_24267.png,z16/19581_24267.png,0.005380024512608846,30.7998046875,0.0139312744140625,0.32821184396743774,False,False,False,16,19581,24267
z16/19581_24268.png,z16/19581_24268.png,0.0030828798810640973,14.2998046875,0.0,0.33528274297714233,False,False,False,16,19581,24268
z16/19581_24269.png,z16/19581_24269.png,0.004860152304172516,26.400390625,0.0048370361328125,0.33375608921051025,False,False,False,16,19581,24269
z16/19581_24270.png,z16/19581_24270.png,0.004120212544997533,28.2998046875,0.0048065185546875,0.3310658931732178,False,False,False,16,19581,24270
z16/19581_24271.png,z16/19581_24271.png,0.0029151918987433117,21.69921875,0.0,0.33355939388275146,False,False,False,16,19581,24271
z16/19582_24200.png,z16/19582_24200.png,0.005103113253911337,40.6005859375,0.04046630859375,0.35133883357048035,False,False,False,16,19582,24200
z16/19582_24201.png,z16/19582_24201.png,0.004666053752104441,26.599609375,0.0,0.3494713306427002,False,False,False,16,19582,24201
z16/19582_24202.png,z16/19582_24202.png,0.0033172895510991413,10.2001953125,0.0,0.3561023771762848,False,False,False,16,19582,24202
z16/19582_24203.png,z16/19582_24203.png,0.003535488247871399,11.8994140625,0.0,0.3467695713043213,False,False,False,16,19582,24203
z16/19582_24204.png,z16/19582_24204.png,0.00236662228902181,6.2001953125,0.0,0.3253934383392334,False,False,False,16,19582,24204
z16/19582_24205.png,z16/19582_24205.png,0.006845107674598694,29.3994140625,0.0,0.33241748809814453,False,False,False,16,19582,24205
z16/19582_24206.png,z16/19582_24206.png,0.00381963774561882,56.2998046875,0.03009033203125,0.34908878803253174,False,False,False,16,19582,24206
z16/19582_24207.png,z16/19582_24207.png,0.004333612322807312,36.2998046875,0.003753662109375,0.35027748346328735,False,False,False,16,19582,24207
z16/19582_24208.png,z16/19582_24208.png,0.0032719182471434276,19.2001953125,0.0,0.3519793450832367,False,False,False,16,19582,24208
z16/19582_24209.png,z16/19582_24209.png,0.0037950269877910616,35.2998046875,0.0087127685546875,0.3423016667366028,False,False,False,16,19582,24209
z16/19582_24210.png,z16/19582_24210.png,0.0026888400316238403,36.400390625,0.0012054443359375,0.34907710552215576,False,False,False,16,19582,24210
z16/19582_24211.png,z16/19582_24211.png,0.003880903124809265,36.7001953125,0.001007080078125,0.3540511131286621,False,False,False,16,19582,24211
z16/19582_24212.png,z16/19582_24212.png,0.003968047847350439,26.5,0.0,0.3473263084888458,False,False,False,16,19582,24212
z16/19582_24213.png,z16/19582_24213.png,0.003301572799682617,18.099609375,0.0,0.3441801369190216,False,False,False,16,19582,24213
z16/19582_24214.png,z16/19582_24214.png,0.003436568379402161,27.7001953125,0.0061798095703125,0.34136146306991577,False,False,False,16,19582,24214
z16/19582_24215.png,z16/19582_24215.png,0.003636354207992554,37.7998046875,0.0131378173828125,0.35273247957229614,False,False,False,16,19582,24215
z16/19582_24216.png,z16/19582_24216.png,0.0040151096880435945,24.0,0.0193023681640625,0.35052430629730225,False,False,False,16,19582,24216
z16/19582_24217.png,z16/19582_24217.png,0.003103242814540863,33.69921875,0.0012054443359375,0.348751425743103,False,False,False,16,19582,24217
z16/19582_24218.png,z16/19582_24218.png,0.002664596339066823,47.400390625,0.0025634765625,0.3451787829399109,False,False,False,16,19582,24218
z16/19582_24219.png,z16/19582_24219.png,0.003047749400138855,27.6005859375,0.002044677734375,0.3458842635154724,False,False,False,16,19582,24219
z16/19582_24220.png,z16/19582_24220.png,0.00397426187992096,43.2001953125,0.0019073486328125,0.3495044410228729,False,False,False,16,19582,24220
z16/19582_24221.png,z16/19582_24221.png,0.003968971470991771,56.6005859375,0.0019073486328125,0.3457515835762024,False,False,False,16,19582,24221
z16/19582_24222.png,z16/19582_24222.png,0.0036875036855538684,35.0,0.0096588134765625,0.3482374846935272,False,False,False,16,19582,24222
z16/19582_24223.png,z16/19582_24223.png,0.0036100206275780995,30.7998046875,0.018218994140625,0.35421061515808105,False,False,False,16,19582,24223
z16/19582_24224.png,z16/19582_24224.png,0.002938904364903768,43.400390625,0.013702392578125,0.3480437994003296,False,False,False,16,19582,24224
z16/19582_24225.png,z16/19582_24225.png,0.0032880738377571105,32.400390625,0.003265380859375,0.34365323185920715,False,False,False,16,19582,24225
z16/19582_24226.png,z16/19582_24226.png,0.003546477605899175,41.5,0.011566162109375,0.3446202576160431,False,False,False,16,19582,24226
z16/19582_24227.png,z16/19582_24227.png,0.005414996047814687,64.400390625,0.0438079833984375,0.3363591134548187,False,False,False,16,19582,24227
z16/19582_24228.png,z16/19582_24228.png,0.0043818692366282145,21.1005859375,0.0,0.34785258769989014,False,False,False,16,19582,24228
z16/19582_24229.png,z16/19582_24229.png,0.003229049841562907,10.099609375,0.0,0.35062217712402344,False,False,False,16,19582,24229
z16/19582_24230.png,z16/19582_24230.png,0.005938328802585602,27.19921875,0.0003662109375,0.3562651574611664,False,False,False,16,19582,24230
z16/19582_24231.png,z16/19582_24231.png,0.009086225430170696,51.8994140625,0.007781982421875,0.3566892743110657,False,False,False,16,19582,24231
z16/19582_24232.png,z16/19582_24232.png,0.006319481134414673,55.7001953125,0.0055694580078125,0.3627675175666809,False,False,False,16,19582,24232
z16/19582_24233.png,z16/19582_24233.png,0.006553222239017486,66.599609375,0.007568359375,0.3507685661315918,False,False,False,16,19582,24233
z16/19582_24234.png,z16/19582_24234.png,0.004936592280864715,85.7001953125,0.06439208984375,0.34477800130844116,False,False,False,16,19582,24234
z16/19582_24235.png,z16/19582_24235.png,0.0058473815520604456,66.900390625,0.000732421875,0.3482118546962738,False,False,False,16,19582,24235
z16/19582_24236.png,z16/19582_24236.png,0.004380647341410319,55.2998046875,0.0013885498046875,0.33937835693359375,False,False,False,16,19582,24236
z16/19582_24237.png,z16/19582_24237.png,0.004240164160728454,55.19921875,0.001861572265625,0.3382687270641327,False,False,False,16,19582,24237
z16/19582_24238.png,z16/19582_24238.png,0.00573907345533371,45.3994140625,0.0167236328125,0.3466011583805084,False,False,False,16,19582,24238
z16/19582_24239.png,z16/19582_24239.png,0.003243193030357361,49.2001953125,0.003173828125,0.34107550978660583,False,False,False,16,19582,24239
z16/19582_24240.png,z16/19582_24240.png,0.006131466229756673,42.3994140625,0.00152587890625,0.3397414982318878,False,False,False,16,19582,24240
z16/19582_24241.png,z16/19582_24241.png,0.011494246125221253,73.1005859375,0.00177001953125,0.3392525017261505,False,False,False,16,19582,24241
z16/19582_24242.png,z16/19582_24242.png,0.010197978218396504,65.3994140625,0.00799560546875,0.3381735682487488,False,False,False,16,19582,24242
z16/19582_24243.png,z16/19582_24243.png,0.006180573503176371,58.8994140625,0.0034332275390625,0.33549779653549194,False,False,False,16,19582,24243
z16/19582_24244.png,z16/19582_24244.png,0.007606221735477448,58.0,0.0145416259765625,0.3350105881690979,False,False,False,16,19582,24244
z16/19582_24245.png,z16/19582_24245.png,0.0054744288325309755,57.2001953125,0.0265045166015625,0.33352798223495483,False,False,False,16,19582,24245
z16/19582_24246.png,z16/19582_24246.png,0.008706217010815939,60.400390625,0.0014495849609375,0.3379075825214386,False,False,False,16,19582,24246
z16/19582_24247.png,z16/19582_24247.png,0.00908771554629008,85.6005859375,0.0525360107421875,0.3439391553401947,False,False,False,16,19582,24247
z16/19582_24248.png,z16/19582_24248.png,0.008492438991864523,52.900390625,0.0048675537109375,0.34216049313545227,False,False,False,16,19582,24248
z16/19582_24249.png,z16/19582_24249.png,0.006419230997562408,20.0,0.0,0.34132590889930725,False,False,False,16,19582,24249
z16/19582_24250.png,z16/19582_24250.png,0.009189674258232116,37.2001953125,0.0,0.33237600326538086,False,False,False,16,19582,24250
z16/19582_24251.png,z16/19582_24251.png,0.0139704296986262,54.7001953125,0.0,0.33420324325561523,False,False,False,16,19582,24251
z16/19582_24252.png,z16/19582_24252.png,0.004753830532232921,11.2001953125,0.0,0.32896149158477783,False,False,False,16,19582,24252
z16/19582_24253.png,z16/19582_24253.png,0.0027256451547145845,5.099609375,0.0,0.33582788705825806,False,False,False,16,19582,24253
z16/19582_24254.png,z16/19582_24254.png,0.0018446072936058044,4.69921875,0.0,0.34376272559165955,False,False,False,16,19582,24254
z16/19582_24255.png,z16/19582_24255.png,0.007890470325946808,19.5,0.0,0.34347617626190186,False,False,False,16,19582,24255
z16/19582_24256.png,z16/19582_24256.png,0.007279123365879059,17.2001953125,0.0,0.3381447494029999,False,False,False,16,19582,24256
z16/19582_24257.png,z16/19582_24257.png,0.006987413763999939,12.2001953125,0.0,0.3449074625968933,False,False,False,16,19582,24257
z16/19582_24258.png,z16/19582_24258.png,0.0033800636728604635,5.5,0.0,0.333530068397522,False,False,False,16,19582,24258
z16/19582_24259.png,z16/19582_24259.png,0.0077132667104403176,53.0,0.060577392578125,0.3313104808330536,False,False,False,16,19582,24259
z16/19582_24260.png,z16/19582_24260.png,0.007773235440254211,55.5,0.0077667236328125,0.34185081720352173,False,False,False,16,19582,24260
z16/19582_24261.png,z16/19582_24261.png,0.005204405883948008,37.5,0.02081298828125,0.3401980698108673,False,False,False,16,19582,24261
z16/19582_24262.png,z16/19582_24262.png,0.004236445327599843,30.2998046875,0.00244140625,0.3378612995147705,False,False,False,16,19582,24262
z16/19582_24263.png,z16/19582_24263.png,0.003912461549043655,33.0,0.0027923583984375,0.33465567231178284,False,False,False,16,19582,24263
z16/19582_24264.png,z16/19582_24264.png,0.007203411062558492,36.7998046875,0.0409088134765625,0.3338049352169037,False,False,False,16,19582,24264
z16/19582_24265.png,z16/19582_24265.png,0.007364441951115926,35.099609375,0.0,0.33314621448516846,False,False,False,16,19582,24265
z16/19582_24266.png,z16/19582_24266.png,0.005305961767832438,43.7998046875,0.0103607177734375,0.33344343304634094,False,False,False,16,19582,24266
z16/19582_24267.png,z16/19582_24267.png,0.005305784940719605,32.900390625,0.002655029296875,0.33526375889778137,False,False,False,16,19582,24267
z16/19582_24268.png,z16/19582_24268.png,0.005358704427878062,32.0,0.0057373046875,0.3377666473388672,False,False,False,16,19582,24268
z16/19582_24269.png,z16/19582_24269.png,0.005098197360833486,41.6005859375,0.0030364990234375,0.3392012417316437,False,False,False,16,19582,24269
z16/19582_24270.png,z16/19582_24270.png,0.005556873977184296,45.2001953125,0.000213623046875,0.3366330564022064,False,False,False,16,19582,24270
z16/19582_24271.png,z16/19582_24271.png,0.0053975552320480345,48.099609375,0.0019378662109375,0.3361795246601105,False,False,False,16,19582,24271
z16/19583_24200.png,z16/19583_24200.png,0.005581626296043396,45.19921875,0.0714111328125,0.34387707710266113,False,False,False,16,19583,24200
z16/19583_24201.png,z16/19583_24201.png,0.004562792181968689,26.099609375,0.0,0.3402901589870453,False,False,False,16,19583,24201
z16/19583_24202.png,z16/19583_24202.png,0.0058176567157109576,22.69921875,0.0,0.35655131936073303,False,False,False,16,19583,24202
z16/19583_24203.png,z16/19583_24203.png,0.006665252149105072,68.900390625,0.017974853515625,0.34077051281929016,False,False,False,16,19583,24203
z16/19583_24204.png,z16/19583_24204.png,0.007145936290423076,78.0,0.0730438232421875,0.337619423866272,False,False,False,16,19583,24204
z16/19583_24205.png,z16/19583_24205.png,0.007819404204686483,40.0,0.0,0.3372507393360138,False,False,False,16,19583,24205
z16/19583_24206.png,z16/19583_24206.png,0.00696343332529068,36.7998046875,0.036041259765625,0.3584703803062439,False,False,False,16,19583,24206
z16/19583_24207.png,z16/19583_24207.png,0.006185846527417501,59.2998046875,0.0065155029296875,0.3471852242946625,False,False,False,16,19583,24207
z16/19583_24208.png,z16/19583_24208.png,0.007127240300178528,52.900390625,0.0012359619140625,0.34388381242752075,False,False,False,16,19583,24208
z16/19583_24209.png,z16/19583_24209.png,0.0041500998040040335,38.2998046875,0.003570556640625,0.34714800119400024,False,False,False,16,19583,24209
z16/19583_24210.png,z16/19583_24210.png,0.004481917122999827,29.0,0.0055389404296875,0.3506092131137848,False,False,False,16,19583,24210
z16/19583_24211.png,z16/19583_24211.png,0.0029979050159454346,19.8994140625,0.0033111572265625,0.3596736192703247,False,False,False,16,19583,24211
z16/19583_24212.png,z16/19583_24212.png,0.0056999867161115015,22.3994140625,0.0,0.35489922761917114,False,False,False,16,19583,24212
z16/19583_24213.png,z16/19583_24213.png,0.0032884528239568076,14.2001953125,0.0,0.3524986505508423,False,False,False,16,19583,24213
z16/19583_24214.png,z16/19583_24214.png,0.0028078019618988036,20.1005859375,0.0,0.3530352711677551,False,False,False,16,19583,24214
z16/19583_24215.png,z16/19583_24215.png,0.0036454615493615467,21.2998046875,0.0,0.35454505681991577,False,False,False,16,19583,24215
z16/19583_24216.png,z16/19583_24216.png,0.002830697347720464,18.0,0.0,0.3501206338405609,False,False,False,16,19583,24216
z16/19583_24217.png,z16/19583_24217.png,0.0038439157108465833,24.5,0.0150909423828125,0.34895074367523193,False,False,False,16,19583,24217
z16/19583_24218.png,z16/19583_24218.png,0.0036982749899228413,39.099609375,0.010040283203125,0.3515982925891876,False,False,False,16,19583,24218
z16/19583_24219.png,z16/19583_24219.png,0.0031258754432201387,15.599609375,0.0,0.34972935914993286,False,False,False,16,19583,24219
z16/19583_24220.png,z16/19583_24220.png,0.00436720997095108,19.0,0.0,0.35214748978614807,False,False,False,16,19583,24220
z16/19583_24221.png,z16/19583_24221.png,0.004797107974688212,31.3994140625,0.00244140625,0.34352532029151917,False,False,False,16,19583,24221
z16/19583_24222.png,z16/19583_24222.png,0.005848686893781026,46.2998046875,0.014404296875,0.34524503350257874,False,False,False,16,19583,24222
z16/19583_24223.png,z16/19583_24223.png,0.0027109486361344653,21.8994140625,0.0,0.3526250123977661,False,False,False,16,19583,24223
z16/19583_24224.png,z16/19583_24224.png,0.0032280529538790386,38.400390625,0.0361480712890625,0.3501315414905548,False,False,False,16,19583,24224
z16/19583_24225.png,z16/19583_24225.png,0.004071280111869176,29.80078125,0.0094451904296875,0.3474844992160797,False,False,False,16,19583,24225
z16/19583_24226.png,z16/19583_24226.png,0.0063683375716209415,34.0,0.0208892822265625,0.33792033791542053,False,False,False,16,19583,24226
z16/19583_24227.png,z16/19583_24227.png,0.006454764803250631,55.8994140625,0.005615234375,0.3382343351840973,False,False,False,16,19583,24227
z16/19583_24228.png,z16/19583_24228.png,0.0035241958995660145,30.400390625,0.04095458984375,0.3427716791629791,False,False,False,16,19583,24228
z16/19583_24229.png,z16/19583_24229.png,0.004903918504714966,27.2998046875,0.0319366455078125,0.34814926981925964,False,False,False,16,19583,24229
z16/19583_24230.png,z16/19583_24230.png,0.0038956888020038605,43.0,0.008819580078125,0.33999431133270264,False,False,False,16,19583,24230
z16/19583_24231.png,z16/19583_24231.png,0.004836022357145945,38.30078125,0.0115814208984375,0.35780277848243713,False,False,False,16,19583,24231
z16/19583_24232.png,z16/19583_24232.png,0.006329297522703807,42.3994140625,0.0047607421875,0.352128267288208,False,False,False,16,19583,24232
z16/19583_24233.png,z16/19583_24233.png,0.008983524640401204,48.7998046875,0.016571044921875,0.35583436489105225,False,False,False,16,19583,24233
z16/19583_24234.png,z16/19583_24234.png,0.005296989778677623,51.2001953125,0.0010833740234375,0.34968504309654236,False,False,False,16,19583,24234
z16/19583_24235.png,z16/19583_24235.png,0.004048197468121847,31.099609375,0.009063720703125,0.3422744572162628,False,False,False,16,19583,24235
z16/19583_24236.png,z16/19583_24236.png,0.0033367156982421877,29.3994140625,0.0099334716796875,0.3382205069065094,False,False,False,16,19583,24236
z16/19583_24237.png,z16/19583_24237.png,0.003155886381864548,50.8994140625,0.0019683837890625,0.3425879180431366,False,False,False,16,19583,24237
z16/19583_24238.png,z16/19583_24238.png,0.006369830667972564,48.5,0.020050048828125,0.33361220359802246,False,False,False,16,19583,24238
z16/19583_24239.png,z16/19583_24239.png,0.00515617827574412,52.7998046875,0.0015106201171875,0.33683693408966064,False,False,False,16,19583,24239
z16/19583_24240.png,z16/19583_24240.png,0.0036747661729653676,37.7998046875,0.013916015625,0.3413006663322449,False,False,False,16,19583,24240
z16/19583_24241.png,z16/19583_24241.png,0.005408923327922821,24.2998046875,0.0009765625,0.34758421778678894,False,False,False,16,19583,24241
z16/19583_24242.png,z16/19583_24242.png,0.007913999756177266,28.400390625,0.00189208984375,0.34165051579475403,False,False,False,16,19583,24242
z16/19583_24243.png,z16/19583_24243.png,0.0037055219213167827,45.400390625,0.033843994140625,0.3399115204811096,False,False,False,16,19583,24243
z16/19583_24244.png,z16/19583_24244.png,0.009002233544985453,58.7998046875,0.0013885498046875,0.33538177609443665,False,False,False,16,19583,24244
z16/19583_24245.png,z16/19583_24245.png,0.005301871399084727,62.5,0.0004730224609375,0.3331281244754791,False,False,False,16,19583,24245
z16/19583_24246.png,z16/19583_24246.png,0.006639076272646586,94.2001953125,0.0014801025390625,0.3323104977607727,False,False,False,16,19583,24246
z16/19583_24247.png,z16/19583_24247.png,0.0070713246862093605,130.0,0.022796630859375,0.331907719373703,False,False,False,16,19583,24247
z16/19583_24248.png,z16/19583_24248.png,0.010033198197682698,146.5,0.0377655029296875,0.3357824981212616,False,False,False,16,19583,24248
z16/19583_24249.png,z16/19583_24249.png,0.008668718735376994,102.6005859375,0.0494232177734375,0.33592239022254944,False,False,False,16,19583,24249
z16/19583_24250.png,z16/19583_24250.png,0.010057573517163595,74.599609375,0.0,0.332706481218338,False,False,False,16,19583,24250
z16/19583_24251.png,z16/19583_24251.png,0.007382281124591827,33.2001953125,0.0,0.3314259350299835,False,False,False,16,19583,24251
z16/19583_24252.png,z16/19583_24252.png,0.0059788470466931665,18.099609375,0.0,0.334301620721817,False,False,False,16,19583,24252
z16/19583_24253.png,z16/19583_24253.png,0.007185749212900798,23.400390625,0.0,0.3392392694950104,False,False,False,16,19583,24253
z16/19583_24254.png,z16/19583_24254.png,0.005589764813582102,26.599609375,0.0,0.3350101709365845,False,False,False,16,19583,24254
z16/19583_24255.png,z16/19583_24255.png,0.007467712461948395,53.2998046875,0.041748046875,0.33493533730506897,False,False,False,16,19583,24255
z16/19583_24256.png,z16/19583_24256.png,0.007986050844192506,54.7001953125,0.008392333984375,0.3338907063007355,False,False,False,16,19583,24256
z16/19583_24257.png,z16/19583_24257.png,0.0050191124280293785,47.7001953125,0.009674072265625,0.3418249487876892,False,False,False,16,19583,24257
z16/19583_24258.png,z16/19583_24258.png,0.004940458138783773,25.2001953125,0.0073699951171875,0.34525182843208313,False,False,False,16,19583,24258
z16/19583_24259.png,z16/19583_24259.png,0.006403441230456035,49.7001953125,0.039459228515625,0.328186571598053,False,False,False,16,19583,24259
z16/19583_24260.png,z16/19583_24260.png,0.005054834981759389,34.69921875,0.0081939697265625,0.3285224735736847,False,False,False,16,19583,24260
z16/19583_24261.png,z16/19583_24261.png,0.0047918876012166345,19.3994140625,0.004638671875,0.3365216851234436,False,False,False,16,19583,24261
z16/19583_24262.png,z16/19583_24262.png,0.005115589002768198,22.5,0.0138702392578125,0.33776789903640747,False,False,False,16,19583,24262
z16/19583_24263.png,z16/19583_24263.png,0.003748591740926107,16.099609375,0.0,0.3343800902366638,False,False,False,16,19583,24263
z16/19583_24264.png,z16/19583_24264.png,0.003715402136246363,13.8994140625,0.0,0.3336413502693176,False,False,False,16,19583,24264
z16/19583_24265.png,z16/19583_24265.png,0.0024978270133336387,9.7998046875,0.0,0.3438846468925476,False,False,False,16,19583,24265
z16/19583_24266.png,z16/19583_24266.png,0.0032193623483181,16.6005859375,0.0,0.33893024921417236,False,False,False,16,19583,24266
z16/19583_24267.png,z16/19583_24267.png,0.004490429162979126,24.7001953125,0.0,0.33589428663253784,False,False,False,16,19583,24267
z16/19583_24268.png,z16/19583_24268.png,0.0033509060740470886,26.2998046875,0.006622314453125,0.3324499726295471,False,False,False,16,19583,24268
z16/19583_24269.png,z16/19583_24269.png,0.005042345325152079,22.1005859375,0.00323486328125,0.340808629989624,False,False,False,16,19583,24269
z16/19583_24270.png,z16/19583_24270.png,0.006934302051862081,40.2998046875,0.05224609375,0.3371279835700989,False,False,False,16,19583,24270
z16/19583_24271.png,z16/19583_24271.png,0.004299097259839376,43.7001953125,0.00701904296875,0.33917513489723206,False,False,False,16,19583,24271
z16/19584_24200.png,z16/19584_24200.png,0.009066380063692729,58.7001953125,0.04644775390625,0.3480142056941986,False,False,False,16,19584,24200
z16/19584_24201.png,z16/19584_24201.png,0.00945714811484019,84.400390625,0.051483154296875,0.34684479236602783,False,False,False,16,19584,24201
z16/19584_24202.png,z16/19584_24202.png,0.006550239026546478,69.2001953125,0.0037384033203125,0.34519630670547485,False,False,False,16,19584,24202
z16/19584_24203.png,z16/19584_24203.png,0.008528464039166768,65.900390625,0.05377197265625,0.3415898084640503,False,False,False,16,19584,24203
z16/19584_24204.png,z16/19584_24204.png,0.005120534698168437,60.0,0.0139312744140625,0.3426297903060913,False,False,False,16,19584,24204
z16/19584_24205.png,z16/19584_24205.png,0.006961001952489217,28.2001953125,0.0,0.33980605006217957,False,False,False,16,19584,24205
z16/19584_24206.png,z16/19584_24206.png,0.005533963938554128,34.6005859375,0.008544921875,0.3543599545955658,False,False,False,16,19584,24206
z16/19584_24207.png,z16/19584_24207.png,0.0074949567516644795,37.7998046875,0.0034332275390625,0.3539724349975586,False,False,False,16,19584,24207
z16/19584_24208.png,z16/19584_24208.png,0.005855835974216461,77.7998046875,0.0279083251953125,0.34407153725624084,False,False,False,16,19584,24208
z16/19584_24209.png,z16/19584_24209.png,0.004765563706556956,42.400390625,7.62939453125e-05,0.34513092041015625,False,False,False,16,19584,24209
z16/19584_24210.png,z16/19584_24210.png,0.004691811402638754,29.099609375,0.0039520263671875,0.3458888828754425,False,False,False,16,19584,24210
z16/19584_24211.png,z16/19584_24211.png,0.005191129942735036,39.6005859375,0.0133209228515625,0.3489648103713989,False,False,False,16,19584,24211
z16/19584_24212.png,z16/19584_24212.png,0.0030549148718516032,19.6005859375,0.0,0.35339730978012085,False,False,False,16,19584,24212
z16/19584_24213.png,z16/19584_24213.png,0.0036874917646249135,20.6005859375,0.0,0.3522479832172394,False,False,False,16,19584,24213
z16/19584_24214.png,z16/19584_24214.png,0.00313107967376709,29.599609375,0.0117645263671875,0.3554437756538391,False,False,False,16,19584,24214
z16/19584_24215.png,z16/19584_24215.png,0.0019883723308642704,18.2001953125,0.021820068359375,0.3541839122772217,False,False,False,16,19584,24215
z16/19584_24216.png,z16/19584_24216.png,0.0021912490328152975,26.0,0.0014190673828125,0.3456901013851166,False,False,False,16,19584,24216
z16/19584_24217.png,z16/19584_24217.png,0.0029059561590353646,24.7001953125,0.0001068115234375,0.34532684087753296,False,False,False,16,19584,24217
z16/19584_24218.png,z16/19584_24218.png,0.002866146465142568,16.2998046875,0.0,0.3490530550479889,False,False,False,16,19584,24218
z16/19584_24219.png,z16/19584_24219.png,0.0036019404729207356,20.19921875,0.0087738037109375,0.34876447916030884,False,False,False,16,19584,24219
z16/19584_24220.png,z16/19584_24220.png,0.0024107612669467928,25.3994140625,0.001373291015625,0.3390763998031616,False,False,False,16,19584,24220
z16/19584_24221.png,z16/19584_24221.png,0.005583063761393229,31.599609375,0.0045318603515625,0.3405110239982605,False,False,False,16,19584,24221
z16/19584_24222.png,z16/19584_24222.png,0.004061054438352585,28.7998046875,0.0068359375,0.3386216163635254,False,False,False,16,19584,24222
z16/19584_24223.png,z16/19584_24223.png,0.004989206790924072,28.3994140625,0.0055389404296875,0.34423452615737915,False,False,False,16,19584,24223
z16/19584_24224.png,z16/19584_24224.png,0.004797808329264323,27.7001953125,0.00201416015625,0.34169134497642517,False,False,False,16,19584,24224
z16/19584_24225.png,z16/19584_24225.png,0.004879590372244517,29.7998046875,0.014739990234375,0.3427220582962036,False,False,False,16,19584,24225
z16/19584_24226.png,z16/19584_24226.png,0.00507469375928243,20.599609375,0.0,0.3434242606163025,False,False,False,16,19584,24226
z16/19584_24227.png,z16/19584_24227.png,0.0021729623277982075,9.7001953125,0.0,0.3457581698894501,False,False,False,16,19584,24227
z16/19584_24228.png,z16/19584_24228.png,0.004312577346960704,15.80078125,0.0,0.34413251280784607,False,False,False,16,19584,24228
z16/19584_24229.png,z16/19584_24229.png,0.004584397872289022,18.7001953125,0.0,0.345287948846817,False,False,False,16,19584,24229
z16/19584_24230.png,z16/19584_24230.png,0.0035250067710876467,24.2001953125,0.0,0.3459196090698242,False,False,False,16,19584,24230
z16/19584_24231.png,z16/19584_24231.png,0.004127908249696096,21.7001953125,0.0022125244140625,0.3450605869293213,False,False,False,16,19584,24231
z16/19584_24232.png,z16/19584_24232.png,0.0027225442230701447,23.7998046875,0.001556396484375,0.34601399302482605,False,False,False,16,19584,24232
z16/19584_24233.png,z16/19584_24233.png,0.005900047719478607,41.400390625,0.001861572265625,0.3520747721195221,False,False,False,16,19584,24233
z16/19584_24234.png,z16/19584_24234.png,0.004135266443093618,43.19921875,0.0043182373046875,0.34944483637809753,False,False,False,16,19584,24234
z16/19584_24235.png,z16/19584_24235.png,0.004829726119836172,36.599609375,0.0179901123046875,0.34101903438568115,False,False,False,16,19584,24235
z16/19584_24236.png,z16/19584_24236.png,0.0075200999776522314,48.1005859375,0.0260009765625,0.33617541193962097,False,False,False,16,19584,24236
z16/19584_24237.png,z16/19584_24237.png,0.004969762762387594,35.3994140625,0.06170654296875,0.3399740755558014,False,False,False,16,19584,24237
z16/19584_24238.png,z16/19584_24238.png,0.005662687619527181,49.7998046875,0.01959228515625,0.3336678147315979,False,False,False,16,19584,24238
z16/19584_24239.png,z16/19584_24239.png,0.00758275439341863,65.7001953125,0.0602264404296875,0.33475011587142944,False,False,False,16,19584,24239
z16/19584_24240.png,z16/19584_24240.png,0.0060850878556569414,40.7001953125,0.0,0.338740736246109,False,False,False,16,19584,24240
z16/19584_24241.png,z16/19584_24241.png,0.0027174721161524456,11.8994140625,0.0,0.3459164500236511,False,False,False,16,19584,24241
z16/19584_24242.png,z16/19584_24242.png,0.0031453448037306467,13.0,0.0,0.3495543301105499,False,False,False,16,19584,24242
z16/19584_24243.png,z16/19584_24243.png,0.005120622118314108,25.0,0.0,0.3388945162296295,False,False,False,16,19584,24243
z16/19584_24244.png,z16/19584_24244.png,0.00681463231643041,32.0,0.0112762451171875,0.34026557207107544,False,False,False,16,19584,24244
z16/19584_24245.png,z16/19584_24245.png,0.005378768841425578,45.2001953125,0.00311279296875,0.335222989320755,False,False,False,16,19584,24245
z16/19584_24246.png,z16/19584_24246.png,0.005629709859689077,53.2998046875,0.014984130859375,0.3317994475364685,False,False,False,16,19584,24246
z16/19584_24247.png,z16/19584_24247.png,0.007794580360253652,57.900390625,0.002593994140625,0.33121150732040405,False,False,False,16,19584,24247
z16/19584_24248.png,z16/19584_24248.png,0.012616496284802754,90.3994140625,0.003265380859375,0.33163997530937195,False,False,False,16,19584,24248
z16/19584_24249.png,z16/19584_24249.png,0.008661248286565145,64.900390625,0.004547119140625,0.3321421146392822,False,False,False,16,19584,24249
z16/19584_24250.png,z16/19584_24250.png,0.009656035900115966,67.5,1.52587890625e-05,0.3374050259590149,False,False,False,16,19584,24250
z16/19584_24251.png,z16/19584_24251.png,0.007804222901662191,107.599609375,0.0139923095703125,0.33313578367233276,False,False,False,16,19584,24251
z16/19584_24252.png,z16/19584_24252.png,0.007970058917999267,76.7998046875,0.0102996826171875,0.3331295847892761,False,False,False,16,19584,24252
z16/19584_24253.png,z16/19584_24253.png,0.00539147158463796,45.900390625,0.02044677734375,0.3407391607761383,False,False,False,16,19584,24253
z16/19584_24254.png,z16/19584_24254.png,0.007088896135489146,49.0,0.012420654296875,0.33881253004074097,False,False,False,16,19584,24254
z16/19584_24255.png,z16/19584_24255.png,0.006395161151885986,49.7001953125,0.0030670166015625,0.3326062560081482,False,False,False,16,19584,24255
z16/19584_24256.png,z16/19584_24256.png,0.004439697166283925,27.900390625,0.00299072265625,0.33417749404907227,False,False,False,16,19584,24256
z16/19584_24257.png,z16/19584_24257.png,0.005049742758274078,35.5,0.003326416015625,0.3390468955039978,False,False,False,16,19584,24257
z16/19584_24258.png,z16/19584_24258.png,0.006767845650513967,46.19921875,0.0216064453125,0.33776360750198364,False,False,False,16,19584,24258
z16/19584_24259.png,z16/19584_24259.png,0.005692120889822642,34.5,0.007232666015625,0.34006670117378235,False,False,False,16,19584,24259
z16/19584_24260.png,z16/19584_24260.png,0.005273951590061188,30.7001953125,0.0005950927734375,0.3324373960494995,False,False,False,16,19584,24260
z16/19584_24261.png,z16/19584_24261.png,0.0032457277178764344,7.8994140625,0.0,0.3327803313732147,False,False,False,16,19584,24261
z16/19584_24262.png,z16/19584_24262.png,0.004952636857827504,16.0,0.0,0.33651095628738403,False,False,False,16,19584,24262
z16/19584_24263.png,z16/19584_24263.png,0.0049867282311121626,36.69921875,0.00848388671875,0.33279553055763245,False,False,False,16,19584,24263
z16/19584_24264.png,z16/19584_24264.png,0.005560756226380666,25.900390625,0.0088958740234375,0.33467209339141846,False,False,False,16,19584,24264
z16/19584_24265.png,z16/19584_24265.png,0.00530120978752772,19.099609375,0.0,0.3352089822292328,False,False,False,16,19584,24265
z16/19584_24266.png,z16/19584_24266.png,0.0032443198064963023,23.5,0.0040130615234375,0.3422336280345917,False,False,False,16,19584,24266
z16/19584_24267.png,z16/19584_24267.png,0.005228015283743541,31.19921875,0.001190185546875,0.3369196057319641,False,False,False,16,19584,24267
z16/19584_24268.png,z16/19584_24268.png,0.007314143578211466,48.400390625,0.0011444091796875,0.3388255536556244,False,False,False,16,19584,24268
z16/19584_24269.png,z16/19584_24269.png,0.0078115647037823996,48.7998046875,0.0010833740234375,0.34572669863700867,False,False,False,16,19584,24269
z16/19584_24270.png,z16/19584_24270.png,0.009919291734695435,65.5,0.041229248046875,0.3458939492702484,False,False,False,16,19584,24270
z16/19584_24271.png,z16/19584_24271.png,0.003840479999780655,23.2001953125,0.0,0.3466353416442871,False,False,False,16,19584,24271
z16/19585_24200.png,z16/19585_24200.png,0.008520184954007467,41.7001953125,0.0,0.34471285343170166,False,False,False,16,19585,24200
z16/19585_24201.png,z16/19585_24201.png,0.006135555605093638,44.2998046875,0.00079345703125,0.33999893069267273,False,False,False,16,19585,24201
z16/19585_24202.png,z16/19585_24202.png,0.004659876227378845,66.5,0.048553466796875,0.3415535092353821,False,False,False,16,19585,24202
z16/19585_24203.png,z16/19585_24203.png,0.004025578002134959,23.2998046875,0.0461883544921875,0.3563580811023712,False,False,False,16,19585,24203
z16/19585_24204.png,z16/19585_24204.png,0.006998315453529358,24.69921875,0.0303802490234375,0.3510472774505615,False,False,False,16,19585,24204
z16/19585_24205.png,z16/19585_24205.png,0.012900827328364055,37.2998046875,0.0,0.35026776790618896,False,False,False,16,19585,24205
z16/19585_24206.png,z16/19585_24206.png,0.010613427559534708,32.2998046875,0.00567626953125,0.3628600835800171,False,False,False,16,19585,24206
z16/19585_24207.png,z16/19585_24207.png,0.0063707828521728516,17.2001953125,0.0,0.3558643162250519,False,False,False,16,19585,24207
z16/19585_24208.png,z16/19585_24208.png,0.0053397506475448605,59.7001953125,0.0286407470703125,0.3482941687107086,False,False,False,16,19585,24208
z16/19585_24209.png,z16/19585_24209.png,0.0058896491924921674,53.0,0.0242919921875,0.34027600288391113,False,False,False,16,19585,24209
z16/19585_24210.png,z16/19585_24210.png,0.0064954891800880436,65.0,0.0522308349609375,0.33642297983169556,False,False,False,16,19585,24210
z16/19585_24211.png,z16/19585_24211.png,0.005073342720667521,49.2001953125,0.020660400390625,0.3374190628528595,False,False,False,16,19585,24211
z16/19585_24212.png,z16/19585_24212.png,0.004157389948765437,21.900390625,0.004547119140625,0.3432057797908783,False,False,False,16,19585,24212
z16/19585_24213.png,z16/19585_24213.png,0.004121120274066925,24.7998046875,0.005462646484375,0.3425064980983734,False,False,False,16,19585,24213
z16/19585_24214.png,z16/19585_24214.png,0.0031004488468170167,30.2998046875,4.57763671875e-05,0.33947473764419556,False,False,False,16,19585,24214
z16/19585_24215.png,z16/19585_24215.png,0.0029097716013590496,30.599609375,0.002166748046875,0.34491685032844543,False,False,False,16,19585,24215
z16/19585_24216.png,z16/19585_24216.png,0.0025131781895955402,22.7998046875,0.003997802734375,0.34022170305252075,False,False,False,16,19585,24216
z16/19585_24217.png,z16/19585_24217.png,0.002824949969847997,18.8994140625,0.0,0.342721551656723,False,False,False,16,19585,24217
z16/19585_24218.png,z16/19585_24218.png,0.005332167446613312,26.7998046875,0.002044677734375,0.34684133529663086,False,False,False,16,19585,24218
z16/19585_24219.png,z16/19585_24219.png,0.00493943989276886,34.3994140625,0.0028533935546875,0.3453901410102844,False,False,False,16,19585,24219
z16/19585_24220.png,z16/19585_24220.png,0.004457831382751465,22.400390625,0.0054779052734375,0.34532231092453003,False,False,False,16,19585,24220
z16/19585_24221.png,z16/19585_24221.png,0.008600373069445293,34.0,0.0002593994140625,0.3405214250087738,False,False,False,16,19585,24221
z16/19585_24222.png,z16/19585_24222.png,0.005931159853935242,32.599609375,0.00030517578125,0.3399994969367981,False,False,False,16,19585,24222
z16/19585_24223.png,z16/19585_24223.png,0.005881967147191366,33.5,0.0426483154296875,0.3356700539588928,False,False,False,16,19585,24223
z16/19585_24224.png,z16/19585_24224.png,0.007364822924137116,28.900390625,0.010467529296875,0.3446217179298401,False,False,False,16,19585,24224
z16/19585_24225.png,z16/19585_24225.png,0.007345645129680634,23.099609375,0.0153961181640625,0.34501323103904724,False,False,False,16,19585,24225
z16/19585_24226.png,z16/19585_24226.png,0.0051348323623339335,28.0,0.004852294921875,0.3438273072242737,False,False,False,16,19585,24226
z16/19585_24227.png,z16/19585_24227.png,0.004363833864529928,34.400390625,0.0,0.33624038100242615,False,False,False,16,19585,24227
z16/19585_24228.png,z16/19585_24228.png,0.002665882557630539,33.7998046875,0.0065155029296875,0.3326677680015564,False,False,False,16,19585,24228
z16/19585_24229.png,z16/19585_24229.png,0.0023872884611288708,25.1005859375,0.0248870849609375,0.33467331528663635,False,False,False,16,19585,24229
z16/19585_24230.png,z16/19585_24230.png,0.001830739031235377,10.5,0.0,0.33804309368133545,False,False,False,16,19585,24230
z16/19585_24231.png,z16/19585_24231.png,0.0019805130859216055,7.8994140625,0.0,0.34305983781814575,False,False,False,16,19585,24231
z16/19585_24232.png,z16/19585_24232.png,0.0024332801500956216,11.7001953125,0.0,0.34078341722488403,False,False,False,16,19585,24232
z16/19585_24233.png,z16/19585_24233.png,0.0031789275507132213,16.2001953125,0.0071563720703125,0.3453611433506012,False,False,False,16,19585,24233
z16/19585_24234.png,z16/19585_24234.png,0.004502060015996298,26.7001953125,0.00543212890625,0.3468542695045471,False,False,False,16,19585,24234
z16/19585_24235.png,z16/19585_24235.png,0.003396341949701309,35.2998046875,0.015045166015625,0.33952662348747253,False,False,False,16,19585,24235
z16/19585_24236.png,z16/19585_24236.png,0.006879110634326935,48.8994140625,0.04150390625,0.33644092082977295,False,False,False,16,19585,24236
z16/19585_24237.png,z16/19585_24237.png,0.0063951517144838965,38.2001953125,0.0,0.3386417627334595,False,False,False,16,19585,24237
z16/19585_24238.png,z16/19585_24238.png,0.003676323095957438,21.2998046875,0.02081298828125,0.34178727865219116,False,False,False,16,19585,24238
z16/19585_24239.png,z16/19585_24239.png,0.007129844526449839,27.19921875,0.005889892578125,0.3356391191482544,False,False,False,16,19585,24239
z16/19585_24240.png,z16/19585_24240.png,0.007196096082528432,35.69921875,0.0431671142578125,0.33832526206970215,False,False,False,16,19585,24240
z16/19585_24241.png,z16/19585_24241.png,0.004946773747603098,14.099609375,0.0,0.3304367661476135,False,False,False,16,19585,24241
z16/19585_24242.png,z16/19585_24242.png,0.0034497186541557314,11.1005859375,0.0,0.34132900834083557,False,False,False,16,19585,24242
z16/19585_24243.png,z16/19585_24243.png,0.0042859002947807315,18.2998046875,0.0047760009765625,0.3419345021247864,False,False,False,16,19585,24243
z16/19585_24244.png,z16/19585_24244.png,0.003989980121453603,12.69921875,0.0,0.34612253308296204,False,False,False,16,19585,24244
z16/19585_24245.png,z16/19585_24245.png,0.007331637541453043,31.80078125,0.0018157958984375,0.3402476906776428,False,False,False,16,19585,24245
z16/19585_24246.png,z16/19585_24246.png,0.007286795477072398,53.2998046875,0.00238037109375,0.3323459327220917,False,False,False,16,19585,24246
z16/19585_24247.png,z16/19585_24247.png,0.0048767969012260435,53.7998046875,0.003448486328125,0.33056333661079407,False,False,False,16,19585,24247
z16/19585_24248.png,z16/19585_24248.png,0.00453815907239914,56.2001953125,0.00555419921875,0.3321598768234253,False,False,False,16,19585,24248
z16/19585_24249.png,z16/19585_24249.png,0.005283845961093903,54.0,0.0412139892578125,0.3314352035522461,False,False,False,16,19585,24249
z16/19585_24250.png,z16/19585_24250.png,0.0061305622259775795,40.900390625,0.046295166015625,0.33621954917907715,False,False,False,16,19585,24250
z16/19585_24251.png,z16/19585_24251.png,0.00797095497449239,31.0,0.0282135009765625,0.3384784162044525,False,False,False,16,19585,24251
z16/19585_24252.png,z16/19585_24252.png,0.007825246453285218,60.7001953125,0.00152587890625,0.3348826766014099,False,False,False,16,19585,24252
z16/19585_24253.png,z16/19585_24253.png,0.006406225760777791,63.7998046875,0.002166748046875,0.33623355627059937,False,False,False,16,19585,24253
z16/19585_24254.png,z16/19585_24254.png,0.005860077341397604,24.099609375,0.0201873779296875,0.3399021625518799,False,False,False,16,19585,24254
z16/19585_24255.png,z16/19585_24255.png,0.004929821193218231,21.69921875,0.0,0.3356178104877472,False,False,False,16,19585,24255
z16/19585_24256.png,z16/19585_24256.png,0.00322443222006162,10.099609375,0.0,0.3374401926994324,False,False,False,16,19585,24256
z16/19585_24257.png,z16/19585_24257.png,0.004031092673540115,19.0,0.0,0.33456894755363464,False,False,False,16,19585,24257
z16/19585_24258.png,z16/19585_24258.png,0.004067842662334442,28.1005859375,0.00360107421875,0.33677923679351807,False,False,False,16,19585,24258
z16/19585_24259.png,z16/19585_24259.png,0.005271555980046591,44.2001953125,0.0001373291015625,0.33399102091789246,False,False,False,16,19585,24259
z16/19585_24260.png,z16/19585_24260.png,0.004266798992951711,14.5,0.0,0.3399384617805481,False,False,False,16,19585,24260
z16/19585_24261.png,z16/19585_24261.png,0.0032860527435938517,13.69921875,0.0,0.35216885805130005,False,False,False,16,19585,24261
z16/19585_24262.png,z16/19585_24262.png,0.0038685398797194165,18.400390625,0.0,0.3454603850841522,False,False,False,16,19585,24262
z16/19585_24263.png,z16/19585_24263.png,0.006470416982968648,31.1005859375,0.0,0.33067813515663147,False,False,False,16,19585,24263
z16/19585_24264.png,z16/19585_24264.png,0.005129846930503845,43.400390625,0.0167083740234375,0.33252719044685364,False,False,False,16,19585,24264
z16/19585_24265.png,z16/19585_24265.png,0.005080007513364156,33.1005859375,0.0029754638671875,0.3377789855003357,False,False,False,16,19585,24265
z16/19585_24266.png,z16/19585_24266.png,0.0035860116283098855,30.599609375,0.006622314453125,0.3376202881336212,False,False,False,16,19585,24266
z16/19585_24267.png,z16/19585_24267.png,0.009953267375628154,49.400390625,0.0,0.33704206347465515,False,False,False,16,19585,24267
z16/19585_24268.png,z16/19585_24268.png,0.007474365830421448,67.2998046875,0.0701446533203125,0.3397829234600067,False,False,False,16,19585,24268
z16/19585_24269.png,z16/19585_24269.png,0.00499713122844696,31.400390625,0.0278778076171875,0.34413397312164307,False,False,False,16,19585,24269
z16/19585_24270.png,z16/19585_24270.png,0.0065895949800809225,32.7998046875,0.0,0.3438270092010498,False,False,False,16,19585,24270
z16/19585_24271.png,z16/19585_24271.png,0.0034560754895210264,13.400390625,0.0,0.33839648962020874,False,False,False,16,19585,24271
z16/19586_24200.png,z16/19586_24200.png,0.006220865249633789,33.30078125,0.0,0.3387279510498047,False,False,False,16,19586,24200
z16/19586_24201.png,z16/19586_24201.png,0.005990229547023773,53.2001953125,0.0011444091796875,0.3395311236381531,False,False,False,16,19586,24201
z16/19586_24202.png,z16/19586_24202.png,0.007489503423372904,57.099609375,0.045013427734375,0.33926185965538025,False,False,False,16,19586,24202
z16/19586_24203.png,z16/19586_24203.png,0.003614964832862218,20.3994140625,0.0,0.35266029834747314,False,False,False,16,19586,24203
z16/19586_24204.png,z16/19586_24204.png,0.00869687795639038,64.599609375,0.0261077880859375,0.3464263677597046,False,False,False,16,19586,24204
z16/19586_24205.png,z16/19586_24205.png,0.009952667355537414,54.1005859375,0.0025787353515625,0.3449186682701111,False,False,False,16,19586,24205
z16/19586_24206.png,z16/19586_24206.png,0.013065984845161438,71.8994140625,0.0693206787109375,0.3488539457321167,False,False,False,16,19586,24206
z16/19586_24207.png,z16/19586_24207.png,0.0115646630525589,51.599609375,0.0256195068359375,0.3527480661869049,False,False,False,16,19586,24207
z16/19586_24208.png,z16/19586_24208.png,0.006881971657276153,52.6005859375,0.0142059326171875,0.3439944386482239,False,False,False,16,19586,24208
z16/19586_24209.png,z16/19586_24209.png,0.010407204429308573,74.7001953125,0.0008697509765625,0.33870866894721985,False,False,False,16,19586,24209
z16/19586_24210.png,z16/19586_24210.png,0.01022510528564453,66.7001953125,0.0026092529296875,0.3405284583568573,False,False,False,16,19586,24210
z16/19586_24211.png,z16/19586_24211.png,0.009516460696856181,78.5,0.00030517578125,0.33808469772338867,False,False,False,16,19586,24211
z16/19586_24212.png,z16/19586_24212.png,0.006824768086274465,42.599609375,0.0018463134765625,0.33816879987716675,False,False,False,16,19586,24212
z16/19586_24213.png,z16/19586_24213.png,0.006634056568145752,43.400390625,0.0101318359375,0.33751189708709717,False,False,False,16,19586,24213
z16/19586_24214.png,z16/19586_24214.png,0.005121040344238281,45.7998046875,0.0013275146484375,0.33641237020492554,False,False,False,16,19586,24214
z16/19586_24215.png,z16/19586_24215.png,0.002940971404314041,28.8994140625,0.0002899169921875,0.340714693069458,False,False,False,16,19586,24215
z16/19586_24216.png,z16/19586_24216.png,0.004368989666302999,34.400390625,0.0010833740234375,0.34118497371673584,False,False,False,16,19586,24216
z16/19586_24217.png,z16/19586_24217.png,0.003641030689080556,43.400390625,0.00335693359375,0.3412582576274872,False,False,False,16,19586,24217
z16/19586_24218.png,z16/19586_24218.png,0.006180387735366821,44.2998046875,0.0068206787109375,0.34406042098999023,False,False,False,16,19586,24218
z16/19586_24219.png,z16/19586_24219.png,0.00868453284104665,50.7001953125,0.0146636962890625,0.3422728180885315,False,False,False,16,19586,24219
z16/19586_24220.png,z16/19586_24220.png,0.009223121404647826,63.599609375,0.0106201171875,0.33972543478012085,False,False,False,16,19586,24220
z16/19586_24221.png,z16/19586_24221.png,0.0076941028237342834,66.2001953125,0.0164031982421875,0.34150034189224243,False,False,False,16,19586,24221
z16/19586_24222.png,z16/19586_24222.png,0.007281397779782613,52.3994140625,0.0014495849609375,0.33938321471214294,False,False,False,16,19586,24222
z16/19586_24223.png,z16/19586_24223.png,0.00591230591138204,59.8994140625,0.0080108642578125,0.3479359447956085,False,False,False,16,19586,24223
z16/19586_24224.png,z16/19586_24224.png,0.006333655615647634,72.2001953125,0.0106658935546875,0.3413550555706024,False,False,False,16,19586,24224
z16/19586_24225.png,z16/19586_24225.png,0.004802513619263967,57.0,0.0034637451171875,0.3450068235397339,False,False,False,16,19586,24225
z16/19586_24226.png,z16/19586_24226.png,0.005379534264405569,30.3994140625,0.0059661865234375,0.34176260232925415,False,False,False,16,19586,24226
z16/19586_24227.png,z16/19586_24227.png,0.006356232364972432,40.400390625,0.0045318603515625,0.3344440460205078,False,False,False,16,19586,24227
z16/19586_24228.png,z16/19586_24228.png,0.005369540055592855,35.2998046875,0.001953125,0.3348596692085266,False,False,False,16,19586,24228
z16/19586_24229.png,z16/19586_24229.png,0.0029186055064201353,29.099609375,0.0187530517578125,0.3365369737148285,False,False,False,16,19586,24229
z16/19586_24230.png,z16/19586_24230.png,0.0027104921638965605,17.7998046875,0.0,0.3393547832965851,False,False,False,16,19586,24230
z16/19586_24231.png,z16/19586_24231.png,0.003303742160399755,17.599609375,0.0,0.3418658375740051,False,False,False,16,19586,24231
z16/19586_24232.png,z16/19586_24232.png,0.0026357337832450868,21.099609375,0.0158233642578125,0.3350647985935211,False,False,False,16,19586,24232
z16/19586_24233.png,z16/19586_24233.png,0.002681491772333781,25.7001953125,0.00286865234375,0.33682122826576233,False,False,False,16,19586,24233
z16/19586_24234.png,z16/19586_24234.png,0.0047109057505925495,26.400390625,0.0,0.3411559462547302,False,False,False,16,19586,24234
z16/19586_24235.png,z16/19586_24235.png,0.0064010168115297954,29.19921875,0.0,0.344764769077301,False,False,False,16,19586,24235
z16/19586_24236.png,z16/19586_24236.png,0.008981310327847799,44.2998046875,0.0032958984375,0.33619990944862366,False,False,False,16,19586,24236
z16/19586_24237.png,z16/19586_24237.png,0.007029863695303599,48.099609375,0.018096923828125,0.332511305809021,False,False,False,16,19586,24237
z16/19586_24238.png,z16/19586_24238.png,0.002715737620989482,19.400390625,0.0,0.3400622010231018,False,False,False,16,19586,24238
z16/19586_24239.png,z16/19586_24239.png,0.003511155645052592,15.400390625,0.0,0.33680063486099243,False,False,False,16,19586,24239
z16/19586_24240.png,z16/19586_24240.png,0.005664349595705668,40.2001953125,0.0233306884765625,0.33627691864967346,False,False,False,16,19586,24240
z16/19586_24241.png,z16/19586_24241.png,0.004273184637228648,16.599609375,0.0,0.34348687529563904,False,False,False,16,19586,24241
z16/19586_24242.png,z16/19586_24242.png,0.0030381614963213605,9.1005859375,0.0,0.3482746481895447,False,False,False,16,19586,24242
z16/19586_24243.png,z16/19586_24243.png,0.00541159858306249,33.400390625,0.0238494873046875,0.34215986728668213,False,False,False,16,19586,24243
z16/19586_24244.png,z16/19586_24244.png,0.002835385004679362,13.2998046875,0.0107421875,0.34356510639190674,False,False,False,16,19586,24244
z16/19586_24245.png,z16/19586_24245.png,0.0025759187837441763,23.599609375,0.002532958984375,0.3430747985839844,False,False,False,16,19586,24245
z16/19586_24246.png,z16/19586_24246.png,0.004417054355144501,32.099609375,0.0034942626953125,0.336984783411026,False,False,False,16,19586,24246
z16/19586_24247.png,z16/19586_24247.png,0.005091359714667002,32.599609375,0.0059356689453125,0.33835405111312866,False,False,False,16,19586,24247
z16/19586_24248.png,z16/19586_24248.png,0.004833194116751353,46.7001953125,0.01263427734375,0.33644938468933105,False,False,False,16,19586,24248
z16/19586_24249.png,z16/19586_24249.png,0.005062216520309448,52.2998046875,0.0037841796875,0.33605074882507324,False,False,False,16,19586,24249
z16/19586_24250.png,z16/19586_24250.png,0.004449576139450073,41.5,0.0034027099609375,0.33762770891189575,False,False,False,16,19586,24250
z16/19586_24251.png,z16/19586_24251.png,0.0073367883761723835,32.8994140625,0.0108489990234375,0.3483006954193115,False,False,False,16,19586,24251
z16/19586_24252.png,z16/19586_24252.png,0.00784132480621338,48.6005859375,0.0285491943359375,0.33951112627983093,False,False,False,16,19586,24252
z16/19586_24253.png,z16/19586_24253.png,0.009893699487050375,53.2998046875,0.06573486328125,0.33595046401023865,False,False,False,16,19586,24253
z16/19586_24254.png,z16/19586_24254.png,0.009859967231750488,47.099609375,0.0240936279296875,0.34000808000564575,False,False,False,16,19586,24254
z16/19586_24255.png,z16/19586_24255.png,0.005549662311871846,27.7998046875,0.0117950439453125,0.3373669683933258,False,False,False,16,19586,24255
z16/19586_24256.png,z16/19586_24256.png,0.003368120143810908,10.599609375,0.0,0.3335927426815033,False,False,False,16,19586,24256
z16/19586_24257.png,z16/19586_24257.png,0.004341648519039154,19.0,0.0,0.3386317193508148,False,False,False,16,19586,24257
z16/19586_24258.png,z16/19586_24258.png,0.0028693733115990956,17.7001953125,0.0,0.333080917596817,False,False,False,16,19586,24258
z16/19586_24259.png,z16/19586_24259.png,0.0054873446623484295,33.2998046875,0.0301666259765625,0.33610665798187256,False,False,False,16,19586,24259
z16/19586_24260.png,z16/19586_24260.png,0.00592088500658671,27.7998046875,0.0,0.33235886693000793,False,False,False,16,19586,24260
z16/19586_24261.png,z16/19586_24261.png,0.0046424334247907005,13.099609375,0.0,0.33612263202667236,False,False,False,16,19586,24261
z16/19586_24262.png,z16/19586_24262.png,0.004264269272486369,18.400390625,0.0,0.33949723839759827,False,False,False,16,19586,24262
z16/19586_24263.png,z16/19586_24263.png,0.0026268492142359416,15.2001953125,0.01190185546875,0.3478310704231262,False,False,False,16,19586,24263
z16/19586_24264.png,z16/19586_24264.png,0.0039026732246081035,14.5,0.0,0.33133214712142944,False,False,False,16,19586,24264
z16/19586_24265.png,z16/19586_24265.png,0.0045181145270665485,31.8994140625,0.0407867431640625,0.3352428078651428,False,False,False,16,19586,24265
z16/19586_24266.png,z16/19586_24266.png,0.005834457774957021,39.099609375,0.0133209228515625,0.34186071157455444,False,False,False,16,19586,24266
z16/19586_24267.png,z16/19586_24267.png,0.003674368808666865,25.599609375,0.0273895263671875,0.3480607867240906,False,False,False,16,19586,24267
z16/19586_24268.png,z16/19586_24268.png,0.004272735118865967,25.2001953125,0.00848388671875,0.34858712553977966,False,False,False,16,19586,24268
z16/19586_24269.png,z16/19586_24269.png,0.002336401989062627,7.3994140625,0.0,0.3408140242099762,False,False,False,16,19586,24269
z16/19586_24270.png,z16/19586_24270.png,0.002450029303630193,9.099609375,0.0,0.3448026180267334,False,False,False,16,19586,24270
z16/19586_24271.png,z16/19586_24271.png,0.005341341098149617,19.2001953125,0.0,0.34468403458595276,False,False,False,16,19586,24271
z16/19587_24200.png,z16/19587_24200.png,0.005497521162033081,33.2998046875,0.002410888671875,0.3378394842147827,False,False,False,16,19587,24200
z16/19587_24201.png,z16/19587_24201.png,0.007740794122219086,60.400390625,0.0001373291015625,0.33632081747055054,False,False,False,16,19587,24201
z16/19587_24202.png,z16/19587_24202.png,0.005410979688167572,54.80078125,0.0130462646484375,0.3403306007385254,False,False,False,16,19587,24202
z16/19587_24203.png,z16/19587_24203.png,0.007599397997061412,51.900390625,0.0087738037109375,0.35259512066841125,False,False,False,16,19587,24203
z16/19587_24204.png,z16/19587_24204.png,0.011381102601687114,60.3994140625,0.0197601318359375,0.3485985994338989,False,False,False,16,19587,24204
z16/19587_24205.png,z16/19587_24205.png,0.0084055890639623,66.7001953125,0.0626068115234375,0.3453810214996338,False,False,False,16,19587,24205
z16/19587_24206.png,z16/19587_24206.png,0.008011521895726521,64.7001953125,0.0091094970703125,0.34403687715530396,False,False,False,16,19587,24206
z16/19587_24207.png,z16/19587_24207.png,0.007257012029488881,40.2001953125,0.0088043212890625,0.34743547439575195,False,False,False,16,19587,24207
z16/19587_24208.png,z16/19587_24208.png,0.014341482520103454,61.7998046875,0.001800537109375,0.34998640418052673,False,False,False,16,19587,24208
z16/19587_24209.png,z16/19587_24209.png,0.010915592312812805,64.7001953125,0.0544586181640625,0.3455471396446228,False,False,False,16,19587,24209
z16/19587_24210.png,z16/19587_24210.png,0.006750174363454183,48.7998046875,0.0262603759765625,0.3446294367313385,False,False,False,16,19587,24210
z16/19587_24211.png,z16/19587_24211.png,0.007090563078721365,94.400390625,0.0113677978515625,0.3399949073791504,False,False,False,16,19587,24211
z16/19587_24212.png,z16/19587_24212.png,0.009265794356664022,46.400390625,0.0056915283203125,0.34330129623413086,False,False,False,16,19587,24212
z16/19587_24213.png,z16/19587_24213.png,0.007785101731618245,65.099609375,0.0067138671875,0.34157872200012207,False,False,False,16,19587,24213
z16/19587_24214.png,z16/19587_24214.png,0.0058905273675918576,62.2001953125,0.003753662109375,0.33701175451278687,False,False,False,16,19587,24214
z16/19587_24215.png,z16/19587_24215.png,0.00856148600578308,44.5,0.001556396484375,0.3442886471748352,False,False,False,16,19587,24215
z16/19587_24216.png,z16/19587_24216.png,0.0081184188524882,60.30078125,0.018280029296875,0.3412773907184601,False,False,False,16,19587,24216
z16/19587_24217.png,z16/19587_24217.png,0.0068415542443593345,47.599609375,0.00970458984375,0.3381081223487854,False,False,False,16,19587,24217
z16/19587_24218.png,z16/19587_24218.png,0.006343800822893778,54.0,0.0056610107421875,0.3493507504463196,False,False,False,16,19587,24218
z16/19587_24219.png,z16/19587_24219.png,0.005569548408190409,64.8994140625,0.013916015625,0.3469048738479614,False,False,False,16,19587,24219
z16/19587_24220.png,z16/19587_24220.png,0.005864328145980835,70.5,0.01007080078125,0.3469585180282593,False,False,False,16,19587,24220
z16/19587_24221.png,z16/19587_24221.png,0.0066134686271349585,61.400390625,0.03277587890625,0.34456610679626465,False,False,False,16,19587,24221
z16/19587_24222.png,z16/19587_24222.png,0.006037649015585581,69.2001953125,0.01080322265625,0.337058961391449,False,False,False,16,19587,24222
z16/19587_24223.png,z16/19587_24223.png,0.0074667856097221375,40.5,0.00177001953125,0.34728845953941345,False,False,False,16,19587,24223
z16/19587_24224.png,z16/19587_24224.png,0.00778141071399053,42.19921875,0.0348663330078125,0.3439512252807617,False,False,False,16,19587,24224
z16/19587_24225.png,z16/19587_24225.png,0.005823403596878052,44.8994140625,0.0040283203125,0.33620327711105347,False,False,False,16,19587,24225
z16/19587_24226.png,z16/19587_24226.png,0.004882558683554332,27.400390625,0.00384521484375,0.33961278200149536,False,False,False,16,19587,24226
z16/19587_24227.png,z16/19587_24227.png,0.004808783034483592,36.599609375,0.0151519775390625,0.3337218463420868,False,False,False,16,19587,24227
z16/19587_24228.png,z16/19587_24228.png,0.0059184397260348,57.099609375,0.017822265625,0.3368186354637146,False,False,False,16,19587,24228
z16/19587_24229.png,z16/19587_24229.png,0.00705828070640564,65.2998046875,0.0196533203125,0.33790427446365356,False,False,False,16,19587,24229
z16/19587_24230.png,z16/19587_24230.png,0.005561830103397369,53.2998046875,0.0023193359375,0.33532899618148804,False,False,False,16,19587,24230
z16/19587_24231.png,z16/19587_24231.png,0.006049184997876485,51.400390625,0.0008392333984375,0.3397136330604553,False,False,False,16,19587,24231
z16/19587_24232.png,z16/19587_24232.png,0.0050500229001045225,48.7001953125,0.001373291015625,0.340508371591568,False,False,False,16,19587,24232
z16/19587_24233.png,z16/19587_24233.png,0.003636241207520167,27.8994140625,0.0007476806640625,0.3384721875190735,False,False,False,16,19587,24233
z16/19587_24234.png,z16/19587_24234.png,0.0021263524889945985,6.7001953125,0.0,0.3401419520378113,False,False,False,16,19587,24234
z16/19587_24235.png,z16/19587_24235.png,0.0021962140997250873,10.0,0.0,0.3400394022464752,False,False,False,16,19587,24235
z16/19587_24236.png,z16/19587_24236.png,0.0032684378325939178,18.8994140625,0.00506591796875,0.3366996645927429,False,False,False,16,19587,24236
z16/19587_24237.png,z16/19587_24237.png,0.0034354301790396375,18.2001953125,0.0,0.33486413955688477,False,False,False,16,19587,24237
z16/19587_24238.png,z16/19587_24238.png,0.002711238960425059,14.2998046875,0.0,0.33560651540756226,False,False,False,16,19587,24238
z16/19587_24239.png,z16/19587_24239.png,0.005695566534996033,21.599609375,0.0028839111328125,0.3377920389175415,False,False,False,16,19587,24239
z16/19587_24240.png,z16/19587_24240.png,0.005765945712725321,51.19921875,0.033416748046875,0.3392632007598877,False,False,False,16,19587,24240
z16/19587_24241.png,z16/19587_24241.png,0.004635751247406006,20.0,0.005523681640625,0.3474273681640625,False,False,False,16,19587,24241
z16/19587_24242.png,z16/19587_24242.png,0.003980291138092677,15.0,0.0,0.3461915850639343,False,False,False,16,19587,24242
z16/19587_24243.png,z16/19587_24243.png,0.0071055635809898375,28.5,0.0,0.3415622115135193,False,False,False,16,19587,24243
z16/19587_24244.png,z16/19587_24244.png,0.005135174095630646,35.6005859375,0.0564727783203125,0.33801719546318054,False,False,False,16,19587,24244
z16/19587_24245.png,z16/19587_24245.png,0.004011515527963638,34.7998046875,0.0144500732421875,0.3454454243183136,False,False,False,16,19587,24245
z16/19587_24246.png,z16/19587_24246.png,0.004039544115463893,32.5,0.0076904296875,0.34505829215049744,False,False,False,16,19587,24246
z16/19587_24247.png,z16/19587_24247.png,0.013196935256322226,49.0,0.0011138916015625,0.33943235874176025,False,False,False,16,19587,24247
z16/19587_24248.png,z16/19587_24248.png,0.009929847717285157,50.400390625,0.006378173828125,0.33351776003837585,False,False,False,16,19587,24248
z16/19587_24249.png,z16/19587_24249.png,0.004687584936618805,55.7998046875,0.015106201171875,0.3297092318534851,False,False,False,16,19587,24249
z16/19587_24250.png,z16/19587_24250.png,0.005801243086655934,52.7001953125,0.049468994140625,0.33692124485969543,False,False,False,16,19587,24250
z16/19587_24251.png,z16/19587_24251.png,0.0057663043340047205,42.2998046875,0.0113983154296875,0.33984649181365967,False,False,False,16,19587,24251
z16/19587_24252.png,z16/19587_24252.png,0.005942682425181071,32.400390625,0.0119476318359375,0.34164974093437195,False,False,False,16,19587,24252
z16/19587_24253.png,z16/19587_24253.png,0.008134739100933075,37.099609375,0.011871337890625,0.341193825006485,False,False,False,16,19587,24253
z16/19587_24254.png,z16/19587_24254.png,0.010836741328239441,56.6005859375,0.0160675048828125,0.33695316314697266,False,False,False,16,19587,24254
z16/19587_24255.png,z16/19587_24255.png,0.009945806860923768,56.2998046875,0.05029296875,0.33913183212280273,False,False,False,16,19587,24255
z16/19587_24256.png,z16/19587_24256.png,0.006581812600294749,33.7001953125,0.0196380615234375,0.34212788939476013,False,False,False,16,19587,24256
z16/19587_24257.png,z16/19587_24257.png,0.006518650054931641,28.900390625,0.00799560546875,0.3380574584007263,False,False,False,16,19587,24257
z16/19587_24258.png,z16/19587_24258.png,0.005117858449618022,38.5,0.0001983642578125,0.34117937088012695,False,False,False,16,19587,24258
z16/19587_24259.png,z16/19587_24259.png,0.004373048742612203,17.0,0.0007781982421875,0.34085503220558167,False,False,False,16,19587,24259
z16/19587_24260.png,z16/19587_24260.png,0.003806420663992564,31.400390625,0.0005645751953125,0.33664265275001526,False,False,False,16,19587,24260
z16/19587_24261.png,z16/19587_24261.png,0.004115104426940282,34.69921875,0.0145416259765625,0.33951646089553833,False,False,False,16,19587,24261
z16/19587_24262.png,z16/19587_24262.png,0.004155930131673813,28.7001953125,0.0,0.3338874876499176,False,False,False,16,19587,24262
z16/19587_24263.png,z16/19587_24263.png,0.003232679267724355,20.2998046875,0.0,0.3310990333557129,False,False,False,16,19587,24263
z16/19587_24264.png,z16/19587_24264.png,0.0035546131432056425,11.599609375,0.0,0.33772385120391846,False,False,False,16,19587,24264
z16/19587_24265.png,z16/19587_24265.png,0.008109432955582937,22.900390625,0.0059661865234375,0.33999425172805786,False,False,False,16,19587,24265
z16/19587_24266.png,z16/19587_24266.png,0.00488660583893458,24.2998046875,0.03546142578125,0.34432512521743774,False,False,False,16,19587,24266
z16/19587_24267.png,z16/19587_24267.png,0.004507696628570557,17.7001953125,0.0122833251953125,0.346181720495224,False,False,False,16,19587,24267
z16/19587_24268.png,z16/19587_24268.png,0.004696248471736908,17.599609375,0.007080078125,0.349552720785141,False,False,False,16,19587,24268
z16/19587_24269.png,z16/19587_24269.png,0.00364906241496404,11.0,0.0,0.3427835702896118,False,False,False,16,19587,24269
z16/19587_24270.png,z16/19587_24270.png,0.0032261880735556287,13.0,0.0,0.34670963883399963,False,False,False,16,19587,24270
z16/19587_24271.png,z16/19587_24271.png,0.0038512977461020153,16.5,0.0260162353515625,0.34485846757888794,False,False,False,16,19587,24271
z16/19588_24200.png,z16/19588_24200.png,0.004813222587108612,73.6005859375,0.0367279052734375,0.33782652020454407,False,False,False,16,19588,24200
z16/19588_24201.png,z16/19588_24201.png,0.005476305385430654,70.900390625,0.0552978515625,0.33917123079299927,False,False,False,16,19588,24201
z16/19588_24202.png,z16/19588_24202.png,0.0037035726010799406,46.0,0.0395050048828125,0.34132668375968933,False,False,False,16,19588,24202
z16/19588_24203.png,z16/19588_24203.png,0.007648832102616628,57.7001953125,0.0303955078125,0.352088063955307,False,False,False,16,19588,24203
z16/19588_24204.png,z16/19588_24204.png,0.010359986623128255,63.3994140625,0.0376434326171875,0.35422882437705994,False,False,False,16,19588,24204
z16/19588_24205.png,z16/19588_24205.png,0.00437656044960022,23.400390625,0.0,0.3519156575202942,False,False,False,16,19588,24205
z16/19588_24206.png,z16/19588_24206.png,0.0063091655572255455,65.599609375,0.018096923828125,0.35079172253608704,False,False,False,16,19588,24206
z16/19588_24207.png,z16/19588_24207.png,0.007764986654122671,97.400390625,0.059295654296875,0.3464910686016083,False,False,False,16,19588,24207
z16/19588_24208.png,z16/19588_24208.png,0.009977675477663676,106.80078125,0.0096588134765625,0.34792593121528625,False,False,False,16,19588,24208
z16/19588_24209.png,z16/19588_24209.png,0.008048436045646668,80.7998046875,0.003631591796875,0.34300437569618225,False,False,False,16,19588,24209
z16/19588_24210.png,z16/19588_24210.png,0.007948924601078034,40.7001953125,0.0128173828125,0.34257444739341736,False,False,False,16,19588,24210
z16/19588_24211.png,z16/19588_24211.png,0.0105351855357488,100.2001953125,0.0262451171875,0.34070032835006714,False,False,False,16,19588,24211
z16/19588_24212.png,z16/19588_24212.png,0.009684693813323975,96.2001953125,0.0003662109375,0.33962109684944153,False,False,False,16,19588,24212
z16/19588_24213.png,z16/19588_24213.png,0.01113110880057017,80.2001953125,0.02227783203125,0.34203633666038513,False,False,False,16,19588,24213
z16/19588_24214.png,z16/19588_24214.png,0.007239316900571187,99.2998046875,0.0367431640625,0.3407934308052063,False,False,False,16,19588,24214
z16/19588_24215.png,z16/19588_24215.png,0.010641133785247803,91.19921875,0.019775390625,0.3379117250442505,False,False,False,16,19588,24215
z16/19588_24216.png,z16/19588_24216.png,0.007111873229344686,66.3994140625,0.0271148681640625,0.3384109139442444,False,False,False,16,19588,24216
z16/19588_24217.png,z16/19588_24217.png,0.005208269755045573,38.900390625,0.0002899169921875,0.34190669655799866,False,False,False,16,19588,24217
z16/19588_24218.png,z16/19588_24218.png,0.0073201984167099,77.3994140625,0.0484161376953125,0.3397732377052307,False,False,False,16,19588,24218
z16/19588_24219.png,z16/19588_24219.png,0.006934521595637003,73.2998046875,0.009552001953125,0.3361857235431671,False,False,False,16,19588,24219
z16/19588_24220.png,z16/19588_24220.png,0.005321478346983591,55.5,0.0128173828125,0.3370622396469116,False,False,False,16,19588,24220
z16/19588_24221.png,z16/19588_24221.png,0.0045948073267936705,59.6005859375,0.02142333984375,0.34225577116012573,False,False,False,16,19588,24221
z16/19588_24222.png,z16/19588_24222.png,0.007505361239115397,40.099609375,0.021575927734375,0.351770281791687,False,False,False,16,19588,24222
z16/19588_24223.png,z16/19588_24223.png,0.008305018643538158,78.400390625,0.00299072265625,0.347756028175354,False,False,False,16,19588,24223
z16/19588_24224.png,z16/19588_24224.png,0.007222425440947215,42.7998046875,0.0043182373046875,0.3474648892879486,False,False,False,16,19588,24224
z16/19588_24225.png,z16/19588_24225.png,0.008429669340451558,79.099609375,0.002838134765625,0.33957239985466003,False,False,False,16,19588,24225
z16/19588_24226.png,z16/19588_24226.png,0.008704757690429688,61.3994140625,0.002655029296875,0.33953148126602173,False,False,False,16,19588,24226
z16/19588_24227.png,z16/19588_24227.png,0.00772881160179774,34.0,0.0175628662109375,0.34442049264907837,False,False,False,16,19588,24227
z16/19588_24228.png,z16/19588_24228.png,0.006560069322586059,31.5,0.0016937255859375,0.34134969115257263,False,False,False,16,19588,24228
z16/19588_24229.png,z16/19588_24229.png,0.005280627806981405,40.0,0.0437774658203125,0.3394032120704651,False,False,False,16,19588,24229
z16/19588_24230.png,z16/19588_24230.png,0.007475734253724416,48.900390625,0.0065460205078125,0.3339940011501312,False,False,False,16,19588,24230
z16/19588_24231.png,z16/19588_24231.png,0.0033526164789994557,43.3994140625,0.017852783203125,0.33296066522598267,False,False,False,16,19588,24231
z16/19588_24232.png,z16/19588_24232.png,0.004192537566026052,45.2001953125,0.0506134033203125,0.3340989947319031,False,False,False,16,19588,24232
z16/19588_24233.png,z16/19588_24233.png,0.004590574900309245,50.7001953125,0.00067138671875,0.3324034810066223,False,False,False,16,19588,24233
z16/19588_24234.png,z16/19588_24234.png,0.0035034696261088054,27.7998046875,0.01605224609375,0.33630815148353577,False,False,False,16,19588,24234
z16/19588_24235.png,z16/19588_24235.png,0.0022217584153016406,20.2001953125,0.0,0.33191993832588196,False,False,False,16,19588,24235
z16/19588_24236.png,z16/19588_24236.png,0.00197513314584891,13.6005859375,0.0,0.33680522441864014,False,False,False,16,19588,24236
z16/19588_24237.png,z16/19588_24237.png,0.004034360746542612,23.400390625,0.00146484375,0.34116092324256897,False,False,False,16,19588,24237
z16/19588_24238.png,z16/19588_24238.png,0.005380632479985555,31.19921875,0.0004730224609375,0.3394277095794678,False,False,False,16,19588,24238
z16/19588_24239.png,z16/19588_24239.png,0.004533096651236216,24.7998046875,0.0009918212890625,0.34236711263656616,False,False,False,16,19588,24239
z16/19588_24240.png,z16/19588_24240.png,0.006294068694114685,45.400390625,0.0021209716796875,0.3367122411727905,False,False,False,16,19588,24240
z16/19588_24241.png,z16/19588_24241.png,0.007786029080549876,40.900390625,0.00640869140625,0.3407047688961029,False,False,False,16,19588,24241
z16/19588_24242.png,z16/19588_24242.png,0.004984723528226217,18.6005859375,0.0,0.3463713228702545,False,False,False,16,19588,24242
z16/19588_24243.png,z16/19588_24243.png,0.004068643848101298,24.3994140625,0.0,0.34336864948272705,False,False,False,16,19588,24243
z16/19588_24244.png,z16/19588_24244.png,0.01066097617149353,62.2998046875,0.0,0.33198562264442444,False,False,False,16,19588,24244
z16/19588_24245.png,z16/19588_24245.png,0.007594339549541473,67.5,0.0351409912109375,0.3345038890838623,False,False,False,16,19588,24245
z16/19588_24246.png,z16/19588_24246.png,0.006457021335760752,62.2998046875,0.0403289794921875,0.3379133641719818,False,False,False,16,19588,24246
z16/19588_24247.png,z16/19588_24247.png,0.006953327854474386,61.5,0.008880615234375,0.3324011564254761,False,False,False,16,19588,24247
z16/19588_24248.png,z16/19588_24248.png,0.006054005026817322,66.2998046875,0.0018310546875,0.32718726992607117,False,False,False,16,19588,24248
z16/19588_24249.png,z16/19588_24249.png,0.004502434531847636,72.19921875,0.0027313232421875,0.3270367383956909,False,False,False,16,19588,24249
z16/19588_24250.png,z16/19588_24250.png,0.007003818452358246,83.2998046875,0.0159454345703125,0.3292505741119385,False,False,False,16,19588,24250
z16/19588_24251.png,z16/19588_24251.png,0.004497175415356954,82.80078125,0.0411376953125,0.3328036069869995,False,False,False,16,19588,24251
z16/19588_24252.png,z16/19588_24252.png,0.005484001835187277,41.400390625,0.0,0.33807843923568726,False,False,False,16,19588,24252
z16/19588_24253.png,z16/19588_24253.png,0.0024330558876196544,12.1005859375,0.0,0.3428542912006378,False,False,False,16,19588,24253
z16/19588_24254.png,z16/19588_24254.png,0.005991111199061076,37.0,0.0003662109375,0.3405558466911316,False,False,False,16,19588,24254
z16/19588_24255.png,z16/19588_24255.png,0.00617349644502004,41.7001953125,0.03411865234375,0.33877992630004883,False,False,False,16,19588,24255
z16/19588_24256.png,z16/19588_24256.png,0.00510488897562027,34.8994140625,0.0295867919921875,0.34145063161849976,False,False,False,16,19588,24256
z16/19588_24257.png,z16/19588_24257.png,0.007555195192495982,28.1005859375,0.0057220458984375,0.34138989448547363,False,False,False,16,19588,24257
z16/19588_24258.png,z16/19588_24258.png,0.00733592410882314,39.7998046875,0.0430145263671875,0.33933964371681213,False,False,False,16,19588,24258
z16/19588_24259.png,z16/19588_24259.png,0.005320467054843903,45.2998046875,0.0158538818359375,0.3393574655056,False,False,False,16,19588,24259
z16/19588_24260.png,z16/19588_24260.png,0.004640809198220571,33.2001953125,0.0014190673828125,0.34205231070518494,False,False,False,16,19588,24260
z16/19588_24261.png,z16/19588_24261.png,0.0020179934799671173,18.2001953125,0.006683349609375,0.3481038808822632,False,False,False,16,19588,24261
z16/19588_24262.png,z16/19588_24262.png,0.0017827431360880534,14.3994140625,0.01336669921875,0.34131553769111633,False,False,False,16,19588,24262
z16/19588_24263.png,z16/19588_24263.png,0.0023389349381128946,18.7001953125,0.0027008056640625,0.33835169672966003,False,False,False,16,19588,24263
z16/19588_24264.png,z16/19588_24264.png,0.0038817646602789563,18.599609375,0.0,0.3478555679321289,False,False,False,16,19588,24264
z16/19588_24265.png,z16/19588_24265.png,0.0051692540446917215,18.900390625,0.011810302734375,0.3463906943798065,False,False,False,16,19588,24265
z16/19588_24266.png,z16/19588_24266.png,0.006051435073216756,15.7001953125,0.0,0.33953267335891724,False,False,False,16,19588,24266
z16/19588_24267.png,z16/19588_24267.png,0.004369209210077922,9.400390625,0.0,0.3347059190273285,False,False,False,16,19588,24267
z16/19588_24268.png,z16/19588_24268.png,0.008064240713914235,13.2998046875,0.0,0.3409930169582367,False,False,False,16,19588,24268
z16/19588_24269.png,z16/19588_24269.png,0.005971283217271169,16.7001953125,0.0412750244140625,0.34666863083839417,False,False,False,16,19588,24269
z16/19588_24270.png,z16/19588_24270.png,0.006248818834622701,14.8994140625,0.0,0.34481585025787354,False,False,False,16,19588,24270
z16/19588_24271.png,z16/19588_24271.png,0.0051226407289505,16.5,0.0,0.3485879600048065,False,False,False,16,19588,24271
z16/19589_24200.png,z16/19589_24200.png,0.004201133052508036,25.099609375,0.0,0.3545895516872406,False,False,False,16,19589,24200
z16/19589_24201.png,z16/19589_24201.png,0.004585294425487519,35.7001953125,0.0165557861328125,0.34731683135032654,False,False,False,16,19589,24201
z16/19589_24202.png,z16/19589_24202.png,0.005185129245122274,46.400390625,0.021484375,0.34818434715270996,False,False,False,16,19589,24202
z16/19589_24203.png,z16/19589_24203.png,0.00564921647310257,50.8994140625,0.003082275390625,0.34664759039878845,False,False,False,16,19589,24203
z16/19589_24204.png,z16/19589_24204.png,0.005218794941902161,46.2001953125,0.0292510986328125,0.3533502221107483,False,False,False,16,19589,24204
z16/19589_24205.png,z16/19589_24205.png,0.006435460845629374,45.69921875,0.0065155029296875,0.3532859981060028,False,False,False,16,19589,24205
z16/19589_24206.png,z16/19589_24206.png,0.00823122610648473,60.6005859375,0.0372467041015625,0.3470250070095062,False,False,False,16,19589,24206
z16/19589_24207.png,z16/19589_24207.png,0.007345285018285116,67.900390625,0.0041656494140625,0.3502134680747986,False,False,False,16,19589,24207
z16/19589_24208.png,z16/19589_24208.png,0.008314549426237742,55.400390625,0.046966552734375,0.3485354781150818,False,False,False,16,19589,24208
z16/19589_24209.png,z16/19589_24209.png,0.010742051402727763,45.5,0.0070648193359375,0.34724679589271545,False,False,False,16,19589,24209
z16/19589_24210.png,z16/19589_24210.png,0.01006051003932953,62.0,0.033355712890625,0.3486166298389435,False,False,False,16,19589,24210
z16/19589_24211.png,z16/19589_24211.png,0.012263816595077515,72.30078125,0.0201873779296875,0.3535206615924835,False,False,False,16,19589,24211
z16/19589_24212.png,z16/19589_24212.png,0.013145509362220763,94.7001953125,0.0093231201171875,0.34776613116264343,False,False,False,16,19589,24212
z16/19589_24213.png,z16/19589_24213.png,0.008641209204991658,96.599609375,0.0347900390625,0.34405991435050964,False,False,False,16,19589,24213
z16/19589_24214.png,z16/19589_24214.png,0.01129597822825114,85.1005859375,0.0119476318359375,0.34620264172554016,False,False,False,16,19589,24214
z16/19589_24215.png,z16/19589_24215.png,0.006959743797779083,81.1005859375,0.022003173828125,0.34458160400390625,False,False,False,16,19589,24215
z16/19589_24216.png,z16/19589_24216.png,0.009294291337331137,67.6005859375,0.002166748046875,0.34110793471336365,False,False,False,16,19589,24216
z16/19589_24217.png,z16/19589_24217.png,0.006299825012683868,74.0,0.0079498291015625,0.3391379117965698,False,False,False,16,19589,24217
z16/19589_24218.png,z16/19589_24218.png,0.006442741056283315,63.599609375,0.0011444091796875,0.33744311332702637,False,False,False,16,19589,24218
z16/19589_24219.png,z16/19589_24219.png,0.006814791262149811,40.2998046875,0.0067596435546875,0.33777540922164917,False,False,False,16,19589,24219
z16/19589_24220.png,z16/19589_24220.png,0.007749289274215698,52.2998046875,0.005645751953125,0.33696168661117554,False,False,False,16,19589,24220
z16/19589_24221.png,z16/19589_24221.png,0.006928789615631104,51.7998046875,0.000732421875,0.3383482098579407,False,False,False,16,19589,24221
z16/19589_24222.png,z16/19589_24222.png,0.010382827123006184,65.099609375,0.0013275146484375,0.3435121178627014,False,False,False,16,19589,24222
z16/19589_24223.png,z16/19589_24223.png,0.00911940038204193,61.599609375,0.0301971435546875,0.3550514280796051,False,False,False,16,19589,24223
z16/19589_24224.png,z16/19589_24224.png,0.006588146090507507,80.7001953125,0.0062103271484375,0.347290962934494,False,False,False,16,19589,24224
z16/19589_24225.png,z16/19589_24225.png,0.00814410150051117,67.3994140625,0.0133056640625,0.3505643606185913,False,False,False,16,19589,24225
z16/19589_24226.png,z16/19589_24226.png,0.006328202287356059,84.599609375,0.0074462890625,0.34096211194992065,False,False,False,16,19589,24226
z16/19589_24227.png,z16/19589_24227.png,0.0053001354138056435,81.5,0.0006866455078125,0.33406758308410645,False,False,False,16,19589,24227
z16/19589_24228.png,z16/19589_24228.png,0.005323932568232218,31.900390625,0.000335693359375,0.33774617314338684,False,False,False,16,19589,24228
z16/19589_24229.png,z16/19589_24229.png,0.009077328443527221,43.8994140625,0.000274658203125,0.3444552421569824,False,False,False,16,19589,24229
z16/19589_24230.png,z16/19589_24230.png,0.007628706097602844,74.0,0.0047760009765625,0.34461262822151184,False,False,False,16,19589,24230
z16/19589_24231.png,z16/19589_24231.png,0.009847945968310038,82.599609375,0.0108489990234375,0.3437948226928711,False,False,False,16,19589,24231
z16/19589_24232.png,z16/19589_24232.png,0.004582341512044271,49.5,0.00225830078125,0.342048317193985,False,False,False,16,19589,24232
z16/19589_24233.png,z16/19589_24233.png,0.0036962755024433137,42.7001953125,0.000701904296875,0.3406220078468323,False,False,False,16,19589,24233
z16/19589_24234.png,z16/19589_24234.png,0.0039333475132783255,24.0,0.0,0.34660542011260986,False,False,False,16,19589,24234
z16/19589_24235.png,z16/19589_24235.png,0.007139842708905538,42.400390625,0.000762939453125,0.3390131890773773,False,False,False,16,19589,24235
z16/19589_24236.png,z16/19589_24236.png,0.005742396414279938,39.599609375,0.003387451171875,0.33870983123779297,False,False,False,16,19589,24236
z16/19589_24237.png,z16/19589_24237.png,0.005012335379918417,27.900390625,0.0045318603515625,0.3443518280982971,False,False,False,16,19589,24237
z16/19589_24238.png,z16/19589_24238.png,0.004532054563363393,36.7001953125,0.03790283203125,0.34513211250305176,False,False,False,16,19589,24238
z16/19589_24239.png,z16/19589_24239.png,0.006106810768445333,55.599609375,0.0213623046875,0.33865782618522644,False,False,False,16,19589,24239
z16/19589_24240.png,z16/19589_24240.png,0.010948540767033894,67.2001953125,0.0155487060546875,0.336777001619339,False,False,False,16,19589,24240
z16/19589_24241.png,z16/19589_24241.png,0.0051461736361185706,45.099609375,0.00579833984375,0.3379665017127991,False,False,False,16,19589,24241
z16/19589_24242.png,z16/19589_24242.png,0.0038885431985060375,41.599609375,0.0028228759765625,0.34034642577171326,False,False,False,16,19589,24242
z16/19589_24243.png,z16/19589_24243.png,0.005318211515744528,40.2998046875,0.0008392333984375,0.3467990458011627,False,False,False,16,19589,24243
z16/19589_24244.png,z16/19589_24244.png,0.0038894342879454294,51.1005859375,0.0045166015625,0.33154934644699097,False,False,False,16,19589,24244
z16/19589_24245.png,z16/19589_24245.png,0.0031598021586736044,24.2001953125,0.0002899169921875,0.33806687593460083,False,False,False,16,19589,24245
z16/19589_24246.png,z16/19589_24246.png,0.004449892540772756,23.2998046875,4.57763671875e-05,0.3415369987487793,False,False,False,16,19589,24246
z16/19589_24247.png,z16/19589_24247.png,0.003884744147459666,26.5,0.0013580322265625,0.33681508898735046,False,False,False,16,19589,24247
z16/19589_24248.png,z16/19589_24248.png,0.0028151077528794605,21.2998046875,0.002410888671875,0.3282598853111267,False,False,False,16,19589,24248
z16/19589_24249.png,z16/19589_24249.png,0.005009380479653676,25.5,0.0,0.33332887291908264,False,False,False,16,19589,24249
z16/19589_24250.png,z16/19589_24250.png,0.006683854262034098,42.900390625,0.0,0.3328694999217987,False,False,False,16,19589,24250
z16/19589_24251.png,z16/19589_24251.png,0.0052267670631408695,80.7001953125,0.0012969970703125,0.328409343957901,False,False,False,16,19589,24251
z16/19589_24252.png,z16/19589_24252.png,0.007352382441361745,77.7998046875,0.03936767578125,0.33299267292022705,False,False,False,16,19589,24252
z16/19589_24253.png,z16/19589_24253.png,0.004761907458305359,34.7001953125,0.0,0.3364470899105072,False,False,False,16,19589,24253
z16/19589_24254.png,z16/19589_24254.png,0.003723877916733424,19.5,0.0,0.3415352404117584,False,False,False,16,19589,24254
z16/19589_24255.png,z16/19589_24255.png,0.004657623171806335,30.2001953125,0.0134735107421875,0.3435915410518646,False,False,False,16,19589,24255
z16/19589_24256.png,z16/19589_24256.png,0.004804396629333496,27.7998046875,0.016265869140625,0.3444109857082367,False,False,False,16,19589,24256
z16/19589_24257.png,z16/19589_24257.png,0.004236545165379842,32.80078125,0.0044097900390625,0.3427499830722809,False,False,False,16,19589,24257
z16/19589_24258.png,z16/19589_24258.png,0.005018736918767293,22.599609375,0.0,0.33724018931388855,False,False,False,16,19589,24258
z16/19589_24259.png,z16/19589_24259.png,0.005428288877010345,24.0,0.0331573486328125,0.3335449695587158,False,False,False,16,19589,24259
z16/19589_24260.png,z16/19589_24260.png,0.004447143773237864,34.6005859375,0.0327301025390625,0.33782559633255005,False,False,False,16,19589,24260
z16/19589_24261.png,z16/19589_24261.png,0.004293687641620636,31.7001953125,0.001739501953125,0.3413620889186859,False,False,False,16,19589,24261
z16/19589_24262.png,z16/19589_24262.png,0.006995099286238353,26.1005859375,0.0,0.3414784073829651,False,False,False,16,19589,24262
z16/19589_24263.png,z16/19589_24263.png,0.007807581623395284,32.19921875,0.0618743896484375,0.3366057574748993,False,False,False,16,19589,24263
z16/19589_24264.png,z16/19589_24264.png,0.002774506558974584,11.099609375,0.0,0.3433452248573303,False,False,False,16,19589,24264
z16/19589_24265.png,z16/19589_24265.png,0.003958321611086528,13.0,0.0,0.341026246547699,False,False,False,16,19589,24265
z16/19589_24266.png,z16/19589_24266.png,0.003207735468943914,13.1005859375,0.0,0.34347936511039734,False,False,False,16,19589,24266
z16/19589_24267.png,z16/19589_24267.png,0.005041459699471792,15.599609375,0.0,0.3491446375846863,False,False,False,16,19589,24267
z16/19589_24268.png,z16/19589_24268.png,0.004649310807387034,14.0,0.0,0.34624332189559937,False,False,False,16,19589,24268
z16/19589_24269.png,z16/19589_24269.png,0.004150947431723276,13.6005859375,0.0,0.34732067584991455,False,False,False,16,19589,24269
z16/19589_24270.png,z16/19589_24270.png,0.002283681680758794,11.3994140625,0.0,0.3442240059375763,False,False,False,16,19589,24270
z16/19589_24271.png,z16/19589_24271.png,0.0021404579281806948,10.30078125,0.0,0.3462856411933899,False,False,False,16,19589,24271
z16/19590_24200.png,z16/19590_24200.png,0.003367772450049718,21.30078125,0.006256103515625,0.34778058528900146,False,False,False,16,19590,24200
z16/19590_24201.png,z16/19590_24201.png,0.003993730992078781,31.5,0.004638671875,0.34701019525527954,False,False,False,16,19590,24201
z16/19590_24202.png,z16/19590_24202.png,0.004524795214335123,30.6005859375,0.0067138671875,0.33878231048583984,False,False,False,16,19590,24202
z16/19590_24203.png,z16/19590_24203.png,0.0071210155884424845,43.900390625,0.0047454833984375,0.3411717414855957,False,False,False,16,19590,24203
z16/19590_24204.png,z16/19590_24204.png,0.010678705573081971,69.6005859375,0.0137481689453125,0.3442252278327942,False,False,False,16,19590,24204
z16/19590_24205.png,z16/19590_24205.png,0.007399909198284149,55.599609375,0.00634765625,0.343716025352478,False,False,False,16,19590,24205
z16/19590_24206.png,z16/19590_24206.png,0.011490341027577717,54.5,0.0023345947265625,0.3443126976490021,False,False,False,16,19590,24206
z16/19590_24207.png,z16/19590_24207.png,0.012927900751431782,70.8994140625,0.013031005859375,0.34252870082855225,False,False,False,16,19590,24207
z16/19590_24208.png,z16/19590_24208.png,0.00587347944577535,26.7998046875,0.0128173828125,0.34941160678863525,False,False,False,16,19590,24208
z16/19590_24209.png,z16/19590_24209.png,0.011267238855361938,68.5,0.0017852783203125,0.34772488474845886,False,False,False,16,19590,24209
z16/19590_24210.png,z16/19590_24210.png,0.010864250858624776,84.0,0.0044403076171875,0.34394142031669617,False,False,False,16,19590,24210
z16/19590_24211.png,z16/19590_24211.png,0.007161171237627665,52.7001953125,0.025299072265625,0.3580501079559326,False,False,False,16,19590,24211
z16/19590_24212.png,z16/19590_24212.png,0.005475166936715444,27.5,0.024383544921875,0.3600832521915436,False,False,False,16,19590,24212
z16/19590_24213.png,z16/19590_24213.png,0.006409295896689097,32.1005859375,0.0185546875,0.36099594831466675,False,False,False,16,19590,24213
z16/19590_24214.png,z16/19590_24214.png,0.010588955879211426,45.599609375,0.0009918212890625,0.35587483644485474,False,False,False,16,19590,24214
z16/19590_24215.png,z16/19590_24215.png,0.007941973209381104,48.19921875,0.0360870361328125,0.35707324743270874,False,False,False,16,19590,24215
z16/19590_24216.png,z16/19590_24216.png,0.005050728718439738,62.099609375,0.0424652099609375,0.34788039326667786,False,False,False,16,19590,24216
z16/19590_24217.png,z16/19590_24217.png,0.006762620806694031,59.5,0.0097503662109375,0.34232857823371887,False,False,False,16,19590,24217
z16/19590_24218.png,z16/19590_24218.png,0.008790021141370138,85.7001953125,0.046966552734375,0.3376586437225342,False,False,False,16,19590,24218
z16/19590_24219.png,z16/19590_24219.png,0.008723669250806173,84.7001953125,0.00360107421875,0.3345656991004944,False,False,False,16,19590,24219
z16/19590_24220.png,z16/19590_24220.png,0.010224440693855285,73.5,0.000244140625,0.34235092997550964,False,False,False,16,19590,24220
z16/19590_24221.png,z16/19590_24221.png,0.006419624884923299,97.0,0.0233306884765625,0.341108500957489,False,False,False,16,19590,24221
z16/19590_24222.png,z16/19590_24222.png,0.006916754941145579,116.7998046875,0.046478271484375,0.335720032453537,False,False,False,16,19590,24222
z16/19590_24223.png,z16/19590_24223.png,0.01084911028544108,84.6005859375,0.006317138671875,0.3460363745689392,False,False,False,16,19590,24223
z16/19590_24224.png,z16/19590_24224.png,0.009598870078722637,56.099609375,0.0373687744140625,0.3508433401584625,False,False,False,16,19590,24224
z16/19590_24225.png,z16/19590_24225.png,0.012436006466547649,77.599609375,0.053314208984375,0.35012921690940857,False,False,False,16,19590,24225
z16/19590_24226.png,z16/19590_24226.png,0.009396564960479737,56.2001953125,0.017364501953125,0.3442859649658203,False,False,False,16,19590,24226
z16/19590_24227.png,z16/19590_24227.png,0.005935753385225932,98.19921875,0.0094146728515625,0.33131685853004456,False,False,False,16,19590,24227
z16/19590_24228.png,z16/19590_24228.png,0.00495136280854543,79.19921875,0.008575439453125,0.33201369643211365,False,False,False,16,19590,24228
z16/19590_24229.png,z16/19590_24229.png,0.008299497763315837,90.7998046875,0.010650634765625,0.3449537456035614,False,False,False,16,19590,24229
z16/19590_24230.png,z16/19590_24230.png,0.008642993370691935,70.900390625,0.02099609375,0.34356769919395447,False,False,False,16,19590,24230
z16/19590_24231.png,z16/19590_24231.png,0.008470104138056437,67.400390625,0.01953125,0.34463930130004883,False,False,False,16,19590,24231
z16/19590_24232.png,z16/19590_24232.png,0.007949234545230865,94.599609375,0.0006866455078125,0.3344239592552185,False,False,False,16,19590,24232
z16/19590_24233.png,z16/19590_24233.png,0.004821687440077464,80.8994140625,0.0003509521484375,0.3443031907081604,False,False,False,16,19590,24233
z16/19590_24234.png,z16/19590_24234.png,0.006003757317860921,39.0,0.0001983642578125,0.3503049612045288,False,False,False,16,19590,24234
z16/19590_24235.png,z16/19590_24235.png,0.004577893515427907,45.2001953125,0.0025177001953125,0.34030821919441223,False,False,False,16,19590,24235
z16/19590_24236.png,z16/19590_24236.png,0.00525880753993988,44.3994140625,0.0058441162109375,0.3418717384338379,False,False,False,16,19590,24236
z16/19590_24237.png,z16/19590_24237.png,0.004341891904671987,30.900390625,0.0139617919921875,0.3409547209739685,False,False,False,16,19590,24237
z16/19590_24238.png,z16/19590_24238.png,0.005777537326018016,29.099609375,0.007171630859375,0.3368622660636902,False,False,False,16,19590,24238
z16/19590_24239.png,z16/19590_24239.png,0.009482757250467936,49.5,0.0064697265625,0.3399050831794739,False,False,False,16,19590,24239
z16/19590_24240.png,z16/19590_24240.png,0.012600786487261454,59.7998046875,0.0080718994140625,0.34002482891082764,False,False,False,16,19590,24240
z16/19590_24241.png,z16/19590_24241.png,0.0053812161087989805,38.0,0.0367279052734375,0.3344120681285858,False,False,False,16,19590,24241
z16/19590_24242.png,z16/19590_24242.png,0.004767429331938426,25.099609375,0.0069427490234375,0.33941149711608887,False,False,False,16,19590,24242
z16/19590_24243.png,z16/19590_24243.png,0.0038969328006108602,45.0,0.015472412109375,0.3398447036743164,False,False,False,16,19590,24243
z16/19590_24244.png,z16/19590_24244.png,0.0035110709567864736,54.099609375,0.0037078857421875,0.3338201642036438,False,False,False,16,19590,24244
z16/19590_24245.png,z16/19590_24245.png,0.0038883204261461893,32.599609375,0.0027618408203125,0.3432497978210449,False,False,False,16,19590,24245
z16/19590_24246.png,z16/19590_24246.png,0.004547491172949473,16.099609375,0.004119873046875,0.34774571657180786,False,False,False,16,19590,24246
z16/19590_24247.png,z16/19590_24247.png,0.003609636922677358,18.400390625,0.0146331787109375,0.3468836843967438,False,False,False,16,19590,24247
z16/19590_24248.png,z16/19590_24248.png,0.0033042835692564648,23.0,0.0020751953125,0.3471921980381012,False,False,False,16,19590,24248
z16/19590_24249.png,z16/19590_24249.png,0.005959061284859975,42.2998046875,0.0008392333984375,0.33599168062210083,False,False,False,16,19590,24249
z16/19590_24250.png,z16/19590_24250.png,0.006886086364587148,51.0,0.0003204345703125,0.33440035581588745,False,False,False,16,19590,24250
z16/19590_24251.png,z16/19590_24251.png,0.005169467131296793,35.5,0.0002899169921875,0.331340491771698,False,False,False,16,19590,24251
z16/19590_24252.png,z16/19590_24252.png,0.005494732161362966,64.5,0.0161895751953125,0.33157747983932495,False,False,False,16,19590,24252
z16/19590_24253.png,z16/19590_24253.png,0.005049067735671997,52.7001953125,0.0070037841796875,0.3331211507320404,False,False,False,16,19590,24253
z16/19590_24254.png,z16/19590_24254.png,0.0030751124024391173,30.6005859375,0.0126953125,0.3356218934059143,False,False,False,16,19590,24254
z16/19590_24255.png,z16/19590_24255.png,0.003948953996102015,35.6005859375,0.0013885498046875,0.338783860206604,False,False,False,16,19590,24255
z16/19590_24256.png,z16/19590_24256.png,0.0043454711635907495,40.0,0.0150299072265625,0.33734986186027527,False,False,False,16,19590,24256
z16/19590_24257.png,z16/19590_24257.png,0.003295489897330602,26.7998046875,0.0308380126953125,0.3383451998233795,False,False,False,16,19590,24257
z16/19590_24258.png,z16/19590_24258.png,0.00657931516567866,23.30078125,0.0,0.33925941586494446,False,False,False,16,19590,24258
z16/19590_24259.png,z16/19590_24259.png,0.010186693072319031,21.3994140625,0.0,0.33038976788520813,False,False,False,16,19590,24259
z16/19590_24260.png,z16/19590_24260.png,0.006863414247830709,14.400390625,0.0,0.3357926607131958,False,False,False,16,19590,24260
z16/19590_24261.png,z16/19590_24261.png,0.0073121418555577595,14.599609375,0.0,0.34415364265441895,False,False,False,16,19590,24261
z16/19590_24262.png,z16/19590_24262.png,0.004063401122887929,10.2998046875,0.0,0.341991126537323,False,False,False,16,19590,24262
z16/19590_24263.png,z16/19590_24263.png,0.002209817866484324,7.8994140625,0.0,0.3373367190361023,False,False,False,16,19590,24263
z16/19590_24264.png,z16/19590_24264.png,0.0023614615201950073,8.7001953125,0.0,0.33131253719329834,False,False,False,16,19590,24264
z16/19590_24265.png,z16/19590_24265.png,0.0037906457980473834,18.7998046875,0.0,0.34618374705314636,False,False,False,16,19590,24265
z16/19590_24266.png,z16/19590_24266.png,0.0045177176594734195,17.400390625,0.0,0.3471485376358032,False,False,False,16,19590,24266
z16/19590_24267.png,z16/19590_24267.png,0.003528174509604772,13.7998046875,0.0,0.3439686894416809,False,False,False,16,19590,24267
z16/19590_24268.png,z16/19590_24268.png,0.00263378769159317,10.2998046875,0.0,0.342328280210495,False,False,False,16,19590,24268
z16/19590_24269.png,z16/19590_24269.png,0.0027475900948047637,10.400390625,0.0,0.3394489586353302,False,False,False,16,19590,24269
z16/19590_24270.png,z16/19590_24270.png,0.001969138284524282,3.400390625,0.0,0.34222158789634705,False,False,False,16,19590,24270
z16/19590_24271.png,z16/19590_24271.png,0.00040858422095576923,0.6005859375,0.0,0.33741626143455505,False,False,False,16,19590,24271
z16/19591_24200.png,z16/19591_24200.png,0.012217681606610615,75.0,0.0467681884765625,0.3459318280220032,False,False,False,16,19591,24200
z16/19591_24201.png,z16/19591_24201.png,0.011571266253789266,67.6005859375,0.0082855224609375,0.34806740283966064,False,False,False,16,19591,24201
z16/19591_24202.png,z16/19591_24202.png,0.00605002244313558,46.599609375,0.0768280029296875,0.3411969840526581,False,False,False,16,19591,24202
z16/19591_24203.png,z16/19591_24203.png,0.00802834431330363,49.400390625,0.0039825439453125,0.3442170321941376,False,False,False,16,19591,24203
z16/19591_24204.png,z16/19591_24204.png,0.0066482866803805035,56.7001953125,0.02496337890625,0.3466074764728546,False,False,False,16,19591,24204
z16/19591_24205.png,z16/19591_24205.png,0.008444499969482423,53.19921875,0.041290283203125,0.3456161320209503,False,False,False,16,19591,24205
z16/19591_24206.png,z16/19591_24206.png,0.006908886631329854,47.900390625,0.022552490234375,0.3423185348510742,False,False,False,16,19591,24206
z16/19591_24207.png,z16/19591_24207.png,0.006161526838938395,35.2998046875,0.010986328125,0.34895479679107666,False,False,False,16,19591,24207
z16/19591_24208.png,z16/19591_24208.png,0.00480831265449524,41.2001953125,0.01751708984375,0.34766680002212524,False,False,False,16,19591,24208
z16/19591_24209.png,z16/19591_24209.png,0.007955895364284515,48.0,0.036041259765625,0.34856581687927246,False,False,False,16,19591,24209
z16/19591_24210.png,z16/19591_24210.png,0.008180034657319387,49.0,0.02716064453125,0.34965360164642334,False,False,False,16,19591,24210
z16/19591_24211.png,z16/19591_24211.png,0.005071566998958587,40.400390625,0.0091705322265625,0.35823291540145874,False,False,False,16,19591,24211
z16/19591_24212.png,z16/19591_24212.png,0.004260499775409698,27.0,0.0155792236328125,0.3644930124282837,False,False,False,16,19591,24212
z16/19591_24213.png,z16/19591_24213.png,0.005315441389878591,19.7998046875,0.0,0.3602966368198395,False,False,False,16,19591,24213
z16/19591_24214.png,z16/19591_24214.png,0.007675081491470337,28.7998046875,0.018585205078125,0.3590278923511505,False,False,False,16,19591,24214
z16/19591_24215.png,z16/19591_24215.png,0.007220109303792317,31.7001953125,0.0246429443359375,0.3563345670700073,False,False,False,16,19591,24215
z16/19591_24216.png,z16/19591_24216.png,0.008201280236244201,43.0,0.0294189453125,0.35450080037117004,False,False,False,16,19591,24216
z16/19591_24217.png,z16/19591_24217.png,0.00952469805876414,31.099609375,0.0,0.3560064435005188,False,False,False,16,19591,24217
z16/19591_24218.png,z16/19591_24218.png,0.00793994019428889,22.2001953125,0.0,0.350452184677124,False,False,False,16,19591,24218
z16/19591_24219.png,z16/19591_24219.png,0.009187714258829752,32.7001953125,0.0,0.34489351511001587,False,False,False,16,19591,24219
z16/19591_24220.png,z16/19591_24220.png,0.014622681339581807,66.80078125,0.0,0.3448399007320404,False,False,False,16,19591,24220
z16/19591_24221.png,z16/19591_24221.png,0.015567638476689656,67.400390625,0.0,0.3471072316169739,False,False,False,16,19591,24221
z16/19591_24222.png,z16/19591_24222.png,0.009883691867192587,32.0,0.0,0.34554022550582886,False,False,False,16,19591,24222
z16/19591_24223.png,z16/19591_24223.png,0.006984825432300568,34.0,0.0,0.34858494997024536,False,False,False,16,19591,24223
z16/19591_24224.png,z16/19591_24224.png,0.010642196734746296,53.7998046875,0.033905029296875,0.3517315983772278,False,False,False,16,19591,24224
z16/19591_24225.png,z16/19591_24225.png,0.009146882096926372,51.30078125,0.04876708984375,0.3517603874206543,False,False,False,16,19591,24225
z16/19591_24226.png,z16/19591_24226.png,0.005989872415860494,25.3994140625,0.0,0.3525606095790863,False,False,False,16,19591,24226
z16/19591_24227.png,z16/19591_24227.png,0.010841034849484761,63.8994140625,0.0,0.3456050753593445,False,False,False,16,19591,24227
z16/19591_24228.png,z16/19591_24228.png,0.008221432566642761,90.19921875,0.0241546630859375,0.3359220027923584,False,False,False,16,19591,24228
z16/19591_24229.png,z16/19591_24229.png,0.007254960636297862,46.900390625,0.0190277099609375,0.3350740373134613,False,False,False,16,19591,24229
z16/19591_24230.png,z16/19591_24230.png,0.011636025706926982,62.7001953125,0.0216217041015625,0.344841331243515,False,False,False,16,19591,24230
z16/19591_24231.png,z16/19591_24231.png,0.013543670376141867,67.7001953125,0.018402099609375,0.34846970438957214,False,False,False,16,19591,24231
z16/19591_24232.png,z16/19591_24232.png,0.005707759161790212,65.0,0.02532958984375,0.34051430225372314,False,False,False,16,19591,24232
z16/19591_24233.png,z16/19591_24233.png,0.004027886937061946,78.2998046875,0.0100250244140625,0.3374210298061371,False,False,False,16,19591,24233
z16/19591_24234.png,z16/19591_24234.png,0.005420684317747752,56.6005859375,0.024627685546875,0.35244542360305786,False,False,False,16,19591,24234
z16/19591_24235.png,z16/19591_24235.png,0.005418453613917033,50.80078125,0.0050201416015625,0.3496028780937195,False,False,False,16,19591,24235
z16/19591_24236.png,z16/19591_24236.png,0.0066019222140312195,55.2998046875,0.0077362060546875,0.33940356969833374,False,False,False,16,19591,24236
z16/19591_24237.png,z16/19591_24237.png,0.008905452489852906,66.5,0.003143310546875,0.3452383875846863,False,False,False,16,19591,24237
z16/19591_24238.png,z16/19591_24238.png,0.0062279904882113135,54.7998046875,0.004669189453125,0.34088534116744995,False,False,False,16,19591,24238
z16/19591_24239.png,z16/19591_24239.png,0.00524186889330546,37.8994140625,0.03228759765625,0.3412192463874817,False,False,False,16,19591,24239
z16/19591_24240.png,z16/19591_24240.png,0.009229191144307454,46.30078125,0.0119171142578125,0.3474877178668976,False,False,False,16,19591,24240
z16/19591_24241.png,z16/19591_24241.png,0.008338455359141033,46.7001953125,0.008056640625,0.34276145696640015,False,False,False,16,19591,24241
z16/19591_24242.png,z16/19591_24242.png,0.00490413357814153,32.6005859375,0.0265655517578125,0.342892587184906,False,False,False,16,19591,24242
z16/19591_24243.png,z16/19591_24243.png,0.0068392132719357806,56.2001953125,0.006317138671875,0.3440282344818115,False,False,False,16,19591,24243
z16/19591_24244.png,z16/19591_24244.png,0.004172163705031077,51.7001953125,0.0041351318359375,0.3383300304412842,False,False,False,16,19591,24244
z16/19591_24245.png,z16/19591_24245.png,0.004046851644913355,30.0,0.00537109375,0.3430999517440796,False,False,False,16,19591,24245
z16/19591_24246.png,z16/19591_24246.png,0.008487561345100402,63.5,0.0002899169921875,0.34288907051086426,False,False,False,16,19591,24246
z16/19591_24247.png,z16/19591_24247.png,0.005013026793797811,49.400390625,0.00018310546875,0.34560221433639526,False,False,False,16,19591,24247
z16/19591_24248.png,z16/19591_24248.png,0.003701029469569524,22.6005859375,0.0016021728515625,0.34175345301628113,False,False,False,16,19591,24248
z16/19591_24249.png,z16/19591_24249.png,0.004945202171802521,65.30078125,0.0036468505859375,0.33638983964920044,False,False,False,16,19591,24249
z16/19591_24250.png,z16/19591_24250.png,0.0076517552137374874,75.2998046875,0.003662109375,0.33303332328796387,False,False,False,16,19591,24250
z16/19591_24251.png,z16/19591_24251.png,0.0073296467463175455,85.7001953125,0.0010833740234375,0.3333819508552551,False,False,False,16,19591,24251
z16/19591_24252.png,z16/19591_24252.png,0.007814516623814901,92.0,0.015045166015625,0.3380846083164215,False,False,False,16,19591,24252
z16/19591_24253.png,z16/19591_24253.png,0.006872718036174774,57.5,0.0059356689453125,0.33559367060661316,False,False,False,16,19591,24253
z16/19591_24254.png,z16/19591_24254.png,0.005289092659950256,22.0,0.0021820068359375,0.34636467695236206,False,False,False,16,19591,24254
z16/19591_24255.png,z16/19591_24255.png,0.0056591997543970745,35.1005859375,0.001434326171875,0.34068599343299866,False,False,False,16,19591,24255
z16/19591_24256.png,z16/19591_24256.png,0.0043425485491752625,31.19921875,0.006591796875,0.3427238166332245,False,False,False,16,19591,24256
z16/19591_24257.png,z16/19591_24257.png,0.0032017695407072703,28.30078125,0.004791259765625,0.33105170726776123,False,False,False,16,19591,24257
z16/19591_24258.png,z16/19591_24258.png,0.003684934725364049,25.2001953125,0.0030670166015625,0.3359111547470093,False,False,False,16,19591,24258
z16/19591_24259.png,z16/19591_24259.png,0.004228167732556661,25.7001953125,0.0015869140625,0.3331768214702606,False,False,False,16,19591,24259
z16/19591_24260.png,z16/19591_24260.png,0.0053884545962015785,23.2001953125,0.032958984375,0.3455105125904083,False,False,False,16,19591,24260
z16/19591_24261.png,z16/19591_24261.png,0.008272924522558848,17.599609375,0.0,0.33814841508865356,False,False,False,16,19591,24261
z16/19591_24262.png,z16/19591_24262.png,0.0051765839258829755,11.7998046875,0.0,0.33792370557785034,False,False,False,16,19591,24262
z16/19591_24263.png,z16/19591_24263.png,0.0034709711869557697,6.8994140625,0.0,0.33631402254104614,False,False,False,16,19591,24263
z16/19591_24264.png,z16/19591_24264.png,0.0048401077588399255,18.599609375,0.0,0.33519247174263,False,False,False,16,19591,24264
z16/19591_24265.png,z16/19591_24265.png,0.005963151653607686,20.599609375,0.0,0.34825849533081055,False,False,False,16,19591,24265
z16/19591_24266.png,z16/19591_24266.png,0.006017611424128214,16.8994140625,0.0,0.3479733467102051,False,False,False,16,19591,24266
z16/19591_24267.png,z16/19591_24267.png,0.006360605359077454,22.1005859375,0.0,0.34994637966156006,False,False,False,16,19591,24267
z16/19591_24268.png,z16/19591_24268.png,0.003539541612068812,17.5,0.0,0.34489431977272034,False,False,False,16,19591,24268
z16/19591_24269.png,z16/19591_24269.png,0.00340720737973849,16.3994140625,0.0,0.34365805983543396,False,False,False,16,19591,24269
z16/19591_24270.png,z16/19591_24270.png,0.00306110754609108,16.1005859375,0.0,0.3404923677444458,False,False,False,16,19591,24270
z16/19591_24271.png,z16/19591_24271.png,0.003092156598965327,12.099609375,0.0,0.34063947200775146,False,False,False,16,19591,24271
z16/19592_24200.png,z16/19592_24200.png,0.011910298466682434,77.2998046875,0.0465545654296875,0.3489196300506592,False,False,False,16,19592,24200
z16/19592_24201.png,z16/19592_24201.png,0.008382155497868856,64.0,0.033538818359375,0.3484853506088257,False,False,False,16,19592,24201
z16/19592_24202.png,z16/19592_24202.png,0.004391862452030182,21.80078125,0.0,0.3483158349990845,False,False,False,16,19592,24202
z16/19592_24203.png,z16/19592_24203.png,0.006659771998723348,30.5,0.0,0.339439332485199,False,False,False,16,19592,24203
z16/19592_24204.png,z16/19592_24204.png,0.00884010394414266,76.900390625,0.0150146484375,0.3388378918170929,False,False,False,16,19592,24204
z16/19592_24205.png,z16/19592_24205.png,0.005259284377098083,65.8994140625,0.0132598876953125,0.33940476179122925,False,False,False,16,19592,24205
z16/19592_24206.png,z16/19592_24206.png,0.005210598806540171,72.6005859375,0.0113067626953125,0.3360413610935211,False,False,False,16,19592,24206
z16/19592_24207.png,z16/19592_24207.png,0.005375866095225016,47.2998046875,0.0053253173828125,0.34196850657463074,False,False,False,16,19592,24207
z16/19592_24208.png,z16/19592_24208.png,0.006484167774518331,50.400390625,0.002716064453125,0.34695732593536377,False,False,False,16,19592,24208
z16/19592_24209.png,z16/19592_24209.png,0.006951788067817688,62.3994140625,0.0010223388671875,0.3417089581489563,False,False,False,16,19592,24209
z16/19592_24210.png,z16/19592_24210.png,0.006700492898623149,66.900390625,0.00689697265625,0.344935804605484,False,False,False,16,19592,24210
z16/19592_24211.png,z16/19592_24211.png,0.011073489983876547,104.5,0.01708984375,0.34533676505088806,False,False,False,16,19592,24211
z16/19592_24212.png,z16/19592_24212.png,0.017869023482004802,116.6005859375,0.050323486328125,0.34577882289886475,False,False,False,16,19592,24212
z16/19592_24213.png,z16/19592_24213.png,0.013102883100509643,97.2998046875,0.0073699951171875,0.3526347279548645,False,False,False,16,19592,24213
z16/19592_24214.png,z16/19592_24214.png,0.013998476664225261,72.2001953125,0.0013580322265625,0.34766528010368347,False,False,False,16,19592,24214
z16/19592_24215.png,z16/19592_24215.png,0.013766450683275859,62.7001953125,0.0,0.3528236150741577,False,False,False,16,19592,24215
z16/19592_24216.png,z16/19592_24216.png,0.0039565761884053545,17.900390625,0.0,0.3600768744945526,False,False,False,16,19592,24216
z16/19592_24217.png,z16/19592_24217.png,0.004764419297377268,26.599609375,0.0013275146484375,0.35734662413597107,False,False,False,16,19592,24217
z16/19592_24218.png,z16/19592_24218.png,0.007735446095466614,26.7998046875,0.03167724609375,0.3643342852592468,False,False,False,16,19592,24218
z16/19592_24219.png,z16/19592_24219.png,0.010034096240997315,20.2001953125,0.0,0.3566223084926605,False,False,False,16,19592,24219
z16/19592_24220.png,z16/19592_24220.png,0.008126621941725413,21.1005859375,0.0,0.3590254485607147,False,False,False,16,19592,24220
z16/19592_24221.png,z16/19592_24221.png,0.004876907169818878,13.5,0.0,0.34484636783599854,False,False,False,16,19592,24221
z16/19592_24222.png,z16/19592_24222.png,0.0036377335588137307,6.7998046875,0.0,0.3360224962234497,False,False,False,16,19592,24222
z16/19592_24223.png,z16/19592_24223.png,0.0,0.0,0.0,0.3355399966239929,False,False,False,16,19592,24223
z16/19592_24224.png,z16/19592_24224.png,0.003639951099952062,8.1005859375,0.0,0.34055203199386597,False,False,False,16,19592,24224
z16/19592_24225.png,z16/19592_24225.png,0.008327452838420868,23.6005859375,0.0,0.34615015983581543,False,False,False,16,19592,24225
z16/19592_24226.png,z16/19592_24226.png,0.00318695604801178,7.7998046875,0.0,0.341962069272995,False,False,False,16,19592,24226
z16/19592_24227.png,z16/19592_24227.png,0.0022161272664864857,3.099609375,0.0,0.3432498574256897,False,False,False,16,19592,24227
z16/19592_24228.png,z16/19592_24228.png,0.011814622084299724,50.5,0.0,0.34379684925079346,False,False,False,16,19592,24228
z16/19592_24229.png,z16/19592_24229.png,0.012507558862368266,61.0,0.059967041015625,0.34278085827827454,False,False,False,16,19592,24229
z16/19592_24230.png,z16/19592_24230.png,0.006956895689169565,91.6005859375,0.0386505126953125,0.33551591634750366,False,False,False,16,19592,24230
z16/19592_24231.png,z16/19592_24231.png,0.013486246267954508,60.7998046875,0.013427734375,0.34209901094436646,False,False,False,16,19592,24231
z16/19592_24232.png,z16/19592_24232.png,0.013109501202901204,78.6005859375,0.016357421875,0.35510313510894775,False,False,False,16,19592,24232
z16/19592_24233.png,z16/19592_24233.png,0.00937040348847707,98.900390625,0.0184173583984375,0.3448522388935089,False,False,False,16,19592,24233
z16/19592_24234.png,z16/19592_24234.png,0.010193074742952982,81.099609375,0.0107269287109375,0.34446150064468384,False,False,False,16,19592,24234
z16/19592_24235.png,z16/19592_24235.png,0.00490989883740743,51.7001953125,0.00201416015625,0.3476274311542511,False,False,False,16,19592,24235
z16/19592_24236.png,z16/19592_24236.png,0.006104988853136698,41.6005859375,0.033111572265625,0.3481566905975342,False,False,False,16,19592,24236
z16/19592_24237.png,z16/19592_24237.png,0.0050992210706075035,44.8994140625,0.004913330078125,0.3456372022628784,False,False,False,16,19592,24237
z16/19592_24238.png,z16/19592_24238.png,0.0056268195311228435,57.6005859375,0.0030670166015625,0.33886978030204773,False,False,False,16,19592,24238
z16/19592_24239.png,z16/19592_24239.png,0.004166241983572642,55.80078125,0.009796142578125,0.33467933535575867,False,False,False,16,19592,24239
z16/19592_24240.png,z16/19592_24240.png,0.003543840597073237,20.7998046875,0.0012969970703125,0.3419380187988281,False,False,False,16,19592,24240
z16/19592_24241.png,z16/19592_24241.png,0.006456848482290904,36.3994140625,0.0007171630859375,0.3460967540740967,False,False,False,16,19592,24241
z16/19592_24242.png,z16/19592_24242.png,0.0068389197190602624,56.7998046875,0.007904052734375,0.34504324197769165,False,False,False,16,19592,24242
z16/19592_24243.png,z16/19592_24243.png,0.008883337179819742,79.099609375,0.0146026611328125,0.34924888610839844,False,False,False,16,19592,24243
z16/19592_24244.png,z16/19592_24244.png,0.014772414167722066,120.69921875,0.002685546875,0.3481834828853607,False,False,False,16,19592,24244
z16/19592_24245.png,z16/19592_24245.png,0.013827961683273316,111.19921875,0.018951416015625,0.35042187571525574,False,False,False,16,19592,24245
z16/19592_24246.png,z16/19592_24246.png,0.00787432591120402,89.7001953125,0.0112457275390625,0.3452930152416229,False,False,False,16,19592,24246
z16/19592_24247.png,z16/19592_24247.png,0.00482721875111262,71.2001953125,0.004119873046875,0.3408214747905731,False,False,False,16,19592,24247
z16/19592_24248.png,z16/19592_24248.png,0.010795034964879354,88.5,0.0021514892578125,0.33348867297172546,False,False,False,16,19592,24248
z16/19592_24249.png,z16/19592_24249.png,0.008714489142100016,101.0,0.0037994384765625,0.331625759601593,False,False,False,16,19592,24249
z16/19592_24250.png,z16/19592_24250.png,0.007915672659873963,73.80078125,0.0214996337890625,0.3339548110961914,False,False,False,16,19592,24250
z16/19592_24251.png,z16/19592_24251.png,0.00869805117448171,87.2001953125,0.0101776123046875,0.3339303731918335,False,False,False,16,19592,24251
z16/19592_24252.png,z16/19592_24252.png,0.006397335728009542,56.599609375,0.0199127197265625,0.34375,False,False,False,16,19592,24252
z16/19592_24253.png,z16/19592_24253.png,0.004040376593669255,24.400390625,0.0027618408203125,0.33607250452041626,False,False,False,16,19592,24253
z16/19592_24254.png,z16/19592_24254.png,0.0019405463089545568,13.5,0.0,0.3413420021533966,False,False,False,16,19592,24254
z16/19592_24255.png,z16/19592_24255.png,0.002744040886561076,25.0,0.0016632080078125,0.33004286885261536,False,False,False,16,19592,24255
z16/19592_24256.png,z16/19592_24256.png,0.002976240962743759,31.900390625,0.02032470703125,0.33236804604530334,False,False,False,16,19592,24256
z16/19592_24257.png,z16/19592_24257.png,0.005507410566012064,35.80078125,0.0009307861328125,0.34214645624160767,False,False,False,16,19592,24257
z16/19592_24258.png,z16/19592_24258.png,0.006690297524134318,58.5,0.0453033447265625,0.3463289439678192,False,False,False,16,19592,24258
z16/19592_24259.png,z16/19592_24259.png,0.006254948675632477,43.8994140625,0.0077667236328125,0.3410126566886902,False,False,False,16,19592,24259
z16/19592_24260.png,z16/19592_24260.png,0.0037067100405693055,33.19921875,0.004913330078125,0.3430591821670532,False,False,False,16,19592,24260
z16/19592_24261.png,z16/19592_24261.png,0.00504495898882548,26.7001953125,0.0,0.3467031419277191,False,False,False,16,19592,24261
z16/19592_24262.png,z16/19592_24262.png,0.004283869763215383,26.5,0.0182342529296875,0.3486180901527405,False,False,False,16,19592,24262
z16/19592_24263.png,z16/19592_24263.png,0.003914334376653035,15.1005859375,0.0,0.3381909430027008,False,False,False,16,19592,24263
z16/19592_24264.png,z16/19592_24264.png,0.004695826272169749,11.5,0.0,0.34307384490966797,False,False,False,16,19592,24264
z16/19592_24265.png,z16/19592_24265.png,0.004448332885901133,17.7001953125,0.0,0.3438018262386322,False,False,False,16,19592,24265
z16/19592_24266.png,z16/19592_24266.png,0.005947482089201609,35.2001953125,0.021240234375,0.3524535000324249,False,False,False,16,19592,24266
z16/19592_24267.png,z16/19592_24267.png,0.00886513888835907,41.7998046875,0.0402069091796875,0.34726136922836304,False,False,False,16,19592,24267
z16/19592_24268.png,z16/19592_24268.png,0.00598265677690506,31.900390625,0.0,0.34788960218429565,False,False,False,16,19592,24268
z16/19592_24269.png,z16/19592_24269.png,0.005934343238671621,18.7998046875,0.020050048828125,0.34574979543685913,False,False,False,16,19592,24269
z16/19592_24270.png,z16/19592_24270.png,0.005767464141050975,13.5,0.0,0.34368598461151123,False,False,False,16,19592,24270
z16/19592_24271.png,z16/19592_24271.png,0.005040160814921061,13.0,0.0,0.34450504183769226,False,False,False,16,19592,24271
z16/19593_24200.png,z16/19593_24200.png,0.006880525251229604,62.5,0.047332763671875,0.34916383028030396,False,False,False,16,19593,24200
z16/19593_24201.png,z16/19593_24201.png,0.005391654868920644,66.2998046875,0.023651123046875,0.3383285701274872,False,False,False,16,19593,24201
z16/19593_24202.png,z16/19593_24202.png,0.005962081750233968,65.80078125,0.0346221923828125,0.34565600752830505,False,False,False,16,19593,24202
z16/19593_24203.png,z16/19593_24203.png,0.00655772586663564,70.900390625,0.02117919921875,0.33684998750686646,False,False,False,16,19593,24203
z16/19593_24204.png,z16/19593_24204.png,0.004879464705785115,72.2998046875,0.0006561279296875,0.33182018995285034,False,False,False,16,19593,24204
z16/19593_24205.png,z16/19593_24205.png,0.0035044329861799875,39.3994140625,0.004119873046875,0.33286231756210327,False,False,False,16,19593,24205
z16/19593_24206.png,z16/19593_24206.png,0.00828402688105901,61.0,0.0006561279296875,0.33503034710884094,False,False,False,16,19593,24206
z16/19593_24207.png,z16/19593_24207.png,0.00791214257478714,61.5,0.030181884765625,0.33559131622314453,False,False,False,16,19593,24207
z16/19593_24208.png,z16/19593_24208.png,0.008635922273000082,52.2998046875,0.0140228271484375,0.3423650562763214,False,False,False,16,19593,24208
z16/19593_24209.png,z16/19593_24209.png,0.006869458655516306,52.2998046875,0.0012969970703125,0.3411056697368622,False,False,False,16,19593,24209
z16/19593_24210.png,z16/19593_24210.png,0.009636055429776509,42.5,0.0005035400390625,0.3444976508617401,False,False,False,16,19593,24210
z16/19593_24211.png,z16/19593_24211.png,0.009886911511421204,76.8994140625,0.002899169921875,0.33966922760009766,False,False,False,16,19593,24211
z16/19593_24212.png,z16/19593_24212.png,0.009563567241032918,94.599609375,0.020721435546875,0.3426782786846161,False,False,False,16,19593,24212
z16/19593_24213.png,z16/19593_24213.png,0.008942411343256632,79.5,0.0369415283203125,0.34822386503219604,False,False,False,16,19593,24213
z16/19593_24214.png,z16/19593_24214.png,0.010319446523984274,54.099609375,0.0053253173828125,0.34943023324012756,False,False,False,16,19593,24214
z16/19593_24215.png,z16/19593_24215.png,0.010956192016601562,60.099609375,0.0243988037109375,0.34851792454719543,False,False,False,16,19593,24215
z16/19593_24216.png,z16/19593_24216.png,0.01132108469804128,48.30078125,0.041656494140625,0.34596461057662964,False,False,False,16,19593,24216
z16/19593_24217.png,z16/19593_24217.png,0.010330668091773987,48.30078125,0.05230712890625,0.3480754494667053,False,False,False,16,19593,24217
z16/19593_24218.png,z16/19593_24218.png,0.0073391060034434,43.6005859375,0.0110015869140625,0.3514814078807831,False,False,False,16,19593,24218
z16/19593_24219.png,z16/19593_24219.png,0.005677265922228495,36.0,0.0120697021484375,0.3598431944847107,False,False,False,16,19593,24219
z16/19593_24220.png,z16/19593_24220.png,0.006115674475828807,38.599609375,0.01483154296875,0.35122552514076233,False,False,False,16,19593,24220
z16/19593_24221.png,z16/19593_24221.png,0.011154381434122722,74.2001953125,0.0,0.34558725357055664,False,False,False,16,19593,24221
z16/19593_24222.png,z16/19593_24222.png,0.01733054717381795,93.7001953125,0.08404541015625,0.3471398949623108,False,False,False,16,19593,24222
z16/19593_24223.png,z16/19593_24223.png,0.011102948586146038,59.7998046875,0.0,0.3527783751487732,False,False,False,16,19593,24223
z16/19593_24224.png,z16/19593_24224.png,0.006519395609696706,18.7001953125,0.0,0.35386401414871216,False,False,False,16,19593,24224
z16/19593_24225.png,z16/19593_24225.png,0.003818251440922419,13.099609375,0.0,0.34224948287010193,False,False,False,16,19593,24225
z16/19593_24226.png,z16/19593_24226.png,0.0,0.0,0.0,0.3350352644920349,False,False,False,16,19593,24226
z16/19593_24227.png,z16/19593_24227.png,0.0,0.0,0.0,0.33191537857055664,False,False,False,16,19593,24227
z16/19593_24228.png,z16/19593_24228.png,0.0,0.0,0.0,0.3315846621990204,False,False,False,16,19593,24228
z16/19593_24229.png,z16/19593_24229.png,0.0010338190322120985,1.900390625,0.0,0.33630892634391785,False,False,False,16,19593,24229
z16/19593_24230.png,z16/19593_24230.png,0.008114555974801381,29.400390625,0.0,0.33920085430145264,False,False,False,16,19593,24230
z16/19593_24231.png,z16/19593_24231.png,0.027110244830449423,78.1005859375,0.0,0.3422606587409973,False,False,False,16,19593,24231
z16/19593_24232.png,z16/19593_24232.png,0.022005236148834227,76.6005859375,0.0,0.34018057584762573,False,False,False,16,19593,24232
z16/19593_24233.png,z16/19593_24233.png,0.006066774328549703,23.099609375,0.0,0.34286922216415405,False,False,False,16,19593,24233
z16/19593_24234.png,z16/19593_24234.png,0.013547973831494649,63.400390625,0.0,0.3504406809806824,False,False,False,16,19593,24234
z16/19593_24235.png,z16/19593_24235.png,0.015767833590507506,84.599609375,0.075714111328125,0.34173157811164856,False,False,False,16,19593,24235
z16/19593_24236.png,z16/19593_24236.png,0.020227166016896565,94.5,0.0006103515625,0.34139031171798706,False,False,False,16,19593,24236
z16/19593_24237.png,z16/19593_24237.png,0.012805734078089397,74.7998046875,0.0003662109375,0.3488876223564148,False,False,False,16,19593,24237
z16/19593_24238.png,z16/19593_24238.png,0.017205856243769326,94.80078125,0.0186920166015625,0.34265053272247314,False,False,False,16,19593,24238
z16/19593_24239.png,z16/19593_24239.png,0.0072570671637852985,53.5,0.00103759765625,0.3372349739074707,False,False,False,16,19593,24239
z16/19593_24240.png,z16/19593_24240.png,0.005790325999259949,27.099609375,0.0011749267578125,0.3434641361236572,False,False,False,16,19593,24240
z16/19593_24241.png,z16/19593_24241.png,0.007821692029635112,42.2998046875,0.01361083984375,0.344251424074173,False,False,False,16,19593,24241
z16/19593_24242.png,z16/19593_24242.png,0.009744114677111308,42.1005859375,0.00054931640625,0.34452706575393677,False,False,False,16,19593,24242
z16/19593_24243.png,z16/19593_24243.png,0.010873857140541076,56.599609375,0.012939453125,0.34311220049858093,False,False,False,16,19593,24243
z16/19593_24244.png,z16/19593_24244.png,0.008677502473195394,59.099609375,0.0301513671875,0.34669312834739685,False,False,False,16,19593,24244
z16/19593_24245.png,z16/19593_24245.png,0.010895001888275146,57.19921875,0.013580322265625,0.3493494391441345,False,False,False,16,19593,24245
z16/19593_24246.png,z16/19593_24246.png,0.013340666890144348,87.5,0.0,0.34207791090011597,False,False,False,16,19593,24246
z16/19593_24247.png,z16/19593_24247.png,0.019524685541788735,111.7998046875,0.0,0.3452026844024658,False,False,False,16,19593,24247
z16/19593_24248.png,z16/19593_24248.png,0.018005067110061647,102.400390625,0.0,0.3406619727611542,False,False,False,16,19593,24248
z16/19593_24249.png,z16/19593_24249.png,0.015212403734525044,79.2998046875,0.0,0.34054282307624817,False,False,False,16,19593,24249
z16/19593_24250.png,z16/19593_24250.png,0.015989707907040913,67.7998046875,0.0,0.33921128511428833,False,False,False,16,19593,24250
z16/19593_24251.png,z16/19593_24251.png,0.008604535460472107,25.6005859375,0.0,0.3435363471508026,False,False,False,16,19593,24251
z16/19593_24252.png,z16/19593_24252.png,0.006327485044797261,18.3994140625,0.0,0.3464732766151428,False,False,False,16,19593,24252
z16/19593_24253.png,z16/19593_24253.png,0.005953015883763632,38.2998046875,0.0,0.34445780515670776,False,False,False,16,19593,24253
z16/19593_24254.png,z16/19593_24254.png,0.004002047081788381,39.30078125,0.0019073486328125,0.33723577857017517,False,False,False,16,19593,24254
z16/19593_24255.png,z16/19593_24255.png,0.002416009704271952,19.30078125,0.0,0.33661213517189026,False,False,False,16,19593,24255
z16/19593_24256.png,z16/19593_24256.png,0.0026866863171259563,15.7001953125,0.0,0.3418300449848175,False,False,False,16,19593,24256
z16/19593_24257.png,z16/19593_24257.png,0.004748704532782237,20.900390625,0.0,0.3465930223464966,False,False,False,16,19593,24257
z16/19593_24258.png,z16/19593_24258.png,0.0063246319691340125,38.599609375,0.0054473876953125,0.34422269463539124,False,False,False,16,19593,24258
z16/19593_24259.png,z16/19593_24259.png,0.005074129005273183,26.5,0.017120361328125,0.33948877453804016,False,False,False,16,19593,24259
z16/19593_24260.png,z16/19593_24260.png,0.0036537684500217438,22.1005859375,0.0,0.34044504165649414,False,False,False,16,19593,24260
z16/19593_24261.png,z16/19593_24261.png,0.003065760185321172,17.400390625,0.0123748779296875,0.3428063988685608,False,False,False,16,19593,24261
z16/19593_24262.png,z16/19593_24262.png,0.0061272258559862776,25.5,0.001800537109375,0.34418484568595886,False,False,False,16,19593,24262
z16/19593_24263.png,z16/19593_24263.png,0.006081023812294006,36.5,0.01220703125,0.33636391162872314,False,False,False,16,19593,24263
z16/19593_24264.png,z16/19593_24264.png,0.005895204345385234,37.3994140625,0.0097503662109375,0.3429309129714966,False,False,False,16,19593,24264
z16/19593_24265.png,z16/19593_24265.png,0.005781722565491994,32.5,0.0022430419921875,0.34047698974609375,False,False,False,16,19593,24265
z16/19593_24266.png,z16/19593_24266.png,0.005561820169289907,25.80078125,0.0010528564453125,0.3489266633987427,False,False,False,16,19593,24266
z16/19593_24267.png,z16/19593_24267.png,0.0062917456030845646,27.8994140625,0.008453369140625,0.3479471504688263,False,False,False,16,19593,24267
z16/19593_24268.png,z16/19593_24268.png,0.004255337019761403,31.1005859375,0.00213623046875,0.34780851006507874,False,False,False,16,19593,24268
z16/19593_24269.png,z16/19593_24269.png,0.0065187767148017885,27.7001953125,0.0026092529296875,0.34909898042678833,False,False,False,16,19593,24269
z16/19593_24270.png,z16/19593_24270.png,0.007904414832592011,22.400390625,0.024017333984375,0.3497658967971802,False,False,False,16,19593,24270
z16/19593_24271.png,z16/19593_24271.png,0.0083642840385437,18.2998046875,0.0,0.34874966740608215,False,False,False,16,19593,24271
z16/19594_24200.png,z16/19594_24200.png,0.005886855721473694,45.2001953125,1.52587890625e-05,0.3410705327987671,False,False,False,16,19594,24200
z16/19594_24201.png,z16/19594_24201.png,0.007695982853571574,29.2001953125,0.0,0.3373425006866455,False,False,False,16,19594,24201
z16/19594_24202.png,z16/19594_24202.png,0.008868910868962606,37.6005859375,0.001708984375,0.3394681215286255,False,False,False,16,19594,24202
z16/19594_24203.png,z16/19594_24203.png,0.005616325636704763,34.2998046875,0.0,0.33924058079719543,False,False,False,16,19594,24203
z16/19594_24204.png,z16/19594_24204.png,0.004124010850985845,21.69921875,0.0,0.33950304985046387,False,False,False,16,19594,24204
z16/19594_24205.png,z16/19594_24205.png,0.002747005720933278,21.400390625,0.002288818359375,0.3363414406776428,False,False,False,16,19594,24205
z16/19594_24206.png,z16/19594_24206.png,0.00319408451517423,17.599609375,0.0013427734375,0.33762258291244507,False,False,False,16,19594,24206
z16/19594_24207.png,z16/19594_24207.png,0.003456588586171468,20.5,0.001220703125,0.3357752561569214,False,False,False,16,19594,24207
z16/19594_24208.png,z16/19594_24208.png,0.005630414187908173,40.5,0.0010223388671875,0.33664047718048096,False,False,False,16,19594,24208
z16/19594_24209.png,z16/19594_24209.png,0.007453990479310353,78.099609375,0.0030517578125,0.3385930359363556,False,False,False,16,19594,24209
z16/19594_24210.png,z16/19594_24210.png,0.009249950448671976,102.7998046875,0.001617431640625,0.3359764516353607,False,False,False,16,19594,24210
z16/19594_24211.png,z16/19594_24211.png,0.007816908260186514,80.7998046875,0.003570556640625,0.34054043889045715,False,False,False,16,19594,24211
z16/19594_24212.png,z16/19594_24212.png,0.006131369372208913,63.400390625,0.01123046875,0.3462553024291992,False,False,False,16,19594,24212
z16/19594_24213.png,z16/19594_24213.png,0.008309945464134216,79.900390625,0.021026611328125,0.34281912446022034,False,False,False,16,19594,24213
z16/19594_24214.png,z16/19594_24214.png,0.007443090279897054,65.7998046875,0.017974853515625,0.3420150578022003,False,False,False,16,19594,24214
z16/19594_24215.png,z16/19594_24215.png,0.009365728497505188,70.7001953125,0.0019073486328125,0.336688756942749,False,False,False,16,19594,24215
z16/19594_24216.png,z16/19594_24216.png,0.01123127043247223,96.099609375,0.032928466796875,0.34239891171455383,False,False,False,16,19594,24216
z16/19594_24217.png,z16/19594_24217.png,0.006978373229503632,92.2998046875,0.037353515625,0.34451958537101746,False,False,False,16,19594,24217
z16/19594_24218.png,z16/19594_24218.png,0.010756467779477438,98.7998046875,0.028076171875,0.34852010011672974,False,False,False,16,19594,24218
z16/19594_24219.png,z16/19594_24219.png,0.008495226502418518,69.6005859375,0.0038909912109375,0.3512481153011322,False,False,False,16,19594,24219
z16/19594_24220.png,z16/19594_24220.png,0.00925886332988739,66.30078125,0.0025634765625,0.3498304486274719,False,False,False,16,19594,24220
z16/19594_24221.png,z16/19594_24221.png,0.007108273108800253,44.1005859375,0.031768798828125,0.34892821311950684,False,False,False,16,19594,24221
z16/19594_24222.png,z16/19594_24222.png,0.0075626333554585775,49.6005859375,0.060272216796875,0.34380024671554565,False,False,False,16,19594,24222
z16/19594_24223.png,z16/19594_24223.png,0.01267316738764445,77.7998046875,0.0032501220703125,0.343552827835083,False,False,False,16,19594,24223
z16/19594_24224.png,z16/19594_24224.png,0.012550893425941467,117.900390625,0.0203399658203125,0.3424355983734131,False,False,False,16,19594,24224
z16/19594_24225.png,z16/19594_24225.png,0.021004899342854818,128.7998046875,0.0528411865234375,0.33919405937194824,False,False,False,16,19594,24225
z16/19594_24226.png,z16/19594_24226.png,0.01604984998703003,93.5,0.0,0.3406166136264801,False,False,False,16,19594,24226
z16/19594_24227.png,z16/19594_24227.png,0.03653864463170369,94.8994140625,0.0,0.3413403630256653,False,False,False,16,19594,24227
z16/19594_24228.png,z16/19594_24228.png,0.019521917899449667,65.0,0.0,0.3417056202888489,False,False,False,16,19594,24228
z16/19594_24229.png,z16/19594_24229.png,0.0015776748458544412,2.7998046875,0.0,0.33675962686538696,False,False,False,16,19594,24229
z16/19594_24230.png,z16/19594_24230.png,0.0,0.0,0.0,0.33548712730407715,False,False,False,16,19594,24230
z16/19594_24231.png,z16/19594_24231.png,0.0,0.0,0.0,0.33570700883865356,False,False,False,16,19594,24231
z16/19594_24232.png,z16/19594_24232.png,0.0,0.0,0.0,0.3365797996520996,False,False,False,16,19594,24232
z16/19594_24233.png,z16/19594_24233.png,0.0,0.0,0.0,0.33481377363204956,False,False,False,16,19594,24233
z16/19594_24234.png,z16/19594_24234.png,0.0,0.0,0.0,0.3369307816028595,False,False,False,16,19594,24234
z16/19594_24235.png,z16/19594_24235.png,0.0008852246527870496,2.69921875,0.0,0.33771246671676636,False,False,False,16,19594,24235
z16/19594_24236.png,z16/19594_24236.png,0.01738117535909017,50.80078125,0.0,0.33879554271698,False,False,False,16,19594,24236
z16/19594_24237.png,z16/19594_24237.png,0.021200567483901978,56.8994140625,0.0,0.346038281917572,False,False,False,16,19594,24237
z16/19594_24238.png,z16/19594_24238.png,0.019534552097320558,84.900390625,0.0,0.3423299789428711,False,False,False,16,19594,24238
z16/19594_24239.png,z16/19594_24239.png,0.025325578451156617,117.7001953125,0.0,0.33689433336257935,False,False,False,16,19594,24239
z16/19594_24240.png,z16/19594_24240.png,0.041008452574412026,110.599609375,0.0,0.3426164984703064,False,False,False,16,19594,24240
z16/19594_24241.png,z16/19594_24241.png,0.03235517740249634,100.0,0.0,0.34593266248703003,False,False,False,16,19594,24241
z16/19594_24242.png,z16/19594_24242.png,0.018656190236409506,87.0,0.0,0.340793251991272,False,False,False,16,19594,24242
z16/19594_24243.png,z16/19594_24243.png,0.0186862051486969,90.5,0.0646209716796875,0.34054410457611084,False,False,False,16,19594,24243
z16/19594_24244.png,z16/19594_24244.png,0.01412196159362793,76.6005859375,0.0093536376953125,0.340187132358551,False,False,False,16,19594,24244
z16/19594_24245.png,z16/19594_24245.png,0.011389383673667907,55.1005859375,0.0023193359375,0.34473055601119995,False,False,False,16,19594,24245
z16/19594_24246.png,z16/19594_24246.png,0.01264489491780599,42.2998046875,0.0,0.34368589520454407,False,False,False,16,19594,24246
z16/19594_24247.png,z16/19594_24247.png,0.0,0.0,0.0,0.3383265435695648,False,False,False,16,19594,24247
z16/19594_24248.png,z16/19594_24248.png,0.0,0.0,0.0,0.3364555835723877,False,False,False,16,19594,24248
z16/19594_24249.png,z16/19594_24249.png,0.0,0.0,0.0,0.3344690501689911,False,False,False,16,19594,24249
z16/19594_24250.png,z16/19594_24250.png,0.0,0.0,0.0,0.3303234875202179,False,False,False,16,19594,24250
z16/19594_24251.png,z16/19594_24251.png,0.0,0.0,0.0,0.329030841588974,False,False,False,16,19594,24251
z16/19594_24252.png,z16/19594_24252.png,0.0,0.0,0.0,0.3251788020133972,False,False,False,16,19594,24252
z16/19594_24253.png,z16/19594_24253.png,0.0019034213076035182,8.2998046875,0.0,0.33585453033447266,False,False,False,16,19594,24253
z16/19594_24254.png,z16/19594_24254.png,0.0063426246245702105,31.599609375,0.0,0.3400644063949585,False,False,False,16,19594,24254
z16/19594_24255.png,z16/19594_24255.png,0.00378955602645874,44.3994140625,0.0012054443359375,0.3374637961387634,False,False,False,16,19594,24255
z16/19594_24256.png,z16/19594_24256.png,0.004147019237279892,22.2998046875,0.0,0.3415781855583191,False,False,False,16,19594,24256
z16/19594_24257.png,z16/19594_24257.png,0.0033154393235842387,22.1005859375,0.0,0.34416162967681885,False,False,False,16,19594,24257
z16/19594_24258.png,z16/19594_24258.png,0.0031319613258043925,21.2998046875,0.0030059814453125,0.34528544545173645,False,False,False,16,19594,24258
z16/19594_24259.png,z16/19594_24259.png,0.003375811626513799,31.19921875,0.0124969482421875,0.3461225628852844,False,False,False,16,19594,24259
z16/19594_24260.png,z16/19594_24260.png,0.0037689909338951113,23.7001953125,0.022216796875,0.34286001324653625,False,False,False,16,19594,24260
z16/19594_24261.png,z16/19594_24261.png,0.0031693033874034882,13.0,0.0,0.3384947180747986,False,False,False,16,19594,24261
z16/19594_24262.png,z16/19594_24262.png,0.006168988843758901,40.30078125,0.0,0.33731088042259216,False,False,False,16,19594,24262
z16/19594_24263.png,z16/19594_24263.png,0.005562344690163931,45.3994140625,0.0560302734375,0.3374536335468292,False,False,False,16,19594,24263
z16/19594_24264.png,z16/19594_24264.png,0.0038587786257267,46.2998046875,0.004150390625,0.34210750460624695,False,False,False,16,19594,24264
z16/19594_24265.png,z16/19594_24265.png,0.005056848625342051,40.5,0.01531982421875,0.34429994225502014,False,False,False,16,19594,24265
z16/19594_24266.png,z16/19594_24266.png,0.006552923222382863,36.5,0.002899169921875,0.344849169254303,False,False,False,16,19594,24266
z16/19594_24267.png,z16/19594_24267.png,0.004613522191842397,31.6005859375,0.009307861328125,0.34397387504577637,False,False,False,16,19594,24267
z16/19594_24268.png,z16/19594_24268.png,0.005266950031121572,31.2001953125,0.010772705078125,0.34291526675224304,False,False,False,16,19594,24268
z16/19594_24269.png,z16/19594_24269.png,0.005305180946985881,32.5,0.007080078125,0.3459596037864685,False,False,False,16,19594,24269
z16/19594_24270.png,z16/19594_24270.png,0.004126726090908051,22.2001953125,0.0068206787109375,0.3482898473739624,False,False,False,16,19594,24270
z16/19594_24271.png,z16/19594_24271.png,0.00513862818479538,19.0,0.0,0.35253679752349854,False,False,False,16,19594,24271
z16/19595_24200.png,z16/19595_24200.png,0.004248829185962677,35.900390625,0.0013580322265625,0.3458644151687622,False,False,False,16,19595,24200
z16/19595_24201.png,z16/19595_24201.png,0.006007102131843567,48.80078125,0.019500732421875,0.3473418354988098,False,False,False,16,19595,24201
z16/19595_24202.png,z16/19595_24202.png,0.0047920932372411094,28.7001953125,0.016693115234375,0.3459654152393341,False,False,False,16,19595,24202
z16/19595_24203.png,z16/19595_24203.png,0.0031762522955735522,23.7998046875,0.0042724609375,0.3425157368183136,False,False,False,16,19595,24203
z16/19595_24204.png,z16/19595_24204.png,0.005518458286921183,48.0,0.004852294921875,0.3353729546070099,False,False,False,16,19595,24204
z16/19595_24205.png,z16/19595_24205.png,0.004149601111809413,40.5,0.0392913818359375,0.3295457363128662,False,False,False,16,19595,24205
z16/19595_24206.png,z16/19595_24206.png,0.005530102054278055,52.099609375,0.02764892578125,0.3353683054447174,False,False,False,16,19595,24206
z16/19595_24207.png,z16/19595_24207.png,0.005650551120440165,61.8994140625,0.0248260498046875,0.3355337381362915,False,False,False,16,19595,24207
z16/19595_24208.png,z16/19595_24208.png,0.006050801277160645,56.7998046875,0.0099029541015625,0.3389135003089905,False,False,False,16,19595,24208
z16/19595_24209.png,z16/19595_24209.png,0.005938514073689779,65.30078125,0.0128631591796875,0.3372281789779663,False,False,False,16,19595,24209
z16/19595_24210.png,z16/19595_24210.png,0.006714517374833425,64.7001953125,0.004730224609375,0.33701473474502563,False,False,False,16,19595,24210
z16/19595_24211.png,z16/19595_24211.png,0.007084951301415761,83.099609375,0.0178680419921875,0.3395806550979614,False,False,False,16,19595,24211
z16/19595_24212.png,z16/19595_24212.png,0.006922089556852976,48.400390625,0.015045166015625,0.3371267318725586,False,False,False,16,19595,24212
z16/19595_24213.png,z16/19595_24213.png,0.0055641318360964455,86.0,0.0126953125,0.3335995674133301,False,False,False,16,19595,24213
z16/19595_24214.png,z16/19595_24214.png,0.006525737047195434,63.900390625,0.0035552978515625,0.3368770480155945,False,False,False,16,19595,24214
z16/19595_24215.png,z16/19595_24215.png,0.008593381444613139,48.1005859375,0.0283203125,0.33949247002601624,False,False,False,16,19595,24215
z16/19595_24216.png,z16/19595_24216.png,0.009423475464185078,46.2998046875,0.035064697265625,0.34831681847572327,False,False,False,16,19595,24216
z16/19595_24217.png,z16/19595_24217.png,0.005356556177139283,90.099609375,0.0214996337890625,0.3448873460292816,False,False,False,16,19595,24217
z16/19595_24218.png,z16/19595_24218.png,0.01017162303129832,86.099609375,0.013824462890625,0.34924402832984924,False,False,False,16,19595,24218
z16/19595_24219.png,z16/19595_24219.png,0.005809460083643595,68.099609375,0.0276641845703125,0.3454333245754242,False,False,False,16,19595,24219
z16/19595_24220.png,z16/19595_24220.png,0.011545223991076152,109.3994140625,0.05023193359375,0.3459877073764801,False,False,False,16,19595,24220
z16/19595_24221.png,z16/19595_24221.png,0.011507054169972738,64.5,0.0057373046875,0.34792560338974,False,False,False,16,19595,24221
z16/19595_24222.png,z16/19595_24222.png,0.005801712969938914,31.7001953125,0.00091552734375,0.351314902305603,False,False,False,16,19595,24222
z16/19595_24223.png,z16/19595_24223.png,0.0052129685878753666,34.0,0.011199951171875,0.3447277545928955,False,False,False,16,19595,24223
z16/19595_24224.png,z16/19595_24224.png,0.00539416621128718,50.69921875,0.0135955810546875,0.3433643877506256,False,False,False,16,19595,24224
z16/19595_24225.png,z16/19595_24225.png,0.007640319565931956,61.900390625,0.005767822265625,0.3455744981765747,False,False,False,16,19595,24225
z16/19595_24226.png,z16/19595_24226.png,0.016152316331863405,93.7998046875,0.0013580322265625,0.3435819149017334,False,False,False,16,19595,24226
z16/19595_24227.png,z16/19595_24227.png,0.014716786146163941,120.599609375,0.027130126953125,0.33854082226753235,False,False,False,16,19595,24227
z16/19595_24228.png,z16/19595_24228.png,0.010872220993041993,128.900390625,0.010650634765625,0.3417959213256836,False,False,False,16,19595,24228
z16/19595_24229.png,z16/19595_24229.png,0.009256523847579957,91.6005859375,0.0268402099609375,0.34221792221069336,False,False,False,16,19595,24229
z16/19595_24230.png,z16/19595_24230.png,0.022142046689987184,88.5,0.0,0.3398999571800232,False,False,False,16,19595,24230
z16/19595_24231.png,z16/19595_24231.png,0.023490007718404135,58.2998046875,0.0,0.3376975357532501,False,False,False,16,19595,24231
z16/19595_24232.png,z16/19595_24232.png,0.011914186676343282,33.7998046875,0.0,0.336193323135376,False,False,False,16,19595,24232
z16/19595_24233.png,z16/19595_24233.png,0.0034177569051583607,8.400390625,0.0,0.34189361333847046,False,False,False,16,19595,24233
z16/19595_24234.png,z16/19595_24234.png,0.0051903789242108665,9.599609375,0.0,0.339313268661499,False,False,False,16,19595,24234
z16/19595_24235.png,z16/19595_24235.png,0.0010212193553646406,1.5,0.0,0.33587396144866943,False,False,False,16,19595,24235
z16/19595_24236.png,z16/19595_24236.png,0.00014024521224200725,0.2001953125,0.0,0.3307732939720154,False,False,False,16,19595,24236
z16/19595_24237.png,z16/19595_24237.png,0.0,0.0,0.0,0.33258864283561707,False,False,False,16,19595,24237
z16/19595_24238.png,z16/19595_24238.png,0.0,0.0,0.0,0.3329605162143707,False,False,False,16,19595,24238
z16/19595_24239.png,z16/19595_24239.png,0.0,0.0,0.0,0.3417741656303406,False,False,False,16,19595,24239
z16/19595_24240.png,z16/19595_24240.png,0.0,0.0,0.0,0.33291420340538025,False,False,False,16,19595,24240
z16/19595_24241.png,z16/19595_24241.png,0.0,0.0,0.0,0.3393704891204834,False,False,False,16,19595,24241
z16/19595_24242.png,z16/19595_24242.png,0.0,0.0,0.0,0.33789974451065063,False,False,False,16,19595,24242
z16/19595_24243.png,z16/19595_24243.png,0.00013002105988562106,0.2998046875,0.0,0.3367305397987366,False,False,False,16,19595,24243
z16/19595_24244.png,z16/19595_24244.png,0.011887239416440327,36.3994140625,0.0,0.33590206503868103,False,False,False,16,19595,24244
z16/19595_24245.png,z16/19595_24245.png,0.02463889718055725,53.400390625,0.0,0.33417245745658875,False,False,False,16,19595,24245
z16/19595_24246.png,z16/19595_24246.png,0.008609890937805176,27.7001953125,0.0,0.33487242460250854,False,False,False,16,19595,24246
z16/19595_24247.png,z16/19595_24247.png,0.001928974191347758,3.2001953125,0.0,0.33725443482398987,False,False,False,16,19595,24247
z16/19595_24248.png,z16/19595_24248.png,0.00028131458287437757,0.6005859375,0.0,0.33384016156196594,False,False,False,16,19595,24248
z16/19595_24249.png,z16/19595_24249.png,0.0,0.0,0.0,0.338800847530365,False,False,False,16,19595,24249
z16/19595_24250.png,z16/19595_24250.png,0.0,0.0,0.0,0.34332653880119324,False,False,False,16,19595,24250
z16/19595_24251.png,z16/19595_24251.png,0.0,0.0,0.0,0.3434620797634125,False,False,False,16,19595,24251
z16/19595_24252.png,z16/19595_24252.png,0.0,0.0,0.0,0.33180075883865356,False,False,False,16,19595,24252
z16/19595_24253.png,z16/19595_24253.png,0.0,0.0,0.0,0.3308042883872986,False,False,False,16,19595,24253
z16/19595_24254.png,z16/19595_24254.png,8.200846302012603e-05,0.099609375,0.0,0.32781586050987244,False,False,False,16,19595,24254
z16/19595_24255.png,z16/19595_24255.png,0.006245461603005727,23.2998046875,0.0,0.3349733054637909,False,False,False,16,19595,24255
z16/19595_24256.png,z16/19595_24256.png,0.006906071305274963,31.1005859375,0.0,0.34496062994003296,False,False,False,16,19595,24256
z16/19595_24257.png,z16/19595_24257.png,0.005666377643744151,32.099609375,0.0,0.34779947996139526,False,False,False,16,19595,24257
z16/19595_24258.png,z16/19595_24258.png,0.0038754006226857504,24.400390625,0.0083160400390625,0.3449513018131256,False,False,False,16,19595,24258
z16/19595_24259.png,z16/19595_24259.png,0.00493884136279424,22.5,0.0,0.34554538130760193,False,False,False,16,19595,24259
z16/19595_24260.png,z16/19595_24260.png,0.004599718749523163,30.3994140625,0.0222625732421875,0.3395944833755493,False,False,False,16,19595,24260
z16/19595_24261.png,z16/19595_24261.png,0.0030914242068926494,37.7998046875,0.0179443359375,0.34567388892173767,False,False,False,16,19595,24261
z16/19595_24262.png,z16/19595_24262.png,0.004619126518567403,43.599609375,0.0016326904296875,0.34317710995674133,False,False,False,16,19595,24262
z16/19595_24263.png,z16/19595_24263.png,0.0030062404771645864,36.1005859375,0.00152587890625,0.3389657139778137,False,False,False,16,19595,24263
z16/19595_24264.png,z16/19595_24264.png,0.004346164067586263,39.7001953125,0.00103759765625,0.3429419994354248,False,False,False,16,19595,24264
z16/19595_24265.png,z16/19595_24265.png,0.006472858289877574,52.3994140625,0.020782470703125,0.34688228368759155,False,False,False,16,19595,24265
z16/19595_24266.png,z16/19595_24266.png,0.009966122110684712,58.599609375,0.0179901123046875,0.34356075525283813,False,False,False,16,19595,24266
z16/19595_24267.png,z16/19595_24267.png,0.0034418498476346334,11.5,0.0,0.3402836322784424,False,False,False,16,19595,24267
z16/19595_24268.png,z16/19595_24268.png,0.005230849981307984,22.400390625,0.0,0.3404652774333954,False,False,False,16,19595,24268
z16/19595_24269.png,z16/19595_24269.png,0.003562307854493459,43.400390625,0.0018157958984375,0.3452235162258148,False,False,False,16,19595,24269
z16/19595_24270.png,z16/19595_24270.png,0.0022995851933956145,27.8994140625,0.00390625,0.34788066148757935,False,False,False,16,19595,24270
z16/19595_24271.png,z16/19595_24271.png,0.0032184441884358724,18.5,0.001861572265625,0.3517382740974426,False,False,False,16,19595,24271
z16/19596_24200.png,z16/19596_24200.png,0.005547346671422323,45.8994140625,0.005157470703125,0.3423076868057251,False,False,False,16,19596,24200
z16/19596_24201.png,z16/19596_24201.png,0.005960518618424734,54.2001953125,0.0021820068359375,0.3445063829421997,False,False,False,16,19596,24201
z16/19596_24202.png,z16/19596_24202.png,0.00649124930302302,39.099609375,0.000640869140625,0.3454243540763855,False,False,False,16,19596,24202
z16/19596_24203.png,z16/19596_24203.png,0.0041499011218547825,45.0,0.001007080078125,0.3362357020378113,False,False,False,16,19596,24203
z16/19596_24204.png,z16/19596_24204.png,0.003990596284468969,46.2001953125,0.001800537109375,0.3359876871109009,False,False,False,16,19596,24204
z16/19596_24205.png,z16/19596_24205.png,0.005894501507282257,29.1005859375,0.000946044921875,0.3353590667247772,False,False,False,16,19596,24205
z16/19596_24206.png,z16/19596_24206.png,0.0053486476341883344,38.5,0.002288818359375,0.33925196528434753,False,False,False,16,19596,24206
z16/19596_24207.png,z16/19596_24207.png,0.006076647341251374,56.0,0.0058441162109375,0.3438667058944702,False,False,False,16,19596,24207
z16/19596_24208.png,z16/19596_24208.png,0.010898299018541972,87.5,0.005706787109375,0.3375764489173889,False,False,False,16,19596,24208
z16/19596_24209.png,z16/19596_24209.png,0.008781585097312927,60.30078125,0.0226593017578125,0.3366278409957886,False,False,False,16,19596,24209
z16/19596_24210.png,z16/19596_24210.png,0.0067589138944943745,65.099609375,0.021392822265625,0.3371059000492096,False,False,False,16,19596,24210
z16/19596_24211.png,z16/19596_24211.png,0.00811657855908076,60.30078125,0.017852783203125,0.3372192084789276,False,False,False,16,19596,24211
z16/19596_24212.png,z16/19596_24212.png,0.008242195844650269,62.7001953125,0.052154541015625,0.33524441719055176,False,False,False,16,19596,24212
z16/19596_24213.png,z16/19596_24213.png,0.0075927625099817915,84.7998046875,0.0090789794921875,0.335143506526947,False,False,False,16,19596,24213
z16/19596_24214.png,z16/19596_24214.png,0.014411609371503193,99.599609375,0.0132293701171875,0.33634570240974426,False,False,False,16,19596,24214
z16/19596_24215.png,z16/19596_24215.png,0.013221752643585206,95.599609375,0.0132293701171875,0.3328852355480194,False,False,False,16,19596,24215
z16/19596_24216.png,z16/19596_24216.png,0.004868797461191813,60.0,0.0159912109375,0.33438295125961304,False,False,False,16,19596,24216
z16/19596_24217.png,z16/19596_24217.png,0.008811565240224202,54.400390625,0.001007080078125,0.33729812502861023,False,False,False,16,19596,24217
z16/19596_24218.png,z16/19596_24218.png,0.013223170240720113,69.6005859375,0.0142364501953125,0.34194478392601013,False,False,False,16,19596,24218
z16/19596_24219.png,z16/19596_24219.png,0.00388213445742925,64.099609375,0.0037078857421875,0.34221774339675903,False,False,False,16,19596,24219
z16/19596_24220.png,z16/19596_24220.png,0.010976572831471762,79.400390625,0.0023193359375,0.34204113483428955,False,False,False,16,19596,24220
z16/19596_24221.png,z16/19596_24221.png,0.006482672194639842,61.099609375,0.00640869140625,0.339166522026062,False,False,False,16,19596,24221
z16/19596_24222.png,z16/19596_24222.png,0.0072467029094696045,60.5,0.012420654296875,0.33979809284210205,False,False,False,16,19596,24222
z16/19596_24223.png,z16/19596_24223.png,0.010841410358746846,90.1005859375,0.0282135009765625,0.3437049388885498,False,False,False,16,19596,24223
z16/19596_24224.png,z16/19596_24224.png,0.01206737756729126,79.8994140625,0.020111083984375,0.3431203365325928,False,False,False,16,19596,24224
z16/19596_24225.png,z16/19596_24225.png,0.006975224614143372,46.400390625,0.0132598876953125,0.3444138169288635,False,False,False,16,19596,24225
z16/19596_24226.png,z16/19596_24226.png,0.0060896714528401695,26.099609375,0.0104522705078125,0.3420385718345642,False,False,False,16,19596,24226
z16/19596_24227.png,z16/19596_24227.png,0.006954202055931091,36.2998046875,0.0004730224609375,0.34461402893066406,False,False,False,16,19596,24227
z16/19596_24228.png,z16/19596_24228.png,0.015738102793693542,93.7998046875,0.0001678466796875,0.33871906995773315,False,False,False,16,19596,24228
z16/19596_24229.png,z16/19596_24229.png,0.015031180779139201,89.2998046875,0.0026092529296875,0.3405926525592804,False,False,False,16,19596,24229
z16/19596_24230.png,z16/19596_24230.png,0.012296493848164875,118.099609375,0.002410888671875,0.33546775579452515,False,False,False,16,19596,24230
z16/19596_24231.png,z16/19596_24231.png,0.012743058800697326,129.0,0.003143310546875,0.34375032782554626,False,False,False,16,19596,24231
z16/19596_24232.png,z16/19596_24232.png,0.010349125663439433,107.2998046875,0.0103912353515625,0.34096136689186096,False,False,False,16,19596,24232
z16/19596_24233.png,z16/19596_24233.png,0.007547361652056376,112.5,0.025421142578125,0.3405058681964874,False,False,False,16,19596,24233
z16/19596_24234.png,z16/19596_24234.png,0.007228679955005646,84.7001953125,0.0236968994140625,0.34322184324264526,False,False,False,16,19596,24234
z16/19596_24235.png,z16/19596_24235.png,0.007450530429681143,54.599609375,0.03009033203125,0.34157970547676086,False,False,False,16,19596,24235
z16/19596_24236.png,z16/19596_24236.png,0.01035600205262502,28.0,0.0,0.3427770733833313,False,False,False,16,19596,24236
z16/19596_24237.png,z16/19596_24237.png,0.006662029027938843,15.80078125,0.0,0.34058406949043274,False,False,False,16,19596,24237
z16/19596_24238.png,z16/19596_24238.png,0.01265701154867808,24.900390625,0.0,0.34111109375953674,False,False,False,16,19596,24238
z16/19596_24239.png,z16/19596_24239.png,0.007964128255844116,21.2998046875,0.0,0.34369343519210815,False,False,False,16,19596,24239
z16/19596_24240.png,z16/19596_24240.png,0.0,0.0,0.0,0.3347650468349457,False,False,False,16,19596,24240
z16/19596_24241.png,z16/19596_24241.png,0.0,0.0,0.0,0.3365142047405243,False,False,False,16,19596,24241
z16/19596_24242.png,z16/19596_24242.png,0.0,0.0,0.0,0.33482617139816284,False,False,False,16,19596,24242
z16/19596_24243.png,z16/19596_24243.png,0.0,0.0,0.0,0.33794641494750977,False,False,False,16,19596,24243
z16/19596_24244.png,z16/19596_24244.png,0.0,0.0,0.0,0.3340522050857544,False,False,False,16,19596,24244
z16/19596_24245.png,z16/19596_24245.png,0.0,0.0,0.0,0.3305191993713379,False,False,False,16,19596,24245
z16/19596_24246.png,z16/19596_24246.png,0.0,0.0,0.0,0.33446064591407776,False,False,False,16,19596,24246
z16/19596_24247.png,z16/19596_24247.png,0.0,0.0,0.0,0.34384381771087646,False,False,False,16,19596,24247
z16/19596_24248.png,z16/19596_24248.png,5.7995136982450884e-05,0.099609375,0.0,0.3434250056743622,False,False,False,16,19596,24248
z16/19596_24249.png,z16/19596_24249.png,0.020597201585769654,62.0,0.0,0.3421713411808014,False,False,False,16,19596,24249
z16/19596_24250.png,z16/19596_24250.png,0.024993379910786945,62.0,0.0,0.34454676508903503,False,False,False,16,19596,24250
z16/19596_24251.png,z16/19596_24251.png,0.0,0.0,0.0,0.3435017466545105,False,False,False,16,19596,24251
z16/19596_24252.png,z16/19596_24252.png,0.0,0.0,0.0,0.3347889482975006,False,False,False,16,19596,24252
z16/19596_24253.png,z16/19596_24253.png,0.0,0.0,0.0,0.3312000632286072,False,False,False,16,19596,24253
z16/19596_24254.png,z16/19596_24254.png,0.0,0.0,0.0,0.32707834243774414,False,False,False,16,19596,24254
z16/19596_24255.png,z16/19596_24255.png,0.0,0.0,0.0,0.33484330773353577,False,False,False,16,19596,24255
z16/19596_24256.png,z16/19596_24256.png,0.0,0.0,0.0,0.33514630794525146,False,False,False,16,19596,24256
z16/19596_24257.png,z16/19596_24257.png,0.0,0.0,0.0,0.3370160162448883,False,False,False,16,19596,24257
z16/19596_24258.png,z16/19596_24258.png,0.0010669521987438201,3.2998046875,0.0,0.3336678147315979,False,False,False,16,19596,24258
z16/19596_24259.png,z16/19596_24259.png,0.003520628809928894,13.7001953125,0.0,0.3467321991920471,False,False,False,16,19596,24259
z16/19596_24260.png,z16/19596_24260.png,0.004532222946484883,40.7998046875,0.0048980712890625,0.33798420429229736,False,False,False,16,19596,24260
z16/19596_24261.png,z16/19596_24261.png,0.0033849438031514486,20.599609375,0.0015869140625,0.33835569024086,False,False,False,16,19596,24261
z16/19596_24262.png,z16/19596_24262.png,0.0029988157252470653,19.599609375,0.0060577392578125,0.33709853887557983,False,False,False,16,19596,24262
z16/19596_24263.png,z16/19596_24263.png,0.0029587147136529287,24.8994140625,0.0049896240234375,0.33322596549987793,False,False,False,16,19596,24263
z16/19596_24264.png,z16/19596_24264.png,0.010244917869567872,62.2998046875,0.0004119873046875,0.3346208333969116,False,False,False,16,19596,24264
z16/19596_24265.png,z16/19596_24265.png,0.015057788292566935,72.5,0.00946044921875,0.3358626961708069,False,False,False,16,19596,24265
z16/19596_24266.png,z16/19596_24266.png,0.01370368997255961,88.0,0.0441436767578125,0.3420025706291199,False,False,False,16,19596,24266
z16/19596_24267.png,z16/19596_24267.png,0.005425063769022623,38.900390625,0.0040740966796875,0.34353581070899963,False,False,False,16,19596,24267
z16/19596_24268.png,z16/19596_24268.png,0.0074943636854489645,44.1005859375,0.00555419921875,0.3432855010032654,False,False,False,16,19596,24268
z16/19596_24269.png,z16/19596_24269.png,0.008060939610004425,50.400390625,0.03155517578125,0.3402813673019409,False,False,False,16,19596,24269
z16/19596_24270.png,z16/19596_24270.png,0.00558864027261734,23.5,0.0283660888671875,0.34676000475883484,False,False,False,16,19596,24270
z16/19596_24271.png,z16/19596_24271.png,0.0030035806198914845,12.7998046875,0.0,0.3505224883556366,False,False,False,16,19596,24271
z16/19597_24200.png,z16/19597_24200.png,0.004993502795696258,40.2001953125,0.01824951171875,0.3400997519493103,False,False,False,16,19597,24200
z16/19597_24201.png,z16/19597_24201.png,0.010283852616945902,55.7998046875,0.0103759765625,0.33850497007369995,False,False,False,16,19597,24201
z16/19597_24202.png,z16/19597_24202.png,0.006651332974433899,43.69921875,0.001190185546875,0.3430686295032501,False,False,False,16,19597,24202
z16/19597_24203.png,z16/19597_24203.png,0.009094401200612386,59.80078125,0.0018157958984375,0.34034204483032227,False,False,False,16,19597,24203
z16/19597_24204.png,z16/19597_24204.png,0.007083286345005035,77.7998046875,0.03289794921875,0.3365287482738495,False,False,False,16,19597,24204
z16/19597_24205.png,z16/19597_24205.png,0.005673953394095103,52.400390625,0.0136871337890625,0.33572396636009216,False,False,False,16,19597,24205
z16/19597_24206.png,z16/19597_24206.png,0.008694724241892497,73.900390625,0.0116424560546875,0.33690395951271057,False,False,False,16,19597,24206
z16/19597_24207.png,z16/19597_24207.png,0.00780536284049352,54.599609375,0.0047760009765625,0.3385186791419983,False,False,False,16,19597,24207
z16/19597_24208.png,z16/19597_24208.png,0.0065903787811597185,54.599609375,0.02606201171875,0.33886322379112244,False,False,False,16,19597,24208
z16/19597_24209.png,z16/19597_24209.png,0.012595633665720621,95.5,0.0556488037109375,0.3372538685798645,False,False,False,16,19597,24209
z16/19597_24210.png,z16/19597_24210.png,0.007477326691150666,81.400390625,0.039947509765625,0.34041279554367065,False,False,False,16,19597,24210
z16/19597_24211.png,z16/19597_24211.png,0.004899709423383077,55.7001953125,0.019256591796875,0.3404781222343445,False,False,False,16,19597,24211
z16/19597_24212.png,z16/19597_24212.png,0.00716770738363266,89.900390625,0.0419464111328125,0.33458444476127625,False,False,False,16,19597,24212
z16/19597_24213.png,z16/19597_24213.png,0.01333272655804952,123.1005859375,0.0296173095703125,0.3357444703578949,False,False,False,16,19597,24213
z16/19597_24214.png,z16/19597_24214.png,0.008129631479581198,90.099609375,0.0372467041015625,0.3380705416202545,False,False,False,16,19597,24214
z16/19597_24215.png,z16/19597_24215.png,0.006154279907544454,59.099609375,0.051361083984375,0.33874163031578064,False,False,False,16,19597,24215
z16/19597_24216.png,z16/19597_24216.png,0.008071085313955943,60.5,0.0,0.3366564214229584,False,False,False,16,19597,24216
z16/19597_24217.png,z16/19597_24217.png,0.009681983788808187,44.599609375,0.0,0.33723634481430054,False,False,False,16,19597,24217
z16/19597_24218.png,z16/19597_24218.png,0.003883211314678192,38.7998046875,0.0402679443359375,0.34278732538223267,False,False,False,16,19597,24218
z16/19597_24219.png,z16/19597_24219.png,0.007083818316459656,55.099609375,0.00286865234375,0.3418218493461609,False,False,False,16,19597,24219
z16/19597_24220.png,z16/19597_24220.png,0.00677130271991094,52.0,0.00762939453125,0.34455758333206177,False,False,False,16,19597,24220
z16/19597_24221.png,z16/19597_24221.png,0.005912112692991893,28.599609375,0.014068603515625,0.34641748666763306,False,False,False,16,19597,24221
z16/19597_24222.png,z16/19597_24222.png,0.006845508019129435,28.7998046875,0.0,0.3429044485092163,False,False,False,16,19597,24222
z16/19597_24223.png,z16/19597_24223.png,0.006004074215888977,53.2001953125,0.0764923095703125,0.3417825698852539,False,False,False,16,19597,24223
z16/19597_24224.png,z16/19597_24224.png,0.004396064579486847,37.099609375,0.002593994140625,0.35196036100387573,False,False,False,16,19597,24224
z16/19597_24225.png,z16/19597_24225.png,0.005223991970221202,17.0,0.0,0.3411252796649933,False,False,False,16,19597,24225
z16/19597_24226.png,z16/19597_24226.png,0.0052666728695233665,17.0,0.0,0.3474868834018707,False,False,False,16,19597,24226
z16/19597_24227.png,z16/19597_24227.png,0.007378863791624705,31.400390625,0.0039215087890625,0.34584081172943115,False,False,False,16,19597,24227
z16/19597_24228.png,z16/19597_24228.png,0.00799556275208791,49.6005859375,0.0085906982421875,0.33944442868232727,False,False,False,16,19597,24228
z16/19597_24229.png,z16/19597_24229.png,0.004660561680793762,31.19921875,0.0,0.3385312557220459,False,False,False,16,19597,24229
z16/19597_24230.png,z16/19597_24230.png,0.002872661997874578,17.400390625,0.0,0.33961954712867737,False,False,False,16,19597,24230
z16/19597_24231.png,z16/19597_24231.png,0.0075748602549235025,65.099609375,0.00054931640625,0.3438207805156708,False,False,False,16,19597,24231
z16/19597_24232.png,z16/19597_24232.png,0.007374675075213114,54.5,0.0008087158203125,0.3413547873497009,False,False,False,16,19597,24232
z16/19597_24233.png,z16/19597_24233.png,0.011131685972213746,60.0,0.0010986328125,0.35199302434921265,False,False,False,16,19597,24233
z16/19597_24234.png,z16/19597_24234.png,0.007511841257413229,70.2998046875,0.0078582763671875,0.3449668288230896,False,False,False,16,19597,24234
z16/19597_24235.png,z16/19597_24235.png,0.0064623470107714335,100.7001953125,0.010101318359375,0.3421752452850342,False,False,False,16,19597,24235
z16/19597_24236.png,z16/19597_24236.png,0.0066922992467880246,109.7998046875,0.0260162353515625,0.3400247097015381,False,False,False,16,19597,24236
z16/19597_24237.png,z16/19597_24237.png,0.008335623145103454,87.2998046875,0.003875732421875,0.3401736617088318,False,False,False,16,19597,24237
z16/19597_24238.png,z16/19597_24238.png,0.010597862799962362,74.5,0.001983642578125,0.34710198640823364,False,False,False,16,19597,24238
z16/19597_24239.png,z16/19597_24239.png,0.011611613631248473,77.7001953125,0.0517425537109375,0.3412821888923645,False,False,False,16,19597,24239
z16/19597_24240.png,z16/19597_24240.png,0.015715025862058005,75.099609375,0.0,0.3483215272426605,False,False,False,16,19597,24240
z16/19597_24241.png,z16/19597_24241.png,0.01928370197614034,63.900390625,0.0,0.3458070456981659,False,False,False,16,19597,24241
z16/19597_24242.png,z16/19597_24242.png,0.00846843421459198,23.599609375,0.0,0.34919145703315735,False,False,False,16,19597,24242
z16/19597_24243.png,z16/19597_24243.png,0.003731877605120341,9.7998046875,0.0,0.3460126221179962,False,False,False,16,19597,24243
z16/19597_24244.png,z16/19597_24244.png,0.0002694292925298214,0.2001953125,0.0,0.347804993391037,False,False,False,16,19597,24244
z16/19597_24245.png,z16/19597_24245.png,0.0007439630106091499,1.0,0.0,0.34108367562294006,False,False,False,16,19597,24245
z16/19597_24246.png,z16/19597_24246.png,0.002325793355703354,4.19921875,0.0,0.34640073776245117,False,False,False,16,19597,24246
z16/19597_24247.png,z16/19597_24247.png,0.004232283929983775,13.80078125,0.0,0.34970369935035706,False,False,False,16,19597,24247
z16/19597_24248.png,z16/19597_24248.png,0.009186445673306783,38.5,0.0,0.3464515209197998,False,False,False,16,19597,24248
z16/19597_24249.png,z16/19597_24249.png,0.013061156868934632,64.5,0.006439208984375,0.33954352140426636,False,False,False,16,19597,24249
z16/19597_24250.png,z16/19597_24250.png,0.020467076698939005,62.2998046875,0.0,0.34300023317337036,False,False,False,16,19597,24250
z16/19597_24251.png,z16/19597_24251.png,0.00431204338868459,11.900390625,0.0,0.33189648389816284,False,False,False,16,19597,24251
z16/19597_24252.png,z16/19597_24252.png,0.015902952353159586,80.8994140625,0.0,0.3382926881313324,False,False,False,16,19597,24252
z16/19597_24253.png,z16/19597_24253.png,0.025880463918050132,101.2998046875,0.0,0.3329225778579712,False,False,False,16,19597,24253
z16/19597_24254.png,z16/19597_24254.png,0.0013501701255639394,5.80078125,0.0,0.34409165382385254,False,False,False,16,19597,24254
z16/19597_24255.png,z16/19597_24255.png,0.0,0.0,0.0,0.3431331515312195,False,False,False,16,19597,24255
z16/19597_24256.png,z16/19597_24256.png,0.0,0.0,0.0,0.3412889838218689,False,False,False,16,19597,24256
z16/19597_24257.png,z16/19597_24257.png,0.0,0.0,0.0,0.34246528148651123,False,False,False,16,19597,24257
z16/19597_24258.png,z16/19597_24258.png,0.004342434803644816,13.900390625,0.0,0.34029728174209595,False,False,False,16,19597,24258
z16/19597_24259.png,z16/19597_24259.png,0.010944849252700806,52.3994140625,0.00286865234375,0.34852588176727295,False,False,False,16,19597,24259
z16/19597_24260.png,z16/19597_24260.png,0.006746908525625864,41.1005859375,0.0220947265625,0.34000805020332336,False,False,False,16,19597,24260
z16/19597_24261.png,z16/19597_24261.png,0.010646387934684753,55.6005859375,0.001220703125,0.3362986743450165,False,False,False,16,19597,24261
z16/19597_24262.png,z16/19597_24262.png,0.014031427105267842,74.0,0.0003204345703125,0.3373638689517975,False,False,False,16,19597,24262
z16/19597_24263.png,z16/19597_24263.png,0.01424764096736908,65.599609375,0.005584716796875,0.33449581265449524,False,False,False,16,19597,24263
z16/19597_24264.png,z16/19597_24264.png,0.015492960810661316,77.8994140625,0.0262298583984375,0.33759820461273193,False,False,False,16,19597,24264
z16/19597_24265.png,z16/19597_24265.png,0.00622731993595759,38.1005859375,0.0515594482421875,0.3392849564552307,False,False,False,16,19597,24265
z16/19597_24266.png,z16/19597_24266.png,0.005701241393884023,30.2998046875,0.0,0.3425374925136566,False,False,False,16,19597,24266
z16/19597_24267.png,z16/19597_24267.png,0.00844568908214569,38.7998046875,0.0115509033203125,0.3500114679336548,False,False,False,16,19597,24267
z16/19597_24268.png,z16/19597_24268.png,0.003471526751915614,22.0,0.0,0.34842315316200256,False,False,False,16,19597,24268
z16/19597_24269.png,z16/19597_24269.png,0.0026541014512379965,18.7998046875,0.0,0.347797155380249,False,False,False,16,19597,24269
z16/19597_24270.png,z16/19597_24270.png,0.00303737943371137,32.0,0.0046234130859375,0.3476366400718689,False,False,False,16,19597,24270
z16/19597_24271.png,z16/19597_24271.png,0.0047607933481534324,35.2998046875,0.004302978515625,0.3534070551395416,False,False,False,16,19597,24271
z16/19598_24200.png,z16/19598_24200.png,0.0059765050808588665,28.1005859375,0.008453369140625,0.3458690643310547,False,False,False,16,19598,24200
z16/19598_24201.png,z16/19598_24201.png,0.0061144193013509115,42.7001953125,0.000213623046875,0.3351551294326782,False,False,False,16,19598,24201
z16/19598_24202.png,z16/19598_24202.png,0.007427135109901428,53.900390625,0.0546112060546875,0.3375529944896698,False,False,False,16,19598,24202
z16/19598_24203.png,z16/19598_24203.png,0.008911328514417012,75.80078125,0.0017242431640625,0.3359302282333374,False,False,False,16,19598,24203
z16/19598_24204.png,z16/19598_24204.png,0.0070225174228350324,93.900390625,0.0288238525390625,0.3393385410308838,False,False,False,16,19598,24204
z16/19598_24205.png,z16/19598_24205.png,0.006810760994752248,68.900390625,0.0204620361328125,0.3371102213859558,False,False,False,16,19598,24205
z16/19598_24206.png,z16/19598_24206.png,0.006104358037312825,39.400390625,0.02325439453125,0.3417097330093384,False,False,False,16,19598,24206
z16/19598_24207.png,z16/19598_24207.png,0.00803060233592987,52.6005859375,0.001617431640625,0.33867892622947693,False,False,False,16,19598,24207
z16/19598_24208.png,z16/19598_24208.png,0.005403246978918711,45.2001953125,0.00543212890625,0.3392983078956604,False,False,False,16,19598,24208
z16/19598_24209.png,z16/19598_24209.png,0.0058459311723709105,25.900390625,0.0,0.34373125433921814,False,False,False,16,19598,24209
z16/19598_24210.png,z16/19598_24210.png,0.005060471594333649,38.599609375,0.0062255859375,0.34557247161865234,False,False,False,16,19598,24210
z16/19598_24211.png,z16/19598_24211.png,0.005457675953706106,33.400390625,0.0039825439453125,0.34307900071144104,False,False,False,16,19598,24211
z16/19598_24212.png,z16/19598_24212.png,0.0050977547963460285,39.7998046875,0.0,0.34258967638015747,False,False,False,16,19598,24212
z16/19598_24213.png,z16/19598_24213.png,0.006441152095794678,61.599609375,0.0049591064453125,0.3434253931045532,False,False,False,16,19598,24213
z16/19598_24214.png,z16/19598_24214.png,0.006385185321172078,42.7001953125,0.006988525390625,0.3400328457355499,False,False,False,16,19598,24214
z16/19598_24215.png,z16/19598_24215.png,0.0029944948852062224,22.80078125,0.0061187744140625,0.34060168266296387,False,False,False,16,19598,24215
z16/19598_24216.png,z16/19598_24216.png,0.004929577807585398,19.400390625,0.0,0.34787291288375854,False,False,False,16,19598,24216
z16/19598_24217.png,z16/19598_24217.png,0.006086187064647674,29.599609375,0.0187530517578125,0.3414791524410248,False,False,False,16,19598,24217
z16/19598_24218.png,z16/19598_24218.png,0.003295935442050298,26.7998046875,0.0047607421875,0.34187495708465576,False,False,False,16,19598,24218
z16/19598_24219.png,z16/19598_24219.png,0.004025315990050634,33.2998046875,0.007720947265625,0.33926814794540405,False,False,False,16,19598,24219
z16/19598_24220.png,z16/19598_24220.png,0.004482948283354441,35.3994140625,0.0002288818359375,0.3475435674190521,False,False,False,16,19598,24220
z16/19598_24221.png,z16/19598_24221.png,0.004941225548585256,15.8994140625,0.013641357421875,0.3422669768333435,False,False,False,16,19598,24221
z16/19598_24222.png,z16/19598_24222.png,0.004914005100727081,33.0,0.0215911865234375,0.3474302887916565,False,False,False,16,19598,24222
z16/19598_24223.png,z16/19598_24223.png,0.008196772634983062,29.7001953125,0.0,0.3506537973880768,False,False,False,16,19598,24223
z16/19598_24224.png,z16/19598_24224.png,0.004654205838839213,31.7998046875,0.0217437744140625,0.3435389995574951,False,False,False,16,19598,24224
z16/19598_24225.png,z16/19598_24225.png,0.0031073396404584248,26.0,0.010528564453125,0.3356608748435974,False,False,False,16,19598,24225
z16/19598_24226.png,z16/19598_24226.png,0.002761346846818924,24.400390625,0.0003204345703125,0.33856603503227234,False,False,False,16,19598,24226
z16/19598_24227.png,z16/19598_24227.png,0.0037887585659821827,35.2998046875,0.0002593994140625,0.34409695863723755,False,False,False,16,19598,24227
z16/19598_24228.png,z16/19598_24228.png,0.0060871332883834835,41.8994140625,0.0458831787109375,0.339294970035553,False,False,False,16,19598,24228
z16/19598_24229.png,z16/19598_24229.png,0.005959931015968323,58.7001953125,0.0036468505859375,0.3334978222846985,False,False,False,16,19598,24229
z16/19598_24230.png,z16/19598_24230.png,0.005222180982430776,64.0,0.0195465087890625,0.3318432569503784,False,False,False,16,19598,24230
z16/19598_24231.png,z16/19598_24231.png,0.00527133842309316,57.599609375,0.0010833740234375,0.33694830536842346,False,False,False,16,19598,24231
z16/19598_24232.png,z16/19598_24232.png,0.006183400253454844,29.1005859375,0.0,0.33573785424232483,False,False,False,16,19598,24232
z16/19598_24233.png,z16/19598_24233.png,0.004528742035230001,31.2998046875,0.0016937255859375,0.33685797452926636,False,False,False,16,19598,24233
z16/19598_24234.png,z16/19598_24234.png,0.0030789795021216077,24.0,0.000946044921875,0.33767539262771606,False,False,False,16,19598,24234
z16/19598_24235.png,z16/19598_24235.png,0.006124284366766612,35.7998046875,0.00738525390625,0.34633171558380127,False,False,False,16,19598,24235
z16/19598_24236.png,z16/19598_24236.png,0.0053323119878768924,36.2001953125,0.0003509521484375,0.3422311544418335,False,False,False,16,19598,24236
z16/19598_24237.png,z16/19598_24237.png,0.008217123647530874,46.0,0.0,0.34522566199302673,False,False,False,16,19598,24237
z16/19598_24238.png,z16/19598_24238.png,0.006587861975034078,45.5,0.003326416015625,0.3416403532028198,False,False,False,16,19598,24238
z16/19598_24239.png,z16/19598_24239.png,0.008089710275332134,52.5,0.0054473876953125,0.34752118587493896,False,False,False,16,19598,24239
z16/19598_24240.png,z16/19598_24240.png,0.011764649550120037,79.69921875,0.0033111572265625,0.35218924283981323,False,False,False,16,19598,24240
z16/19598_24241.png,z16/19598_24241.png,0.01586585243542989,89.5,0.004638671875,0.34594663977622986,False,False,False,16,19598,24241
z16/19598_24242.png,z16/19598_24242.png,0.008307357629140219,67.0,0.02264404296875,0.3501961827278137,False,False,False,16,19598,24242
z16/19598_24243.png,z16/19598_24243.png,0.007157503068447113,74.2998046875,0.0341644287109375,0.34006401896476746,False,False,False,16,19598,24243
z16/19598_24244.png,z16/19598_24244.png,0.006756531198819479,71.900390625,0.0831298828125,0.34029898047447205,False,False,False,16,19598,24244
z16/19598_24245.png,z16/19598_24245.png,0.008130963146686553,72.599609375,0.0048828125,0.3500613868236542,False,False,False,16,19598,24245
z16/19598_24246.png,z16/19598_24246.png,0.006379752357800802,52.30078125,0.0048980712890625,0.35137325525283813,False,False,False,16,19598,24246
z16/19598_24247.png,z16/19598_24247.png,0.002893550197283427,20.2998046875,0.0032196044921875,0.3534489572048187,False,False,False,16,19598,24247
z16/19598_24248.png,z16/19598_24248.png,0.005719182391961415,35.099609375,0.0,0.346864253282547,False,False,False,16,19598,24248
z16/19598_24249.png,z16/19598_24249.png,0.012306904792785645,41.2001953125,0.0,0.34633493423461914,False,False,False,16,19598,24249
z16/19598_24250.png,z16/19598_24250.png,0.0004546179436147213,1.900390625,0.0,0.33773273229599,False,False,False,16,19598,24250
z16/19598_24251.png,z16/19598_24251.png,0.009734683235486348,33.2001953125,0.0,0.32690832018852234,False,False,False,16,19598,24251
z16/19598_24252.png,z16/19598_24252.png,0.010335913300514222,91.1005859375,0.0445556640625,0.3313535451889038,False,False,False,16,19598,24252
z16/19598_24253.png,z16/19598_24253.png,0.016679312785466513,124.599609375,4.57763671875e-05,0.3300319015979767,False,False,False,16,19598,24253
z16/19598_24254.png,z16/19598_24254.png,0.013512012362480164,74.099609375,0.0872650146484375,0.3341834843158722,False,False,False,16,19598,24254
z16/19598_24255.png,z16/19598_24255.png,0.01497367521127065,97.69921875,0.0,0.3368624448776245,False,False,False,16,19598,24255
z16/19598_24256.png,z16/19598_24256.png,0.015901634097099306,78.69921875,0.0,0.3395017385482788,False,False,False,16,19598,24256
z16/19598_24257.png,z16/19598_24257.png,0.013693142930666606,42.599609375,0.0,0.34534019231796265,False,False,False,16,19598,24257
z16/19598_24258.png,z16/19598_24258.png,0.016766770680745443,48.900390625,0.0,0.3526535928249359,False,False,False,16,19598,24258
z16/19598_24259.png,z16/19598_24259.png,0.021693102518717446,81.0,0.02569580078125,0.34737518429756165,False,False,False,16,19598,24259
z16/19598_24260.png,z16/19598_24260.png,0.011574390530586242,69.099609375,0.03411865234375,0.35980933904647827,False,False,False,16,19598,24260
z16/19598_24261.png,z16/19598_24261.png,0.02120683193206787,82.5,0.025360107421875,0.33598095178604126,False,False,False,16,19598,24261
z16/19598_24262.png,z16/19598_24262.png,0.0073952813943227134,37.599609375,0.011810302734375,0.3367905914783478,False,False,False,16,19598,24262
z16/19598_24263.png,z16/19598_24263.png,0.0064596980810165405,40.3994140625,0.0113525390625,0.3411945700645447,False,False,False,16,19598,24263
z16/19598_24264.png,z16/19598_24264.png,0.0064821054538091024,35.5,0.0082855224609375,0.35184893012046814,False,False,False,16,19598,24264
z16/19598_24265.png,z16/19598_24265.png,0.007284195721149444,21.2001953125,0.0,0.34893709421157837,False,False,False,16,19598,24265
z16/19598_24266.png,z16/19598_24266.png,0.006980716188748678,22.19921875,0.011505126953125,0.3474869132041931,False,False,False,16,19598,24266
z16/19598_24267.png,z16/19598_24267.png,0.004802632828553518,18.3994140625,0.0635223388671875,0.35264092683792114,False,False,False,16,19598,24267
z16/19598_24268.png,z16/19598_24268.png,0.0037666911880175273,21.2001953125,0.0012664794921875,0.35340240597724915,False,False,False,16,19598,24268
z16/19598_24269.png,z16/19598_24269.png,0.0026839348177115125,18.0,0.0,0.3396824896335602,False,False,False,16,19598,24269
z16/19598_24270.png,z16/19598_24270.png,0.00324161226550738,22.900390625,0.026123046875,0.34347379207611084,False,False,False,16,19598,24270
z16/19598_24271.png,z16/19598_24271.png,0.003868879626194636,22.0,0.0173492431640625,0.3421337306499481,False,False,False,16,19598,24271
z16/19599_24200.png,z16/19599_24200.png,0.011970177292823792,67.5,0.0041046142578125,0.3409971296787262,False,False,False,16,19599,24200
z16/19599_24201.png,z16/19599_24201.png,0.008065134783585866,55.6005859375,0.004364013671875,0.3423013687133789,False,False,False,16,19599,24201
z16/19599_24202.png,z16/19599_24202.png,0.005133556326230367,36.7998046875,0.0076141357421875,0.3444170653820038,False,False,False,16,19599,24202
z16/19599_24203.png,z16/19599_24203.png,0.006475111345450083,28.599609375,0.0183563232421875,0.3421560525894165,False,False,False,16,19599,24203
z16/19599_24204.png,z16/19599_24204.png,0.005934135615825653,54.400390625,0.0130767822265625,0.33676204085350037,False,False,False,16,19599,24204
z16/19599_24205.png,z16/19599_24205.png,0.008715226252873739,76.0,0.0029296875,0.33590036630630493,False,False,False,16,19599,24205
z16/19599_24206.png,z16/19599_24206.png,0.008612379431724548,66.5,0.07489013671875,0.33336925506591797,False,False,False,16,19599,24206
z16/19599_24207.png,z16/19599_24207.png,0.010287282864252727,70.3994140625,0.01483154296875,0.3363839089870453,False,False,False,16,19599,24207
z16/19599_24208.png,z16/19599_24208.png,0.006483151018619538,48.8994140625,0.0070037841796875,0.34572654962539673,False,False,False,16,19599,24208
z16/19599_24209.png,z16/19599_24209.png,0.006188819309075674,29.2001953125,0.0218048095703125,0.3457798659801483,False,False,False,16,19599,24209
z16/19599_24210.png,z16/19599_24210.png,0.004619181156158447,27.7998046875,0.005523681640625,0.34607940912246704,False,False,False,16,19599,24210
z16/19599_24211.png,z16/19599_24211.png,0.005766146381696065,33.900390625,0.0047454833984375,0.3438912630081177,False,False,False,16,19599,24211
z16/19599_24212.png,z16/19599_24212.png,0.003718147426843643,44.7001953125,0.006134033203125,0.3392391502857208,False,False,False,16,19599,24212
z16/19599_24213.png,z16/19599_24213.png,0.00857624113559723,50.2998046875,0.0175323486328125,0.3359616994857788,False,False,False,16,19599,24213
z16/19599_24214.png,z16/19599_24214.png,0.008176551262537638,47.0,0.0467987060546875,0.3377949297428131,False,False,False,16,19599,24214
z16/19599_24215.png,z16/19599_24215.png,0.007142162322998047,32.0,0.009063720703125,0.3387836515903473,False,False,False,16,19599,24215
z16/19599_24216.png,z16/19599_24216.png,0.010019710659980774,60.0,0.0052337646484375,0.3435194492340088,False,False,False,16,19599,24216
z16/19599_24217.png,z16/19599_24217.png,0.0075739766160647076,48.6005859375,0.011199951171875,0.3460542857646942,False,False,False,16,19599,24217
z16/19599_24218.png,z16/19599_24218.png,0.010103083650271098,59.80078125,0.0037689208984375,0.34241172671318054,False,False,False,16,19599,24218
z16/19599_24219.png,z16/19599_24219.png,0.006142678856849671,40.1005859375,0.0029144287109375,0.3441081941127777,False,False,False,16,19599,24219
z16/19599_24220.png,z16/19599_24220.png,0.0031883999705314635,57.0,0.0074005126953125,0.33957064151763916,False,False,False,16,19599,24220
z16/19599_24221.png,z16/19599_24221.png,0.006123000383377075,43.099609375,0.0054931640625,0.3472439646720886,False,False,False,16,19599,24221
z16/19599_24222.png,z16/19599_24222.png,0.005247914791107177,38.2001953125,0.003448486328125,0.3404425382614136,False,False,False,16,19599,24222
z16/19599_24223.png,z16/19599_24223.png,0.007930692036946614,52.0,0.00555419921875,0.3441760241985321,False,False,False,16,19599,24223
z16/19599_24224.png,z16/19599_24224.png,0.004993089040120443,21.8994140625,0.004364013671875,0.34348082542419434,False,False,False,16,19599,24224
z16/19599_24225.png,z16/19599_24225.png,0.004031531264384588,22.5,0.0,0.3370952606201172,False,False,False,16,19599,24225
z16/19599_24226.png,z16/19599_24226.png,0.004154314845800399,46.7001953125,0.0020599365234375,0.33297473192214966,False,False,False,16,19599,24226
z16/19599_24227.png,z16/19599_24227.png,0.003951592743396759,53.2001953125,0.0018310546875,0.3410583734512329,False,False,False,16,19599,24227
z16/19599_24228.png,z16/19599_24228.png,0.005144847929477692,46.900390625,0.029754638671875,0.34250637888908386,False,False,False,16,19599,24228
z16/19599_24229.png,z16/19599_24229.png,0.006129401922225952,53.3994140625,0.003204345703125,0.3429018557071686,False,False,False,16,19599,24229
z16/19599_24230.png,z16/19599_24230.png,0.008300582071145375,47.7998046875,0.0243377685546875,0.337372362613678,False,False,False,16,19599,24230
z16/19599_24231.png,z16/19599_24231.png,0.007179244856039683,66.7001953125,0.029754638671875,0.3397682309150696,False,False,False,16,19599,24231
z16/19599_24232.png,z16/19599_24232.png,0.00603816956281662,70.0,0.0746612548828125,0.3423849940299988,False,False,False,16,19599,24232
z16/19599_24233.png,z16/19599_24233.png,0.004709786673386892,69.400390625,0.035675048828125,0.33797210454940796,False,False,False,16,19599,24233
z16/19599_24234.png,z16/19599_24234.png,0.0056340614954630535,64.2001953125,0.0019989013671875,0.33739233016967773,False,False,False,16,19599,24234
z16/19599_24235.png,z16/19599_24235.png,0.004342024525006612,43.599609375,0.002593994140625,0.3399542272090912,False,False,False,16,19599,24235
z16/19599_24236.png,z16/19599_24236.png,0.006925062835216522,44.2001953125,0.0013580322265625,0.3439107835292816,False,False,False,16,19599,24236
z16/19599_24237.png,z16/19599_24237.png,0.004123581449190775,19.900390625,0.0006103515625,0.3464876115322113,False,False,False,16,19599,24237
z16/19599_24238.png,z16/19599_24238.png,0.004140394926071167,39.400390625,0.0120391845703125,0.34296849370002747,False,False,False,16,19599,24238
z16/19599_24239.png,z16/19599_24239.png,0.00442592998345693,51.099609375,0.0095977783203125,0.34201833605766296,False,False,False,16,19599,24239
z16/19599_24240.png,z16/19599_24240.png,0.005510387321313222,53.69921875,0.0008697509765625,0.34321674704551697,False,False,False,16,19599,24240
z16/19599_24241.png,z16/19599_24241.png,0.015686549743016562,53.2998046875,0.00250244140625,0.3447510004043579,False,False,False,16,19599,24241
z16/19599_24242.png,z16/19599_24242.png,0.01572799583276113,55.900390625,0.003814697265625,0.3392922580242157,False,False,False,16,19599,24242
z16/19599_24243.png,z16/19599_24243.png,0.010714319348335267,61.0,0.00390625,0.34584563970565796,False,False,False,16,19599,24243
z16/19599_24244.png,z16/19599_24244.png,0.00947492520014445,55.400390625,0.00390625,0.3457477390766144,False,False,False,16,19599,24244
z16/19599_24245.png,z16/19599_24245.png,0.00845550000667572,64.7998046875,0.0066375732421875,0.3468685448169708,False,False,False,16,19599,24245
z16/19599_24246.png,z16/19599_24246.png,0.007706087330977122,80.2998046875,0.038482666015625,0.3446262776851654,False,False,False,16,19599,24246
z16/19599_24247.png,z16/19599_24247.png,0.00912433365980784,83.5,0.02423095703125,0.34254467487335205,False,False,False,16,19599,24247
z16/19599_24248.png,z16/19599_24248.png,0.01797778606414795,93.2001953125,0.057373046875,0.3469506502151489,False,False,False,16,19599,24248
z16/19599_24249.png,z16/19599_24249.png,0.01956609884897868,65.3994140625,0.0,0.3410182595252991,False,False,False,16,19599,24249
z16/19599_24250.png,z16/19599_24250.png,0.0,0.0,0.0,0.3455883860588074,False,False,False,16,19599,24250
z16/19599_24251.png,z16/19599_24251.png,0.01639431913693746,80.1005859375,0.0,0.3385396897792816,False,False,False,16,19599,24251
z16/19599_24252.png,z16/19599_24252.png,0.0061340774099032085,85.099609375,0.00018310546875,0.3343353271484375,False,False,False,16,19599,24252
z16/19599_24253.png,z16/19599_24253.png,0.006678926448027293,60.0,0.00079345703125,0.33425405621528625,False,False,False,16,19599,24253
z16/19599_24254.png,z16/19599_24254.png,0.009730672836303711,98.7001953125,0.0023651123046875,0.33193451166152954,False,False,False,16,19599,24254
z16/19599_24255.png,z16/19599_24255.png,0.009912282228469849,80.5,0.010833740234375,0.3321419656276703,False,False,False,16,19599,24255
z16/19599_24256.png,z16/19599_24256.png,0.01862585743268331,107.2001953125,0.0,0.34113818407058716,False,False,False,16,19599,24256
z16/19599_24257.png,z16/19599_24257.png,0.0158104012409846,65.3994140625,0.039031982421875,0.3415047228336334,False,False,False,16,19599,24257
z16/19599_24258.png,z16/19599_24258.png,0.009511345624923706,47.400390625,0.009368896484375,0.35442477464675903,False,False,False,16,19599,24258
z16/19599_24259.png,z16/19599_24259.png,0.00847369929154714,29.0,0.0101165771484375,0.3493252098560333,False,False,False,16,19599,24259
z16/19599_24260.png,z16/19599_24260.png,0.0057769651214281716,19.7001953125,0.0,0.3569760322570801,False,False,False,16,19599,24260
z16/19599_24261.png,z16/19599_24261.png,0.009941795468330383,26.099609375,0.0,0.35173851251602173,False,False,False,16,19599,24261
z16/19599_24262.png,z16/19599_24262.png,0.00734279602766037,20.2001953125,0.0,0.3487117886543274,False,False,False,16,19599,24262
z16/19599_24263.png,z16/19599_24263.png,0.00796360323826472,17.3994140625,0.0,0.3506155014038086,False,False,False,16,19599,24263
z16/19599_24264.png,z16/19599_24264.png,0.007863932847976684,17.8994140625,0.0,0.3526152968406677,False,False,False,16,19599,24264
z16/19599_24265.png,z16/19599_24265.png,0.007987108329931896,21.0,0.0,0.35108646750450134,False,False,False,16,19599,24265
z16/19599_24266.png,z16/19599_24266.png,0.0048855011661847435,21.2998046875,0.0,0.35199758410453796,False,False,False,16,19599,24266
z16/19599_24267.png,z16/19599_24267.png,0.006210679809252421,21.6005859375,0.0,0.35769951343536377,False,False,False,16,19599,24267
z16/19599_24268.png,z16/19599_24268.png,0.006069476902484894,26.900390625,0.0,0.3536206781864166,False,False,False,16,19599,24268
z16/19599_24269.png,z16/19599_24269.png,0.004486024876435598,30.599609375,0.0416412353515625,0.3498055934906006,False,False,False,16,19599,24269
z16/19599_24270.png,z16/19599_24270.png,0.007132211824258169,41.7998046875,0.0,0.3484094738960266,False,False,False,16,19599,24270
z16/19599_24271.png,z16/19599_24271.png,0.011069631576538086,46.0,0.0,0.3379387855529785,False,False,False,16,19599,24271
z16/19600_24200.png,z16/19600_24200.png,0.00844254195690155,56.7001953125,0.016143798828125,0.35059472918510437,False,False,False,16,19600,24200
z16/19600_24201.png,z16/19600_24201.png,0.006953285634517669,77.1005859375,0.008056640625,0.3377433121204376,False,False,False,16,19600,24201
z16/19600_24202.png,z16/19600_24202.png,0.006253841022650401,63.900390625,0.006439208984375,0.33756259083747864,False,False,False,16,19600,24202
z16/19600_24203.png,z16/19600_24203.png,0.006414829691251119,38.0,0.0054473876953125,0.34347352385520935,False,False,False,16,19600,24203
z16/19600_24204.png,z16/19600_24204.png,0.003906545042991638,38.19921875,0.0016937255859375,0.33736708760261536,False,False,False,16,19600,24204
z16/19600_24205.png,z16/19600_24205.png,0.005829415222009023,32.7001953125,0.0013885498046875,0.33962708711624146,False,False,False,16,19600,24205
z16/19600_24206.png,z16/19600_24206.png,0.007470252613226573,42.80078125,0.0024871826171875,0.34210434556007385,False,False,False,16,19600,24206
z16/19600_24207.png,z16/19600_24207.png,0.006241945425669352,54.0,0.0064544677734375,0.34009742736816406,False,False,False,16,19600,24207
z16/19600_24208.png,z16/19600_24208.png,0.007114247481028239,74.7001953125,0.0012359619140625,0.3381875157356262,False,False,False,16,19600,24208
z16/19600_24209.png,z16/19600_24209.png,0.013906179865201315,78.5,0.001861572265625,0.3365180194377899,False,False,False,16,19600,24209
z16/19600_24210.png,z16/19600_24210.png,0.011124331752459209,76.6005859375,0.0106353759765625,0.339096337556839,False,False,False,16,19600,24210
z16/19600_24211.png,z16/19600_24211.png,0.005874111751715342,37.7001953125,0.005157470703125,0.34685051441192627,False,False,False,16,19600,24211
z16/19600_24212.png,z16/19600_24212.png,0.007934932410717011,79.400390625,0.0102996826171875,0.33653444051742554,False,False,False,16,19600,24212
z16/19600_24213.png,z16/19600_24213.png,0.006063517431418101,50.2001953125,0.0018463134765625,0.3389696180820465,False,False,False,16,19600,24213
z16/19600_24214.png,z16/19600_24214.png,0.0057477240761121115,41.8994140625,0.001312255859375,0.33480754494667053,False,False,False,16,19600,24214
z16/19600_24215.png,z16/19600_24215.png,0.009356972575187684,62.5,0.0040283203125,0.3312842845916748,False,False,False,16,19600,24215
z16/19600_24216.png,z16/19600_24216.png,0.01145861049493154,79.80078125,0.0115509033203125,0.33444440364837646,False,False,False,16,19600,24216
z16/19600_24217.png,z16/19600_24217.png,0.00676168551047643,57.0,0.0009307861328125,0.3385193645954132,False,False,False,16,19600,24217
z16/19600_24218.png,z16/19600_24218.png,0.008050418396790823,49.7998046875,0.001556396484375,0.341909795999527,False,False,False,16,19600,24218
z16/19600_24219.png,z16/19600_24219.png,0.005876796444257101,67.599609375,0.0008697509765625,0.3384764790534973,False,False,False,16,19600,24219
z16/19600_24220.png,z16/19600_24220.png,0.005764916042486827,55.900390625,0.0041961669921875,0.33501413464546204,False,False,False,16,19600,24220
z16/19600_24221.png,z16/19600_24221.png,0.012077265977859497,59.7998046875,0.00408935546875,0.339221328496933,False,False,False,16,19600,24221
z16/19600_24222.png,z16/19600_24222.png,0.012890547513961792,77.1005859375,0.001434326171875,0.3416895866394043,False,False,False,16,19600,24222
z16/19600_24223.png,z16/19600_24223.png,0.008330386380354564,41.5,0.0162353515625,0.3393290638923645,False,False,False,16,19600,24223
z16/19600_24224.png,z16/19600_24224.png,0.0056955814361572266,42.3994140625,0.0421600341796875,0.3375665247440338,False,False,False,16,19600,24224
z16/19600_24225.png,z16/19600_24225.png,0.005124479035536448,38.3994140625,0.0266876220703125,0.34008699655532837,False,False,False,16,19600,24225
z16/19600_24226.png,z16/19600_24226.png,0.00779724915822347,49.80078125,0.0166778564453125,0.34036481380462646,False,False,False,16,19600,24226
z16/19600_24227.png,z16/19600_24227.png,0.01304318110148112,89.8994140625,0.023681640625,0.33683064579963684,False,False,False,16,19600,24227
z16/19600_24228.png,z16/19600_24228.png,0.01722042163213094,101.099609375,0.007171630859375,0.3357628583908081,False,False,False,16,19600,24228
z16/19600_24229.png,z16/19600_24229.png,0.014248839020729065,59.1005859375,0.0496978759765625,0.3423849940299988,False,False,False,16,19600,24229
z16/19600_24230.png,z16/19600_24230.png,0.011301359534263611,55.3994140625,0.001190185546875,0.34499064087867737,False,False,False,16,19600,24230
z16/19600_24231.png,z16/19600_24231.png,0.008594817916552226,55.1005859375,0.0227813720703125,0.3444088101387024,False,False,False,16,19600,24231
z16/19600_24232.png,z16/19600_24232.png,0.011253228783607483,61.7001953125,0.00286865234375,0.34390947222709656,False,False,False,16,19600,24232
z16/19600_24233.png,z16/19600_24233.png,0.011436630288759868,45.6005859375,0.00567626953125,0.3459702432155609,False,False,False,16,19600,24233
z16/19600_24234.png,z16/19600_24234.png,0.008275270462036133,42.2001953125,0.003875732421875,0.3480885326862335,False,False,False,16,19600,24234
z16/19600_24235.png,z16/19600_24235.png,0.005383449792861939,50.7998046875,0.0460052490234375,0.3460541069507599,False,False,False,16,19600,24235
z16/19600_24236.png,z16/19600_24236.png,0.006604710717995962,79.5,0.0125274658203125,0.3410281836986542,False,False,False,16,19600,24236
z16/19600_24237.png,z16/19600_24237.png,0.014069842298825581,67.900390625,0.001861572265625,0.3475377857685089,False,False,False,16,19600,24237
z16/19600_24238.png,z16/19600_24238.png,0.009359647830327352,61.400390625,0.002838134765625,0.3419359624385834,False,False,False,16,19600,24238
z16/19600_24239.png,z16/19600_24239.png,0.00793228050072988,57.900390625,0.0006866455078125,0.34140998125076294,False,False,False,16,19600,24239
z16/19600_24240.png,z16/19600_24240.png,0.0038462315996487936,55.8994140625,0.0130462646484375,0.3397367596626282,False,False,False,16,19600,24240
z16/19600_24241.png,z16/19600_24241.png,0.004900937775770823,31.7001953125,0.0026092529296875,0.34698307514190674,False,False,False,16,19600,24241
z16/19600_24242.png,z16/19600_24242.png,0.004863820970058441,49.7998046875,0.00885009765625,0.34366166591644287,False,False,False,16,19600,24242
z16/19600_24243.png,z16/19600_24243.png,0.0076163406173388164,56.7998046875,0.00775146484375,0.34547871351242065,False,False,False,16,19600,24243
z16/19600_24244.png,z16/19600_24244.png,0.008815881609916688,79.0,0.0192413330078125,0.3453466296195984,False,False,False,16,19600,24244
z16/19600_24245.png,z16/19600_24245.png,0.01023564338684082,95.3994140625,0.0774993896484375,0.34155914187431335,False,False,False,16,19600,24245
z16/19600_24246.png,z16/19600_24246.png,0.015404953559239706,98.7001953125,0.0,0.34331175684928894,False,False,False,16,19600,24246
z16/19600_24247.png,z16/19600_24247.png,0.025012401739756267,92.2998046875,0.0,0.3438069224357605,False,False,False,16,19600,24247
z16/19600_24248.png,z16/19600_24248.png,0.028969953457514446,88.2001953125,0.0,0.34397000074386597,False,False,False,16,19600,24248
z16/19600_24249.png,z16/19600_24249.png,0.010163567463556926,43.7998046875,0.0,0.3382432758808136,False,False,False,16,19600,24249
z16/19600_24250.png,z16/19600_24250.png,0.003608738879362742,8.2998046875,0.0,0.3436012268066406,False,False,False,16,19600,24250
z16/19600_24251.png,z16/19600_24251.png,0.007271044452985128,79.3994140625,0.0671234130859375,0.3412162959575653,False,False,False,16,19600,24251
z16/19600_24252.png,z16/19600_24252.png,0.00888199508190155,92.400390625,0.0004730224609375,0.3314669728279114,False,False,False,16,19600,24252
z16/19600_24253.png,z16/19600_24253.png,0.010685721039772033,56.6005859375,0.00164794921875,0.3320254981517792,False,False,False,16,19600,24253
z16/19600_24254.png,z16/19600_24254.png,0.010623447100321452,63.599609375,0.000457763671875,0.334041953086853,False,False,False,16,19600,24254
z16/19600_24255.png,z16/19600_24255.png,0.0077692245443662005,87.7998046875,0.0137939453125,0.33680400252342224,False,False,False,16,19600,24255
z16/19600_24256.png,z16/19600_24256.png,0.005346759657065074,45.099609375,0.0129241943359375,0.3576022982597351,False,False,False,16,19600,24256
z16/19600_24257.png,z16/19600_24257.png,0.006297074755032857,36.2998046875,0.00799560546875,0.352346807718277,False,False,False,16,19600,24257
z16/19600_24258.png,z16/19600_24258.png,0.004763046900431315,27.1005859375,0.0088348388671875,0.35005983710289,False,False,False,16,19600,24258
z16/19600_24259.png,z16/19600_24259.png,0.004565088947614034,26.8994140625,0.0,0.35351699590682983,False,False,False,16,19600,24259
z16/19600_24260.png,z16/19600_24260.png,0.006508037944634755,36.900390625,0.0140533447265625,0.3550603687763214,False,False,False,16,19600,24260
z16/19600_24261.png,z16/19600_24261.png,0.006120986739794413,23.599609375,0.01708984375,0.3483153283596039,False,False,False,16,19600,24261
z16/19600_24262.png,z16/19600_24262.png,0.006450945138931274,36.2001953125,0.0165863037109375,0.35027122497558594,False,False,False,16,19600,24262
z16/19600_24263.png,z16/19600_24263.png,0.009550986687342326,56.2998046875,0.018096923828125,0.3499324321746826,False,False,False,16,19600,24263
z16/19600_24264.png,z16/19600_24264.png,0.008387909332911173,52.5,0.023345947265625,0.3485512435436249,False,False,False,16,19600,24264
z16/19600_24265.png,z16/19600_24265.png,0.0076832368969917296,31.2001953125,0.0043182373046875,0.35038554668426514,False,False,False,16,19600,24265
z16/19600_24266.png,z16/19600_24266.png,0.00817199945449829,36.5,0.02740478515625,0.3561229109764099,False,False,False,16,19600,24266
z16/19600_24267.png,z16/19600_24267.png,0.010369613766670227,33.7998046875,0.0243072509765625,0.34803080558776855,False,False,False,16,19600,24267
z16/19600_24268.png,z16/19600_24268.png,0.010143457849820455,44.7001953125,0.0449371337890625,0.34545040130615234,False,False,False,16,19600,24268
z16/19600_24269.png,z16/19600_24269.png,0.008772761623064677,38.7001953125,0.0,0.34942901134490967,False,False,False,16,19600,24269
z16/19600_24270.png,z16/19600_24270.png,0.00962989330291748,45.7998046875,0.0,0.3435211777687073,False,False,False,16,19600,24270
z16/19600_24271.png,z16/19600_24271.png,0.008502641320228576,60.900390625,0.060821533203125,0.3448238968849182,False,False,False,16,19600,24271
z16/19601_24200.png,z16/19601_24200.png,0.0056252678235371905,70.0,0.0027008056640625,0.34710875153541565,False,False,False,16,19601,24200
z16/19601_24201.png,z16/19601_24201.png,0.006567997733751932,71.8994140625,0.055908203125,0.3419203758239746,False,False,False,16,19601,24201
z16/19601_24202.png,z16/19601_24202.png,0.00815767248471578,90.0,0.032745361328125,0.33815163373947144,False,False,False,16,19601,24202
z16/19601_24203.png,z16/19601_24203.png,0.011458325386047363,106.5,0.0004119873046875,0.3403090834617615,False,False,False,16,19601,24203
z16/19601_24204.png,z16/19601_24204.png,0.009005613128344218,83.2998046875,0.0035400390625,0.3341936469078064,False,False,False,16,19601,24204
z16/19601_24205.png,z16/19601_24205.png,0.012926796078681945,83.099609375,0.003875732421875,0.3343859910964966,False,False,False,16,19601,24205
z16/19601_24206.png,z16/19601_24206.png,0.006134856740633647,73.7998046875,0.0243377685546875,0.33698222041130066,False,False,False,16,19601,24206
z16/19601_24207.png,z16/19601_24207.png,0.005772604544957479,35.7998046875,0.052276611328125,0.3408181965351105,False,False,False,16,19601,24207
z16/19601_24208.png,z16/19601_24208.png,0.0074109236399332685,39.5,0.0,0.3405185639858246,False,False,False,16,19601,24208
z16/19601_24209.png,z16/19601_24209.png,0.009679466485977173,47.400390625,0.0001373291015625,0.33778974413871765,False,False,False,16,19601,24209
z16/19601_24210.png,z16/19601_24210.png,0.01004636287689209,71.099609375,0.0008697509765625,0.3389781713485718,False,False,False,16,19601,24210
z16/19601_24211.png,z16/19601_24211.png,0.012874199946721395,88.7001953125,0.00115966796875,0.3461672067642212,False,False,False,16,19601,24211
z16/19601_24212.png,z16/19601_24212.png,0.011895475784937541,74.1005859375,0.0086669921875,0.34340357780456543,False,False,False,16,19601,24212
z16/19601_24213.png,z16/19601_24213.png,0.022372508049011232,86.3994140625,0.001495361328125,0.33986690640449524,False,False,False,16,19601,24213
z16/19601_24214.png,z16/19601_24214.png,0.02363561193148295,133.5,0.0028228759765625,0.33330073952674866,False,False,False,16,19601,24214
z16/19601_24215.png,z16/19601_24215.png,0.023367408911387125,152.2001953125,0.00390625,0.33596789836883545,False,False,False,16,19601,24215
z16/19601_24216.png,z16/19601_24216.png,0.022845884164174397,148.5,0.0025634765625,0.33552223443984985,False,False,False,16,19601,24216
z16/19601_24217.png,z16/19601_24217.png,0.01724118789037069,90.400390625,0.01214599609375,0.33839014172554016,False,False,False,16,19601,24217
z16/19601_24218.png,z16/19601_24218.png,0.008250945309797923,51.7998046875,0.0345611572265625,0.34271618723869324,False,False,False,16,19601,24218
z16/19601_24219.png,z16/19601_24219.png,0.02550312876701355,115.0,0.045074462890625,0.3381012976169586,False,False,False,16,19601,24219
z16/19601_24220.png,z16/19601_24220.png,0.02593536376953125,146.7001953125,0.0088043212890625,0.3351825177669525,False,False,False,16,19601,24220
z16/19601_24221.png,z16/19601_24221.png,0.021489471197128296,131.0,0.00177001953125,0.3368658721446991,False,False,False,16,19601,24221
z16/19601_24222.png,z16/19601_24222.png,0.02883527080217997,147.2998046875,0.0082855224609375,0.3442958891391754,False,False,False,16,19601,24222
z16/19601_24223.png,z16/19601_24223.png,0.018117823203404746,150.8994140625,0.011505126953125,0.3336302936077118,False,False,False,16,19601,24223
z16/19601_24224.png,z16/19601_24224.png,0.015491017699241638,124.2998046875,0.00390625,0.33472755551338196,False,False,False,16,19601,24224
z16/19601_24225.png,z16/19601_24225.png,0.015795506040255227,108.7001953125,0.00390625,0.3367917537689209,False,False,False,16,19601,24225
z16/19601_24226.png,z16/19601_24226.png,0.009020158648490905,96.2001953125,0.011871337890625,0.3345237970352173,False,False,False,16,19601,24226
z16/19601_24227.png,z16/19601_24227.png,0.013317957520484924,112.2001953125,0.046112060546875,0.3349339962005615,False,False,False,16,19601,24227
z16/19601_24228.png,z16/19601_24228.png,0.01654194196065267,76.6005859375,0.010528564453125,0.34192514419555664,False,False,False,16,19601,24228
z16/19601_24229.png,z16/19601_24229.png,0.027894302209218343,120.69921875,0.0197296142578125,0.34011557698249817,False,False,False,16,19601,24229
z16/19601_24230.png,z16/19601_24230.png,0.011532572905222575,108.1005859375,0.0144805908203125,0.3384867012500763,False,False,False,16,19601,24230
z16/19601_24231.png,z16/19601_24231.png,0.008017959694067637,103.7001953125,0.0043182373046875,0.33719441294670105,False,False,False,16,19601,24231
z16/19601_24232.png,z16/19601_24232.png,0.00965024729569753,102.2001953125,0.00390625,0.3372044265270233,False,False,False,16,19601,24232
z16/19601_24233.png,z16/19601_24233.png,0.018614067633946737,87.5,0.001739501953125,0.3439984619617462,False,False,False,16,19601,24233
z16/19601_24234.png,z16/19601_24234.png,0.015400319298108419,94.3994140625,0.006805419921875,0.34247660636901855,False,False,False,16,19601,24234
z16/19601_24235.png,z16/19601_24235.png,0.009540674090385438,68.7001953125,0.042999267578125,0.34566375613212585,False,False,False,16,19601,24235
z16/19601_24236.png,z16/19601_24236.png,0.017418964703877767,76.400390625,0.0570831298828125,0.34727931022644043,False,False,False,16,19601,24236
z16/19601_24237.png,z16/19601_24237.png,0.014424742261568705,59.5,0.0163726806640625,0.34673359990119934,False,False,False,16,19601,24237
z16/19601_24238.png,z16/19601_24238.png,0.01087515354156494,46.0,0.0,0.34807783365249634,False,False,False,16,19601,24238
z16/19601_24239.png,z16/19601_24239.png,0.009118537108103434,52.0,0.0,0.344387948513031,False,False,False,16,19601,24239
z16/19601_24240.png,z16/19601_24240.png,0.006036888559659322,102.5,0.0112762451171875,0.3393375873565674,False,False,False,16,19601,24240
z16/19601_24241.png,z16/19601_24241.png,0.005639951427777608,94.30078125,0.005462646484375,0.3470193147659302,False,False,False,16,19601,24241
z16/19601_24242.png,z16/19601_24242.png,0.008550411462783814,85.7998046875,0.0025482177734375,0.34473562240600586,False,False,False,16,19601,24242
z16/19601_24243.png,z16/19601_24243.png,0.011671025554339092,94.0,0.0015716552734375,0.350548654794693,False,False,False,16,19601,24243
z16/19601_24244.png,z16/19601_24244.png,0.011441939075787862,82.5,0.0450439453125,0.3502943813800812,False,False,False,16,19601,24244
z16/19601_24245.png,z16/19601_24245.png,0.007688259581724802,21.2001953125,0.0,0.34280356764793396,False,False,False,16,19601,24245
z16/19601_24246.png,z16/19601_24246.png,0.0,0.0,0.0,0.33789730072021484,False,False,False,16,19601,24246
z16/19601_24247.png,z16/19601_24247.png,0.0,0.0,0.0,0.3427099585533142,False,False,False,16,19601,24247
z16/19601_24248.png,z16/19601_24248.png,0.0,0.0,0.0,0.3425482511520386,False,False,False,16,19601,24248
z16/19601_24249.png,z16/19601_24249.png,0.0,0.0,0.0,0.33793190121650696,False,False,False,16,19601,24249
z16/19601_24250.png,z16/19601_24250.png,0.0,0.0,0.0,0.33828410506248474,False,False,False,16,19601,24250
z16/19601_24251.png,z16/19601_24251.png,0.007771542171637217,30.5,0.0,0.3406229615211487,False,False,False,16,19601,24251
z16/19601_24252.png,z16/19601_24252.png,0.013968964417775473,78.7001953125,0.0057373046875,0.33678996562957764,False,False,False,16,19601,24252
z16/19601_24253.png,z16/19601_24253.png,0.016795368989308675,75.3994140625,0.0028533935546875,0.34188881516456604,False,False,False,16,19601,24253
z16/19601_24254.png,z16/19601_24254.png,0.012472817301750183,60.2001953125,0.0129547119140625,0.34137582778930664,False,False,False,16,19601,24254
z16/19601_24255.png,z16/19601_24255.png,0.010554595788319906,68.2998046875,0.0238800048828125,0.34512028098106384,False,False,False,16,19601,24255
z16/19601_24256.png,z16/19601_24256.png,0.004895943899949392,50.5,0.03955078125,0.353403240442276,False,False,False,16,19601,24256
z16/19601_24257.png,z16/19601_24257.png,0.004821385939915975,28.6005859375,0.0,0.34964126348495483,False,False,False,16,19601,24257
z16/19601_24258.png,z16/19601_24258.png,0.005365501840909322,36.2001953125,0.000457763671875,0.3532809019088745,False,False,False,16,19601,24258
z16/19601_24259.png,z16/19601_24259.png,0.007981769740581512,59.7998046875,0.0146942138671875,0.34805232286453247,False,False,False,16,19601,24259
z16/19601_24260.png,z16/19601_24260.png,0.010748655597368876,84.0,0.026458740234375,0.34498047828674316,False,False,False,16,19601,24260
z16/19601_24261.png,z16/19601_24261.png,0.011607176065444947,75.2998046875,0.0077362060546875,0.3455647826194763,False,False,False,16,19601,24261
z16/19601_24262.png,z16/19601_24262.png,0.00904706319173177,64.69921875,0.0020904541015625,0.34745338559150696,False,False,False,16,19601,24262
z16/19601_24263.png,z16/19601_24263.png,0.006203291813532511,51.2998046875,0.0001983642578125,0.3505373001098633,False,False,False,16,19601,24263
z16/19601_24264.png,z16/19601_24264.png,0.006521824498971303,56.2001953125,0.0104522705078125,0.341598242521286,False,False,False,16,19601,24264
z16/19601_24265.png,z16/19601_24265.png,0.01244723896185557,74.3994140625,0.02044677734375,0.346078097820282,False,False,False,16,19601,24265
z16/19601_24266.png,z16/19601_24266.png,0.005639122923215231,50.8994140625,0.0033721923828125,0.34645697474479675,False,False,False,16,19601,24266
z16/19601_24267.png,z16/19601_24267.png,0.011766695976257324,52.400390625,0.0025482177734375,0.34353771805763245,False,False,False,16,19601,24267
z16/19601_24268.png,z16/19601_24268.png,0.007908926407496134,77.30078125,0.0013885498046875,0.34030959010124207,False,False,False,16,19601,24268
z16/19601_24269.png,z16/19601_24269.png,0.009402348597844442,100.099609375,0.0019989013671875,0.3334523141384125,False,False,False,16,19601,24269
z16/19601_24270.png,z16/19601_24270.png,0.006169739862283071,79.7998046875,0.003692626953125,0.33332258462905884,False,False,False,16,19601,24270
z16/19601_24271.png,z16/19601_24271.png,0.009275386730829874,75.7998046875,0.0028076171875,0.3407554030418396,False,False,False,16,19601,24271
z16/19602_24200.png,z16/19602_24200.png,0.003954352190097173,38.7001953125,0.006378173828125,0.34507882595062256,False,False,False,16,19602,24200
z16/19602_24201.png,z16/19602_24201.png,0.006612621247768402,42.3994140625,0.00030517578125,0.3498028516769409,False,False,False,16,19602,24201
z16/19602_24202.png,z16/19602_24202.png,0.004479747513930003,50.599609375,0.004608154296875,0.34329622983932495,False,False,False,16,19602,24202
z16/19602_24203.png,z16/19602_24203.png,0.011415613691012065,72.30078125,0.0043487548828125,0.34489092230796814,False,False,False,16,19602,24203
z16/19602_24204.png,z16/19602_24204.png,0.009640224774678548,69.599609375,0.0224609375,0.33772093057632446,False,False,False,16,19602,24204
z16/19602_24205.png,z16/19602_24205.png,0.007028894623120626,73.099609375,0.0141754150390625,0.33532488346099854,False,False,False,16,19602,24205
z16/19602_24206.png,z16/19602_24206.png,0.008148933947086334,84.5,0.0372467041015625,0.3337238132953644,False,False,False,16,19602,24206
z16/19602_24207.png,z16/19602_24207.png,0.00633997122446696,81.5,0.0031585693359375,0.33874449133872986,False,False,False,16,19602,24207
z16/19602_24208.png,z16/19602_24208.png,0.00968460738658905,56.3994140625,0.0050811767578125,0.34503209590911865,False,False,False,16,19602,24208
z16/19602_24209.png,z16/19602_24209.png,0.009755539894104003,70.1005859375,0.00018310546875,0.3391532301902771,False,False,False,16,19602,24209
z16/19602_24210.png,z16/19602_24210.png,0.009341242909431457,114.0,0.024200439453125,0.336416095495224,False,False,False,16,19602,24210
z16/19602_24211.png,z16/19602_24211.png,0.014395734667778015,117.1005859375,0.036529541015625,0.33998438715934753,False,False,False,16,19602,24211
z16/19602_24212.png,z16/19602_24212.png,0.010129679242769878,41.7998046875,0.031829833984375,0.3440040349960327,False,False,False,16,19602,24212
z16/19602_24213.png,z16/19602_24213.png,0.009140060345331828,37.1005859375,0.0,0.3396320641040802,False,False,False,16,19602,24213
z16/19602_24214.png,z16/19602_24214.png,0.007070253292719523,21.2998046875,0.0,0.3397071957588196,False,False,False,16,19602,24214
z16/19602_24215.png,z16/19602_24215.png,0.006499440968036651,12.400390625,0.0,0.33957523107528687,False,False,False,16,19602,24215
z16/19602_24216.png,z16/19602_24216.png,0.012357272704442342,43.099609375,0.0,0.34660428762435913,False,False,False,16,19602,24216
z16/19602_24217.png,z16/19602_24217.png,0.025584407647450767,73.2998046875,0.0,0.33999818563461304,False,False,False,16,19602,24217
z16/19602_24218.png,z16/19602_24218.png,0.013476213812828064,56.6005859375,0.0,0.3451707065105438,False,False,False,16,19602,24218
z16/19602_24219.png,z16/19602_24219.png,0.0042529468735059105,10.2998046875,0.0,0.3470103144645691,False,False,False,16,19602,24219
z16/19602_24220.png,z16/19602_24220.png,0.006642349561055501,11.5,0.0,0.3424510955810547,False,False,False,16,19602,24220
z16/19602_24221.png,z16/19602_24221.png,0.019195393721262614,46.8994140625,0.0,0.34196969866752625,False,False,False,16,19602,24221
z16/19602_24222.png,z16/19602_24222.png,0.01650202969710032,47.5,0.0,0.3404155969619751,False,False,False,16,19602,24222
z16/19602_24223.png,z16/19602_24223.png,0.008870879809061686,37.7001953125,0.0,0.34638863801956177,False,False,False,16,19602,24223
z16/19602_24224.png,z16/19602_24224.png,0.008249677220980326,52.400390625,0.0173797607421875,0.3378032147884369,False,False,False,16,19602,24224
z16/19602_24225.png,z16/19602_24225.png,0.006704114874204,52.2001953125,0.0324859619140625,0.33527055382728577,False,False,False,16,19602,24225
z16/19602_24226.png,z16/19602_24226.png,0.006750926872094472,47.0,0.0349578857421875,0.3348950743675232,False,False,False,16,19602,24226
z16/19602_24227.png,z16/19602_24227.png,0.007155876358350118,45.7998046875,0.0544281005859375,0.3402005434036255,False,False,False,16,19602,24227
z16/19602_24228.png,z16/19602_24228.png,0.005352356533209483,34.3994140625,0.014862060546875,0.3413168787956238,False,False,False,16,19602,24228
z16/19602_24229.png,z16/19602_24229.png,0.009044904510180156,30.599609375,0.0,0.34219616651535034,False,False,False,16,19602,24229
z16/19602_24230.png,z16/19602_24230.png,0.009043733278910318,21.6005859375,0.0,0.3412327170372009,False,False,False,16,19602,24230
z16/19602_24231.png,z16/19602_24231.png,0.006636854509512583,12.7998046875,0.0,0.34104424715042114,False,False,False,16,19602,24231
z16/19602_24232.png,z16/19602_24232.png,0.010113152861595153,20.7998046875,0.0,0.3405613303184509,False,False,False,16,19602,24232
z16/19602_24233.png,z16/19602_24233.png,0.019803098837534585,33.5,0.0,0.33759862184524536,False,False,False,16,19602,24233
z16/19602_24234.png,z16/19602_24234.png,0.009886642297108969,27.900390625,0.0,0.3402864336967468,False,False,False,16,19602,24234
z16/19602_24235.png,z16/19602_24235.png,0.026453896363576253,86.0,0.0,0.34033870697021484,False,False,False,16,19602,24235
z16/19602_24236.png,z16/19602_24236.png,0.028516666094462077,86.2998046875,0.0,0.33901673555374146,False,False,False,16,19602,24236
z16/19602_24237.png,z16/19602_24237.png,0.020228914419809976,69.1005859375,0.0,0.341677725315094,False,False,False,16,19602,24237
z16/19602_24238.png,z16/19602_24238.png,0.013652698198954264,39.8994140625,0.0,0.3459177315235138,False,False,False,16,19602,24238
z16/19602_24239.png,z16/19602_24239.png,5.238258745521307e-05,0.1005859375,0.0,0.34594202041625977,False,False,False,16,19602,24239
z16/19602_24240.png,z16/19602_24240.png,0.008716918031374614,30.400390625,0.0,0.3479677140712738,False,False,False,16,19602,24240
z16/19602_24241.png,z16/19602_24241.png,0.009763095776240032,48.2001953125,0.0,0.3436615765094757,False,False,False,16,19602,24241
z16/19602_24242.png,z16/19602_24242.png,0.008972280224164327,61.69921875,0.0,0.3473327159881592,False,False,False,16,19602,24242
z16/19602_24243.png,z16/19602_24243.png,0.014043341080347696,63.3994140625,0.0,0.3484416604042053,False,False,False,16,19602,24243
z16/19602_24244.png,z16/19602_24244.png,0.006137470404307048,16.400390625,0.0,0.3433406949043274,False,False,False,16,19602,24244
z16/19602_24245.png,z16/19602_24245.png,0.011509548624356587,22.3994140625,0.0,0.34005245566368103,False,False,False,16,19602,24245
z16/19602_24246.png,z16/19602_24246.png,0.015111682812372844,65.1005859375,0.0,0.34120410680770874,False,False,False,16,19602,24246
z16/19602_24247.png,z16/19602_24247.png,0.017406849066416423,78.6005859375,0.0,0.34311816096305847,False,False,False,16,19602,24247
z16/19602_24248.png,z16/19602_24248.png,0.013209049900372824,58.099609375,0.0,0.34167495369911194,False,False,False,16,19602,24248
z16/19602_24249.png,z16/19602_24249.png,0.015472441911697388,58.1005859375,0.0,0.34247615933418274,False,False,False,16,19602,24249
z16/19602_24250.png,z16/19602_24250.png,0.01024224857489268,29.5,0.0,0.342117577791214,False,False,False,16,19602,24250
z16/19602_24251.png,z16/19602_24251.png,0.003261314332485199,5.5,0.0,0.3478049635887146,False,False,False,16,19602,24251
z16/19602_24252.png,z16/19602_24252.png,0.0037148408591747284,41.2001953125,0.0284423828125,0.3343275785446167,False,False,False,16,19602,24252
z16/19602_24253.png,z16/19602_24253.png,0.004250416656335195,31.599609375,0.008056640625,0.3455188274383545,False,False,False,16,19602,24253
z16/19602_24254.png,z16/19602_24254.png,0.004280271629492442,22.7998046875,0.0,0.34529629349708557,False,False,False,16,19602,24254
z16/19602_24255.png,z16/19602_24255.png,0.0033968232572078707,33.599609375,0.0101470947265625,0.3457709550857544,False,False,False,16,19602,24255
z16/19602_24256.png,z16/19602_24256.png,0.006627260148525238,45.099609375,0.0477294921875,0.3534543514251709,False,False,False,16,19602,24256
z16/19602_24257.png,z16/19602_24257.png,0.004606119791666667,27.30078125,0.0,0.34289059042930603,False,False,False,16,19602,24257
z16/19602_24258.png,z16/19602_24258.png,0.0020893757541974385,18.900390625,0.0379180908203125,0.35087281465530396,False,False,False,16,19602,24258
z16/19602_24259.png,z16/19602_24259.png,0.003455066680908203,28.7998046875,0.011383056640625,0.34752357006073,False,False,False,16,19602,24259
z16/19602_24260.png,z16/19602_24260.png,0.011387426654497783,35.5,0.039459228515625,0.3426172733306885,False,False,False,16,19602,24260
z16/19602_24261.png,z16/19602_24261.png,0.011972329020500183,43.5,0.00537109375,0.34456267952919006,False,False,False,16,19602,24261
z16/19602_24262.png,z16/19602_24262.png,0.004021661231915156,25.0,0.0,0.34289130568504333,False,False,False,16,19602,24262
z16/19602_24263.png,z16/19602_24263.png,0.00801305075486501,29.0,0.0,0.34253931045532227,False,False,False,16,19602,24263
z16/19602_24264.png,z16/19602_24264.png,0.0037815158565839132,19.30078125,0.0114593505859375,0.3440816402435303,False,False,False,16,19602,24264
z16/19602_24265.png,z16/19602_24265.png,0.003476413587729136,19.6005859375,0.0,0.3431492745876312,False,False,False,16,19602,24265
z16/19602_24266.png,z16/19602_24266.png,0.00542741318543752,22.0,0.005645751953125,0.3472062349319458,False,False,False,16,19602,24266
z16/19602_24267.png,z16/19602_24267.png,0.005747133493423462,30.599609375,0.010528564453125,0.3402942419052124,False,False,False,16,19602,24267
z16/19602_24268.png,z16/19602_24268.png,0.0047203883528709415,34.599609375,0.0244140625,0.3419712781906128,False,False,False,16,19602,24268
z16/19602_24269.png,z16/19602_24269.png,0.007573306063810984,51.5,0.00244140625,0.3319898247718811,False,False,False,16,19602,24269
z16/19602_24270.png,z16/19602_24270.png,0.007440673808256785,55.6005859375,0.0020904541015625,0.3344048261642456,False,False,False,16,19602,24270
z16/19602_24271.png,z16/19602_24271.png,0.007398372888565064,63.2998046875,0.002227783203125,0.33841246366500854,False,False,False,16,19602,24271
z16/19603_24200.png,z16/19603_24200.png,0.007661486665407817,41.2998046875,0.007843017578125,0.34241554141044617,False,False,False,16,19603,24200
z16/19603_24201.png,z16/19603_24201.png,0.008892919619878132,54.0,0.060638427734375,0.35023877024650574,False,False,False,16,19603,24201
z16/19603_24202.png,z16/19603_24202.png,0.00706022580464681,43.7001953125,0.0048675537109375,0.35499387979507446,False,False,False,16,19603,24202
z16/19603_24203.png,z16/19603_24203.png,0.007144842545191447,27.099609375,0.0184783935546875,0.3507600724697113,False,False,False,16,19603,24203
z16/19603_24204.png,z16/19603_24204.png,0.004998197654883066,30.400390625,0.0,0.3415137529373169,False,False,False,16,19603,24204
z16/19603_24205.png,z16/19603_24205.png,0.006196107963720957,47.1005859375,0.01361083984375,0.3388119339942932,False,False,False,16,19603,24205
z16/19603_24206.png,z16/19603_24206.png,0.007210715115070343,45.19921875,0.017181396484375,0.3388429582118988,False,False,False,16,19603,24206
z16/19603_24207.png,z16/19603_24207.png,0.005361525217692057,68.5,0.0125732421875,0.3345801830291748,False,False,False,16,19603,24207
z16/19603_24208.png,z16/19603_24208.png,0.005312279363473256,78.599609375,0.0522003173828125,0.337751179933548,False,False,False,16,19603,24208
z16/19603_24209.png,z16/19603_24209.png,0.00970007578531901,87.2001953125,0.00390625,0.34166431427001953,False,False,False,16,19603,24209
z16/19603_24210.png,z16/19603_24210.png,0.00637839138507843,65.2998046875,0.004913330078125,0.3411988914012909,False,False,False,16,19603,24210
z16/19603_24211.png,z16/19603_24211.png,0.005161116023858389,36.599609375,0.0093536376953125,0.34572556614875793,False,False,False,16,19603,24211
z16/19603_24212.png,z16/19603_24212.png,0.005992335081100464,17.3994140625,0.0,0.342892587184906,False,False,False,16,19603,24212
z16/19603_24213.png,z16/19603_24213.png,0.0020184976359208426,5.7001953125,0.0,0.3332500755786896,False,False,False,16,19603,24213
z16/19603_24214.png,z16/19603_24214.png,0.0,0.0,0.0,0.33645081520080566,False,False,False,16,19603,24214
z16/19603_24215.png,z16/19603_24215.png,0.0001626303264250358,0.2998046875,0.0,0.3408043384552002,False,False,False,16,19603,24215
z16/19603_24216.png,z16/19603_24216.png,0.007901162405808767,24.2001953125,0.0,0.3429230749607086,False,False,False,16,19603,24216
z16/19603_24217.png,z16/19603_24217.png,0.019573030869166057,108.3994140625,0.0482330322265625,0.3463191092014313,False,False,False,16,19603,24217
z16/19603_24218.png,z16/19603_24218.png,0.021825265884399415,91.2001953125,0.0,0.34361061453819275,False,False,False,16,19603,24218
z16/19603_24219.png,z16/19603_24219.png,0.014020808537801107,34.7998046875,0.0,0.3420189619064331,False,False,False,16,19603,24219
z16/19603_24220.png,z16/19603_24220.png,0.0,0.0,0.0,0.34109947085380554,False,False,False,16,19603,24220
z16/19603_24221.png,z16/19603_24221.png,0.0,0.0,0.0,0.33878645300865173,False,False,False,16,19603,24221
z16/19603_24222.png,z16/19603_24222.png,0.0,0.0,0.0,0.33866944909095764,False,False,False,16,19603,24222
z16/19603_24223.png,z16/19603_24223.png,0.0035007168849309285,10.0,0.0,0.34070438146591187,False,False,False,16,19603,24223
z16/19603_24224.png,z16/19603_24224.png,0.004406074682871501,10.5,0.0,0.3410623073577881,False,False,False,16,19603,24224
z16/19603_24225.png,z16/19603_24225.png,0.0,0.0,0.0,0.3411821126937866,False,False,False,16,19603,24225
z16/19603_24226.png,z16/19603_24226.png,0.00010794752743095159,0.1005859375,0.0,0.3413482904434204,False,False,False,16,19603,24226
z16/19603_24227.png,z16/19603_24227.png,9.722656880815824e-05,0.2001953125,0.0,0.33883780241012573,False,False,False,16,19603,24227
z16/19603_24228.png,z16/19603_24228.png,0.0057812705636024475,17.5,0.0,0.3353081941604614,False,False,False,16,19603,24228
z16/19603_24229.png,z16/19603_24229.png,0.017328176895777384,37.599609375,0.0,0.33806464076042175,False,False,False,16,19603,24229
z16/19603_24230.png,z16/19603_24230.png,0.010062580307324728,23.0,0.0,0.34127214550971985,False,False,False,16,19603,24230
z16/19603_24231.png,z16/19603_24231.png,0.002569582810004552,10.0,0.0,0.3376789093017578,False,False,False,16,19603,24231
z16/19603_24232.png,z16/19603_24232.png,0.0,0.0,0.0,0.3333585858345032,False,False,False,16,19603,24232
z16/19603_24233.png,z16/19603_24233.png,0.0,0.0,0.0,0.3353891968727112,False,False,False,16,19603,24233
z16/19603_24234.png,z16/19603_24234.png,0.0,0.0,0.0,0.3382244408130646,False,False,False,16,19603,24234
z16/19603_24235.png,z16/19603_24235.png,0.0,0.0,0.0,0.341048926115036,False,False,False,16,19603,24235
z16/19603_24236.png,z16/19603_24236.png,0.0,0.0,0.0,0.33651497960090637,False,False,False,16,19603,24236
z16/19603_24237.png,z16/19603_24237.png,0.0,0.0,0.0,0.33947062492370605,False,False,False,16,19603,24237
z16/19603_24238.png,z16/19603_24238.png,0.0,0.0,0.0,0.3377740681171417,False,False,False,16,19603,24238
z16/19603_24239.png,z16/19603_24239.png,0.0,0.0,0.0,0.3414316773414612,False,False,False,16,19603,24239
z16/19603_24240.png,z16/19603_24240.png,0.0,0.0,0.0,0.3359994888305664,False,False,False,16,19603,24240
z16/19603_24241.png,z16/19603_24241.png,0.0,0.0,0.0,0.3399509787559509,False,False,False,16,19603,24241
z16/19603_24242.png,z16/19603_24242.png,0.0,0.0,0.0,0.341874897480011,False,False,False,16,19603,24242
z16/19603_24243.png,z16/19603_24243.png,0.0,0.0,0.0,0.34292349219322205,False,False,False,16,19603,24243
z16/19603_24244.png,z16/19603_24244.png,0.0013572941223780313,3.2998046875,0.0,0.33958086371421814,False,False,False,16,19603,24244
z16/19603_24245.png,z16/19603_24245.png,0.022797199090321858,65.7001953125,0.0,0.3402271270751953,False,False,False,16,19603,24245
z16/19603_24246.png,z16/19603_24246.png,0.013338706890741984,111.5,0.038848876953125,0.3368935286998749,False,False,False,16,19603,24246
z16/19603_24247.png,z16/19603_24247.png,0.02501930793126424,118.0,0.0,0.34195294976234436,False,False,False,16,19603,24247
z16/19603_24248.png,z16/19603_24248.png,0.02017725706100464,82.7001953125,0.0323028564453125,0.3443619906902313,False,False,False,16,19603,24248
z16/19603_24249.png,z16/19603_24249.png,0.01691060463587443,86.2001953125,0.003570556640625,0.34468576312065125,False,False,False,16,19603,24249
z16/19603_24250.png,z16/19603_24250.png,0.01594257652759552,70.099609375,0.013702392578125,0.3396961987018585,False,False,False,16,19603,24250
z16/19603_24251.png,z16/19603_24251.png,0.014687356352806092,48.2001953125,0.0,0.3440541625022888,False,False,False,16,19603,24251
z16/19603_24252.png,z16/19603_24252.png,0.008659017086029053,34.2001953125,0.0,0.345193475484848,False,False,False,16,19603,24252
z16/19603_24253.png,z16/19603_24253.png,0.006966695686181386,44.099609375,0.0048828125,0.3379180431365967,False,False,False,16,19603,24253
z16/19603_24254.png,z16/19603_24254.png,0.006241428852081299,46.6005859375,7.62939453125e-05,0.33349332213401794,False,False,False,16,19603,24254
z16/19603_24255.png,z16/19603_24255.png,0.003897701700528463,18.0,0.0025787353515625,0.3440142869949341,False,False,False,16,19603,24255
z16/19603_24256.png,z16/19603_24256.png,0.0058487579226493835,38.599609375,0.002471923828125,0.3461165726184845,False,False,False,16,19603,24256
z16/19603_24257.png,z16/19603_24257.png,0.004067257046699524,38.099609375,0.0677032470703125,0.33872660994529724,False,False,False,16,19603,24257
z16/19603_24258.png,z16/19603_24258.png,0.005057818690935771,45.8994140625,0.0027008056640625,0.3419666588306427,False,False,False,16,19603,24258
z16/19603_24259.png,z16/19603_24259.png,0.008712885777155559,68.6005859375,0.031402587890625,0.3439013659954071,False,False,False,16,19603,24259
z16/19603_24260.png,z16/19603_24260.png,0.016508453090985618,79.5,0.0494384765625,0.3430984318256378,False,False,False,16,19603,24260
z16/19603_24261.png,z16/19603_24261.png,0.006561888754367829,46.0,0.0230865478515625,0.34098950028419495,False,False,False,16,19603,24261
z16/19603_24262.png,z16/19603_24262.png,0.007325708369414012,40.900390625,0.0020751953125,0.3399927616119385,False,False,False,16,19603,24262
z16/19603_24263.png,z16/19603_24263.png,0.005552423000335693,45.099609375,0.002410888671875,0.342916876077652,False,False,False,16,19603,24263
z16/19603_24264.png,z16/19603_24264.png,0.006264495352904002,49.5,0.0016021728515625,0.344292014837265,False,False,False,16,19603,24264
z16/19603_24265.png,z16/19603_24265.png,0.006413765251636505,46.0,0.0012664794921875,0.340423583984375,False,False,False,16,19603,24265
z16/19603_24266.png,z16/19603_24266.png,0.006573613981405894,56.599609375,0.00311279296875,0.33668529987335205,False,False,False,16,19603,24266
z16/19603_24267.png,z16/19603_24267.png,0.01115724245707194,77.599609375,0.0286102294921875,0.337516725063324,False,False,False,16,19603,24267
z16/19603_24268.png,z16/19603_24268.png,0.006784455974896749,47.8994140625,0.0013885498046875,0.34525564312934875,False,False,False,16,19603,24268
z16/19603_24269.png,z16/19603_24269.png,0.008369280894597372,52.900390625,0.001190185546875,0.34682533144950867,False,False,False,16,19603,24269
z16/19603_24270.png,z16/19603_24270.png,0.00996723969777425,54.5,0.001251220703125,0.3411753475666046,False,False,False,16,19603,24270
z16/19603_24271.png,z16/19603_24271.png,0.009324851632118224,51.0,0.00274658203125,0.33913588523864746,False,False,False,16,19603,24271
